==========================================
SLURM_JOB_ID = 916305
SLURM_NODELIST = gpu37
==========================================
Job ID: 916305
Node: gpu37
Start Time: 2026-09-27T18:09:16+09:00
Submit Dir: /scratch/r984a02/phdq3
Partition: amd_a100nv_8
CUDA_VISIBLE_DEVICES: 0,1,2,3
CPUs per task: 32
{
  "schema_version": 1,
  "created_at": "2026-09-27T09:09:22.397886+00:00",
  "hostname": "gpu37",
  "platform": "Linux-5.14.0-427.13.1.el9_4.x86_64-x86_64-with-glibc2.34",
  "python": "3.11.16",
  "python_executable": "/home01/r984a02/.conda/envs/phdq_blt_hf/bin/python",
  "scope": "gpu_runtime",
  "torch": "2.11.0+cu128",
  "transformers": "5.16.1",
  "xformers": null,
  "safetensors": "0.8.0",
  "huggingface_hub": "1.31.0",
  "devices": [
    {
      "index": 0,
      "name": "NVIDIA A100-SXM4-80GB",
      "capability": [
        8,
        0
      ],
      "total_memory": 85094825984,
      "bf16_supported": true,
      "bf16_smoke": true
    },
    {
      "index": 1,
      "name": "NVIDIA A100-SXM4-80GB",
      "capability": [
        8,
        0
      ],
      "total_memory": 85094825984,
      "bf16_supported": true,
      "bf16_smoke": true
    },
    {
      "index": 2,
      "name": "NVIDIA A100-SXM4-80GB",
      "capability": [
        8,
        0
      ],
      "total_memory": 85094825984,
      "bf16_supported": true,
      "bf16_smoke": true
    },
    {
      "index": 3,
      "name": "NVIDIA A100-SXM4-80GB",
      "capability": [
        8,
        0
      ],
      "total_memory": 85094825984,
      "bf16_supported": true,
      "bf16_smoke": true
    }
  ],
  "errors": [],
  "nvidia_smi": [
    "NVIDIA A100-SXM4-80GB, 580.105.08, 81920 MiB",
    "NVIDIA A100-SXM4-80GB, 580.105.08, 81920 MiB",
    "NVIDIA A100-SXM4-80GB, 580.105.08, 81920 MiB",
    "NVIDIA A100-SXM4-80GB, 580.105.08, 81920 MiB"
  ],
  "cuda_runtime": "12.8",
  "blt_import": true,
  "cuda_available": true,
  "cuda_smoke": true,
  "loaded_libcudart": [
    "/scratch/r984a02/.conda/envs/phdq_blt_hf/lib/python3.11/site-packages/nvidia/cuda_runtime/lib/libcudart.so.12"
  ],
  "status": "pass"
}
{
  "schema_version": 1,
  "created_at": "2026-09-27T09:12:20.181965+00:00",
  "check": "raw_utf8_lengths_and_m2_source_alignment",
  "model_executed": false,
  "tokenizer_executed": false,
  "status": "pass",
  "max_allowed": 2048,
  "splits": {
    "native/train": {
      "rows": 12292,
      "blank_lines": 0,
      "tsv_sha256": "a1080e12f528212f25858b1c0093f497d9ffa62f5717848088c4010bad2ea871",
      "max_sequence_bytes": 398,
      "max_prompt_bytes": 207,
      "max_target_bytes": 190,
      "over_1024": 0,
      "over_limit": 0
    },
    "native/val": {
      "rows": 2634,
      "blank_lines": 0,
      "tsv_sha256": "002645a47593a88735fe7b13fdc7c9fe2e4c1a92191f90ec7fb95449758ecd98",
      "max_sequence_bytes": 401,
      "max_prompt_bytes": 209,
      "max_target_bytes": 191,
      "over_1024": 0,
      "over_limit": 0,
      "evaluation_identity": {
        "dataset": "native",
        "split": "val",
        "sample_count": 2634,
        "source_hash": "e63fe872699d99b0ccec7dc04e98fb9bfde1f6b6c7119d90a9070daec279a4c3",
        "target_hash": "4c13345e12a1b4cd8097edd3b3cbb05fb0e71cef3d3e9f21c237ef9536461feb",
        "m2_hash": "17558a819658a14031ed8d36032b2f33f2f0094f50da695e818c488037fabb8a",
        "tsv_hash": "002645a47593a88735fe7b13fdc7c9fe2e4c1a92191f90ec7fb95449758ecd98",
        "reader": "utf8-universal-newlines-two-columns-blank-lines-skipped-v1"
      }
    },
    "native/test": {
      "rows": 2634,
      "blank_lines": 0,
      "tsv_sha256": "6c2d6e1551fdd12dd51b764b0daa3de57befedca47c21ed07fb5538d7c33ccc8",
      "max_sequence_bytes": 399,
      "max_prompt_bytes": 208,
      "max_target_bytes": 190,
      "over_1024": 0,
      "over_limit": 0,
      "evaluation_identity": {
        "dataset": "native",
        "split": "test",
        "sample_count": 2634,
        "source_hash": "37ec4cb176690066bd411d4dee23001ee77a3cf7825f28b2555390db349ba1c7",
        "target_hash": "c1b96b70deb626920be67f05d1b371bd16b38ccc9abd941a3f98bd11776d3563",
        "m2_hash": "a4579825f6fc5e9ee7fbb1ae722cf260518b9305a07f5191ba423bc0f8b0a04c",
        "tsv_hash": "6c2d6e1551fdd12dd51b764b0daa3de57befedca47c21ed07fb5538d7c33ccc8",
        "reader": "utf8-universal-newlines-two-columns-blank-lines-skipped-v1"
      }
    },
    "korean_learner/train": {
      "rows": 19898,
      "blank_lines": 0,
      "tsv_sha256": "163ab6419d259f477b5ab3c913dca6068dd1beaace2f4858d5416ac41bbe1888",
      "max_sequence_bytes": 1380,
      "max_prompt_bytes": 694,
      "max_target_bytes": 685,
      "over_1024": 4,
      "over_limit": 0
    },
    "korean_learner/val": {
      "rows": 4264,
      "blank_lines": 0,
      "tsv_sha256": "c5b62d189af42807a6dd0679f2a43b5d07dfaae282aeef812724f90a19fc1e1b",
      "max_sequence_bytes": 845,
      "max_prompt_bytes": 430,
      "max_target_bytes": 414,
      "over_1024": 0,
      "over_limit": 0,
      "evaluation_identity": {
        "dataset": "korean_learner",
        "split": "val",
        "sample_count": 4264,
        "source_hash": "46384ab2684f369e36aa0fc787b0447796d3760ff7ebfcca2d8e973e93222a08",
        "target_hash": "25cbe312b4d391f7a32b75100f6c8c2daa0eb6cd9de241775062eef69b17ea14",
        "m2_hash": "26aa7b334b71ae3d6e0b06acd45cc81cc219d75ad1ff2b573f496b30284b839c",
        "tsv_hash": "c5b62d189af42807a6dd0679f2a43b5d07dfaae282aeef812724f90a19fc1e1b",
        "reader": "utf8-universal-newlines-two-columns-blank-lines-skipped-v1"
      }
    },
    "korean_learner/test": {
      "rows": 4265,
      "blank_lines": 0,
      "tsv_sha256": "cb49c2806cedd8b71d1b5dbbc31ef5c74f0aca3a6ab6dc92a94c9e5ffe52044d",
      "max_sequence_bytes": 633,
      "max_prompt_bytes": 324,
      "max_target_bytes": 320,
      "over_1024": 0,
      "over_limit": 0,
      "evaluation_identity": {
        "dataset": "korean_learner",
        "split": "test",
        "sample_count": 4265,
        "source_hash": "4438468750166634cce0e4b03e72f7b82f45e352e7de230e9492c5a9cc4bb1c5",
        "target_hash": "93878d24629be44430507a067a2ab645e2bf4fc65dc0cd0ba1177c2ff9640933",
        "m2_hash": "4be33bbc4adf618da33074b9a97525c4d24c08162b9df44db60e69424f51ec01",
        "tsv_hash": "cb49c2806cedd8b71d1b5dbbc31ef5c74f0aca3a6ab6dc92a94c9e5ffe52044d",
        "reader": "utf8-universal-newlines-two-columns-blank-lines-skipped-v1"
      }
    },
    "union/train": {
      "rows": 108882,
      "blank_lines": 1,
      "tsv_sha256": "90a55cac5d37cd3557f6f958b973b6f6a037872c87edade462ac05324843a54a",
      "max_sequence_bytes": 1380,
      "max_prompt_bytes": 694,
      "max_target_bytes": 685,
      "over_1024": 5,
      "over_limit": 0
    },
    "union/val": {
      "rows": 23332,
      "blank_lines": 1,
      "tsv_sha256": "22b90eee85aa2edd5557cd3009893dd1b1dcff22584b7f96e713878fcbeb5f8b",
      "max_sequence_bytes": 931,
      "max_prompt_bytes": 470,
      "max_target_bytes": 460,
      "over_1024": 0,
      "over_limit": 0,
      "evaluation_identity": {
        "dataset": "union",
        "split": "val",
        "sample_count": 23332,
        "source_hash": "a0063540f10386703cf635a5c77922af237d45357202cc5da5420f2c4ebb5a7b",
        "target_hash": "864380fdab4b860b906a6836f9bb6a61230c40f071332fc1abcae2c4fb990d45",
        "m2_hash": "22e1cdeed3702fe905b429c872f188b19b70c52e949c3eed1a8b4df5a90def20",
        "tsv_hash": "22b90eee85aa2edd5557cd3009893dd1b1dcff22584b7f96e713878fcbeb5f8b",
        "reader": "utf8-universal-newlines-two-columns-blank-lines-skipped-v1"
      }
    },
    "union/test": {
      "rows": 23333,
      "blank_lines": 1,
      "tsv_sha256": "65b1bd0039ae58c136ee44ebbb6876ee69a5353bb8c00046ec235e7e79592f28",
      "max_sequence_bytes": 886,
      "max_prompt_bytes": 451,
      "max_target_bytes": 434,
      "over_1024": 0,
      "over_limit": 0,
      "evaluation_identity": {
        "dataset": "union",
        "split": "test",
        "sample_count": 23333,
        "source_hash": "eb476f3f20ea1abdd1fbb42e0ca006672a744e353bcd836d470569d7ea9e2ea7",
        "target_hash": "fb2c7f1b332c75a69a4677a09a3f48134469cf40d9cf7f7cb4906696dbd0a176",
        "m2_hash": "e79ae3c01c211bb58c2a0213f6b9e39bed8d9e4eb2011d7e7ae22a33c1042db7",
        "tsv_hash": "65b1bd0039ae58c136ee44ebbb6876ee69a5353bb8c00046ec235e7e79592f28",
        "reader": "utf8-universal-newlines-two-columns-blank-lines-skipped-v1"
      }
    }
  },
  "total": {
    "rows": 201534,
    "max_sequence_bytes": 1380,
    "max_prompt_bytes": 694,
    "max_target_bytes": 685,
    "over_1024": 9,
    "over_limit": 0
  }
}
{"event": "train_stage", "stage": "distributed_initialized", "rank": 3, "local_rank": 3, "world_size": 4, "device": "cuda:3"}
{"event": "train_stage", "stage": "distributed_initialized", "rank": 1, "local_rank": 1, "world_size": 4, "device": "cuda:1"}
{"event": "train_stage", "stage": "distributed_initialized", "rank": 0, "local_rank": 0, "world_size": 4, "device": "cuda:0"}
{"event": "train_stage", "stage": "distributed_initialized", "rank": 2, "local_rank": 2, "world_size": 4, "device": "cuda:2"}
{"event": "train_stage", "stage": "manifest_verified", "rank": 0, "local_rank": 0, "world_size": 4, "resume": false, "code_hash": "d24a7a975d2a6313a208236120ac389f446745e1230d7b225e13bfe7e62e651f"}
{"event": "train_stage", "stage": "manifest_verified", "rank": 1, "local_rank": 1, "world_size": 4, "resume": false, "code_hash": "d24a7a975d2a6313a208236120ac389f446745e1230d7b225e13bfe7e62e651f"}
{"event": "train_stage", "stage": "manifest_verified", "rank": 2, "local_rank": 2, "world_size": 4, "resume": false, "code_hash": "d24a7a975d2a6313a208236120ac389f446745e1230d7b225e13bfe7e62e651f"}
{"event": "train_stage", "stage": "manifest_verified", "rank": 3, "local_rank": 3, "world_size": 4, "resume": false, "code_hash": "d24a7a975d2a6313a208236120ac389f446745e1230d7b225e13bfe7e62e651f"}
{"event": "train_stage", "stage": "model_moved_to_device", "rank": 0, "local_rank": 0, "world_size": 4}
{"event": "train_stage", "stage": "model_moved_to_device", "rank": 1, "local_rank": 1, "world_size": 4}
{"event": "train_stage", "stage": "model_moved_to_device", "rank": 2, "local_rank": 2, "world_size": 4}
{"event": "train_stage", "stage": "model_moved_to_device", "rank": 3, "local_rank": 3, "world_size": 4}
{"event": "train_stage", "stage": "training_loop_entered", "rank": 3, "local_rank": 3, "world_size": 4, "global_step": 0, "epoch": 0, "next_batch": 0}
{"event": "train_stage", "stage": "training_loop_entered", "rank": 0, "local_rank": 0, "world_size": 4, "global_step": 0, "epoch": 0, "next_batch": 0}
{"event": "train_stage", "stage": "training_loop_entered", "rank": 1, "local_rank": 1, "world_size": 4, "global_step": 0, "epoch": 0, "next_batch": 0}
{"event": "train_stage", "stage": "training_loop_entered", "rank": 2, "local_rank": 2, "world_size": 4, "global_step": 0, "epoch": 0, "next_batch": 0}
{"step": 1, "epoch": 0, "loss": 0.27744902318671794, "lr": 5.208333333333333e-08, "grad_norm": 4.46875, "peak_allocated": 36514716160}
{"step": 2, "epoch": 0, "loss": 0.30690989235275296, "lr": 1.0416666666666667e-07, "grad_norm": 4.5, "peak_allocated": 48804844032}
{"step": 3, "epoch": 0, "loss": 0.31922632413039165, "lr": 1.5625e-07, "grad_norm": 4.59375, "peak_allocated": 48804844032}
{"step": 4, "epoch": 0, "loss": 0.2877854608707555, "lr": 2.0833333333333333e-07, "grad_norm": 4.46875, "peak_allocated": 48804844032}
{"step": 5, "epoch": 0, "loss": 0.3329309510246751, "lr": 2.604166666666667e-07, "grad_norm": 5.25, "peak_allocated": 48804844032}
{"step": 6, "epoch": 0, "loss": 0.2864854978098225, "lr": 3.125e-07, "grad_norm": 4.4375, "peak_allocated": 48804844032}
{"step": 7, "epoch": 0, "loss": 0.31888508463418613, "lr": 3.6458333333333337e-07, "grad_norm": 5.0, "peak_allocated": 48804844032}
{"step": 8, "epoch": 0, "loss": 0.26644473081741304, "lr": 4.1666666666666667e-07, "grad_norm": 4.34375, "peak_allocated": 48804844032}
{"step": 9, "epoch": 0, "loss": 0.29003421485103054, "lr": 4.6875000000000006e-07, "grad_norm": 4.90625, "peak_allocated": 48804844032}
{"step": 10, "epoch": 0, "loss": 0.2717337327652798, "lr": 5.208333333333334e-07, "grad_norm": 3.859375, "peak_allocated": 48804844032}
{"step": 11, "epoch": 0, "loss": 0.29667249534002227, "lr": 5.729166666666667e-07, "grad_norm": 5.03125, "peak_allocated": 48804844032}
{"step": 12, "epoch": 0, "loss": 0.32045737211417435, "lr": 6.25e-07, "grad_norm": 5.125, "peak_allocated": 48804844032}
{"step": 13, "epoch": 0, "loss": 0.29845391536969657, "lr": 6.770833333333333e-07, "grad_norm": 4.25, "peak_allocated": 48804844032}
{"step": 14, "epoch": 0, "loss": 0.2749096769600544, "lr": 7.291666666666667e-07, "grad_norm": 4.28125, "peak_allocated": 48804844032}
{"step": 15, "epoch": 0, "loss": 0.2761886401559674, "lr": 7.8125e-07, "grad_norm": 4.375, "peak_allocated": 48804844032}
{"step": 16, "epoch": 0, "loss": 0.24297123153485392, "lr": 8.333333333333333e-07, "grad_norm": 4.03125, "peak_allocated": 48804844032}
{"step": 17, "epoch": 0, "loss": 0.3212004248345836, "lr": 8.854166666666668e-07, "grad_norm": 5.1875, "peak_allocated": 48804844032}
{"step": 18, "epoch": 0, "loss": 0.281673901023588, "lr": 9.375000000000001e-07, "grad_norm": 4.25, "peak_allocated": 48804844032}
{"step": 19, "epoch": 0, "loss": 0.29073960793739306, "lr": 9.895833333333333e-07, "grad_norm": 4.84375, "peak_allocated": 48804844032}
{"step": 20, "epoch": 0, "loss": 0.260607880057141, "lr": 1.0416666666666667e-06, "grad_norm": 4.4375, "peak_allocated": 48804844032}
{"step": 21, "epoch": 0, "loss": 0.24974403012729818, "lr": 1.0937500000000001e-06, "grad_norm": 3.546875, "peak_allocated": 48804844032}
{"step": 22, "epoch": 0, "loss": 0.285113426779264, "lr": 1.1458333333333333e-06, "grad_norm": 4.40625, "peak_allocated": 48804844032}
{"step": 23, "epoch": 0, "loss": 0.258648742047298, "lr": 1.197916666666667e-06, "grad_norm": 4.15625, "peak_allocated": 48804844032}
{"step": 24, "epoch": 0, "loss": 0.2919701900405083, "lr": 1.25e-06, "grad_norm": 4.40625, "peak_allocated": 48804844032}
{"step": 25, "epoch": 0, "loss": 0.28409305176964017, "lr": 1.3020833333333335e-06, "grad_norm": 4.21875, "peak_allocated": 48804844032}
{"step": 26, "epoch": 0, "loss": 0.2352107967697654, "lr": 1.3541666666666667e-06, "grad_norm": 4.09375, "peak_allocated": 48804844032}
{"step": 27, "epoch": 0, "loss": 0.2747033209547235, "lr": 1.40625e-06, "grad_norm": 4.46875, "peak_allocated": 48804844032}
{"step": 28, "epoch": 0, "loss": 0.26413905812600225, "lr": 1.4583333333333335e-06, "grad_norm": 4.75, "peak_allocated": 48804844032}
{"step": 29, "epoch": 0, "loss": 0.28123054556914134, "lr": 1.5104166666666667e-06, "grad_norm": 4.03125, "peak_allocated": 48804844032}
{"step": 30, "epoch": 0, "loss": 0.3002631385694927, "lr": 1.5625e-06, "grad_norm": 5.0625, "peak_allocated": 48804844032}
{"step": 31, "epoch": 0, "loss": 0.26359359479314903, "lr": 1.6145833333333335e-06, "grad_norm": 4.3125, "peak_allocated": 48804844032}
{"step": 32, "epoch": 0, "loss": 0.24699467199565983, "lr": 1.6666666666666667e-06, "grad_norm": 4.3125, "peak_allocated": 48804844032}
{"step": 33, "epoch": 0, "loss": 0.25358031104340795, "lr": 1.71875e-06, "grad_norm": 4.3125, "peak_allocated": 48804844032}
{"step": 34, "epoch": 0, "loss": 0.33337585652656887, "lr": 1.7708333333333337e-06, "grad_norm": 5.6875, "peak_allocated": 48804844032}
{"step": 35, "epoch": 0, "loss": 0.2555998144802194, "lr": 1.8229166666666666e-06, "grad_norm": 4.40625, "peak_allocated": 48804844032}
{"step": 36, "epoch": 0, "loss": 0.2715428580284222, "lr": 1.8750000000000003e-06, "grad_norm": 4.71875, "peak_allocated": 48804844032}
{"step": 37, "epoch": 0, "loss": 0.2732199995462916, "lr": 1.9270833333333334e-06, "grad_norm": 4.75, "peak_allocated": 48804844032}
{"step": 38, "epoch": 0, "loss": 0.31347505819027693, "lr": 1.9791666666666666e-06, "grad_norm": 5.40625, "peak_allocated": 48804844032}
{"step": 39, "epoch": 0, "loss": 0.230697904946857, "lr": 2.0312500000000002e-06, "grad_norm": 3.875, "peak_allocated": 48804844032}
{"step": 40, "epoch": 0, "loss": 0.27432797283083327, "lr": 2.0833333333333334e-06, "grad_norm": 4.59375, "peak_allocated": 48804844032}
{"step": 41, "epoch": 0, "loss": 0.23105049933828037, "lr": 2.1354166666666666e-06, "grad_norm": 3.625, "peak_allocated": 48804844032}
{"step": 42, "epoch": 0, "loss": 0.2152164759942901, "lr": 2.1875000000000002e-06, "grad_norm": 3.609375, "peak_allocated": 48804844032}
{"step": 43, "epoch": 0, "loss": 0.2660517210087688, "lr": 2.2395833333333334e-06, "grad_norm": 4.03125, "peak_allocated": 48804844032}
{"step": 44, "epoch": 0, "loss": 0.2164342834056535, "lr": 2.2916666666666666e-06, "grad_norm": 3.953125, "peak_allocated": 48804844032}
{"step": 45, "epoch": 0, "loss": 0.20361049370628875, "lr": 2.3437500000000002e-06, "grad_norm": 3.421875, "peak_allocated": 48804844032}
{"step": 46, "epoch": 0, "loss": 0.20660269063797707, "lr": 2.395833333333334e-06, "grad_norm": 3.640625, "peak_allocated": 48804844032}
{"step": 47, "epoch": 0, "loss": 0.2391046058983306, "lr": 2.4479166666666666e-06, "grad_norm": 3.96875, "peak_allocated": 48804844032}
{"step": 48, "epoch": 0, "loss": 0.22271541333943046, "lr": 2.5e-06, "grad_norm": 3.96875, "peak_allocated": 48804844032}
{"step": 49, "epoch": 0, "loss": 0.22364675248163138, "lr": 2.5520833333333334e-06, "grad_norm": 4.3125, "peak_allocated": 48804844032}
{"step": 50, "epoch": 0, "loss": 0.2285383113967906, "lr": 2.604166666666667e-06, "grad_norm": 4.09375, "peak_allocated": 48804844032}
{"step": 51, "epoch": 0, "loss": 0.21833213520193182, "lr": 2.65625e-06, "grad_norm": 3.359375, "peak_allocated": 48804844032}
{"step": 52, "epoch": 0, "loss": 0.183269167482417, "lr": 2.7083333333333334e-06, "grad_norm": 3.09375, "peak_allocated": 48804844032}
{"step": 53, "epoch": 0, "loss": 0.22787027480006217, "lr": 2.760416666666667e-06, "grad_norm": 4.0625, "peak_allocated": 48804844032}
{"step": 54, "epoch": 0, "loss": 0.19532647878795745, "lr": 2.8125e-06, "grad_norm": 3.3125, "peak_allocated": 48804844032}
{"step": 55, "epoch": 0, "loss": 0.1915780767320203, "lr": 2.8645833333333334e-06, "grad_norm": 3.25, "peak_allocated": 48804844032}
{"step": 56, "epoch": 0, "loss": 0.22630539928233478, "lr": 2.916666666666667e-06, "grad_norm": 3.828125, "peak_allocated": 48804844032}
{"step": 57, "epoch": 0, "loss": 0.18256250965673224, "lr": 2.96875e-06, "grad_norm": 3.84375, "peak_allocated": 48804844032}
{"step": 58, "epoch": 0, "loss": 0.1840064136647824, "lr": 3.0208333333333334e-06, "grad_norm": 3.453125, "peak_allocated": 48804844032}
{"step": 59, "epoch": 0, "loss": 0.1929615336382647, "lr": 3.072916666666667e-06, "grad_norm": 3.890625, "peak_allocated": 48804844032}
{"step": 60, "epoch": 0, "loss": 0.17199553370160459, "lr": 3.125e-06, "grad_norm": 2.9375, "peak_allocated": 48804844032}
{"step": 61, "epoch": 0, "loss": 0.14336943639506552, "lr": 3.1770833333333333e-06, "grad_norm": 2.6875, "peak_allocated": 48804844032}
{"step": 62, "epoch": 0, "loss": 0.17389799111720938, "lr": 3.229166666666667e-06, "grad_norm": 2.96875, "peak_allocated": 48804844032}
{"step": 63, "epoch": 0, "loss": 0.18297576483576855, "lr": 3.28125e-06, "grad_norm": 3.453125, "peak_allocated": 48804844032}
{"step": 64, "epoch": 0, "loss": 0.1548241837474031, "lr": 3.3333333333333333e-06, "grad_norm": 2.703125, "peak_allocated": 48804844032}
{"step": 65, "epoch": 0, "loss": 0.15262724954192403, "lr": 3.385416666666667e-06, "grad_norm": 2.953125, "peak_allocated": 48804844032}
{"step": 66, "epoch": 0, "loss": 0.16883634346122608, "lr": 3.4375e-06, "grad_norm": 3.171875, "peak_allocated": 48804844032}
{"step": 67, "epoch": 0, "loss": 0.14136705565175678, "lr": 3.4895833333333333e-06, "grad_norm": 2.796875, "peak_allocated": 48804844032}
{"step": 68, "epoch": 0, "loss": 0.14681302448101777, "lr": 3.5416666666666673e-06, "grad_norm": 2.828125, "peak_allocated": 48804844032}
{"step": 69, "epoch": 0, "loss": 0.17450636969395739, "lr": 3.59375e-06, "grad_norm": 3.0, "peak_allocated": 48804844032}
{"step": 70, "epoch": 0, "loss": 0.14534537590824648, "lr": 3.6458333333333333e-06, "grad_norm": 2.609375, "peak_allocated": 48804844032}
{"step": 71, "epoch": 0, "loss": 0.13911670848868135, "lr": 3.6979166666666673e-06, "grad_norm": 2.203125, "peak_allocated": 48804844032}
{"step": 72, "epoch": 0, "loss": 0.11255459113305329, "lr": 3.7500000000000005e-06, "grad_norm": 1.7890625, "peak_allocated": 48804844032}
{"step": 73, "epoch": 0, "loss": 0.1028031958623806, "lr": 3.8020833333333333e-06, "grad_norm": 2.0, "peak_allocated": 48804844032}
{"step": 74, "epoch": 0, "loss": 0.12018402477327808, "lr": 3.854166666666667e-06, "grad_norm": 1.5703125, "peak_allocated": 48804844032}
{"step": 75, "epoch": 0, "loss": 0.1147405061366275, "lr": 3.90625e-06, "grad_norm": 1.59375, "peak_allocated": 48804844032}
{"step": 76, "epoch": 0, "loss": 0.11453468512830346, "lr": 3.958333333333333e-06, "grad_norm": 1.296875, "peak_allocated": 48804844032}
{"step": 77, "epoch": 0, "loss": 0.12141876907148429, "lr": 4.010416666666667e-06, "grad_norm": 1.4296875, "peak_allocated": 48804844032}
{"step": 78, "epoch": 0, "loss": 0.1067609385246299, "lr": 4.0625000000000005e-06, "grad_norm": 1.3828125, "peak_allocated": 48804844032}
{"step": 79, "epoch": 0, "loss": 0.1569967244787118, "lr": 4.114583333333334e-06, "grad_norm": 2.0625, "peak_allocated": 48804844032}
{"step": 80, "epoch": 0, "loss": 0.14084751749669588, "lr": 4.166666666666667e-06, "grad_norm": 1.453125, "peak_allocated": 48804844032}
{"step": 81, "epoch": 0, "loss": 0.0956096666716579, "lr": 4.21875e-06, "grad_norm": 1.1953125, "peak_allocated": 48804844032}
{"step": 82, "epoch": 0, "loss": 0.11102514037948483, "lr": 4.270833333333333e-06, "grad_norm": 1.3671875, "peak_allocated": 48804844032}
{"step": 83, "epoch": 0, "loss": 0.11680045313553249, "lr": 4.322916666666667e-06, "grad_norm": 1.453125, "peak_allocated": 48804844032}
{"step": 84, "epoch": 0, "loss": 0.10266010958888178, "lr": 4.3750000000000005e-06, "grad_norm": 1.328125, "peak_allocated": 48804844032}
{"step": 85, "epoch": 0, "loss": 0.09149205178832849, "lr": 4.427083333333334e-06, "grad_norm": 1.2109375, "peak_allocated": 48804844032}
{"step": 86, "epoch": 0, "loss": 0.11642452333309057, "lr": 4.479166666666667e-06, "grad_norm": 1.2578125, "peak_allocated": 48804844032}
{"step": 87, "epoch": 0, "loss": 0.08885472771973223, "lr": 4.53125e-06, "grad_norm": 1.390625, "peak_allocated": 48804866560}
{"step": 88, "epoch": 0, "loss": 0.11022612649987629, "lr": 4.583333333333333e-06, "grad_norm": 1.2890625, "peak_allocated": 48804866560}
{"step": 89, "epoch": 0, "loss": 0.10290191238248393, "lr": 4.635416666666667e-06, "grad_norm": 1.1796875, "peak_allocated": 48804866560}
{"step": 90, "epoch": 0, "loss": 0.0944568678491891, "lr": 4.6875000000000004e-06, "grad_norm": 1.265625, "peak_allocated": 48804866560}
{"step": 91, "epoch": 0, "loss": 0.11290913877675939, "lr": 4.739583333333334e-06, "grad_norm": 1.4609375, "peak_allocated": 48804866560}
{"step": 92, "epoch": 0, "loss": 0.1011376146835118, "lr": 4.791666666666668e-06, "grad_norm": 1.0703125, "peak_allocated": 48804866560}
{"step": 93, "epoch": 0, "loss": 0.08133590142927352, "lr": 4.84375e-06, "grad_norm": 1.15625, "peak_allocated": 48804866560}
{"step": 94, "epoch": 0, "loss": 0.1066915753752882, "lr": 4.895833333333333e-06, "grad_norm": 1.2890625, "peak_allocated": 48804866560}
{"step": 95, "epoch": 0, "loss": 0.12376925190900577, "lr": 4.947916666666667e-06, "grad_norm": 1.140625, "peak_allocated": 48804866560}
{"step": 96, "epoch": 0, "loss": 0.09739392340845218, "lr": 5e-06, "grad_norm": 1.40625, "peak_allocated": 48804866560}
{"step": 97, "epoch": 0, "loss": 0.10957903036591521, "lr": 5.0520833333333344e-06, "grad_norm": 1.203125, "peak_allocated": 48804866560}
{"step": 98, "epoch": 0, "loss": 0.09708329864743584, "lr": 5.104166666666667e-06, "grad_norm": 1.5390625, "peak_allocated": 48804866560}
{"step": 99, "epoch": 0, "loss": 0.09129328544372306, "lr": 5.156250000000001e-06, "grad_norm": 1.171875, "peak_allocated": 48804866560}
{"step": 100, "epoch": 0, "loss": 0.07962837076132832, "lr": 5.208333333333334e-06, "grad_norm": 1.1875, "peak_allocated": 48804866560}
{"step": 101, "epoch": 0, "loss": 0.10184694342942394, "lr": 5.260416666666666e-06, "grad_norm": 1.078125, "peak_allocated": 48804866560}
{"step": 102, "epoch": 0, "loss": 0.09724501198008716, "lr": 5.3125e-06, "grad_norm": 1.1796875, "peak_allocated": 48804866560}
{"step": 103, "epoch": 0, "loss": 0.09924316387739722, "lr": 5.364583333333334e-06, "grad_norm": 1.203125, "peak_allocated": 48804866560}
{"step": 104, "epoch": 0, "loss": 0.09777449594414672, "lr": 5.416666666666667e-06, "grad_norm": 1.2421875, "peak_allocated": 48804866560}
{"step": 105, "epoch": 0, "loss": 0.10708228663040827, "lr": 5.468750000000001e-06, "grad_norm": 1.2734375, "peak_allocated": 48804866560}
{"step": 106, "epoch": 0, "loss": 0.07194411165736243, "lr": 5.520833333333334e-06, "grad_norm": 0.98046875, "peak_allocated": 48804866560}
{"step": 107, "epoch": 0, "loss": 0.09972341145589837, "lr": 5.572916666666667e-06, "grad_norm": 1.171875, "peak_allocated": 48804866560}
{"step": 108, "epoch": 0, "loss": 0.07885087394737256, "lr": 5.625e-06, "grad_norm": 0.99609375, "peak_allocated": 48804866560}
{"step": 109, "epoch": 0, "loss": 0.12204210221314536, "lr": 5.677083333333334e-06, "grad_norm": 1.234375, "peak_allocated": 48804866560}
{"step": 110, "epoch": 0, "loss": 0.10005738485341581, "lr": 5.729166666666667e-06, "grad_norm": 1.2109375, "peak_allocated": 48804866560}
{"step": 111, "epoch": 0, "loss": 0.08356801264923384, "lr": 5.781250000000001e-06, "grad_norm": 1.1953125, "peak_allocated": 48804866560}
{"step": 112, "epoch": 0, "loss": 0.093859785461684, "lr": 5.833333333333334e-06, "grad_norm": 1.171875, "peak_allocated": 48804866560}
{"step": 113, "epoch": 0, "loss": 0.06732566677718888, "lr": 5.885416666666667e-06, "grad_norm": 0.875, "peak_allocated": 48804866560}
{"step": 114, "epoch": 0, "loss": 0.08517289863738824, "lr": 5.9375e-06, "grad_norm": 1.25, "peak_allocated": 48804866560}
{"step": 115, "epoch": 0, "loss": 0.07580200077411589, "lr": 5.989583333333334e-06, "grad_norm": 1.015625, "peak_allocated": 48804866560}
{"step": 116, "epoch": 0, "loss": 0.09815749207299863, "lr": 6.041666666666667e-06, "grad_norm": 1.125, "peak_allocated": 48804866560}
{"step": 117, "epoch": 0, "loss": 0.08201078945462605, "lr": 6.093750000000001e-06, "grad_norm": 1.1953125, "peak_allocated": 48804866560}
{"step": 118, "epoch": 0, "loss": 0.07518366350422032, "lr": 6.145833333333334e-06, "grad_norm": 1.0625, "peak_allocated": 48804866560}
{"step": 119, "epoch": 0, "loss": 0.11215237864246268, "lr": 6.197916666666667e-06, "grad_norm": 1.1640625, "peak_allocated": 48804866560}
{"step": 120, "epoch": 0, "loss": 0.11847745369061757, "lr": 6.25e-06, "grad_norm": 1.3984375, "peak_allocated": 48804866560}
{"step": 121, "epoch": 0, "loss": 0.1086968626959819, "lr": 6.302083333333334e-06, "grad_norm": 1.234375, "peak_allocated": 48804866560}
{"step": 122, "epoch": 0, "loss": 0.09916564944551594, "lr": 6.354166666666667e-06, "grad_norm": 1.1015625, "peak_allocated": 48804866560}
{"step": 123, "epoch": 0, "loss": 0.06467935972055157, "lr": 6.406250000000001e-06, "grad_norm": 0.8046875, "peak_allocated": 48804866560}
{"step": 124, "epoch": 0, "loss": 0.10133382600664752, "lr": 6.458333333333334e-06, "grad_norm": 1.2109375, "peak_allocated": 48804866560}
{"step": 125, "epoch": 0, "loss": 0.08876164200211775, "lr": 6.510416666666667e-06, "grad_norm": 1.09375, "peak_allocated": 48804866560}
{"step": 126, "epoch": 0, "loss": 0.09380985851471241, "lr": 6.5625e-06, "grad_norm": 1.1796875, "peak_allocated": 48804866560}
{"step": 127, "epoch": 0, "loss": 0.09663185268513365, "lr": 6.614583333333334e-06, "grad_norm": 1.0390625, "peak_allocated": 48804866560}
{"step": 128, "epoch": 0, "loss": 0.09726518521057372, "lr": 6.666666666666667e-06, "grad_norm": 1.109375, "peak_allocated": 48804866560}
{"step": 129, "epoch": 0, "loss": 0.0864209993970258, "lr": 6.718750000000001e-06, "grad_norm": 1.078125, "peak_allocated": 48804866560}
{"step": 130, "epoch": 0, "loss": 0.0916951085259215, "lr": 6.770833333333334e-06, "grad_norm": 1.046875, "peak_allocated": 48804866560}
{"step": 131, "epoch": 0, "loss": 0.06709399411612772, "lr": 6.822916666666667e-06, "grad_norm": 1.03125, "peak_allocated": 48804866560}
{"step": 132, "epoch": 0, "loss": 0.08638587067376727, "lr": 6.875e-06, "grad_norm": 1.03125, "peak_allocated": 48804866560}
{"step": 133, "epoch": 0, "loss": 0.07224587042620678, "lr": 6.927083333333334e-06, "grad_norm": 1.03125, "peak_allocated": 48804866560}
{"step": 134, "epoch": 0, "loss": 0.06351074100207059, "lr": 6.979166666666667e-06, "grad_norm": 1.03125, "peak_allocated": 48804866560}
{"step": 135, "epoch": 0, "loss": 0.10404911408190354, "lr": 7.031250000000001e-06, "grad_norm": 1.109375, "peak_allocated": 48804866560}
{"step": 136, "epoch": 0, "loss": 0.0707442031572037, "lr": 7.083333333333335e-06, "grad_norm": 1.0390625, "peak_allocated": 48804866560}
{"step": 137, "epoch": 0, "loss": 0.09587176001623324, "lr": 7.135416666666667e-06, "grad_norm": 1.0703125, "peak_allocated": 48804866560}
{"step": 138, "epoch": 0, "loss": 0.10132721077322158, "lr": 7.1875e-06, "grad_norm": 1.09375, "peak_allocated": 48804866560}
{"step": 139, "epoch": 0, "loss": 0.06381636061993358, "lr": 7.239583333333334e-06, "grad_norm": 1.078125, "peak_allocated": 48804866560}
{"step": 140, "epoch": 0, "loss": 0.07986196879798864, "lr": 7.291666666666667e-06, "grad_norm": 1.03125, "peak_allocated": 48804866560}
{"step": 141, "epoch": 0, "loss": 0.06834676754666001, "lr": 7.343750000000001e-06, "grad_norm": 1.0625, "peak_allocated": 48804866560}
{"step": 142, "epoch": 0, "loss": 0.08264409155764499, "lr": 7.395833333333335e-06, "grad_norm": 0.96484375, "peak_allocated": 48804866560}
{"step": 143, "epoch": 0, "loss": 0.10397827599404587, "lr": 7.447916666666667e-06, "grad_norm": 1.3515625, "peak_allocated": 48804866560}
{"step": 144, "epoch": 0, "loss": 0.07882971650330514, "lr": 7.500000000000001e-06, "grad_norm": 1.046875, "peak_allocated": 48804866560}
{"step": 145, "epoch": 0, "loss": 0.08376344339872302, "lr": 7.552083333333334e-06, "grad_norm": 1.046875, "peak_allocated": 48804866560}
{"step": 146, "epoch": 0, "loss": 0.06719700271240418, "lr": 7.6041666666666666e-06, "grad_norm": 0.90625, "peak_allocated": 48804866560}
{"step": 147, "epoch": 0, "loss": 0.07984542067094173, "lr": 7.656250000000001e-06, "grad_norm": 1.015625, "peak_allocated": 48804866560}
{"step": 148, "epoch": 0, "loss": 0.09144739086338886, "lr": 7.708333333333334e-06, "grad_norm": 1.1796875, "peak_allocated": 48804866560}
{"step": 149, "epoch": 0, "loss": 0.0801980722588321, "lr": 7.760416666666666e-06, "grad_norm": 1.046875, "peak_allocated": 48804866560}
{"step": 150, "epoch": 0, "loss": 0.08649781744894201, "lr": 7.8125e-06, "grad_norm": 1.0703125, "peak_allocated": 48804866560}
{"step": 151, "epoch": 0, "loss": 0.0934088515190524, "lr": 7.864583333333334e-06, "grad_norm": 1.4375, "peak_allocated": 48804866560}
{"step": 152, "epoch": 0, "loss": 0.08892269328592525, "lr": 7.916666666666667e-06, "grad_norm": 0.921875, "peak_allocated": 48804866560}
{"step": 153, "epoch": 0, "loss": 0.10884149075993725, "lr": 7.96875e-06, "grad_norm": 1.28125, "peak_allocated": 48804866560}
{"step": 154, "epoch": 0, "loss": 0.08116088034169658, "lr": 8.020833333333335e-06, "grad_norm": 0.98828125, "peak_allocated": 48804866560}
{"step": 155, "epoch": 0, "loss": 0.08618569023044502, "lr": 8.072916666666667e-06, "grad_norm": 1.09375, "peak_allocated": 48804866560}
{"step": 156, "epoch": 0, "loss": 0.07880835382158759, "lr": 8.125000000000001e-06, "grad_norm": 0.95703125, "peak_allocated": 48804866560}
{"step": 157, "epoch": 0, "loss": 0.07999370916376468, "lr": 8.177083333333335e-06, "grad_norm": 1.171875, "peak_allocated": 48804866560}
{"step": 158, "epoch": 0, "loss": 0.08075506970684827, "lr": 8.229166666666667e-06, "grad_norm": 1.1484375, "peak_allocated": 48804866560}
{"step": 159, "epoch": 0, "loss": 0.08378640601345928, "lr": 8.281250000000001e-06, "grad_norm": 0.9765625, "peak_allocated": 48804866560}
{"step": 160, "epoch": 0, "loss": 0.09627958456084429, "lr": 8.333333333333334e-06, "grad_norm": 1.0859375, "peak_allocated": 48804866560}
{"step": 161, "epoch": 0, "loss": 0.08360298795704574, "lr": 8.385416666666668e-06, "grad_norm": 1.046875, "peak_allocated": 48804866560}
{"step": 162, "epoch": 0, "loss": 0.1174847711472776, "lr": 8.4375e-06, "grad_norm": 1.2109375, "peak_allocated": 48804866560}
{"step": 163, "epoch": 0, "loss": 0.11013772320189205, "lr": 8.489583333333334e-06, "grad_norm": 1.1171875, "peak_allocated": 48804866560}
{"step": 164, "epoch": 0, "loss": 0.07495765105102872, "lr": 8.541666666666666e-06, "grad_norm": 0.8984375, "peak_allocated": 48804866560}
{"step": 165, "epoch": 0, "loss": 0.0798655699698615, "lr": 8.59375e-06, "grad_norm": 0.890625, "peak_allocated": 48804866560}
{"step": 166, "epoch": 0, "loss": 0.08230165222737632, "lr": 8.645833333333335e-06, "grad_norm": 1.046875, "peak_allocated": 48804866560}
{"step": 167, "epoch": 0, "loss": 0.10823358978656396, "lr": 8.697916666666667e-06, "grad_norm": 1.3203125, "peak_allocated": 48804866560}
{"step": 168, "epoch": 0, "loss": 0.07380015434548673, "lr": 8.750000000000001e-06, "grad_norm": 0.98828125, "peak_allocated": 48804866560}
{"step": 169, "epoch": 0, "loss": 0.08050854829161243, "lr": 8.802083333333335e-06, "grad_norm": 1.03125, "peak_allocated": 48804866560}
{"step": 170, "epoch": 0, "loss": 0.09748536235664362, "lr": 8.854166666666667e-06, "grad_norm": 1.171875, "peak_allocated": 48804866560}
{"step": 171, "epoch": 0, "loss": 0.08306892724357798, "lr": 8.906250000000001e-06, "grad_norm": 1.0859375, "peak_allocated": 48804866560}
{"step": 172, "epoch": 0, "loss": 0.06773323031014504, "lr": 8.958333333333334e-06, "grad_norm": 1.0390625, "peak_allocated": 48804866560}
{"step": 173, "epoch": 0, "loss": 0.08269492328662988, "lr": 9.010416666666668e-06, "grad_norm": 1.0078125, "peak_allocated": 48804866560}
{"step": 174, "epoch": 0, "loss": 0.10121877281866141, "lr": 9.0625e-06, "grad_norm": 1.078125, "peak_allocated": 48804866560}
{"step": 175, "epoch": 0, "loss": 0.10159419676163371, "lr": 9.114583333333334e-06, "grad_norm": 1.2109375, "peak_allocated": 48804866560}
{"step": 176, "epoch": 0, "loss": 0.08286604652774159, "lr": 9.166666666666666e-06, "grad_norm": 1.09375, "peak_allocated": 48804866560}
{"step": 177, "epoch": 0, "loss": 0.08664050690291047, "lr": 9.21875e-06, "grad_norm": 1.015625, "peak_allocated": 48804866560}
{"step": 178, "epoch": 0, "loss": 0.07756027359365272, "lr": 9.270833333333334e-06, "grad_norm": 0.91796875, "peak_allocated": 48804866560}
{"step": 179, "epoch": 0, "loss": 0.06091276664147495, "lr": 9.322916666666667e-06, "grad_norm": 0.9140625, "peak_allocated": 48804866560}
{"step": 180, "epoch": 0, "loss": 0.06146237826331785, "lr": 9.375000000000001e-06, "grad_norm": 0.8828125, "peak_allocated": 48804866560}
{"step": 181, "epoch": 0, "loss": 0.060105925164196085, "lr": 9.427083333333335e-06, "grad_norm": 0.9375, "peak_allocated": 48804866560}
{"step": 182, "epoch": 0, "loss": 0.060711978087460414, "lr": 9.479166666666667e-06, "grad_norm": 0.91796875, "peak_allocated": 48804866560}
{"step": 183, "epoch": 0, "loss": 0.084877098716929, "lr": 9.531250000000001e-06, "grad_norm": 1.2734375, "peak_allocated": 48804866560}
{"step": 184, "epoch": 0, "loss": 0.10146153567529607, "lr": 9.583333333333335e-06, "grad_norm": 1.296875, "peak_allocated": 48804866560}
{"step": 185, "epoch": 0, "loss": 0.07875786332477996, "lr": 9.635416666666668e-06, "grad_norm": 0.92578125, "peak_allocated": 48804866560}
{"step": 186, "epoch": 0, "loss": 0.06455258789741676, "lr": 9.6875e-06, "grad_norm": 0.890625, "peak_allocated": 48804866560}
{"step": 187, "epoch": 0, "loss": 0.065099707573231, "lr": 9.739583333333334e-06, "grad_norm": 0.89453125, "peak_allocated": 48804866560}
{"step": 188, "epoch": 0, "loss": 0.043884751083565626, "lr": 9.791666666666666e-06, "grad_norm": 0.8359375, "peak_allocated": 48804866560}
{"step": 189, "epoch": 0, "loss": 0.08262452139570602, "lr": 9.84375e-06, "grad_norm": 1.046875, "peak_allocated": 48804866560}
{"step": 190, "epoch": 0, "loss": 0.046012934761104574, "lr": 9.895833333333334e-06, "grad_norm": 0.8984375, "peak_allocated": 48804866560}
{"step": 191, "epoch": 0, "loss": 0.07966794695129033, "lr": 9.947916666666667e-06, "grad_norm": 0.921875, "peak_allocated": 48804866560}
{"step": 192, "epoch": 0, "loss": 0.09275025526628927, "lr": 1e-05, "grad_norm": 1.2109375, "peak_allocated": 48804866560}
{"step": 193, "epoch": 0, "loss": 0.0792382773720023, "lr": 1e-05, "grad_norm": 1.0078125, "peak_allocated": 48804866560}
{"step": 194, "epoch": 0, "loss": 0.052373729979203976, "lr": 9.99999815603648e-06, "grad_norm": 1.03125, "peak_allocated": 48804866560}
{"step": 195, "epoch": 0, "loss": 0.0668358960126926, "lr": 9.999992624147278e-06, "grad_norm": 0.91015625, "peak_allocated": 48804866560}
{"step": 196, "epoch": 0, "loss": 0.052288973061559635, "lr": 9.999983404336476e-06, "grad_norm": 0.92578125, "peak_allocated": 48804866560}
{"step": 197, "epoch": 0, "loss": 0.10480110749793581, "lr": 9.999970496610874e-06, "grad_norm": 1.15625, "peak_allocated": 48804866560}
{"step": 198, "epoch": 0, "loss": 0.07946762381876006, "lr": 9.99995390097999e-06, "grad_norm": 1.0859375, "peak_allocated": 48804866560}
{"step": 199, "epoch": 0, "loss": 0.07473780888090419, "lr": 9.999933617456067e-06, "grad_norm": 1.046875, "peak_allocated": 48804866560}
{"step": 200, "epoch": 0, "loss": 0.07715898333508964, "lr": 9.999909646054067e-06, "grad_norm": 0.92578125, "peak_allocated": 48804866560}
{"step": 201, "epoch": 0, "loss": 0.062145692878853645, "lr": 9.999881986791671e-06, "grad_norm": 1.03125, "peak_allocated": 48804866560}
{"step": 202, "epoch": 0, "loss": 0.07077938843262839, "lr": 9.999850639689277e-06, "grad_norm": 0.8359375, "peak_allocated": 48804866560}
{"step": 203, "epoch": 0, "loss": 0.07521395021259668, "lr": 9.999815604770006e-06, "grad_norm": 0.93359375, "peak_allocated": 48804866560}
{"step": 204, "epoch": 0, "loss": 0.059518322712815604, "lr": 9.999776882059704e-06, "grad_norm": 0.84375, "peak_allocated": 48804866560}
{"step": 205, "epoch": 0, "loss": 0.06331829827214623, "lr": 9.999734471586928e-06, "grad_norm": 1.0703125, "peak_allocated": 48804866560}
{"step": 206, "epoch": 0, "loss": 0.07708366330391755, "lr": 9.99968837338296e-06, "grad_norm": 1.046875, "peak_allocated": 48804866560}
{"step": 207, "epoch": 0, "loss": 0.09294162961004301, "lr": 9.999638587481804e-06, "grad_norm": 1.046875, "peak_allocated": 48804866560}
{"step": 208, "epoch": 0, "loss": 0.07484467610223483, "lr": 9.999585113920179e-06, "grad_norm": 1.203125, "peak_allocated": 48804866560}
{"step": 209, "epoch": 0, "loss": 0.07173166608696416, "lr": 9.999527952737526e-06, "grad_norm": 1.203125, "peak_allocated": 48804866560}
{"step": 210, "epoch": 0, "loss": 0.07720281478311496, "lr": 9.999467103976008e-06, "grad_norm": 0.90234375, "peak_allocated": 48804866560}
{"step": 211, "epoch": 0, "loss": 0.10829587279887051, "lr": 9.999402567680504e-06, "grad_norm": 0.96484375, "peak_allocated": 48804866560}
{"step": 212, "epoch": 0, "loss": 0.09030600754550219, "lr": 9.999334343898616e-06, "grad_norm": 1.0078125, "peak_allocated": 48804866560}
{"step": 213, "epoch": 0, "loss": 0.07081715688956415, "lr": 9.999262432680666e-06, "grad_norm": 1.0625, "peak_allocated": 48804866560}
{"step": 214, "epoch": 0, "loss": 0.09233444650032957, "lr": 9.999186834079695e-06, "grad_norm": 0.9609375, "peak_allocated": 48804866560}
{"step": 215, "epoch": 0, "loss": 0.08267158003944064, "lr": 9.99910754815146e-06, "grad_norm": 1.03125, "peak_allocated": 48804866560}
{"step": 216, "epoch": 0, "loss": 0.05387871521710116, "lr": 9.999024574954444e-06, "grad_norm": 0.8046875, "peak_allocated": 48804866560}
{"step": 217, "epoch": 0, "loss": 0.09941967500400413, "lr": 9.998937914549847e-06, "grad_norm": 1.15625, "peak_allocated": 48804866560}
{"step": 218, "epoch": 0, "loss": 0.05775079483083411, "lr": 9.998847567001587e-06, "grad_norm": 0.76171875, "peak_allocated": 48804866560}
{"step": 219, "epoch": 0, "loss": 0.06042701197454102, "lr": 9.998753532376302e-06, "grad_norm": 0.8828125, "peak_allocated": 48804866560}
{"step": 220, "epoch": 0, "loss": 0.07181958414882554, "lr": 9.998655810743354e-06, "grad_norm": 1.0625, "peak_allocated": 48804866560}
{"step": 221, "epoch": 0, "loss": 0.07314642953918876, "lr": 9.998554402174818e-06, "grad_norm": 1.1015625, "peak_allocated": 48804866560}
{"step": 222, "epoch": 0, "loss": 0.06942152824606984, "lr": 9.998449306745494e-06, "grad_norm": 1.0234375, "peak_allocated": 48804866560}
{"step": 223, "epoch": 0, "loss": 0.06318476663527872, "lr": 9.998340524532896e-06, "grad_norm": 0.96484375, "peak_allocated": 48804866560}
{"step": 224, "epoch": 0, "loss": 0.062027761991866236, "lr": 9.998228055617264e-06, "grad_norm": 0.859375, "peak_allocated": 48804866560}
{"step": 225, "epoch": 0, "loss": 0.061640744237177886, "lr": 9.99811190008155e-06, "grad_norm": 0.85546875, "peak_allocated": 48804866560}
{"step": 226, "epoch": 0, "loss": 0.07525713993795291, "lr": 9.99799205801143e-06, "grad_norm": 1.0859375, "peak_allocated": 48804866560}
{"step": 227, "epoch": 0, "loss": 0.06512333180811629, "lr": 9.997868529495297e-06, "grad_norm": 0.95703125, "peak_allocated": 48804866560}
{"step": 228, "epoch": 0, "loss": 0.06203447260165826, "lr": 9.997741314624266e-06, "grad_norm": 0.875, "peak_allocated": 48804866560}
{"step": 229, "epoch": 0, "loss": 0.07947800703559603, "lr": 9.997610413492165e-06, "grad_norm": 1.125, "peak_allocated": 48804866560}
{"step": 230, "epoch": 0, "loss": 0.06712184113205154, "lr": 9.997475826195547e-06, "grad_norm": 0.93359375, "peak_allocated": 48804866560}
{"step": 231, "epoch": 0, "loss": 0.06305947232578638, "lr": 9.997337552833684e-06, "grad_norm": 0.93359375, "peak_allocated": 48804866560}
{"step": 232, "epoch": 0, "loss": 0.07945863046792832, "lr": 9.99719559350856e-06, "grad_norm": 1.515625, "peak_allocated": 48804866560}
{"step": 233, "epoch": 0, "loss": 0.08856930259980896, "lr": 9.997049948324884e-06, "grad_norm": 0.9921875, "peak_allocated": 48804866560}
{"step": 234, "epoch": 0, "loss": 0.05286016792339194, "lr": 9.996900617390083e-06, "grad_norm": 0.75390625, "peak_allocated": 48804866560}
{"step": 235, "epoch": 0, "loss": 0.07141405180624862, "lr": 9.996747600814299e-06, "grad_norm": 0.99609375, "peak_allocated": 48804866560}
{"step": 236, "epoch": 0, "loss": 0.081423336287716, "lr": 9.996590898710398e-06, "grad_norm": 0.83203125, "peak_allocated": 48804866560}
{"step": 237, "epoch": 0, "loss": 0.09493880213803058, "lr": 9.996430511193957e-06, "grad_norm": 1.03125, "peak_allocated": 48804866560}
{"step": 238, "epoch": 0, "loss": 0.10088246160369514, "lr": 9.996266438383279e-06, "grad_norm": 1.0703125, "peak_allocated": 48804866560}
{"step": 239, "epoch": 0, "loss": 0.08655582734149692, "lr": 9.996098680399381e-06, "grad_norm": 0.95703125, "peak_allocated": 48804866560}
{"step": 240, "epoch": 0, "loss": 0.0881379652328632, "lr": 9.995927237365997e-06, "grad_norm": 0.91015625, "peak_allocated": 48804866560}
{"step": 241, "epoch": 0, "loss": 0.0823106572456195, "lr": 9.995752109409583e-06, "grad_norm": 0.94921875, "peak_allocated": 48804866560}
{"step": 242, "epoch": 0, "loss": 0.08524632688197825, "lr": 9.99557329665931e-06, "grad_norm": 1.0859375, "peak_allocated": 48804866560}
{"step": 243, "epoch": 0, "loss": 0.08614565380129108, "lr": 9.995390799247067e-06, "grad_norm": 1.0703125, "peak_allocated": 48804866560}
{"step": 244, "epoch": 0, "loss": 0.06141013648721093, "lr": 9.995204617307463e-06, "grad_norm": 0.8984375, "peak_allocated": 48804866560}
{"step": 245, "epoch": 0, "loss": 0.05703102887349783, "lr": 9.99501475097782e-06, "grad_norm": 0.69140625, "peak_allocated": 48804866560}
{"step": 246, "epoch": 0, "loss": 0.08346870371882993, "lr": 9.994821200398185e-06, "grad_norm": 0.9921875, "peak_allocated": 48804866560}
{"step": 247, "epoch": 0, "loss": 0.07429447923493998, "lr": 9.994623965711315e-06, "grad_norm": 0.96484375, "peak_allocated": 48804866560}
{"step": 248, "epoch": 0, "loss": 0.06149491017819305, "lr": 9.994423047062689e-06, "grad_norm": 0.9609375, "peak_allocated": 48804866560}
{"step": 249, "epoch": 0, "loss": 0.07203115499586532, "lr": 9.9942184446005e-06, "grad_norm": 0.8515625, "peak_allocated": 48804866560}
{"step": 250, "epoch": 0, "loss": 0.08144559841996835, "lr": 9.994010158475662e-06, "grad_norm": 1.078125, "peak_allocated": 48804866560}
{"step": 251, "epoch": 0, "loss": 0.10318572642662223, "lr": 9.993798188841801e-06, "grad_norm": 1.140625, "peak_allocated": 48804866560}
{"step": 252, "epoch": 0, "loss": 0.09180836987504629, "lr": 9.993582535855265e-06, "grad_norm": 1.1328125, "peak_allocated": 48804866560}
{"step": 253, "epoch": 0, "loss": 0.054139057391778315, "lr": 9.993363199675116e-06, "grad_norm": 0.953125, "peak_allocated": 48804866560}
{"step": 254, "epoch": 0, "loss": 0.08032115536209727, "lr": 9.993140180463133e-06, "grad_norm": 0.99609375, "peak_allocated": 48804866560}
{"step": 255, "epoch": 0, "loss": 0.06091379381996257, "lr": 9.99291347838381e-06, "grad_norm": 1.0, "peak_allocated": 48804866560}
{"step": 256, "epoch": 0, "loss": 0.061192866716510655, "lr": 9.992683093604363e-06, "grad_norm": 0.91015625, "peak_allocated": 48804866560}
{"step": 257, "epoch": 0, "loss": 0.07947039348168267, "lr": 9.992449026294717e-06, "grad_norm": 1.109375, "peak_allocated": 48804866560}
{"step": 258, "epoch": 0, "loss": 0.11177485798639877, "lr": 9.992211276627519e-06, "grad_norm": 1.125, "peak_allocated": 48804866560}
{"step": 259, "epoch": 0, "loss": 0.08181116715410494, "lr": 9.991969844778127e-06, "grad_norm": 1.15625, "peak_allocated": 48804866560}
{"step": 260, "epoch": 0, "loss": 0.06562828131414228, "lr": 9.99172473092462e-06, "grad_norm": 0.8046875, "peak_allocated": 48804866560}
{"step": 261, "epoch": 0, "loss": 0.04578161058826309, "lr": 9.991475935247789e-06, "grad_norm": 0.83984375, "peak_allocated": 48804866560}
{"step": 262, "epoch": 0, "loss": 0.0902069918705667, "lr": 9.991223457931142e-06, "grad_norm": 1.203125, "peak_allocated": 48804866560}
{"step": 263, "epoch": 0, "loss": 0.06214470344244116, "lr": 9.990967299160905e-06, "grad_norm": 0.78515625, "peak_allocated": 48804866560}
{"step": 264, "epoch": 0, "loss": 0.08661317501502114, "lr": 9.990707459126015e-06, "grad_norm": 0.9765625, "peak_allocated": 48804866560}
{"step": 265, "epoch": 0, "loss": 0.07474737590853218, "lr": 9.990443938018126e-06, "grad_norm": 1.0859375, "peak_allocated": 48804866560}
{"step": 266, "epoch": 0, "loss": 0.0644695880979745, "lr": 9.990176736031608e-06, "grad_norm": 0.99609375, "peak_allocated": 48804866560}
{"step": 267, "epoch": 0, "loss": 0.08096697610668038, "lr": 9.989905853363544e-06, "grad_norm": 1.078125, "peak_allocated": 48804866560}
{"step": 268, "epoch": 0, "loss": 0.07375106205526383, "lr": 9.989631290213735e-06, "grad_norm": 1.015625, "peak_allocated": 48804866560}
{"step": 269, "epoch": 0, "loss": 0.06603029341255762, "lr": 9.989353046784694e-06, "grad_norm": 0.8359375, "peak_allocated": 48804866560}
{"step": 270, "epoch": 0, "loss": 0.09223052607557712, "lr": 9.989071123281649e-06, "grad_norm": 0.9140625, "peak_allocated": 48804866560}
{"step": 271, "epoch": 0, "loss": 0.0760758028359092, "lr": 9.988785519912542e-06, "grad_norm": 0.8515625, "peak_allocated": 48804866560}
{"step": 272, "epoch": 0, "loss": 0.07194889545391657, "lr": 9.988496236888032e-06, "grad_norm": 0.95703125, "peak_allocated": 48804866560}
{"step": 273, "epoch": 0, "loss": 0.06914344848599673, "lr": 9.988203274421489e-06, "grad_norm": 1.015625, "peak_allocated": 48804866560}
{"step": 274, "epoch": 0, "loss": 0.07186421134788708, "lr": 9.987906632728996e-06, "grad_norm": 0.8828125, "peak_allocated": 48804866560}
{"step": 275, "epoch": 0, "loss": 0.07396653162865412, "lr": 9.987606312029354e-06, "grad_norm": 1.0234375, "peak_allocated": 48804866560}
{"step": 276, "epoch": 0, "loss": 0.07398002832070057, "lr": 9.987302312544074e-06, "grad_norm": 0.80078125, "peak_allocated": 48804866560}
{"step": 277, "epoch": 0, "loss": 0.06096863976449022, "lr": 9.986994634497383e-06, "grad_norm": 0.75390625, "peak_allocated": 48804866560}
{"step": 278, "epoch": 0, "loss": 0.09749717137440153, "lr": 9.986683278116216e-06, "grad_norm": 0.95703125, "peak_allocated": 48804866560}
{"step": 279, "epoch": 0, "loss": 0.06531004365071641, "lr": 9.986368243630229e-06, "grad_norm": 0.953125, "peak_allocated": 48804866560}
{"step": 280, "epoch": 0, "loss": 0.09852357985308227, "lr": 9.986049531271785e-06, "grad_norm": 1.25, "peak_allocated": 48804866560}
{"step": 281, "epoch": 0, "loss": 0.04446545408081874, "lr": 9.985727141275963e-06, "grad_norm": 0.69921875, "peak_allocated": 48804866560}
{"step": 282, "epoch": 0, "loss": 0.06983590017110981, "lr": 9.985401073880552e-06, "grad_norm": 1.0078125, "peak_allocated": 48804866560}
{"step": 283, "epoch": 0, "loss": 0.06784348342295066, "lr": 9.985071329326055e-06, "grad_norm": 0.8671875, "peak_allocated": 48804866560}
{"step": 284, "epoch": 0, "loss": 0.08226993013666235, "lr": 9.984737907855685e-06, "grad_norm": 0.96484375, "peak_allocated": 48804866560}
{"step": 285, "epoch": 0, "loss": 0.08705977542689315, "lr": 9.984400809715371e-06, "grad_norm": 0.92578125, "peak_allocated": 48804866560}
{"step": 286, "epoch": 0, "loss": 0.07467562397568145, "lr": 9.984060035153752e-06, "grad_norm": 0.9375, "peak_allocated": 48804866560}
{"step": 287, "epoch": 0, "loss": 0.06357076892148986, "lr": 9.983715584422176e-06, "grad_norm": 0.9140625, "peak_allocated": 48804866560}
{"step": 288, "epoch": 0, "loss": 0.06829119381439655, "lr": 9.983367457774706e-06, "grad_norm": 0.96484375, "peak_allocated": 48804866560}
{"step": 289, "epoch": 0, "loss": 0.07859297554699009, "lr": 9.983015655468117e-06, "grad_norm": 1.0625, "peak_allocated": 48804866560}
{"step": 290, "epoch": 0, "loss": 0.05166390922041972, "lr": 9.982660177761891e-06, "grad_norm": 0.83203125, "peak_allocated": 48804866560}
{"step": 291, "epoch": 0, "loss": 0.06758631174581754, "lr": 9.982301024918222e-06, "grad_norm": 0.9609375, "peak_allocated": 48804866560}
{"step": 292, "epoch": 0, "loss": 0.07873556598056505, "lr": 9.981938197202019e-06, "grad_norm": 1.1640625, "peak_allocated": 48804866560}
{"step": 293, "epoch": 0, "loss": 0.07206914105710628, "lr": 9.981571694880898e-06, "grad_norm": 0.8359375, "peak_allocated": 48804866560}
{"step": 294, "epoch": 0, "loss": 0.06949753991513231, "lr": 9.981201518225184e-06, "grad_norm": 1.03125, "peak_allocated": 48804866560}
{"step": 295, "epoch": 0, "loss": 0.06569571038885917, "lr": 9.980827667507912e-06, "grad_norm": 0.9296875, "peak_allocated": 48804866560}
{"step": 296, "epoch": 0, "loss": 0.06762601752802398, "lr": 9.980450143004835e-06, "grad_norm": 1.015625, "peak_allocated": 48804866560}
{"step": 297, "epoch": 0, "loss": 0.06606131479012947, "lr": 9.980068944994405e-06, "grad_norm": 0.94140625, "peak_allocated": 48804866560}
{"step": 298, "epoch": 0, "loss": 0.08095801069962925, "lr": 9.97968407375779e-06, "grad_norm": 1.015625, "peak_allocated": 48804866560}
{"step": 299, "epoch": 0, "loss": 0.07644274946756968, "lr": 9.979295529578864e-06, "grad_norm": 0.84375, "peak_allocated": 48804866560}
{"step": 300, "epoch": 0, "loss": 0.07298336884887598, "lr": 9.978903312744212e-06, "grad_norm": 1.015625, "peak_allocated": 48804866560}
{"step": 301, "epoch": 0, "loss": 0.07577710948430201, "lr": 9.978507423543127e-06, "grad_norm": 0.87109375, "peak_allocated": 48804866560}
{"step": 302, "epoch": 0, "loss": 0.08625087895046565, "lr": 9.978107862267612e-06, "grad_norm": 1.0078125, "peak_allocated": 48804866560}
{"step": 303, "epoch": 0, "loss": 0.07401092542324768, "lr": 9.977704629212377e-06, "grad_norm": 0.96484375, "peak_allocated": 48804866560}
{"step": 304, "epoch": 0, "loss": 0.054801272011135285, "lr": 9.977297724674842e-06, "grad_norm": 0.86328125, "peak_allocated": 48804866560}
{"step": 305, "epoch": 0, "loss": 0.06964313755730821, "lr": 9.976887148955132e-06, "grad_norm": 1.125, "peak_allocated": 48804866560}
{"step": 306, "epoch": 0, "loss": 0.10021539356488351, "lr": 9.976472902356083e-06, "grad_norm": 1.1484375, "peak_allocated": 48804866560}
{"step": 307, "epoch": 0, "loss": 0.07180966529770788, "lr": 9.976054985183237e-06, "grad_norm": 1.0, "peak_allocated": 48804866560}
{"step": 308, "epoch": 0, "loss": 0.05097360339380594, "lr": 9.975633397744842e-06, "grad_norm": 0.8828125, "peak_allocated": 48804866560}
{"step": 309, "epoch": 0, "loss": 0.07131913569891293, "lr": 9.975208140351858e-06, "grad_norm": 1.015625, "peak_allocated": 48804866560}
{"step": 310, "epoch": 0, "loss": 0.08491653610984805, "lr": 9.974779213317945e-06, "grad_norm": 1.03125, "peak_allocated": 48804866560}
{"step": 311, "epoch": 0, "loss": 0.0762386699188105, "lr": 9.974346616959476e-06, "grad_norm": 1.0546875, "peak_allocated": 48804866560}
{"step": 312, "epoch": 0, "loss": 0.0757972594263573, "lr": 9.973910351595526e-06, "grad_norm": 0.98046875, "peak_allocated": 48804866560}
{"step": 313, "epoch": 0, "loss": 0.06600623698573252, "lr": 9.973470417547881e-06, "grad_norm": 0.98046875, "peak_allocated": 48804866560}
{"step": 314, "epoch": 0, "loss": 0.09395804193884882, "lr": 9.973026815141027e-06, "grad_norm": 1.359375, "peak_allocated": 48804866560}
{"step": 315, "epoch": 0, "loss": 0.05922110683442977, "lr": 9.972579544702158e-06, "grad_norm": 0.859375, "peak_allocated": 48804866560}
{"step": 316, "epoch": 0, "loss": 0.06655027224383005, "lr": 9.972128606561175e-06, "grad_norm": 0.875, "peak_allocated": 48804866560}
{"step": 317, "epoch": 0, "loss": 0.048202390470788746, "lr": 9.971674001050687e-06, "grad_norm": 0.84375, "peak_allocated": 48804866560}
{"step": 318, "epoch": 0, "loss": 0.08864021252218514, "lr": 9.971215728505999e-06, "grad_norm": 1.0703125, "peak_allocated": 48804866560}
{"step": 319, "epoch": 0, "loss": 0.06850030015463117, "lr": 9.970753789265128e-06, "grad_norm": 0.85546875, "peak_allocated": 48804866560}
{"step": 320, "epoch": 0, "loss": 0.048501064929251485, "lr": 9.970288183668797e-06, "grad_norm": 0.7890625, "peak_allocated": 48804866560}
{"step": 321, "epoch": 0, "loss": 0.06868179707615411, "lr": 9.969818912060425e-06, "grad_norm": 0.90625, "peak_allocated": 48804866560}
{"step": 322, "epoch": 0, "loss": 0.07160344607575844, "lr": 9.969345974786142e-06, "grad_norm": 0.90625, "peak_allocated": 48804866560}
{"step": 323, "epoch": 0, "loss": 0.06221518881729875, "lr": 9.96886937219478e-06, "grad_norm": 0.90234375, "peak_allocated": 48804866560}
{"step": 324, "epoch": 0, "loss": 0.06868743706480399, "lr": 9.968389104637872e-06, "grad_norm": 0.94921875, "peak_allocated": 48804866560}
{"step": 325, "epoch": 0, "loss": 0.07307519823604394, "lr": 9.96790517246966e-06, "grad_norm": 1.1796875, "peak_allocated": 48804866560}
{"step": 326, "epoch": 0, "loss": 0.05211697416876568, "lr": 9.967417576047082e-06, "grad_norm": 0.9375, "peak_allocated": 48804866560}
{"step": 327, "epoch": 0, "loss": 0.06755441420578531, "lr": 9.966926315729785e-06, "grad_norm": 1.09375, "peak_allocated": 48804866560}
{"step": 328, "epoch": 0, "loss": 0.07435834573344946, "lr": 9.966431391880113e-06, "grad_norm": 1.0546875, "peak_allocated": 48804866560}
{"step": 329, "epoch": 0, "loss": 0.06549437550756779, "lr": 9.965932804863115e-06, "grad_norm": 1.0078125, "peak_allocated": 48804866560}
{"step": 330, "epoch": 0, "loss": 0.08284031353370068, "lr": 9.965430555046543e-06, "grad_norm": 1.2578125, "peak_allocated": 48804866560}
{"step": 331, "epoch": 0, "loss": 0.05917290687454473, "lr": 9.964924642800846e-06, "grad_norm": 0.921875, "peak_allocated": 48804866560}
{"step": 332, "epoch": 0, "loss": 0.07231955478518377, "lr": 9.96441506849918e-06, "grad_norm": 1.078125, "peak_allocated": 48804866560}
{"step": 333, "epoch": 0, "loss": 0.061862515410830994, "lr": 9.9639018325174e-06, "grad_norm": 1.0390625, "peak_allocated": 48804866560}
{"step": 334, "epoch": 0, "loss": 0.06905059435570535, "lr": 9.963384935234061e-06, "grad_norm": 1.03125, "peak_allocated": 48804866560}
{"step": 335, "epoch": 0, "loss": 0.07293122470917841, "lr": 9.962864377030417e-06, "grad_norm": 1.0546875, "peak_allocated": 48804866560}
{"step": 336, "epoch": 0, "loss": 0.08474305580894438, "lr": 9.962340158290426e-06, "grad_norm": 1.0234375, "peak_allocated": 48804866560}
{"step": 337, "epoch": 0, "loss": 0.0863636601635142, "lr": 9.961812279400744e-06, "grad_norm": 0.86328125, "peak_allocated": 48804866560}
{"step": 338, "epoch": 0, "loss": 0.04022905378688841, "lr": 9.961280740750725e-06, "grad_norm": 0.78515625, "peak_allocated": 48804866560}
{"step": 339, "epoch": 0, "loss": 0.07600990386068959, "lr": 9.960745542732426e-06, "grad_norm": 0.94140625, "peak_allocated": 48804866560}
{"step": 340, "epoch": 0, "loss": 0.061215266517121274, "lr": 9.960206685740603e-06, "grad_norm": 1.09375, "peak_allocated": 48804866560}
{"step": 341, "epoch": 0, "loss": 0.04508125394954098, "lr": 9.959664170172704e-06, "grad_norm": 1.0390625, "peak_allocated": 48804866560}
{"step": 342, "epoch": 0, "loss": 0.06720149314914793, "lr": 9.959117996428884e-06, "grad_norm": 0.9921875, "peak_allocated": 48804866560}
{"step": 343, "epoch": 0, "loss": 0.05670869927508927, "lr": 9.958568164911993e-06, "grad_norm": 0.921875, "peak_allocated": 48804866560}
{"step": 344, "epoch": 0, "loss": 0.0497009045353649, "lr": 9.958014676027577e-06, "grad_norm": 0.8125, "peak_allocated": 48804866560}
{"step": 345, "epoch": 0, "loss": 0.054519637432835735, "lr": 9.957457530183883e-06, "grad_norm": 0.73828125, "peak_allocated": 48804866560}
{"step": 346, "epoch": 0, "loss": 0.0983855930019275, "lr": 9.956896727791852e-06, "grad_norm": 1.1953125, "peak_allocated": 48804866560}
{"step": 347, "epoch": 0, "loss": 0.08970119210726991, "lr": 9.956332269265124e-06, "grad_norm": 1.4453125, "peak_allocated": 48804866560}
{"step": 348, "epoch": 0, "loss": 0.062340282864136294, "lr": 9.955764155020037e-06, "grad_norm": 0.9921875, "peak_allocated": 48804866560}
{"step": 349, "epoch": 0, "loss": 0.053862006796086555, "lr": 9.955192385475621e-06, "grad_norm": 0.796875, "peak_allocated": 48804866560}
{"step": 350, "epoch": 0, "loss": 0.08520665118363491, "lr": 9.954616961053609e-06, "grad_norm": 1.09375, "peak_allocated": 48804866560}
{"step": 351, "epoch": 0, "loss": 0.08299761355764207, "lr": 9.95403788217842e-06, "grad_norm": 0.97265625, "peak_allocated": 48804866560}
{"step": 352, "epoch": 0, "loss": 0.06222793144781237, "lr": 9.953455149277181e-06, "grad_norm": 0.98046875, "peak_allocated": 48804866560}
{"step": 353, "epoch": 0, "loss": 0.06594051008063417, "lr": 9.952868762779701e-06, "grad_norm": 0.96484375, "peak_allocated": 48804866560}
{"step": 354, "epoch": 0, "loss": 0.0758290526191085, "lr": 9.952278723118494e-06, "grad_norm": 0.9609375, "peak_allocated": 48804866560}
{"step": 355, "epoch": 0, "loss": 0.07589408683403698, "lr": 9.951685030728762e-06, "grad_norm": 0.83984375, "peak_allocated": 48804866560}
{"step": 356, "epoch": 0, "loss": 0.06744199757925715, "lr": 9.951087686048406e-06, "grad_norm": 0.84765625, "peak_allocated": 48804866560}
{"step": 357, "epoch": 0, "loss": 0.06679252457365617, "lr": 9.950486689518017e-06, "grad_norm": 0.88671875, "peak_allocated": 48804866560}
{"step": 358, "epoch": 0, "loss": 0.08426151163071428, "lr": 9.949882041580883e-06, "grad_norm": 1.1796875, "peak_allocated": 48804866560}
{"step": 359, "epoch": 0, "loss": 0.0845912897741671, "lr": 9.949273742682983e-06, "grad_norm": 0.81640625, "peak_allocated": 48804866560}
{"step": 360, "epoch": 0, "loss": 0.05264089602725228, "lr": 9.94866179327299e-06, "grad_norm": 0.86328125, "peak_allocated": 48804866560}
{"step": 361, "epoch": 0, "loss": 0.05249545634329933, "lr": 9.948046193802266e-06, "grad_norm": 0.83984375, "peak_allocated": 48804866560}
{"step": 362, "epoch": 0, "loss": 0.06134115547824673, "lr": 9.947426944724872e-06, "grad_norm": 0.9140625, "peak_allocated": 48804866560}
{"step": 363, "epoch": 0, "loss": 0.06589886587562067, "lr": 9.946804046497554e-06, "grad_norm": 0.92578125, "peak_allocated": 48804866560}
{"step": 364, "epoch": 0, "loss": 0.07233332008516033, "lr": 9.946177499579753e-06, "grad_norm": 0.76171875, "peak_allocated": 48804866560}
{"step": 365, "epoch": 0, "loss": 0.06218292052560177, "lr": 9.945547304433604e-06, "grad_norm": 0.8203125, "peak_allocated": 48804866560}
{"step": 366, "epoch": 0, "loss": 0.058800438929899466, "lr": 9.944913461523927e-06, "grad_norm": 0.82421875, "peak_allocated": 48804866560}
{"step": 367, "epoch": 0, "loss": 0.06510772060033114, "lr": 9.944275971318233e-06, "grad_norm": 0.76171875, "peak_allocated": 48804866560}
{"step": 368, "epoch": 0, "loss": 0.08328494497177623, "lr": 9.943634834286732e-06, "grad_norm": 1.1640625, "peak_allocated": 48804866560}
{"step": 369, "epoch": 0, "loss": 0.0834741006536837, "lr": 9.942990050902313e-06, "grad_norm": 1.2421875, "peak_allocated": 48804866560}
{"step": 370, "epoch": 0, "loss": 0.06475139122229004, "lr": 9.942341621640558e-06, "grad_norm": 0.87109375, "peak_allocated": 48804866560}
{"step": 371, "epoch": 0, "loss": 0.05616224629251985, "lr": 9.94168954697974e-06, "grad_norm": 0.7890625, "peak_allocated": 48804866560}
{"step": 372, "epoch": 0, "loss": 0.0673709335579308, "lr": 9.941033827400823e-06, "grad_norm": 0.98828125, "peak_allocated": 48804866560}
{"step": 373, "epoch": 0, "loss": 0.0928131211868479, "lr": 9.94037446338745e-06, "grad_norm": 1.3203125, "peak_allocated": 48804866560}
{"step": 374, "epoch": 0, "loss": 0.08917265921058537, "lr": 9.939711455425964e-06, "grad_norm": 0.83203125, "peak_allocated": 48804866560}
{"step": 375, "epoch": 0, "loss": 0.07393933725928258, "lr": 9.939044804005386e-06, "grad_norm": 1.0546875, "peak_allocated": 48804866560}
{"step": 376, "epoch": 0, "loss": 0.048582983017116076, "lr": 9.93837450961743e-06, "grad_norm": 0.9375, "peak_allocated": 48804866560}
{"step": 377, "epoch": 0, "loss": 0.05851753421974911, "lr": 9.937700572756498e-06, "grad_norm": 0.9375, "peak_allocated": 48804866560}
{"step": 378, "epoch": 0, "loss": 0.040859512275385236, "lr": 9.93702299391967e-06, "grad_norm": 0.68359375, "peak_allocated": 48804866560}
{"step": 379, "epoch": 0, "loss": 0.0683495171335556, "lr": 9.936341773606723e-06, "grad_norm": 0.828125, "peak_allocated": 48804866560}
{"step": 380, "epoch": 0, "loss": 0.07698323814439405, "lr": 9.935656912320116e-06, "grad_norm": 0.98828125, "peak_allocated": 48804866560}
{"step": 381, "epoch": 0, "loss": 0.055114330624054714, "lr": 9.934968410564987e-06, "grad_norm": 0.84375, "peak_allocated": 48804866560}
{"step": 382, "epoch": 0, "loss": 0.06640877732558244, "lr": 9.934276268849169e-06, "grad_norm": 0.8046875, "peak_allocated": 48804866560}
{"step": 383, "epoch": 0, "loss": 0.04992937127993043, "lr": 9.933580487683176e-06, "grad_norm": 0.67578125, "peak_allocated": 48804866560}
{"step": 384, "epoch": 0, "loss": 0.059455067664653014, "lr": 9.932881067580204e-06, "grad_norm": 0.9921875, "peak_allocated": 48804866560}
{"step": 385, "epoch": 0, "loss": 0.0903038922541109, "lr": 9.932178009056135e-06, "grad_norm": 2.109375, "peak_allocated": 48804866560}
{"event": "train_stage", "stage": "validation_loss_complete", "rank": 0, "local_rank": 0, "world_size": 4, "epoch": 1, "val_loss": 0.06917982951364596, "training_seconds": 942.75, "validation_loss_seconds": 30.27}
{"event": "train_stage", "stage": "validation_gleu_complete", "rank": 0, "local_rank": 0, "world_size": 4, "epoch": 1, "elapsed_seconds": 1765.21, "gleu": 53.312599999999996, "invalid_utf8": 1, "budget_exhausted": 1, "generation_backend": "global-prefix-guarded-greedy-v1", "cache_preliminary_skips": 151026, "cache_guard_refreshes": 1834, "max_rank_peak_allocated_bytes": 48804866560}
{"event": "train_stage", "stage": "checkpoint_published", "rank": 0, "local_rank": 0, "world_size": 4, "checkpoint": "step-00000385-cc764814", "best": true}
{"event": "train_stage", "stage": "epoch_complete", "rank": 0, "local_rank": 0, "world_size": 4, "epoch": 1, "global_step": 385, "selection_metric": "val_gleu", "best": true, "val_loss": 0.06917982951364596, "val_gleu": 53.312599999999996, "elapsed_seconds": 2796.96}
{"step": 386, "epoch": 1, "loss": 0.07009582729856344, "lr": 9.931471312629538e-06, "grad_norm": 1.0390625, "peak_allocated": 48804866560}
{"step": 387, "epoch": 1, "loss": 0.07108854032385514, "lr": 9.930760978821659e-06, "grad_norm": 1.0390625, "peak_allocated": 48804866560}
{"step": 388, "epoch": 1, "loss": 0.04289326045057909, "lr": 9.930047008156431e-06, "grad_norm": 0.8515625, "peak_allocated": 48804866560}
{"step": 389, "epoch": 1, "loss": 0.07362228011763347, "lr": 9.929329401160466e-06, "grad_norm": 1.109375, "peak_allocated": 48804866560}
{"step": 390, "epoch": 1, "loss": 0.050929919413392, "lr": 9.928608158363064e-06, "grad_norm": 0.8515625, "peak_allocated": 48804866560}
{"step": 391, "epoch": 1, "loss": 0.05886276665709266, "lr": 9.927883280296201e-06, "grad_norm": 0.875, "peak_allocated": 48804866560}
{"step": 392, "epoch": 1, "loss": 0.0485088898179997, "lr": 9.927154767494537e-06, "grad_norm": 0.765625, "peak_allocated": 48804866560}
{"step": 393, "epoch": 1, "loss": 0.06561938494619066, "lr": 9.926422620495412e-06, "grad_norm": 0.8671875, "peak_allocated": 48804866560}
{"step": 394, "epoch": 1, "loss": 0.044571081552765866, "lr": 9.925686839838848e-06, "grad_norm": 0.7265625, "peak_allocated": 48804866560}
{"step": 395, "epoch": 1, "loss": 0.06300287395364484, "lr": 9.924947426067546e-06, "grad_norm": 1.0234375, "peak_allocated": 48804866560}
{"step": 396, "epoch": 1, "loss": 0.059337219657254504, "lr": 9.924204379726884e-06, "grad_norm": 0.83203125, "peak_allocated": 48804866560}
{"step": 397, "epoch": 1, "loss": 0.08450274953992593, "lr": 9.923457701364927e-06, "grad_norm": 1.140625, "peak_allocated": 48804866560}
{"step": 398, "epoch": 1, "loss": 0.055046562446643306, "lr": 9.922707391532411e-06, "grad_norm": 0.8046875, "peak_allocated": 48804866560}
{"step": 399, "epoch": 1, "loss": 0.07722285568154533, "lr": 9.921953450782753e-06, "grad_norm": 0.91015625, "peak_allocated": 48804866560}
{"step": 400, "epoch": 1, "loss": 0.058353577818917604, "lr": 9.92119587967205e-06, "grad_norm": 1.0625, "peak_allocated": 48804866560}
{"step": 401, "epoch": 1, "loss": 0.0634201939401813, "lr": 9.920434678759075e-06, "grad_norm": 0.99609375, "peak_allocated": 48804866560}
{"step": 402, "epoch": 1, "loss": 0.05373769338111969, "lr": 9.919669848605279e-06, "grad_norm": 0.92578125, "peak_allocated": 48804866560}
{"step": 403, "epoch": 1, "loss": 0.0710847486808293, "lr": 9.91890138977479e-06, "grad_norm": 0.8828125, "peak_allocated": 48804866560}
{"step": 404, "epoch": 1, "loss": 0.07119288103529545, "lr": 9.91812930283441e-06, "grad_norm": 1.0390625, "peak_allocated": 48804866560}
{"step": 405, "epoch": 1, "loss": 0.06861854258190411, "lr": 9.917353588353623e-06, "grad_norm": 1.0234375, "peak_allocated": 48804866560}
{"step": 406, "epoch": 1, "loss": 0.057218566152718676, "lr": 9.916574246904578e-06, "grad_norm": 1.0234375, "peak_allocated": 48804866560}
{"step": 407, "epoch": 1, "loss": 0.05532550335873792, "lr": 9.915791279062112e-06, "grad_norm": 0.8984375, "peak_allocated": 48804866560}
{"step": 408, "epoch": 1, "loss": 0.06644611524731511, "lr": 9.91500468540373e-06, "grad_norm": 0.9921875, "peak_allocated": 48804866560}
{"step": 409, "epoch": 1, "loss": 0.04112096720403819, "lr": 9.91421446650961e-06, "grad_norm": 0.75390625, "peak_allocated": 48804866560}
{"step": 410, "epoch": 1, "loss": 0.05714274306890315, "lr": 9.913420622962606e-06, "grad_norm": 0.94140625, "peak_allocated": 48804866560}
{"step": 411, "epoch": 1, "loss": 0.05090556788108565, "lr": 9.912623155348245e-06, "grad_norm": 0.859375, "peak_allocated": 48804866560}
{"step": 412, "epoch": 1, "loss": 0.0646703542405439, "lr": 9.911822064254731e-06, "grad_norm": 0.93359375, "peak_allocated": 48804866560}
{"step": 413, "epoch": 1, "loss": 0.08753316292692405, "lr": 9.911017350272934e-06, "grad_norm": 1.0390625, "peak_allocated": 48804866560}
{"step": 414, "epoch": 1, "loss": 0.0652920997556085, "lr": 9.910209013996398e-06, "grad_norm": 0.76953125, "peak_allocated": 48804866560}
{"step": 415, "epoch": 1, "loss": 0.06544211447906494, "lr": 9.909397056021343e-06, "grad_norm": 1.2109375, "peak_allocated": 48804866560}
{"step": 416, "epoch": 1, "loss": 0.05990144012528517, "lr": 9.908581476946656e-06, "grad_norm": 0.90625, "peak_allocated": 48804866560}
{"step": 417, "epoch": 1, "loss": 0.06201679372251124, "lr": 9.907762277373896e-06, "grad_norm": 0.91796875, "peak_allocated": 48804866560}
{"step": 418, "epoch": 1, "loss": 0.04660331019156336, "lr": 9.906939457907294e-06, "grad_norm": 0.81640625, "peak_allocated": 48804866560}
{"step": 419, "epoch": 1, "loss": 0.06221051625091024, "lr": 9.90611301915375e-06, "grad_norm": 0.8203125, "peak_allocated": 48804866560}
{"step": 420, "epoch": 1, "loss": 0.03990781513169189, "lr": 9.90528296172283e-06, "grad_norm": 0.875, "peak_allocated": 48804866560}
{"step": 421, "epoch": 1, "loss": 0.0582992151180185, "lr": 9.904449286226777e-06, "grad_norm": 0.984375, "peak_allocated": 48804866560}
{"step": 422, "epoch": 1, "loss": 0.052690652101743556, "lr": 9.90361199328049e-06, "grad_norm": 0.7265625, "peak_allocated": 48804866560}
{"step": 423, "epoch": 1, "loss": 0.054601797221084415, "lr": 9.902771083501553e-06, "grad_norm": 0.96484375, "peak_allocated": 48804866560}
{"step": 424, "epoch": 1, "loss": 0.10202479793239493, "lr": 9.901926557510205e-06, "grad_norm": 1.375, "peak_allocated": 48804866560}
{"step": 425, "epoch": 1, "loss": 0.08019642330305513, "lr": 9.901078415929354e-06, "grad_norm": 0.91015625, "peak_allocated": 48804866560}
{"step": 426, "epoch": 1, "loss": 0.05090574661252759, "lr": 9.90022665938458e-06, "grad_norm": 0.8828125, "peak_allocated": 48804866560}
{"step": 427, "epoch": 1, "loss": 0.055306044430678915, "lr": 9.899371288504126e-06, "grad_norm": 0.95703125, "peak_allocated": 48804866560}
{"step": 428, "epoch": 1, "loss": 0.06791752720093405, "lr": 9.898512303918897e-06, "grad_norm": 1.078125, "peak_allocated": 48804866560}
{"step": 429, "epoch": 1, "loss": 0.08226858169176121, "lr": 9.897649706262474e-06, "grad_norm": 1.0859375, "peak_allocated": 48804866560}
{"step": 430, "epoch": 1, "loss": 0.09198459018201818, "lr": 9.89678349617109e-06, "grad_norm": 1.1171875, "peak_allocated": 48804866560}
{"step": 431, "epoch": 1, "loss": 0.046305469030879225, "lr": 9.895913674283654e-06, "grad_norm": 0.85546875, "peak_allocated": 48804866560}
{"step": 432, "epoch": 1, "loss": 0.04808514107537109, "lr": 9.895040241241731e-06, "grad_norm": 0.82421875, "peak_allocated": 48804866560}
{"step": 433, "epoch": 1, "loss": 0.059242787731697485, "lr": 9.894163197689555e-06, "grad_norm": 0.91015625, "peak_allocated": 48804866560}
{"step": 434, "epoch": 1, "loss": 0.05670184576843611, "lr": 9.893282544274017e-06, "grad_norm": 0.875, "peak_allocated": 48804866560}
{"step": 435, "epoch": 1, "loss": 0.06213324853551967, "lr": 9.892398281644677e-06, "grad_norm": 0.953125, "peak_allocated": 48804866560}
{"step": 436, "epoch": 1, "loss": 0.06510407431033838, "lr": 9.891510410453753e-06, "grad_norm": 0.96484375, "peak_allocated": 48804866560}
{"step": 437, "epoch": 1, "loss": 0.049529633358581474, "lr": 9.890618931356126e-06, "grad_norm": 0.9375, "peak_allocated": 48804866560}
{"step": 438, "epoch": 1, "loss": 0.05129715788046262, "lr": 9.889723845009337e-06, "grad_norm": 0.8515625, "peak_allocated": 48804866560}
{"step": 439, "epoch": 1, "loss": 0.07232704697366248, "lr": 9.888825152073591e-06, "grad_norm": 0.94140625, "peak_allocated": 48804866560}
{"step": 440, "epoch": 1, "loss": 0.06049971741273862, "lr": 9.887922853211749e-06, "grad_norm": 0.875, "peak_allocated": 48804866560}
{"step": 441, "epoch": 1, "loss": 0.0737720824465169, "lr": 9.887016949089334e-06, "grad_norm": 0.90234375, "peak_allocated": 48804866560}
{"step": 442, "epoch": 1, "loss": 0.058348777829883396, "lr": 9.886107440374527e-06, "grad_norm": 0.98046875, "peak_allocated": 48804866560}
{"step": 443, "epoch": 1, "loss": 0.049830848919888295, "lr": 9.88519432773817e-06, "grad_norm": 0.859375, "peak_allocated": 48804866560}
{"step": 444, "epoch": 1, "loss": 0.05680469276084441, "lr": 9.88427761185376e-06, "grad_norm": 1.046875, "peak_allocated": 48804866560}
{"step": 445, "epoch": 1, "loss": 0.06546553972557076, "lr": 9.883357293397453e-06, "grad_norm": 0.875, "peak_allocated": 48804866560}
{"step": 446, "epoch": 1, "loss": 0.05894495383207643, "lr": 9.882433373048064e-06, "grad_norm": 1.1484375, "peak_allocated": 48804867072}
{"step": 447, "epoch": 1, "loss": 0.05373444845000048, "lr": 9.881505851487064e-06, "grad_norm": 0.9609375, "peak_allocated": 48804867072}
{"step": 448, "epoch": 1, "loss": 0.061064952909332754, "lr": 9.880574729398576e-06, "grad_norm": 0.921875, "peak_allocated": 48804867072}
{"step": 449, "epoch": 1, "loss": 0.06578722954348507, "lr": 9.879640007469383e-06, "grad_norm": 0.9296875, "peak_allocated": 48804867072}
{"step": 450, "epoch": 1, "loss": 0.0704936410147984, "lr": 9.878701686388924e-06, "grad_norm": 1.3046875, "peak_allocated": 48804867072}
{"step": 451, "epoch": 1, "loss": 0.06283078687169431, "lr": 9.87775976684929e-06, "grad_norm": 0.8671875, "peak_allocated": 48804867072}
{"step": 452, "epoch": 1, "loss": 0.0582988887202904, "lr": 9.876814249545227e-06, "grad_norm": 0.9609375, "peak_allocated": 48804867072}
{"step": 453, "epoch": 1, "loss": 0.07696619500294796, "lr": 9.875865135174135e-06, "grad_norm": 1.0625, "peak_allocated": 48804867072}
{"step": 454, "epoch": 1, "loss": 0.0544931790261006, "lr": 9.874912424436067e-06, "grad_norm": 0.74609375, "peak_allocated": 48804867072}
{"step": 455, "epoch": 1, "loss": 0.04989876060022248, "lr": 9.873956118033728e-06, "grad_norm": 0.93359375, "peak_allocated": 48804867072}
{"step": 456, "epoch": 1, "loss": 0.07735811909924249, "lr": 9.872996216672476e-06, "grad_norm": 0.88671875, "peak_allocated": 48804867072}
{"step": 457, "epoch": 1, "loss": 0.03794843422596188, "lr": 9.87203272106032e-06, "grad_norm": 0.765625, "peak_allocated": 48804867072}
{"step": 458, "epoch": 1, "loss": 0.05504053594088932, "lr": 9.87106563190792e-06, "grad_norm": 0.75390625, "peak_allocated": 48804867072}
{"step": 459, "epoch": 1, "loss": 0.05310147541346444, "lr": 9.87009494992859e-06, "grad_norm": 0.75390625, "peak_allocated": 48804867072}
{"step": 460, "epoch": 1, "loss": 0.05989989481240911, "lr": 9.869120675838286e-06, "grad_norm": 0.921875, "peak_allocated": 48804867072}
{"step": 461, "epoch": 1, "loss": 0.06766495165229407, "lr": 9.86814281035562e-06, "grad_norm": 0.94140625, "peak_allocated": 48804867072}
{"step": 462, "epoch": 1, "loss": 0.0687020706230533, "lr": 9.867161354201853e-06, "grad_norm": 1.0859375, "peak_allocated": 48804867072}
{"step": 463, "epoch": 1, "loss": 0.05260038409996179, "lr": 9.866176308100892e-06, "grad_norm": 0.80078125, "peak_allocated": 48804867072}
{"step": 464, "epoch": 1, "loss": 0.05970256093422166, "lr": 9.865187672779293e-06, "grad_norm": 0.96875, "peak_allocated": 48804867072}
{"step": 465, "epoch": 1, "loss": 0.06895415331823115, "lr": 9.864195448966255e-06, "grad_norm": 0.9140625, "peak_allocated": 48804867072}
{"step": 466, "epoch": 1, "loss": 0.07259547931669735, "lr": 9.863199637393634e-06, "grad_norm": 1.0078125, "peak_allocated": 48804867072}
{"step": 467, "epoch": 1, "loss": 0.056936246251878174, "lr": 9.862200238795923e-06, "grad_norm": 0.82421875, "peak_allocated": 48804867072}
{"step": 468, "epoch": 1, "loss": 0.0527830195377514, "lr": 9.861197253910264e-06, "grad_norm": 0.87109375, "peak_allocated": 48804867072}
{"step": 469, "epoch": 1, "loss": 0.04412883080549258, "lr": 9.860190683476442e-06, "grad_norm": 1.0, "peak_allocated": 48804867072}
{"step": 470, "epoch": 1, "loss": 0.06522145369283448, "lr": 9.859180528236892e-06, "grad_norm": 1.0390625, "peak_allocated": 48804867072}
{"step": 471, "epoch": 1, "loss": 0.06903644229031115, "lr": 9.858166788936689e-06, "grad_norm": 0.8984375, "peak_allocated": 48804867072}
{"step": 472, "epoch": 1, "loss": 0.0579013414287569, "lr": 9.85714946632355e-06, "grad_norm": 1.1328125, "peak_allocated": 48804867072}
{"step": 473, "epoch": 1, "loss": 0.0448571323506432, "lr": 9.85612856114784e-06, "grad_norm": 0.87890625, "peak_allocated": 48804867072}
{"step": 474, "epoch": 1, "loss": 0.0487741545958839, "lr": 9.855104074162563e-06, "grad_norm": 0.69140625, "peak_allocated": 48804867072}
{"step": 475, "epoch": 1, "loss": 0.049361197566655905, "lr": 9.854076006123366e-06, "grad_norm": 0.953125, "peak_allocated": 48804867072}
{"step": 476, "epoch": 1, "loss": 0.05642080949769795, "lr": 9.853044357788535e-06, "grad_norm": 0.89453125, "peak_allocated": 48804867072}
{"step": 477, "epoch": 1, "loss": 0.04908143681552862, "lr": 9.852009129919002e-06, "grad_norm": 0.95703125, "peak_allocated": 48804867072}
{"step": 478, "epoch": 1, "loss": 0.09749820276567267, "lr": 9.850970323278333e-06, "grad_norm": 1.2734375, "peak_allocated": 48804867072}
{"step": 479, "epoch": 1, "loss": 0.05507235436876243, "lr": 9.849927938632738e-06, "grad_norm": 0.83203125, "peak_allocated": 48804867072}
{"step": 480, "epoch": 1, "loss": 0.06362266948132264, "lr": 9.848881976751064e-06, "grad_norm": 1.1796875, "peak_allocated": 48804867072}
{"step": 481, "epoch": 1, "loss": 0.04073277905656262, "lr": 9.847832438404799e-06, "grad_norm": 0.703125, "peak_allocated": 48804867072}
{"step": 482, "epoch": 1, "loss": 0.05948202395586306, "lr": 9.846779324368065e-06, "grad_norm": 0.8125, "peak_allocated": 48804867072}
{"step": 483, "epoch": 1, "loss": 0.06359546981501064, "lr": 9.845722635417625e-06, "grad_norm": 0.91015625, "peak_allocated": 48804867072}
{"step": 484, "epoch": 1, "loss": 0.054448046716082305, "lr": 9.844662372332877e-06, "grad_norm": 0.95703125, "peak_allocated": 48804867072}
{"step": 485, "epoch": 1, "loss": 0.06362963862718639, "lr": 9.843598535895855e-06, "grad_norm": 0.8828125, "peak_allocated": 48804867072}
{"step": 486, "epoch": 1, "loss": 0.07269983757522512, "lr": 9.842531126891228e-06, "grad_norm": 1.1484375, "peak_allocated": 48804867072}
{"step": 487, "epoch": 1, "loss": 0.054263677971304186, "lr": 9.841460146106305e-06, "grad_norm": 0.87109375, "peak_allocated": 48804867072}
{"step": 488, "epoch": 1, "loss": 0.06249081134412241, "lr": 9.840385594331022e-06, "grad_norm": 0.8984375, "peak_allocated": 48804867072}
{"step": 489, "epoch": 1, "loss": 0.05814855677229931, "lr": 9.839307472357955e-06, "grad_norm": 0.87890625, "peak_allocated": 48804867072}
{"step": 490, "epoch": 1, "loss": 0.08815451533531728, "lr": 9.838225780982311e-06, "grad_norm": 1.015625, "peak_allocated": 48804867072}
{"step": 491, "epoch": 1, "loss": 0.04342567070457754, "lr": 9.83714052100193e-06, "grad_norm": 0.765625, "peak_allocated": 48804867072}
{"step": 492, "epoch": 1, "loss": 0.040629266244566274, "lr": 9.836051693217281e-06, "grad_norm": 0.9453125, "peak_allocated": 48804867072}
{"step": 493, "epoch": 1, "loss": 0.054612533732968496, "lr": 9.834959298431472e-06, "grad_norm": 1.0703125, "peak_allocated": 48804867072}
{"step": 494, "epoch": 1, "loss": 0.07162357977486816, "lr": 9.833863337450233e-06, "grad_norm": 0.96875, "peak_allocated": 48804867072}
{"step": 495, "epoch": 1, "loss": 0.05548214813546366, "lr": 9.832763811081932e-06, "grad_norm": 1.0859375, "peak_allocated": 48804867072}
{"step": 496, "epoch": 1, "loss": 0.0681936092392853, "lr": 9.831660720137562e-06, "grad_norm": 1.0546875, "peak_allocated": 48804867072}
{"step": 497, "epoch": 1, "loss": 0.05755161685952324, "lr": 9.830554065430749e-06, "grad_norm": 0.94921875, "peak_allocated": 48804867072}
{"step": 498, "epoch": 1, "loss": 0.03644963321513662, "lr": 9.829443847777742e-06, "grad_norm": 0.71875, "peak_allocated": 48804867072}
{"step": 499, "epoch": 1, "loss": 0.05762482647506238, "lr": 9.828330067997422e-06, "grad_norm": 0.9375, "peak_allocated": 48804867072}
{"step": 500, "epoch": 1, "loss": 0.07138960937390644, "lr": 9.8272127269113e-06, "grad_norm": 1.109375, "peak_allocated": 48804867072}
{"event": "train_stage", "stage": "checkpoint_published", "rank": 0, "local_rank": 0, "world_size": 4, "checkpoint": "step-00000500-d728f631", "best": false}
{"step": 501, "epoch": 1, "loss": 0.05319612416686197, "lr": 9.826091825343506e-06, "grad_norm": 0.90234375, "peak_allocated": 48804867072}
{"step": 502, "epoch": 1, "loss": 0.06744350512469262, "lr": 9.824967364120805e-06, "grad_norm": 1.2421875, "peak_allocated": 48804867072}
{"step": 503, "epoch": 1, "loss": 0.06303254918469299, "lr": 9.823839344072582e-06, "grad_norm": 0.9765625, "peak_allocated": 48804867072}
{"step": 504, "epoch": 1, "loss": 0.07278017333369707, "lr": 9.822707766030843e-06, "grad_norm": 1.21875, "peak_allocated": 48804867072}
{"step": 505, "epoch": 1, "loss": 0.07009811595842046, "lr": 9.821572630830231e-06, "grad_norm": 1.0, "peak_allocated": 48804867072}
{"step": 506, "epoch": 1, "loss": 0.060840955601464665, "lr": 9.820433939308e-06, "grad_norm": 0.91015625, "peak_allocated": 48804867072}
{"step": 507, "epoch": 1, "loss": 0.07007258714903465, "lr": 9.819291692304036e-06, "grad_norm": 1.0390625, "peak_allocated": 48804867072}
{"step": 508, "epoch": 1, "loss": 0.04890100836283484, "lr": 9.81814589066084e-06, "grad_norm": 0.91015625, "peak_allocated": 48804867072}
{"step": 509, "epoch": 1, "loss": 0.05631304458396411, "lr": 9.816996535223541e-06, "grad_norm": 0.81640625, "peak_allocated": 48804867072}
{"step": 510, "epoch": 1, "loss": 0.07603173489571012, "lr": 9.815843626839885e-06, "grad_norm": 0.92578125, "peak_allocated": 48804867072}
{"step": 511, "epoch": 1, "loss": 0.05683688258611606, "lr": 9.814687166360244e-06, "grad_norm": 0.98046875, "peak_allocated": 48804867072}
{"step": 512, "epoch": 1, "loss": 0.07191976145552198, "lr": 9.813527154637602e-06, "grad_norm": 1.0625, "peak_allocated": 48804867072}
{"step": 513, "epoch": 1, "loss": 0.050457646873604316, "lr": 9.812363592527568e-06, "grad_norm": 0.99609375, "peak_allocated": 48804867072}
{"step": 514, "epoch": 1, "loss": 0.039362400383520624, "lr": 9.81119648088837e-06, "grad_norm": 0.80078125, "peak_allocated": 48804867072}
{"step": 515, "epoch": 1, "loss": 0.06421281022886349, "lr": 9.810025820580853e-06, "grad_norm": 1.3984375, "peak_allocated": 48804867072}
{"step": 516, "epoch": 1, "loss": 0.0793792507453024, "lr": 9.808851612468475e-06, "grad_norm": 1.2421875, "peak_allocated": 48804867072}
{"step": 517, "epoch": 1, "loss": 0.053916424713624365, "lr": 9.80767385741732e-06, "grad_norm": 0.83203125, "peak_allocated": 48804867072}
{"step": 518, "epoch": 1, "loss": 0.03822655160272485, "lr": 9.806492556296078e-06, "grad_norm": 0.8203125, "peak_allocated": 48804867072}
{"step": 519, "epoch": 1, "loss": 0.05866927802483478, "lr": 9.805307709976062e-06, "grad_norm": 0.8359375, "peak_allocated": 48804867072}
{"step": 520, "epoch": 1, "loss": 0.04482329998066783, "lr": 9.804119319331198e-06, "grad_norm": 0.98046875, "peak_allocated": 48804867072}
{"step": 521, "epoch": 1, "loss": 0.06368672580157966, "lr": 9.802927385238024e-06, "grad_norm": 0.91015625, "peak_allocated": 48804867072}
{"step": 522, "epoch": 1, "loss": 0.05756339047490899, "lr": 9.801731908575694e-06, "grad_norm": 0.83203125, "peak_allocated": 48804867072}
{"step": 523, "epoch": 1, "loss": 0.06016938157916418, "lr": 9.800532890225974e-06, "grad_norm": 1.0234375, "peak_allocated": 48804867072}
{"step": 524, "epoch": 1, "loss": 0.05013726047446909, "lr": 9.799330331073242e-06, "grad_norm": 0.875, "peak_allocated": 48804867072}
{"step": 525, "epoch": 1, "loss": 0.054499798210944146, "lr": 9.798124232004488e-06, "grad_norm": 1.015625, "peak_allocated": 48804867072}
{"step": 526, "epoch": 1, "loss": 0.06063057735081443, "lr": 9.796914593909315e-06, "grad_norm": 0.984375, "peak_allocated": 48804867072}
{"step": 527, "epoch": 1, "loss": 0.05064044816514255, "lr": 9.795701417679933e-06, "grad_norm": 1.1484375, "peak_allocated": 48804867072}
{"step": 528, "epoch": 1, "loss": 0.04067773731395481, "lr": 9.794484704211163e-06, "grad_norm": 0.76953125, "peak_allocated": 48804867072}
{"step": 529, "epoch": 1, "loss": 0.05795927653426573, "lr": 9.793264454400435e-06, "grad_norm": 0.890625, "peak_allocated": 48804867072}
{"step": 530, "epoch": 1, "loss": 0.043061971254809324, "lr": 9.792040669147788e-06, "grad_norm": 0.78515625, "peak_allocated": 48804867072}
{"step": 531, "epoch": 1, "loss": 0.06174437544836759, "lr": 9.790813349355866e-06, "grad_norm": 1.125, "peak_allocated": 48804867072}
{"step": 532, "epoch": 1, "loss": 0.061144583455669144, "lr": 9.789582495929926e-06, "grad_norm": 0.93359375, "peak_allocated": 48804867072}
{"step": 533, "epoch": 1, "loss": 0.05075038220058712, "lr": 9.788348109777825e-06, "grad_norm": 0.83984375, "peak_allocated": 48804867072}
{"step": 534, "epoch": 1, "loss": 0.07667802233222404, "lr": 9.787110191810027e-06, "grad_norm": 1.0703125, "peak_allocated": 48804867072}
{"step": 535, "epoch": 1, "loss": 0.045402190563856484, "lr": 9.785868742939606e-06, "grad_norm": 0.9375, "peak_allocated": 48804867072}
{"step": 536, "epoch": 1, "loss": 0.03812945626438039, "lr": 9.784623764082236e-06, "grad_norm": 0.6875, "peak_allocated": 48804867072}
{"step": 537, "epoch": 1, "loss": 0.04270382671472169, "lr": 9.78337525615619e-06, "grad_norm": 0.9609375, "peak_allocated": 48804867072}
{"step": 538, "epoch": 1, "loss": 0.07580442848333946, "lr": 9.782123220082355e-06, "grad_norm": 0.96875, "peak_allocated": 48804867072}
{"step": 539, "epoch": 1, "loss": 0.03527309483557874, "lr": 9.780867656784212e-06, "grad_norm": 0.6796875, "peak_allocated": 48804867072}
{"step": 540, "epoch": 1, "loss": 0.06188194350675614, "lr": 9.779608567187846e-06, "grad_norm": 0.89453125, "peak_allocated": 48804867072}
{"step": 541, "epoch": 1, "loss": 0.06308692460285643, "lr": 9.778345952221946e-06, "grad_norm": 0.96484375, "peak_allocated": 48804867072}
{"step": 542, "epoch": 1, "loss": 0.09443397157500151, "lr": 9.777079812817794e-06, "grad_norm": 1.234375, "peak_allocated": 48804867072}
{"step": 543, "epoch": 1, "loss": 0.047163237445093854, "lr": 9.77581014990928e-06, "grad_norm": 0.9375, "peak_allocated": 48804867072}
{"step": 544, "epoch": 1, "loss": 0.06134668743251297, "lr": 9.774536964432886e-06, "grad_norm": 1.015625, "peak_allocated": 48804867072}
{"step": 545, "epoch": 1, "loss": 0.047857353534399946, "lr": 9.773260257327695e-06, "grad_norm": 1.078125, "peak_allocated": 48804867072}
{"step": 546, "epoch": 1, "loss": 0.05921725096314482, "lr": 9.771980029535388e-06, "grad_norm": 0.80078125, "peak_allocated": 48804867072}
{"step": 547, "epoch": 1, "loss": 0.0451335683718835, "lr": 9.770696282000245e-06, "grad_norm": 0.88671875, "peak_allocated": 48804867072}
{"step": 548, "epoch": 1, "loss": 0.0541819694460813, "lr": 9.769409015669135e-06, "grad_norm": 0.90234375, "peak_allocated": 48804867072}
{"step": 549, "epoch": 1, "loss": 0.08247008160037662, "lr": 9.768118231491533e-06, "grad_norm": 1.0546875, "peak_allocated": 48804867072}
{"step": 550, "epoch": 1, "loss": 0.06307473638273839, "lr": 9.766823930419496e-06, "grad_norm": 0.86328125, "peak_allocated": 48804867072}
{"step": 551, "epoch": 1, "loss": 0.07672075789301054, "lr": 9.765526113407684e-06, "grad_norm": 1.21875, "peak_allocated": 48804867072}
{"step": 552, "epoch": 1, "loss": 0.055616246462613345, "lr": 9.76422478141335e-06, "grad_norm": 1.0078125, "peak_allocated": 48804867072}
{"step": 553, "epoch": 1, "loss": 0.06379477016120991, "lr": 9.762919935396334e-06, "grad_norm": 0.89453125, "peak_allocated": 48804867072}
{"step": 554, "epoch": 1, "loss": 0.03439503307026383, "lr": 9.761611576319073e-06, "grad_norm": 0.875, "peak_allocated": 48804867072}
{"step": 555, "epoch": 1, "loss": 0.06880376672934965, "lr": 9.760299705146595e-06, "grad_norm": 0.94921875, "peak_allocated": 48804867072}
{"step": 556, "epoch": 1, "loss": 0.058274689604917364, "lr": 9.758984322846513e-06, "grad_norm": 1.0625, "peak_allocated": 48804867072}
{"step": 557, "epoch": 1, "loss": 0.05320404286578971, "lr": 9.75766543038904e-06, "grad_norm": 0.984375, "peak_allocated": 48804867072}
{"step": 558, "epoch": 1, "loss": 0.049582895474359706, "lr": 9.756343028746966e-06, "grad_norm": 0.69140625, "peak_allocated": 48804867072}
{"step": 559, "epoch": 1, "loss": 0.04836230326759359, "lr": 9.755017118895679e-06, "grad_norm": 0.890625, "peak_allocated": 48804867072}
{"step": 560, "epoch": 1, "loss": 0.06272891963820384, "lr": 9.753687701813149e-06, "grad_norm": 1.109375, "peak_allocated": 48804867072}
{"step": 561, "epoch": 1, "loss": 0.06023627583157142, "lr": 9.752354778479934e-06, "grad_norm": 1.34375, "peak_allocated": 48804867072}
{"step": 562, "epoch": 1, "loss": 0.0524376648593033, "lr": 9.75101834987918e-06, "grad_norm": 0.7734375, "peak_allocated": 48804867072}
{"step": 563, "epoch": 1, "loss": 0.042631084832769596, "lr": 9.749678416996618e-06, "grad_norm": 0.6640625, "peak_allocated": 48804867072}
{"step": 564, "epoch": 1, "loss": 0.04164544657774582, "lr": 9.74833498082056e-06, "grad_norm": 0.87109375, "peak_allocated": 48804867072}
{"step": 565, "epoch": 1, "loss": 0.056763018137733434, "lr": 9.746988042341907e-06, "grad_norm": 1.1953125, "peak_allocated": 48804867072}
{"step": 566, "epoch": 1, "loss": 0.05599152399338582, "lr": 9.745637602554141e-06, "grad_norm": 1.03125, "peak_allocated": 48804867072}
{"step": 567, "epoch": 1, "loss": 0.06918955879728374, "lr": 9.744283662453327e-06, "grad_norm": 0.98046875, "peak_allocated": 48804867072}
{"step": 568, "epoch": 1, "loss": 0.06482116090226012, "lr": 9.74292622303811e-06, "grad_norm": 1.171875, "peak_allocated": 48804867072}
{"step": 569, "epoch": 1, "loss": 0.06814546981033028, "lr": 9.741565285309722e-06, "grad_norm": 0.953125, "peak_allocated": 48804867072}
{"step": 570, "epoch": 1, "loss": 0.045904307117305004, "lr": 9.740200850271964e-06, "grad_norm": 0.85546875, "peak_allocated": 48804867072}
{"step": 571, "epoch": 1, "loss": 0.04442933386713659, "lr": 9.73883291893123e-06, "grad_norm": 0.8671875, "peak_allocated": 48804867072}
{"step": 572, "epoch": 1, "loss": 0.07127706007971094, "lr": 9.73746149229648e-06, "grad_norm": 0.95703125, "peak_allocated": 48804867072}
{"step": 573, "epoch": 1, "loss": 0.050848649009845155, "lr": 9.736086571379261e-06, "grad_norm": 1.1015625, "peak_allocated": 48804867072}
{"step": 574, "epoch": 1, "loss": 0.06148783991070888, "lr": 9.734708157193696e-06, "grad_norm": 1.0546875, "peak_allocated": 48804867072}
{"step": 575, "epoch": 1, "loss": 0.052512168158637317, "lr": 9.733326250756482e-06, "grad_norm": 0.76953125, "peak_allocated": 48804867072}
{"step": 576, "epoch": 1, "loss": 0.06042768779354869, "lr": 9.731940853086894e-06, "grad_norm": 1.078125, "peak_allocated": 48804867072}
{"step": 577, "epoch": 1, "loss": 0.057248959937712764, "lr": 9.730551965206778e-06, "grad_norm": 0.953125, "peak_allocated": 48804867072}
{"step": 578, "epoch": 1, "loss": 0.05221058016112304, "lr": 9.72915958814056e-06, "grad_norm": 0.8984375, "peak_allocated": 48804867072}
{"step": 579, "epoch": 1, "loss": 0.07137976408476432, "lr": 9.727763722915238e-06, "grad_norm": 0.90625, "peak_allocated": 48804867072}
{"step": 580, "epoch": 1, "loss": 0.051922566824676435, "lr": 9.726364370560379e-06, "grad_norm": 0.92578125, "peak_allocated": 48804867072}
{"step": 581, "epoch": 1, "loss": 0.05405410441159622, "lr": 9.724961532108128e-06, "grad_norm": 0.94140625, "peak_allocated": 48804867072}
{"step": 582, "epoch": 1, "loss": 0.05626485817624785, "lr": 9.723555208593195e-06, "grad_norm": 0.9765625, "peak_allocated": 48804867072}
{"step": 583, "epoch": 1, "loss": 0.061459000617630745, "lr": 9.722145401052864e-06, "grad_norm": 1.0390625, "peak_allocated": 48804867072}
{"step": 584, "epoch": 1, "loss": 0.049828817054741674, "lr": 9.720732110526994e-06, "grad_norm": 0.828125, "peak_allocated": 48804867072}
{"step": 585, "epoch": 1, "loss": 0.061350906069107654, "lr": 9.719315338058e-06, "grad_norm": 1.0234375, "peak_allocated": 48804867072}
{"step": 586, "epoch": 1, "loss": 0.03626856866357848, "lr": 9.717895084690876e-06, "grad_norm": 1.0234375, "peak_allocated": 48804867072}
{"step": 587, "epoch": 1, "loss": 0.0547477504945223, "lr": 9.71647135147318e-06, "grad_norm": 1.0234375, "peak_allocated": 48804867072}
{"step": 588, "epoch": 1, "loss": 0.06625773036393495, "lr": 9.715044139455037e-06, "grad_norm": 1.046875, "peak_allocated": 48804867072}
{"step": 589, "epoch": 1, "loss": 0.06366933335483685, "lr": 9.713613449689136e-06, "grad_norm": 1.015625, "peak_allocated": 48804867072}
{"step": 590, "epoch": 1, "loss": 0.051822595288996944, "lr": 9.712179283230737e-06, "grad_norm": 0.85546875, "peak_allocated": 48804867072}
{"step": 591, "epoch": 1, "loss": 0.05425248691432718, "lr": 9.710741641137658e-06, "grad_norm": 0.87890625, "peak_allocated": 48804867072}
{"step": 592, "epoch": 1, "loss": 0.08534292164623915, "lr": 9.70930052447028e-06, "grad_norm": 1.0234375, "peak_allocated": 48804867072}
{"step": 593, "epoch": 1, "loss": 0.06052093906678881, "lr": 9.707855934291555e-06, "grad_norm": 1.03125, "peak_allocated": 48804867072}
{"step": 594, "epoch": 1, "loss": 0.05200412016452497, "lr": 9.706407871666986e-06, "grad_norm": 0.8828125, "peak_allocated": 48804867072}
{"step": 595, "epoch": 1, "loss": 0.054151206825783456, "lr": 9.704956337664647e-06, "grad_norm": 0.84375, "peak_allocated": 48804867072}
{"step": 596, "epoch": 1, "loss": 0.07740971271360744, "lr": 9.703501333355167e-06, "grad_norm": 1.078125, "peak_allocated": 48804867072}
{"step": 597, "epoch": 1, "loss": 0.0457354234963627, "lr": 9.702042859811735e-06, "grad_norm": 0.94921875, "peak_allocated": 48804867072}
{"step": 598, "epoch": 1, "loss": 0.06513655991719987, "lr": 9.700580918110103e-06, "grad_norm": 0.8984375, "peak_allocated": 48804867072}
{"step": 599, "epoch": 1, "loss": 0.06121996019686839, "lr": 9.699115509328575e-06, "grad_norm": 0.8828125, "peak_allocated": 48804867072}
{"step": 600, "epoch": 1, "loss": 0.06266855365131781, "lr": 9.697646634548015e-06, "grad_norm": 1.125, "peak_allocated": 48804867072}
{"step": 601, "epoch": 1, "loss": 0.05751988279453173, "lr": 9.696174294851843e-06, "grad_norm": 0.88671875, "peak_allocated": 48804867072}
{"step": 602, "epoch": 1, "loss": 0.05683566131739536, "lr": 9.694698491326038e-06, "grad_norm": 0.88671875, "peak_allocated": 48804867072}
{"step": 603, "epoch": 1, "loss": 0.050512503995088276, "lr": 9.69321922505913e-06, "grad_norm": 0.8671875, "peak_allocated": 48804867072}
{"step": 604, "epoch": 1, "loss": 0.06616922670687249, "lr": 9.691736497142203e-06, "grad_norm": 1.0859375, "peak_allocated": 48804867072}
{"step": 605, "epoch": 1, "loss": 0.046574682211193694, "lr": 9.690250308668898e-06, "grad_norm": 0.921875, "peak_allocated": 48804867072}
{"step": 606, "epoch": 1, "loss": 0.06272852794144414, "lr": 9.688760660735403e-06, "grad_norm": 0.92578125, "peak_allocated": 48804867072}
{"step": 607, "epoch": 1, "loss": 0.05332482841240703, "lr": 9.687267554440463e-06, "grad_norm": 0.76953125, "peak_allocated": 48804867072}
{"step": 608, "epoch": 1, "loss": 0.05661221856365654, "lr": 9.685770990885368e-06, "grad_norm": 1.1328125, "peak_allocated": 48804867072}
{"step": 609, "epoch": 1, "loss": 0.063839651505824, "lr": 9.684270971173967e-06, "grad_norm": 1.03125, "peak_allocated": 48804867072}
{"step": 610, "epoch": 1, "loss": 0.045628621533229045, "lr": 9.682767496412649e-06, "grad_norm": 0.99609375, "peak_allocated": 48804867072}
{"step": 611, "epoch": 1, "loss": 0.05265208512842715, "lr": 9.681260567710354e-06, "grad_norm": 0.9765625, "peak_allocated": 48804867072}
{"step": 612, "epoch": 1, "loss": 0.06758461350811777, "lr": 9.679750186178572e-06, "grad_norm": 1.03125, "peak_allocated": 48804867072}
{"step": 613, "epoch": 1, "loss": 0.05053042409689557, "lr": 9.67823635293134e-06, "grad_norm": 0.87109375, "peak_allocated": 48804867072}
{"step": 614, "epoch": 1, "loss": 0.05112524458266403, "lr": 9.676719069085236e-06, "grad_norm": 0.8984375, "peak_allocated": 48804867072}
{"step": 615, "epoch": 1, "loss": 0.07135005714228182, "lr": 9.675198335759391e-06, "grad_norm": 1.0625, "peak_allocated": 48804867072}
{"step": 616, "epoch": 1, "loss": 0.044876554158611595, "lr": 9.67367415407547e-06, "grad_norm": 0.765625, "peak_allocated": 48804867072}
{"step": 617, "epoch": 1, "loss": 0.05478559282750493, "lr": 9.672146525157692e-06, "grad_norm": 0.9765625, "peak_allocated": 48804867072}
{"step": 618, "epoch": 1, "loss": 0.05710847311137943, "lr": 9.670615450132812e-06, "grad_norm": 0.9140625, "peak_allocated": 48804867072}
{"step": 619, "epoch": 1, "loss": 0.08977506287803297, "lr": 9.669080930130128e-06, "grad_norm": 1.265625, "peak_allocated": 48804867072}
{"step": 620, "epoch": 1, "loss": 0.0445947031044546, "lr": 9.66754296628148e-06, "grad_norm": 0.8359375, "peak_allocated": 48804867072}
{"step": 621, "epoch": 1, "loss": 0.04304817935132909, "lr": 9.666001559721248e-06, "grad_norm": 0.80859375, "peak_allocated": 48804867072}
{"step": 622, "epoch": 1, "loss": 0.07655600742568196, "lr": 9.66445671158635e-06, "grad_norm": 1.0859375, "peak_allocated": 48804867072}
{"step": 623, "epoch": 1, "loss": 0.05069637917729316, "lr": 9.662908423016244e-06, "grad_norm": 0.98828125, "peak_allocated": 48804867072}
{"step": 624, "epoch": 1, "loss": 0.05569216958191755, "lr": 9.661356695152926e-06, "grad_norm": 0.93359375, "peak_allocated": 48804867072}
{"step": 625, "epoch": 1, "loss": 0.06656242243733339, "lr": 9.659801529140928e-06, "grad_norm": 1.2109375, "peak_allocated": 48804867072}
{"step": 626, "epoch": 1, "loss": 0.05554475016337225, "lr": 9.658242926127315e-06, "grad_norm": 1.109375, "peak_allocated": 48804867072}
{"step": 627, "epoch": 1, "loss": 0.07389798841212322, "lr": 9.656680887261693e-06, "grad_norm": 1.21875, "peak_allocated": 48804867072}
{"step": 628, "epoch": 1, "loss": 0.06778119300309025, "lr": 9.655115413696198e-06, "grad_norm": 0.9609375, "peak_allocated": 48804867072}
{"step": 629, "epoch": 1, "loss": 0.07225431518228122, "lr": 9.653546506585499e-06, "grad_norm": 1.109375, "peak_allocated": 48804867072}
{"step": 630, "epoch": 1, "loss": 0.04978355723489878, "lr": 9.651974167086802e-06, "grad_norm": 0.890625, "peak_allocated": 48804867072}
{"step": 631, "epoch": 1, "loss": 0.04726600084945884, "lr": 9.650398396359838e-06, "grad_norm": 0.84375, "peak_allocated": 48804867072}
{"step": 632, "epoch": 1, "loss": 0.05548241052861795, "lr": 9.648819195566875e-06, "grad_norm": 0.87890625, "peak_allocated": 48804867072}
{"step": 633, "epoch": 1, "loss": 0.06649123570337376, "lr": 9.647236565872708e-06, "grad_norm": 1.21875, "peak_allocated": 48804867072}
{"step": 634, "epoch": 1, "loss": 0.03680595549476305, "lr": 9.645650508444662e-06, "grad_norm": 0.90625, "peak_allocated": 48804867072}
{"step": 635, "epoch": 1, "loss": 0.09086357055862572, "lr": 9.644061024452589e-06, "grad_norm": 1.25, "peak_allocated": 48804867072}
{"step": 636, "epoch": 1, "loss": 0.0551700474573445, "lr": 9.642468115068869e-06, "grad_norm": 0.9296875, "peak_allocated": 48804867072}
{"step": 637, "epoch": 1, "loss": 0.09398765156137187, "lr": 9.640871781468408e-06, "grad_norm": 1.203125, "peak_allocated": 48804867072}
{"step": 638, "epoch": 1, "loss": 0.042377981809699865, "lr": 9.63927202482864e-06, "grad_norm": 0.94921875, "peak_allocated": 48804867072}
{"step": 639, "epoch": 1, "loss": 0.05135390801877853, "lr": 9.637668846329524e-06, "grad_norm": 1.0, "peak_allocated": 48804867072}
{"step": 640, "epoch": 1, "loss": 0.05506983056178203, "lr": 9.636062247153536e-06, "grad_norm": 1.09375, "peak_allocated": 48804867072}
{"step": 641, "epoch": 1, "loss": 0.0607630014879751, "lr": 9.634452228485685e-06, "grad_norm": 0.984375, "peak_allocated": 48804867072}
{"step": 642, "epoch": 1, "loss": 0.06515049105230561, "lr": 9.632838791513494e-06, "grad_norm": 1.1484375, "peak_allocated": 48804867072}
{"step": 643, "epoch": 1, "loss": 0.0510502352098128, "lr": 9.631221937427014e-06, "grad_norm": 0.95703125, "peak_allocated": 48804867072}
{"step": 644, "epoch": 1, "loss": 0.03885564141236446, "lr": 9.629601667418806e-06, "grad_norm": 0.8046875, "peak_allocated": 48804867072}
{"step": 645, "epoch": 1, "loss": 0.03502394538057743, "lr": 9.627977982683966e-06, "grad_norm": 0.76953125, "peak_allocated": 48804867072}
{"step": 646, "epoch": 1, "loss": 0.05289535801654676, "lr": 9.626350884420095e-06, "grad_norm": 0.90234375, "peak_allocated": 48804867072}
{"step": 647, "epoch": 1, "loss": 0.05500090760612037, "lr": 9.624720373827318e-06, "grad_norm": 0.9140625, "peak_allocated": 48804867072}
{"step": 648, "epoch": 1, "loss": 0.05636532466371449, "lr": 9.623086452108277e-06, "grad_norm": 0.76171875, "peak_allocated": 48804867072}
{"step": 649, "epoch": 1, "loss": 0.04717088952064223, "lr": 9.621449120468127e-06, "grad_norm": 0.78125, "peak_allocated": 48804867072}
{"step": 650, "epoch": 1, "loss": 0.07384982425285504, "lr": 9.619808380114542e-06, "grad_norm": 0.984375, "peak_allocated": 48804867072}
{"step": 651, "epoch": 1, "loss": 0.038052797900220904, "lr": 9.618164232257707e-06, "grad_norm": 0.6640625, "peak_allocated": 48804867072}
{"step": 652, "epoch": 1, "loss": 0.06336753168836401, "lr": 9.616516678110321e-06, "grad_norm": 0.92578125, "peak_allocated": 48804867072}
{"step": 653, "epoch": 1, "loss": 0.07023201290548968, "lr": 9.614865718887595e-06, "grad_norm": 1.09375, "peak_allocated": 48804867072}
{"step": 654, "epoch": 1, "loss": 0.06585912873757876, "lr": 9.613211355807255e-06, "grad_norm": 1.171875, "peak_allocated": 48804867072}
{"step": 655, "epoch": 1, "loss": 0.09267581072865956, "lr": 9.611553590089536e-06, "grad_norm": 1.4296875, "peak_allocated": 48804867072}
{"step": 656, "epoch": 1, "loss": 0.03778018580138572, "lr": 9.609892422957177e-06, "grad_norm": 0.68359375, "peak_allocated": 48804867072}
{"step": 657, "epoch": 1, "loss": 0.10484594207753957, "lr": 9.608227855635432e-06, "grad_norm": 1.28125, "peak_allocated": 48804867072}
{"step": 658, "epoch": 1, "loss": 0.0701710448925248, "lr": 9.606559889352065e-06, "grad_norm": 0.9296875, "peak_allocated": 48804867072}
{"step": 659, "epoch": 1, "loss": 0.05360237243578498, "lr": 9.604888525337341e-06, "grad_norm": 0.828125, "peak_allocated": 48804867072}
{"step": 660, "epoch": 1, "loss": 0.04460512360874876, "lr": 9.603213764824034e-06, "grad_norm": 0.94921875, "peak_allocated": 48804867072}
{"step": 661, "epoch": 1, "loss": 0.06182846436890187, "lr": 9.601535609047425e-06, "grad_norm": 0.90234375, "peak_allocated": 48804867072}
{"step": 662, "epoch": 1, "loss": 0.048007855650235694, "lr": 9.599854059245294e-06, "grad_norm": 0.9609375, "peak_allocated": 48804867072}
{"step": 663, "epoch": 1, "loss": 0.04970994146728278, "lr": 9.598169116657929e-06, "grad_norm": 0.875, "peak_allocated": 48804867072}
{"step": 664, "epoch": 1, "loss": 0.04361574136566557, "lr": 9.59648078252812e-06, "grad_norm": 0.7421875, "peak_allocated": 48804867072}
{"step": 665, "epoch": 1, "loss": 0.06323961429197633, "lr": 9.594789058101154e-06, "grad_norm": 0.89453125, "peak_allocated": 48804867072}
{"step": 666, "epoch": 1, "loss": 0.0485240729417218, "lr": 9.593093944624826e-06, "grad_norm": 0.828125, "peak_allocated": 48804867072}
{"step": 667, "epoch": 1, "loss": 0.07008231515501719, "lr": 9.591395443349426e-06, "grad_norm": 1.0625, "peak_allocated": 48804867072}
{"step": 668, "epoch": 1, "loss": 0.047559049791928015, "lr": 9.589693555527744e-06, "grad_norm": 0.8984375, "peak_allocated": 48804867072}
{"step": 669, "epoch": 1, "loss": 0.057960014263862526, "lr": 9.587988282415066e-06, "grad_norm": 1.03125, "peak_allocated": 48804867072}
{"step": 670, "epoch": 1, "loss": 0.07854884430148779, "lr": 9.586279625269179e-06, "grad_norm": 1.2890625, "peak_allocated": 48804867072}
{"step": 671, "epoch": 1, "loss": 0.025090821433836633, "lr": 9.584567585350361e-06, "grad_norm": 0.703125, "peak_allocated": 48804867072}
{"step": 672, "epoch": 1, "loss": 0.060452100457889034, "lr": 9.582852163921392e-06, "grad_norm": 1.1171875, "peak_allocated": 48804867072}
{"step": 673, "epoch": 1, "loss": 0.04557489433818856, "lr": 9.581133362247535e-06, "grad_norm": 1.0078125, "peak_allocated": 48804867072}
{"step": 674, "epoch": 1, "loss": 0.0724339753795402, "lr": 9.57941118159656e-06, "grad_norm": 1.21875, "peak_allocated": 48804867072}
{"step": 675, "epoch": 1, "loss": 0.057912432749358145, "lr": 9.577685623238717e-06, "grad_norm": 1.3671875, "peak_allocated": 48804867072}
{"step": 676, "epoch": 1, "loss": 0.0815210221091462, "lr": 9.575956688446756e-06, "grad_norm": 1.1796875, "peak_allocated": 48804867072}
{"step": 677, "epoch": 1, "loss": 0.05900275298413036, "lr": 9.574224378495911e-06, "grad_norm": 0.97265625, "peak_allocated": 48804867072}
{"step": 678, "epoch": 1, "loss": 0.05999716934779389, "lr": 9.572488694663913e-06, "grad_norm": 0.8984375, "peak_allocated": 48804867072}
{"step": 679, "epoch": 1, "loss": 0.04884574075743387, "lr": 9.570749638230974e-06, "grad_norm": 1.0390625, "peak_allocated": 48804867072}
{"step": 680, "epoch": 1, "loss": 0.04606937746329465, "lr": 9.569007210479797e-06, "grad_norm": 0.8671875, "peak_allocated": 48804867072}
{"step": 681, "epoch": 1, "loss": 0.06055003560684455, "lr": 9.567261412695569e-06, "grad_norm": 1.1171875, "peak_allocated": 48804867072}
{"step": 682, "epoch": 1, "loss": 0.032956053927745685, "lr": 9.565512246165972e-06, "grad_norm": 0.84765625, "peak_allocated": 48804867072}
{"step": 683, "epoch": 1, "loss": 0.0768425480221089, "lr": 9.563759712181158e-06, "grad_norm": 1.1875, "peak_allocated": 48804867072}
{"step": 684, "epoch": 1, "loss": 0.06507794863227095, "lr": 9.562003812033774e-06, "grad_norm": 1.0546875, "peak_allocated": 48804867072}
{"step": 685, "epoch": 1, "loss": 0.0763745945282013, "lr": 9.560244547018947e-06, "grad_norm": 1.0078125, "peak_allocated": 48804867072}
{"step": 686, "epoch": 1, "loss": 0.0553464833225872, "lr": 9.558481918434282e-06, "grad_norm": 1.0625, "peak_allocated": 48804867072}
{"step": 687, "epoch": 1, "loss": 0.06716480100044808, "lr": 9.556715927579872e-06, "grad_norm": 1.3046875, "peak_allocated": 48804867072}
{"step": 688, "epoch": 1, "loss": 0.08664400635174657, "lr": 9.554946575758284e-06, "grad_norm": 1.359375, "peak_allocated": 48804867072}
{"step": 689, "epoch": 1, "loss": 0.05781983871581037, "lr": 9.553173864274567e-06, "grad_norm": 1.0625, "peak_allocated": 48804867072}
{"step": 690, "epoch": 1, "loss": 0.04580481776768675, "lr": 9.551397794436247e-06, "grad_norm": 1.1640625, "peak_allocated": 48804867072}
{"step": 691, "epoch": 1, "loss": 0.05423062653641344, "lr": 9.549618367553325e-06, "grad_norm": 0.7890625, "peak_allocated": 48804867072}
{"step": 692, "epoch": 1, "loss": 0.08464555405780269, "lr": 9.547835584938283e-06, "grad_norm": 1.1796875, "peak_allocated": 48804867072}
{"step": 693, "epoch": 1, "loss": 0.03701520849397922, "lr": 9.546049447906075e-06, "grad_norm": 0.7421875, "peak_allocated": 48804867072}
{"step": 694, "epoch": 1, "loss": 0.036241516967060135, "lr": 9.544259957774127e-06, "grad_norm": 0.8359375, "peak_allocated": 48804867072}
{"step": 695, "epoch": 1, "loss": 0.04029599901678587, "lr": 9.542467115862346e-06, "grad_norm": 0.73046875, "peak_allocated": 48804867072}
{"step": 696, "epoch": 1, "loss": 0.053780263201427585, "lr": 9.5406709234931e-06, "grad_norm": 0.9140625, "peak_allocated": 48804867072}
{"step": 697, "epoch": 1, "loss": 0.05742055939851046, "lr": 9.538871381991239e-06, "grad_norm": 0.7421875, "peak_allocated": 48804867072}
{"step": 698, "epoch": 1, "loss": 0.06175770034993903, "lr": 9.537068492684076e-06, "grad_norm": 0.98828125, "peak_allocated": 48804867072}
{"step": 699, "epoch": 1, "loss": 0.05104481088655568, "lr": 9.5352622569014e-06, "grad_norm": 0.953125, "peak_allocated": 48804867072}
{"step": 700, "epoch": 1, "loss": 0.055314765294224855, "lr": 9.533452675975457e-06, "grad_norm": 0.8046875, "peak_allocated": 48804867072}
{"step": 701, "epoch": 1, "loss": 0.0485936820964652, "lr": 9.53163975124097e-06, "grad_norm": 1.0, "peak_allocated": 48804867072}
{"step": 702, "epoch": 1, "loss": 0.054796490827293994, "lr": 9.52982348403513e-06, "grad_norm": 0.79296875, "peak_allocated": 48804867072}
{"step": 703, "epoch": 1, "loss": 0.04187422696823792, "lr": 9.528003875697587e-06, "grad_norm": 0.94140625, "peak_allocated": 48804867072}
{"step": 704, "epoch": 1, "loss": 0.05903572110987071, "lr": 9.526180927570455e-06, "grad_norm": 0.9765625, "peak_allocated": 48804867072}
{"step": 705, "epoch": 1, "loss": 0.046365234290163225, "lr": 9.524354640998316e-06, "grad_norm": 0.8359375, "peak_allocated": 48804867072}
{"step": 706, "epoch": 1, "loss": 0.06805772517754115, "lr": 9.522525017328213e-06, "grad_norm": 1.0703125, "peak_allocated": 48804867072}
{"step": 707, "epoch": 1, "loss": 0.05116176121842521, "lr": 9.520692057909649e-06, "grad_norm": 1.046875, "peak_allocated": 48804867072}
{"step": 708, "epoch": 1, "loss": 0.07401178390513417, "lr": 9.518855764094588e-06, "grad_norm": 0.89453125, "peak_allocated": 48804867072}
{"step": 709, "epoch": 1, "loss": 0.03750734622218838, "lr": 9.517016137237453e-06, "grad_norm": 0.7109375, "peak_allocated": 48804867072}
{"step": 710, "epoch": 1, "loss": 0.042746344225081466, "lr": 9.515173178695125e-06, "grad_norm": 0.87890625, "peak_allocated": 48804867072}
{"step": 711, "epoch": 1, "loss": 0.0381200863238288, "lr": 9.513326889826948e-06, "grad_norm": 0.796875, "peak_allocated": 48804867072}
{"step": 712, "epoch": 1, "loss": 0.04735854506073082, "lr": 9.511477271994711e-06, "grad_norm": 0.78515625, "peak_allocated": 48804867072}
{"step": 713, "epoch": 1, "loss": 0.06397684255772058, "lr": 9.50962432656267e-06, "grad_norm": 0.94140625, "peak_allocated": 48804867072}
{"step": 714, "epoch": 1, "loss": 0.08507094398973791, "lr": 9.50776805489753e-06, "grad_norm": 1.328125, "peak_allocated": 48804867072}
{"step": 715, "epoch": 1, "loss": 0.07751739236595817, "lr": 9.505908458368449e-06, "grad_norm": 1.0703125, "peak_allocated": 48804867072}
{"step": 716, "epoch": 1, "loss": 0.04902116053363264, "lr": 9.504045538347037e-06, "grad_norm": 0.87890625, "peak_allocated": 48804867072}
{"step": 717, "epoch": 1, "loss": 0.04585407295281876, "lr": 9.502179296207358e-06, "grad_norm": 0.86328125, "peak_allocated": 48804867072}
{"step": 718, "epoch": 1, "loss": 0.04676778009261531, "lr": 9.500309733325927e-06, "grad_norm": 0.9375, "peak_allocated": 48804867072}
{"step": 719, "epoch": 1, "loss": 0.05954562292298831, "lr": 9.498436851081703e-06, "grad_norm": 1.1796875, "peak_allocated": 48804867072}
{"step": 720, "epoch": 1, "loss": 0.06840332954390121, "lr": 9.496560650856097e-06, "grad_norm": 0.95703125, "peak_allocated": 48804867072}
{"step": 721, "epoch": 1, "loss": 0.06324766370258594, "lr": 9.494681134032968e-06, "grad_norm": 1.25, "peak_allocated": 48804867072}
{"step": 722, "epoch": 1, "loss": 0.05032965109618553, "lr": 9.492798301998621e-06, "grad_norm": 0.890625, "peak_allocated": 48804867072}
{"step": 723, "epoch": 1, "loss": 0.06653859812420017, "lr": 9.490912156141803e-06, "grad_norm": 0.98046875, "peak_allocated": 48804867072}
{"step": 724, "epoch": 1, "loss": 0.05949905212845496, "lr": 9.48902269785371e-06, "grad_norm": 0.9453125, "peak_allocated": 48804867072}
{"step": 725, "epoch": 1, "loss": 0.04898993506697551, "lr": 9.487129928527976e-06, "grad_norm": 0.90234375, "peak_allocated": 48804867072}
{"step": 726, "epoch": 1, "loss": 0.06501783623921206, "lr": 9.485233849560684e-06, "grad_norm": 0.88671875, "peak_allocated": 48804867072}
{"step": 727, "epoch": 1, "loss": 0.0320065167234976, "lr": 9.483334462350352e-06, "grad_norm": 0.8671875, "peak_allocated": 48804867072}
{"step": 728, "epoch": 1, "loss": 0.05101012193562331, "lr": 9.481431768297938e-06, "grad_norm": 0.82421875, "peak_allocated": 48804867072}
{"step": 729, "epoch": 1, "loss": 0.07022108236352878, "lr": 9.479525768806845e-06, "grad_norm": 1.0, "peak_allocated": 48804867072}
{"step": 730, "epoch": 1, "loss": 0.03568787105034348, "lr": 9.47761646528291e-06, "grad_norm": 0.890625, "peak_allocated": 48804867072}
{"step": 731, "epoch": 1, "loss": 0.04091062239283159, "lr": 9.475703859134407e-06, "grad_norm": 1.046875, "peak_allocated": 48804867072}
{"step": 732, "epoch": 1, "loss": 0.0682871113109999, "lr": 9.473787951772044e-06, "grad_norm": 0.90625, "peak_allocated": 48804867072}
{"step": 733, "epoch": 1, "loss": 0.05947842982845739, "lr": 9.47186874460897e-06, "grad_norm": 1.1640625, "peak_allocated": 48804867072}
{"step": 734, "epoch": 1, "loss": 0.04815198932203439, "lr": 9.469946239060761e-06, "grad_norm": 0.96875, "peak_allocated": 48804867072}
{"step": 735, "epoch": 1, "loss": 0.06027947171442161, "lr": 9.46802043654543e-06, "grad_norm": 0.89453125, "peak_allocated": 48804867072}
{"step": 736, "epoch": 1, "loss": 0.06150595685871276, "lr": 9.466091338483423e-06, "grad_norm": 0.8125, "peak_allocated": 48804867072}
{"step": 737, "epoch": 1, "loss": 0.047798850164060394, "lr": 9.464158946297613e-06, "grad_norm": 0.8125, "peak_allocated": 48804867072}
{"step": 738, "epoch": 1, "loss": 0.054827412403488256, "lr": 9.462223261413304e-06, "grad_norm": 1.03125, "peak_allocated": 48804867072}
{"step": 739, "epoch": 1, "loss": 0.0719747182742747, "lr": 9.460284285258228e-06, "grad_norm": 1.09375, "peak_allocated": 48804867072}
{"step": 740, "epoch": 1, "loss": 0.04223999882063302, "lr": 9.458342019262548e-06, "grad_norm": 0.94140625, "peak_allocated": 48804867072}
{"step": 741, "epoch": 1, "loss": 0.06200518226382677, "lr": 9.456396464858848e-06, "grad_norm": 1.0, "peak_allocated": 48804867072}
{"step": 742, "epoch": 1, "loss": 0.045590628238320684, "lr": 9.454447623482144e-06, "grad_norm": 0.83984375, "peak_allocated": 48804867072}
{"step": 743, "epoch": 1, "loss": 0.06386719410883174, "lr": 9.45249549656987e-06, "grad_norm": 1.15625, "peak_allocated": 48804867072}
{"step": 744, "epoch": 1, "loss": 0.03816056835282428, "lr": 9.450540085561888e-06, "grad_norm": 0.83203125, "peak_allocated": 48804867072}
{"step": 745, "epoch": 1, "loss": 0.06145098027024236, "lr": 9.44858139190048e-06, "grad_norm": 0.95703125, "peak_allocated": 48804867072}
{"step": 746, "epoch": 1, "loss": 0.05050293872375372, "lr": 9.44661941703035e-06, "grad_norm": 0.953125, "peak_allocated": 48804867072}
{"step": 747, "epoch": 1, "loss": 0.05512713118219113, "lr": 9.444654162398624e-06, "grad_norm": 0.87890625, "peak_allocated": 48804867072}
{"step": 748, "epoch": 1, "loss": 0.04814966183020145, "lr": 9.44268562945484e-06, "grad_norm": 0.85546875, "peak_allocated": 48804867072}
{"step": 749, "epoch": 1, "loss": 0.0913911316076692, "lr": 9.440713819650964e-06, "grad_norm": 1.1328125, "peak_allocated": 48804867072}
{"step": 750, "epoch": 1, "loss": 0.06438855234989146, "lr": 9.438738734441373e-06, "grad_norm": 0.85546875, "peak_allocated": 48804867072}
{"step": 751, "epoch": 1, "loss": 0.025132492080460082, "lr": 9.436760375282858e-06, "grad_norm": 0.8203125, "peak_allocated": 48804867072}
{"step": 752, "epoch": 1, "loss": 0.0541972821624353, "lr": 9.434778743634632e-06, "grad_norm": 0.9140625, "peak_allocated": 48804867072}
{"step": 753, "epoch": 1, "loss": 0.06958891675379142, "lr": 9.432793840958316e-06, "grad_norm": 1.0859375, "peak_allocated": 48804867072}
{"step": 754, "epoch": 1, "loss": 0.03709897980615185, "lr": 9.430805668717946e-06, "grad_norm": 0.953125, "peak_allocated": 48804867072}
{"step": 755, "epoch": 1, "loss": 0.05820066637599374, "lr": 9.428814228379968e-06, "grad_norm": 0.984375, "peak_allocated": 48804867072}
{"step": 756, "epoch": 1, "loss": 0.06088976808351702, "lr": 9.426819521413238e-06, "grad_norm": 0.828125, "peak_allocated": 48804867072}
{"step": 757, "epoch": 1, "loss": 0.07236114301714132, "lr": 9.424821549289026e-06, "grad_norm": 0.94140625, "peak_allocated": 48804867072}
{"step": 758, "epoch": 1, "loss": 0.04621605853471385, "lr": 9.422820313481004e-06, "grad_norm": 1.1640625, "peak_allocated": 48804867072}
{"step": 759, "epoch": 1, "loss": 0.0419638304120786, "lr": 9.420815815465255e-06, "grad_norm": 0.953125, "peak_allocated": 48804867072}
{"step": 760, "epoch": 1, "loss": 0.06879838142832956, "lr": 9.41880805672027e-06, "grad_norm": 1.0078125, "peak_allocated": 48804867072}
{"step": 761, "epoch": 1, "loss": 0.07322096870611272, "lr": 9.416797038726939e-06, "grad_norm": 1.0390625, "peak_allocated": 48804867072}
{"step": 762, "epoch": 1, "loss": 0.053496109534226524, "lr": 9.41478276296856e-06, "grad_norm": 1.015625, "peak_allocated": 48804867072}
{"step": 763, "epoch": 1, "loss": 0.0527992416656791, "lr": 9.412765230930836e-06, "grad_norm": 0.8515625, "peak_allocated": 48804867072}
{"step": 764, "epoch": 1, "loss": 0.043766691723003265, "lr": 9.410744444101868e-06, "grad_norm": 0.91796875, "peak_allocated": 48804867072}
{"step": 765, "epoch": 1, "loss": 0.054514990866959, "lr": 9.408720403972157e-06, "grad_norm": 0.859375, "peak_allocated": 48804867072}
{"step": 766, "epoch": 1, "loss": 0.06584166103985474, "lr": 9.40669311203461e-06, "grad_norm": 1.1015625, "peak_allocated": 48804867072}
{"step": 767, "epoch": 1, "loss": 0.07086942948084586, "lr": 9.404662569784524e-06, "grad_norm": 0.96875, "peak_allocated": 48804867072}
{"step": 768, "epoch": 1, "loss": 0.06919517111995431, "lr": 9.402628778719596e-06, "grad_norm": 1.2578125, "peak_allocated": 48804867072}
{"step": 769, "epoch": 1, "loss": 0.05428032234918183, "lr": 9.400591740339927e-06, "grad_norm": 0.95703125, "peak_allocated": 48804867072}
{"step": 770, "epoch": 1, "loss": 0.08020244738763982, "lr": 9.398551456147999e-06, "grad_norm": 2.640625, "peak_allocated": 48804867072}
{"event": "train_stage", "stage": "validation_loss_complete", "rank": 0, "local_rank": 0, "world_size": 4, "epoch": 2, "val_loss": 0.06198201299576982, "training_seconds": 1006.38, "validation_loss_seconds": 30.18}
{"event": "train_stage", "stage": "validation_gleu_complete", "rank": 0, "local_rank": 0, "world_size": 4, "epoch": 2, "elapsed_seconds": 1745.67, "gleu": 60.1425, "invalid_utf8": 1, "budget_exhausted": 1, "generation_backend": "global-prefix-guarded-greedy-v1", "cache_preliminary_skips": 149659, "cache_guard_refreshes": 1791, "max_rank_peak_allocated_bytes": 48804867072}
{"event": "train_stage", "stage": "checkpoint_published", "rank": 0, "local_rank": 0, "world_size": 4, "checkpoint": "step-00000770-2b87172f", "best": true}
{"event": "train_stage", "stage": "epoch_complete", "rank": 0, "local_rank": 0, "world_size": 4, "epoch": 2, "global_step": 770, "selection_metric": "val_gleu", "best": true, "val_loss": 0.06198201299576982, "val_gleu": 60.1425, "elapsed_seconds": 2843.19}
{"step": 771, "epoch": 2, "loss": 0.03977520628699235, "lr": 9.396507927648701e-06, "grad_norm": 0.89453125, "peak_allocated": 48804867072}
{"step": 772, "epoch": 2, "loss": 0.030228596340966824, "lr": 9.394461156349308e-06, "grad_norm": 1.03125, "peak_allocated": 48804867072}
{"step": 773, "epoch": 2, "loss": 0.03737781015310809, "lr": 9.39241114375949e-06, "grad_norm": 0.84765625, "peak_allocated": 48804867072}
{"step": 774, "epoch": 2, "loss": 0.051569074552295396, "lr": 9.390357891391304e-06, "grad_norm": 0.94921875, "peak_allocated": 48804867072}
{"step": 775, "epoch": 2, "loss": 0.04391426627724512, "lr": 9.388301400759203e-06, "grad_norm": 0.7890625, "peak_allocated": 48804867072}
{"step": 776, "epoch": 2, "loss": 0.06746674075800412, "lr": 9.38624167338002e-06, "grad_norm": 1.046875, "peak_allocated": 48804867072}
{"step": 777, "epoch": 2, "loss": 0.043835865259794785, "lr": 9.384178710772982e-06, "grad_norm": 0.83984375, "peak_allocated": 48804867072}
{"step": 778, "epoch": 2, "loss": 0.05033423839498812, "lr": 9.3821125144597e-06, "grad_norm": 0.76171875, "peak_allocated": 48804867072}
{"step": 779, "epoch": 2, "loss": 0.0734648622328272, "lr": 9.380043085964169e-06, "grad_norm": 1.0546875, "peak_allocated": 48804867072}
{"step": 780, "epoch": 2, "loss": 0.06361168799179302, "lr": 9.377970426812772e-06, "grad_norm": 1.3359375, "peak_allocated": 48804867072}
{"step": 781, "epoch": 2, "loss": 0.04215962801031902, "lr": 9.37589453853427e-06, "grad_norm": 0.828125, "peak_allocated": 48804867072}
{"step": 782, "epoch": 2, "loss": 0.03283774427017353, "lr": 9.373815422659806e-06, "grad_norm": 0.8984375, "peak_allocated": 48804867072}
{"step": 783, "epoch": 2, "loss": 0.05069173599805661, "lr": 9.371733080722911e-06, "grad_norm": 1.125, "peak_allocated": 48804867072}
{"step": 784, "epoch": 2, "loss": 0.040255266771045614, "lr": 9.369647514259487e-06, "grad_norm": 0.8125, "peak_allocated": 48804867072}
{"step": 785, "epoch": 2, "loss": 0.05278876845917854, "lr": 9.367558724807816e-06, "grad_norm": 1.0625, "peak_allocated": 48804867072}
{"step": 786, "epoch": 2, "loss": 0.04680271984276991, "lr": 9.365466713908559e-06, "grad_norm": 0.90625, "peak_allocated": 48804867072}
{"step": 787, "epoch": 2, "loss": 0.029947068375224973, "lr": 9.363371483104757e-06, "grad_norm": 0.63671875, "peak_allocated": 48804867072}
{"step": 788, "epoch": 2, "loss": 0.03374101127760986, "lr": 9.361273033941817e-06, "grad_norm": 0.875, "peak_allocated": 48804867072}
{"step": 789, "epoch": 2, "loss": 0.056323206293136995, "lr": 9.359171367967525e-06, "grad_norm": 1.03125, "peak_allocated": 48804867072}
{"step": 790, "epoch": 2, "loss": 0.06005151346860447, "lr": 9.357066486732041e-06, "grad_norm": 0.91796875, "peak_allocated": 48804867072}
{"step": 791, "epoch": 2, "loss": 0.06660110759285943, "lr": 9.354958391787891e-06, "grad_norm": 1.0390625, "peak_allocated": 48804867072}
{"step": 792, "epoch": 2, "loss": 0.0420632111753453, "lr": 9.352847084689983e-06, "grad_norm": 0.96484375, "peak_allocated": 48804867072}
{"step": 793, "epoch": 2, "loss": 0.058757928133813093, "lr": 9.350732566995577e-06, "grad_norm": 1.0078125, "peak_allocated": 48804867072}
{"step": 794, "epoch": 2, "loss": 0.05172355919072485, "lr": 9.348614840264314e-06, "grad_norm": 1.125, "peak_allocated": 48804867072}
{"step": 795, "epoch": 2, "loss": 0.05985077839656384, "lr": 9.346493906058201e-06, "grad_norm": 0.97265625, "peak_allocated": 48804867072}
{"step": 796, "epoch": 2, "loss": 0.07809228077547913, "lr": 9.344369765941606e-06, "grad_norm": 0.8984375, "peak_allocated": 48804867072}
{"step": 797, "epoch": 2, "loss": 0.05274877207371179, "lr": 9.342242421481262e-06, "grad_norm": 0.80078125, "peak_allocated": 48804867072}
{"step": 798, "epoch": 2, "loss": 0.0419531263041752, "lr": 9.34011187424627e-06, "grad_norm": 0.83984375, "peak_allocated": 48804867072}
{"step": 799, "epoch": 2, "loss": 0.056357149047805956, "lr": 9.337978125808088e-06, "grad_norm": 0.859375, "peak_allocated": 48804867072}
{"step": 800, "epoch": 2, "loss": 0.05731863165238118, "lr": 9.335841177740542e-06, "grad_norm": 1.265625, "peak_allocated": 48804867072}
{"step": 801, "epoch": 2, "loss": 0.03449145597962607, "lr": 9.333701031619809e-06, "grad_norm": 0.859375, "peak_allocated": 48804867072}
{"step": 802, "epoch": 2, "loss": 0.041436572155399275, "lr": 9.331557689024433e-06, "grad_norm": 0.94921875, "peak_allocated": 48804867072}
{"step": 803, "epoch": 2, "loss": 0.03308894170150539, "lr": 9.329411151535308e-06, "grad_norm": 0.828125, "peak_allocated": 48804867072}
{"step": 804, "epoch": 2, "loss": 0.0463291892320375, "lr": 9.327261420735695e-06, "grad_norm": 0.81640625, "peak_allocated": 48804867072}
{"step": 805, "epoch": 2, "loss": 0.033079180792858195, "lr": 9.325108498211197e-06, "grad_norm": 0.703125, "peak_allocated": 48804867072}
{"step": 806, "epoch": 2, "loss": 0.04097254750640165, "lr": 9.322952385549784e-06, "grad_norm": 0.984375, "peak_allocated": 48804867072}
{"step": 807, "epoch": 2, "loss": 0.0349961174758033, "lr": 9.320793084341769e-06, "grad_norm": 0.84765625, "peak_allocated": 48804867072}
{"step": 808, "epoch": 2, "loss": 0.03994882303286529, "lr": 9.318630596179825e-06, "grad_norm": 0.9375, "peak_allocated": 48804867072}
{"step": 809, "epoch": 2, "loss": 0.059190091443662315, "lr": 9.316464922658967e-06, "grad_norm": 1.015625, "peak_allocated": 48804867072}
{"step": 810, "epoch": 2, "loss": 0.025355918491238354, "lr": 9.314296065376568e-06, "grad_norm": 0.73828125, "peak_allocated": 48804867072}
{"step": 811, "epoch": 2, "loss": 0.05329969809444335, "lr": 9.312124025932347e-06, "grad_norm": 0.95703125, "peak_allocated": 48804867072}
{"step": 812, "epoch": 2, "loss": 0.03491198602947835, "lr": 9.309948805928365e-06, "grad_norm": 0.8046875, "peak_allocated": 48804867072}
{"step": 813, "epoch": 2, "loss": 0.043789420744789316, "lr": 9.307770406969032e-06, "grad_norm": 0.96875, "peak_allocated": 48804867072}
{"step": 814, "epoch": 2, "loss": 0.06924192220792792, "lr": 9.305588830661105e-06, "grad_norm": 1.1875, "peak_allocated": 48804867072}
{"step": 815, "epoch": 2, "loss": 0.06300974697773692, "lr": 9.303404078613682e-06, "grad_norm": 1.09375, "peak_allocated": 48804867072}
{"step": 816, "epoch": 2, "loss": 0.03595744993875216, "lr": 9.301216152438206e-06, "grad_norm": 0.75, "peak_allocated": 48804867072}
{"step": 817, "epoch": 2, "loss": 0.08054090652389466, "lr": 9.299025053748459e-06, "grad_norm": 1.4140625, "peak_allocated": 48804867072}
{"step": 818, "epoch": 2, "loss": 0.04418699056057306, "lr": 9.296830784160562e-06, "grad_norm": 0.921875, "peak_allocated": 48804867072}
{"step": 819, "epoch": 2, "loss": 0.03835767688560967, "lr": 9.294633345292977e-06, "grad_norm": 0.765625, "peak_allocated": 48804867072}
{"step": 820, "epoch": 2, "loss": 0.05221886925817977, "lr": 9.292432738766504e-06, "grad_norm": 0.9609375, "peak_allocated": 48804867072}
{"step": 821, "epoch": 2, "loss": 0.046989892578429795, "lr": 9.290228966204275e-06, "grad_norm": 0.84765625, "peak_allocated": 48804867072}
{"step": 822, "epoch": 2, "loss": 0.0702329918844558, "lr": 9.288022029231763e-06, "grad_norm": 1.0625, "peak_allocated": 48804867072}
{"step": 823, "epoch": 2, "loss": 0.04558657944455768, "lr": 9.285811929476773e-06, "grad_norm": 1.1875, "peak_allocated": 48804867072}
{"step": 824, "epoch": 2, "loss": 0.054208678285460624, "lr": 9.283598668569441e-06, "grad_norm": 1.046875, "peak_allocated": 48804867072}
{"step": 825, "epoch": 2, "loss": 0.06923274523896081, "lr": 9.281382248142237e-06, "grad_norm": 1.1484375, "peak_allocated": 48804867072}
{"step": 826, "epoch": 2, "loss": 0.05826880671140264, "lr": 9.279162669829957e-06, "grad_norm": 1.0625, "peak_allocated": 48804867072}
{"step": 827, "epoch": 2, "loss": 0.05131591891845436, "lr": 9.276939935269736e-06, "grad_norm": 1.0390625, "peak_allocated": 48804867072}
{"step": 828, "epoch": 2, "loss": 0.051512086719254835, "lr": 9.274714046101025e-06, "grad_norm": 0.9609375, "peak_allocated": 48804867072}
{"step": 829, "epoch": 2, "loss": 0.0384756109594076, "lr": 9.272485003965607e-06, "grad_norm": 0.921875, "peak_allocated": 48804867072}
{"step": 830, "epoch": 2, "loss": 0.04818870540518198, "lr": 9.270252810507598e-06, "grad_norm": 0.87109375, "peak_allocated": 48804867072}
{"step": 831, "epoch": 2, "loss": 0.055292857493342965, "lr": 9.268017467373424e-06, "grad_norm": 0.89453125, "peak_allocated": 48804867072}
{"step": 832, "epoch": 2, "loss": 0.0475684613549358, "lr": 9.265778976211843e-06, "grad_norm": 0.84765625, "peak_allocated": 48804867072}
{"step": 833, "epoch": 2, "loss": 0.031941703318449706, "lr": 9.263537338673935e-06, "grad_norm": 0.84765625, "peak_allocated": 48804867072}
{"step": 834, "epoch": 2, "loss": 0.050750016713975186, "lr": 9.261292556413099e-06, "grad_norm": 0.9921875, "peak_allocated": 48804867072}
{"step": 835, "epoch": 2, "loss": 0.06851635288752975, "lr": 9.259044631085054e-06, "grad_norm": 1.1796875, "peak_allocated": 48804867072}
{"step": 836, "epoch": 2, "loss": 0.04650322339899435, "lr": 9.256793564347836e-06, "grad_norm": 0.94921875, "peak_allocated": 48804867072}
{"step": 837, "epoch": 2, "loss": 0.07870130847915019, "lr": 9.254539357861799e-06, "grad_norm": 1.5234375, "peak_allocated": 48804867072}
{"step": 838, "epoch": 2, "loss": 0.059294301584385777, "lr": 9.25228201328961e-06, "grad_norm": 1.09375, "peak_allocated": 48804867072}
{"step": 839, "epoch": 2, "loss": 0.04060279995364317, "lr": 9.25002153229626e-06, "grad_norm": 0.8984375, "peak_allocated": 48804867072}
{"step": 840, "epoch": 2, "loss": 0.047221978979868406, "lr": 9.247757916549043e-06, "grad_norm": 0.9375, "peak_allocated": 48804867072}
{"step": 841, "epoch": 2, "loss": 0.042660854645541174, "lr": 9.245491167717567e-06, "grad_norm": 0.90625, "peak_allocated": 48804867072}
{"step": 842, "epoch": 2, "loss": 0.06739053826890609, "lr": 9.243221287473755e-06, "grad_norm": 1.2109375, "peak_allocated": 48804867072}
{"step": 843, "epoch": 2, "loss": 0.039914289237934775, "lr": 9.240948277491839e-06, "grad_norm": 0.84765625, "peak_allocated": 48804867072}
{"step": 844, "epoch": 2, "loss": 0.03203338885870232, "lr": 9.238672139448354e-06, "grad_norm": 0.8828125, "peak_allocated": 48804867072}
{"step": 845, "epoch": 2, "loss": 0.047515435187404476, "lr": 9.236392875022151e-06, "grad_norm": 0.9921875, "peak_allocated": 48804867072}
{"step": 846, "epoch": 2, "loss": 0.05151298876916435, "lr": 9.234110485894381e-06, "grad_norm": 0.890625, "peak_allocated": 48804867072}
{"step": 847, "epoch": 2, "loss": 0.05801031065791401, "lr": 9.231824973748498e-06, "grad_norm": 1.03125, "peak_allocated": 48804867072}
{"step": 848, "epoch": 2, "loss": 0.034745015458705224, "lr": 9.229536340270262e-06, "grad_norm": 0.8203125, "peak_allocated": 48804867072}
{"step": 849, "epoch": 2, "loss": 0.07644934207487633, "lr": 9.22724458714774e-06, "grad_norm": 1.0859375, "peak_allocated": 48804867072}
{"step": 850, "epoch": 2, "loss": 0.05972200740818932, "lr": 9.224949716071294e-06, "grad_norm": 1.1015625, "peak_allocated": 48804867072}
{"step": 851, "epoch": 2, "loss": 0.040063058329267244, "lr": 9.222651728733586e-06, "grad_norm": 0.89453125, "peak_allocated": 48804867072}
{"step": 852, "epoch": 2, "loss": 0.04096489860482203, "lr": 9.22035062682958e-06, "grad_norm": 1.03125, "peak_allocated": 48804867072}
{"step": 853, "epoch": 2, "loss": 0.040693435832134084, "lr": 9.218046412056534e-06, "grad_norm": 0.9140625, "peak_allocated": 48804867072}
{"step": 854, "epoch": 2, "loss": 0.05298000324328859, "lr": 9.215739086114002e-06, "grad_norm": 1.0, "peak_allocated": 48804867072}
{"step": 855, "epoch": 2, "loss": 0.05126029165193917, "lr": 9.213428650703836e-06, "grad_norm": 0.984375, "peak_allocated": 48804867072}
{"step": 856, "epoch": 2, "loss": 0.0421866697271413, "lr": 9.211115107530179e-06, "grad_norm": 1.0234375, "peak_allocated": 48804867072}
{"step": 857, "epoch": 2, "loss": 0.049289080705158195, "lr": 9.208798458299467e-06, "grad_norm": 0.9140625, "peak_allocated": 48804867072}
{"step": 858, "epoch": 2, "loss": 0.04808681265746439, "lr": 9.206478704720423e-06, "grad_norm": 0.79296875, "peak_allocated": 48804867072}
{"step": 859, "epoch": 2, "loss": 0.03714236442937007, "lr": 9.204155848504068e-06, "grad_norm": 0.73828125, "peak_allocated": 48804867072}
{"step": 860, "epoch": 2, "loss": 0.04157687869485884, "lr": 9.201829891363706e-06, "grad_norm": 0.8828125, "peak_allocated": 48804867072}
{"step": 861, "epoch": 2, "loss": 0.052279184787182124, "lr": 9.199500835014928e-06, "grad_norm": 0.9140625, "peak_allocated": 48804867072}
{"step": 862, "epoch": 2, "loss": 0.048939415878324635, "lr": 9.19716868117561e-06, "grad_norm": 0.9453125, "peak_allocated": 48804867072}
{"step": 863, "epoch": 2, "loss": 0.045024226988145157, "lr": 9.19483343156592e-06, "grad_norm": 0.95703125, "peak_allocated": 48804867072}
{"step": 864, "epoch": 2, "loss": 0.044279626017694945, "lr": 9.192495087908298e-06, "grad_norm": 1.1328125, "peak_allocated": 48804867072}
{"step": 865, "epoch": 2, "loss": 0.06197502714950094, "lr": 9.190153651927477e-06, "grad_norm": 1.109375, "peak_allocated": 48804867072}
{"step": 866, "epoch": 2, "loss": 0.049140093682588974, "lr": 9.187809125350464e-06, "grad_norm": 1.203125, "peak_allocated": 48804867072}
{"step": 867, "epoch": 2, "loss": 0.04079512441071431, "lr": 9.185461509906548e-06, "grad_norm": 1.03125, "peak_allocated": 48804867072}
{"step": 868, "epoch": 2, "loss": 0.05415901958956572, "lr": 9.183110807327295e-06, "grad_norm": 1.2109375, "peak_allocated": 48804867072}
{"step": 869, "epoch": 2, "loss": 0.047453625135551215, "lr": 9.180757019346549e-06, "grad_norm": 0.96875, "peak_allocated": 48804867072}
{"step": 870, "epoch": 2, "loss": 0.03753961194982572, "lr": 9.17840014770043e-06, "grad_norm": 0.97265625, "peak_allocated": 48804867072}
{"step": 871, "epoch": 2, "loss": 0.038949369548444246, "lr": 9.176040194127333e-06, "grad_norm": 0.765625, "peak_allocated": 48804867072}
{"step": 872, "epoch": 2, "loss": 0.03590170915595421, "lr": 9.173677160367925e-06, "grad_norm": 0.8828125, "peak_allocated": 48804867072}
{"step": 873, "epoch": 2, "loss": 0.03473526984606065, "lr": 9.171311048165144e-06, "grad_norm": 0.9609375, "peak_allocated": 48804867072}
{"step": 874, "epoch": 2, "loss": 0.032163335203291586, "lr": 9.168941859264201e-06, "grad_norm": 0.78515625, "peak_allocated": 48804867072}
{"step": 875, "epoch": 2, "loss": 0.05109154563505718, "lr": 9.166569595412576e-06, "grad_norm": 0.9140625, "peak_allocated": 48804867072}
{"step": 876, "epoch": 2, "loss": 0.0666780165766559, "lr": 9.164194258360012e-06, "grad_norm": 1.125, "peak_allocated": 48804867072}
{"step": 877, "epoch": 2, "loss": 0.03510365781418182, "lr": 9.161815849858531e-06, "grad_norm": 0.8828125, "peak_allocated": 48804867072}
{"step": 878, "epoch": 2, "loss": 0.0706531362998797, "lr": 9.159434371662403e-06, "grad_norm": 1.2421875, "peak_allocated": 48804867072}
{"step": 879, "epoch": 2, "loss": 0.048364669199510595, "lr": 9.157049825528176e-06, "grad_norm": 0.8125, "peak_allocated": 48804867072}
{"step": 880, "epoch": 2, "loss": 0.03419632607716815, "lr": 9.15466221321466e-06, "grad_norm": 1.015625, "peak_allocated": 48804867072}
{"step": 881, "epoch": 2, "loss": 0.05539954490025614, "lr": 9.152271536482918e-06, "grad_norm": 1.015625, "peak_allocated": 48804867072}
{"step": 882, "epoch": 2, "loss": 0.025301321806270764, "lr": 9.149877797096278e-06, "grad_norm": 0.80859375, "peak_allocated": 48804867072}
{"step": 883, "epoch": 2, "loss": 0.03692785226129413, "lr": 9.14748099682033e-06, "grad_norm": 0.8671875, "peak_allocated": 48804867072}
{"step": 884, "epoch": 2, "loss": 0.038118296084228384, "lr": 9.145081137422918e-06, "grad_norm": 1.109375, "peak_allocated": 48804867072}
{"step": 885, "epoch": 2, "loss": 0.06420374339381876, "lr": 9.14267822067414e-06, "grad_norm": 1.1015625, "peak_allocated": 48804867072}
{"step": 886, "epoch": 2, "loss": 0.02802885518289779, "lr": 9.14027224834636e-06, "grad_norm": 0.91796875, "peak_allocated": 48804867072}
{"step": 887, "epoch": 2, "loss": 0.040774376589282395, "lr": 9.137863222214182e-06, "grad_norm": 0.84765625, "peak_allocated": 48804867072}
{"step": 888, "epoch": 2, "loss": 0.03484081016870622, "lr": 9.13545114405447e-06, "grad_norm": 0.921875, "peak_allocated": 48804867072}
{"step": 889, "epoch": 2, "loss": 0.046668593457590904, "lr": 9.133036015646337e-06, "grad_norm": 0.90625, "peak_allocated": 48804867072}
{"step": 890, "epoch": 2, "loss": 0.07840062006310082, "lr": 9.130617838771147e-06, "grad_norm": 1.5859375, "peak_allocated": 48804867072}
{"step": 891, "epoch": 2, "loss": 0.055605518752481264, "lr": 9.128196615212514e-06, "grad_norm": 1.015625, "peak_allocated": 48804867072}
{"step": 892, "epoch": 2, "loss": 0.04834280334977391, "lr": 9.125772346756295e-06, "grad_norm": 0.9765625, "peak_allocated": 48804867072}
{"step": 893, "epoch": 2, "loss": 0.05759849368497798, "lr": 9.123345035190595e-06, "grad_norm": 1.2578125, "peak_allocated": 48804867072}
{"step": 894, "epoch": 2, "loss": 0.04373216985849521, "lr": 9.120914682305762e-06, "grad_norm": 1.1171875, "peak_allocated": 48804867072}
{"step": 895, "epoch": 2, "loss": 0.04174291523936577, "lr": 9.118481289894392e-06, "grad_norm": 0.88671875, "peak_allocated": 48804867072}
{"step": 896, "epoch": 2, "loss": 0.03233327083163586, "lr": 9.116044859751319e-06, "grad_norm": 1.171875, "peak_allocated": 48804867072}
{"step": 897, "epoch": 2, "loss": 0.08840341311234998, "lr": 9.113605393673616e-06, "grad_norm": 1.171875, "peak_allocated": 48804867072}
{"step": 898, "epoch": 2, "loss": 0.05171235412705447, "lr": 9.111162893460603e-06, "grad_norm": 1.0859375, "peak_allocated": 48804867072}
{"step": 899, "epoch": 2, "loss": 0.03146375690897002, "lr": 9.108717360913827e-06, "grad_norm": 0.7734375, "peak_allocated": 48804867072}
{"step": 900, "epoch": 2, "loss": 0.05434565318885843, "lr": 9.106268797837078e-06, "grad_norm": 1.03125, "peak_allocated": 48804867072}
{"step": 901, "epoch": 2, "loss": 0.07956190986515058, "lr": 9.103817206036383e-06, "grad_norm": 1.2890625, "peak_allocated": 48804867072}
{"step": 902, "epoch": 2, "loss": 0.04657188913638746, "lr": 9.101362587319998e-06, "grad_norm": 1.09375, "peak_allocated": 48804867072}
{"step": 903, "epoch": 2, "loss": 0.05213956048896929, "lr": 9.098904943498414e-06, "grad_norm": 0.93359375, "peak_allocated": 48804867072}
{"step": 904, "epoch": 2, "loss": 0.03894767438788189, "lr": 9.096444276384356e-06, "grad_norm": 0.88671875, "peak_allocated": 48804867072}
{"step": 905, "epoch": 2, "loss": 0.03312312555166878, "lr": 9.093980587792773e-06, "grad_norm": 0.9921875, "peak_allocated": 48804867072}
{"step": 906, "epoch": 2, "loss": 0.04261949113807536, "lr": 9.091513879540845e-06, "grad_norm": 1.0078125, "peak_allocated": 48804867072}
{"step": 907, "epoch": 2, "loss": 0.042187999083053956, "lr": 9.089044153447985e-06, "grad_norm": 1.140625, "peak_allocated": 48804867072}
{"step": 908, "epoch": 2, "loss": 0.048369192001775876, "lr": 9.086571411335822e-06, "grad_norm": 1.1328125, "peak_allocated": 48804867072}
{"step": 909, "epoch": 2, "loss": 0.03656272899313132, "lr": 9.084095655028218e-06, "grad_norm": 1.03125, "peak_allocated": 48804867072}
{"step": 910, "epoch": 2, "loss": 0.036564249305387285, "lr": 9.08161688635125e-06, "grad_norm": 0.76171875, "peak_allocated": 48804867072}
{"step": 911, "epoch": 2, "loss": 0.029233113957136063, "lr": 9.079135107133229e-06, "grad_norm": 0.82421875, "peak_allocated": 48804867072}
{"step": 912, "epoch": 2, "loss": 0.06911596811400317, "lr": 9.07665031920467e-06, "grad_norm": 1.046875, "peak_allocated": 48804867072}
{"step": 913, "epoch": 2, "loss": 0.03582248375890257, "lr": 9.074162524398324e-06, "grad_norm": 0.73828125, "peak_allocated": 48804867072}
{"step": 914, "epoch": 2, "loss": 0.06284107683733908, "lr": 9.07167172454915e-06, "grad_norm": 1.1171875, "peak_allocated": 48804867072}
{"step": 915, "epoch": 2, "loss": 0.05995970255437145, "lr": 9.069177921494323e-06, "grad_norm": 1.140625, "peak_allocated": 48804867072}
{"step": 916, "epoch": 2, "loss": 0.04023679232504116, "lr": 9.066681117073237e-06, "grad_norm": 0.95703125, "peak_allocated": 48804867072}
{"step": 917, "epoch": 2, "loss": 0.048218469608155345, "lr": 9.0641813131275e-06, "grad_norm": 0.86328125, "peak_allocated": 48804867072}
{"step": 918, "epoch": 2, "loss": 0.051534368289577234, "lr": 9.061678511500932e-06, "grad_norm": 0.890625, "peak_allocated": 48804867072}
{"step": 919, "epoch": 2, "loss": 0.04213511724459376, "lr": 9.059172714039558e-06, "grad_norm": 0.87890625, "peak_allocated": 48804867072}
{"step": 920, "epoch": 2, "loss": 0.033516681658769296, "lr": 9.056663922591621e-06, "grad_norm": 0.79296875, "peak_allocated": 48804867072}
{"step": 921, "epoch": 2, "loss": 0.03357397820866429, "lr": 9.05415213900757e-06, "grad_norm": 0.97265625, "peak_allocated": 48804867072}
{"step": 922, "epoch": 2, "loss": 0.045222985973471255, "lr": 9.051637365140058e-06, "grad_norm": 1.125, "peak_allocated": 48804867072}
{"step": 923, "epoch": 2, "loss": 0.046094436225850424, "lr": 9.049119602843946e-06, "grad_norm": 1.296875, "peak_allocated": 48804867072}
{"step": 924, "epoch": 2, "loss": 0.0689770935425806, "lr": 9.0465988539763e-06, "grad_norm": 1.0390625, "peak_allocated": 48804867072}
{"step": 925, "epoch": 2, "loss": 0.058808874530253574, "lr": 9.044075120396384e-06, "grad_norm": 1.1015625, "peak_allocated": 48804867072}
{"step": 926, "epoch": 2, "loss": 0.030730382449614246, "lr": 9.04154840396567e-06, "grad_norm": 0.875, "peak_allocated": 48804867072}
{"step": 927, "epoch": 2, "loss": 0.043760075903800724, "lr": 9.039018706547829e-06, "grad_norm": 0.89453125, "peak_allocated": 48804867072}
{"step": 928, "epoch": 2, "loss": 0.04872704604052243, "lr": 9.036486030008725e-06, "grad_norm": 0.99609375, "peak_allocated": 48804867072}
{"step": 929, "epoch": 2, "loss": 0.0732239962637965, "lr": 9.033950376216423e-06, "grad_norm": 1.2890625, "peak_allocated": 48804867072}
{"step": 930, "epoch": 2, "loss": 0.059911799048909774, "lr": 9.031411747041187e-06, "grad_norm": 1.03125, "peak_allocated": 48804867072}
{"step": 931, "epoch": 2, "loss": 0.0358807336713246, "lr": 9.028870144355472e-06, "grad_norm": 0.84375, "peak_allocated": 48804867072}
{"step": 932, "epoch": 2, "loss": 0.05700518032650264, "lr": 9.026325570033928e-06, "grad_norm": 1.125, "peak_allocated": 48804867072}
{"step": 933, "epoch": 2, "loss": 0.05214041442024105, "lr": 9.023778025953394e-06, "grad_norm": 1.015625, "peak_allocated": 48804867072}
{"step": 934, "epoch": 2, "loss": 0.03802659261542758, "lr": 9.021227513992902e-06, "grad_norm": 0.89453125, "peak_allocated": 48804867072}
{"step": 935, "epoch": 2, "loss": 0.04226707590797014, "lr": 9.018674036033672e-06, "grad_norm": 0.82421875, "peak_allocated": 48804867072}
{"step": 936, "epoch": 2, "loss": 0.04083890053118929, "lr": 9.016117593959113e-06, "grad_norm": 0.859375, "peak_allocated": 48804867072}
{"step": 937, "epoch": 2, "loss": 0.04103145679546403, "lr": 9.013558189654819e-06, "grad_norm": 0.9296875, "peak_allocated": 48804867072}
{"step": 938, "epoch": 2, "loss": 0.056159451303088206, "lr": 9.01099582500857e-06, "grad_norm": 0.96484375, "peak_allocated": 48804867072}
{"step": 939, "epoch": 2, "loss": 0.06584505416981279, "lr": 9.008430501910325e-06, "grad_norm": 1.140625, "peak_allocated": 48804867072}
{"step": 940, "epoch": 2, "loss": 0.05633713521802626, "lr": 9.005862222252235e-06, "grad_norm": 0.9296875, "peak_allocated": 48804867072}
{"step": 941, "epoch": 2, "loss": 0.036935428836538144, "lr": 9.003290987928623e-06, "grad_norm": 0.9921875, "peak_allocated": 48804867072}
{"step": 942, "epoch": 2, "loss": 0.06836313801043467, "lr": 9.000716800835991e-06, "grad_norm": 1.2421875, "peak_allocated": 48804867072}
{"step": 943, "epoch": 2, "loss": 0.05425054577769893, "lr": 8.998139662873025e-06, "grad_norm": 1.1796875, "peak_allocated": 48804867072}
{"step": 944, "epoch": 2, "loss": 0.04720749220710147, "lr": 8.995559575940585e-06, "grad_norm": 0.9765625, "peak_allocated": 48804867072}
{"step": 945, "epoch": 2, "loss": 0.05723674385017904, "lr": 8.992976541941703e-06, "grad_norm": 1.171875, "peak_allocated": 48804867072}
{"step": 946, "epoch": 2, "loss": 0.0383079199081831, "lr": 8.990390562781588e-06, "grad_norm": 1.015625, "peak_allocated": 48804867072}
{"step": 947, "epoch": 2, "loss": 0.05398394304244865, "lr": 8.98780164036762e-06, "grad_norm": 0.859375, "peak_allocated": 48804867072}
{"step": 948, "epoch": 2, "loss": 0.03973771689778813, "lr": 8.985209776609352e-06, "grad_norm": 1.03125, "peak_allocated": 48804867072}
{"step": 949, "epoch": 2, "loss": 0.032006375175648485, "lr": 8.982614973418504e-06, "grad_norm": 1.046875, "peak_allocated": 48804867072}
{"step": 950, "epoch": 2, "loss": 0.041339454350326724, "lr": 8.980017232708965e-06, "grad_norm": 0.95703125, "peak_allocated": 48804867072}
{"step": 951, "epoch": 2, "loss": 0.06392579124764931, "lr": 8.977416556396792e-06, "grad_norm": 1.109375, "peak_allocated": 48804867072}
{"step": 952, "epoch": 2, "loss": 0.04848571860140132, "lr": 8.974812946400202e-06, "grad_norm": 1.0703125, "peak_allocated": 48804867072}
{"step": 953, "epoch": 2, "loss": 0.041130258011353706, "lr": 8.972206404639584e-06, "grad_norm": 0.9609375, "peak_allocated": 48804867072}
{"step": 954, "epoch": 2, "loss": 0.05779940058832871, "lr": 8.969596933037483e-06, "grad_norm": 1.015625, "peak_allocated": 48804867072}
{"step": 955, "epoch": 2, "loss": 0.04672789265174753, "lr": 8.966984533518608e-06, "grad_norm": 1.1953125, "peak_allocated": 48804867072}
{"step": 956, "epoch": 2, "loss": 0.036079847818094445, "lr": 8.964369208009827e-06, "grad_norm": 1.0, "peak_allocated": 48804867072}
{"step": 957, "epoch": 2, "loss": 0.04067743573058646, "lr": 8.961750958440163e-06, "grad_norm": 0.97265625, "peak_allocated": 48804867072}
{"step": 958, "epoch": 2, "loss": 0.068914982509583, "lr": 8.959129786740803e-06, "grad_norm": 0.97265625, "peak_allocated": 48804867072}
{"step": 959, "epoch": 2, "loss": 0.04092472982524993, "lr": 8.956505694845082e-06, "grad_norm": 0.95703125, "peak_allocated": 48804867072}
{"step": 960, "epoch": 2, "loss": 0.06892475297615318, "lr": 8.953878684688492e-06, "grad_norm": 1.375, "peak_allocated": 48804867072}
{"step": 961, "epoch": 2, "loss": 0.09354839391538473, "lr": 8.951248758208681e-06, "grad_norm": 1.421875, "peak_allocated": 48804867072}
{"step": 962, "epoch": 2, "loss": 0.030241275411518925, "lr": 8.94861591734544e-06, "grad_norm": 0.875, "peak_allocated": 48804867072}
{"step": 963, "epoch": 2, "loss": 0.05326227999804292, "lr": 8.945980164040718e-06, "grad_norm": 1.015625, "peak_allocated": 48804867072}
{"step": 964, "epoch": 2, "loss": 0.0559558607558448, "lr": 8.943341500238602e-06, "grad_norm": 1.0078125, "peak_allocated": 48804867072}
{"step": 965, "epoch": 2, "loss": 0.047040416543680325, "lr": 8.940699927885338e-06, "grad_norm": 1.0625, "peak_allocated": 48804867072}
{"step": 966, "epoch": 2, "loss": 0.03967154089106886, "lr": 8.938055448929309e-06, "grad_norm": 1.140625, "peak_allocated": 48804867072}
{"step": 967, "epoch": 2, "loss": 0.04429451730867091, "lr": 8.935408065321042e-06, "grad_norm": 0.94921875, "peak_allocated": 48804867072}
{"step": 968, "epoch": 2, "loss": 0.046354757000764926, "lr": 8.932757779013214e-06, "grad_norm": 1.0859375, "peak_allocated": 48804867072}
{"step": 969, "epoch": 2, "loss": 0.051730767966894756, "lr": 8.93010459196063e-06, "grad_norm": 0.8515625, "peak_allocated": 48804867072}
{"step": 970, "epoch": 2, "loss": 0.05383346845266168, "lr": 8.92744850612025e-06, "grad_norm": 1.0625, "peak_allocated": 48804867072}
{"step": 971, "epoch": 2, "loss": 0.03444582695478094, "lr": 8.924789523451158e-06, "grad_norm": 0.921875, "peak_allocated": 48804867072}
{"step": 972, "epoch": 2, "loss": 0.0519744005404394, "lr": 8.922127645914584e-06, "grad_norm": 1.0625, "peak_allocated": 48804867072}
{"step": 973, "epoch": 2, "loss": 0.04526948927562098, "lr": 8.91946287547389e-06, "grad_norm": 0.9765625, "peak_allocated": 48804867072}
{"step": 974, "epoch": 2, "loss": 0.04124101524227655, "lr": 8.91679521409457e-06, "grad_norm": 0.96484375, "peak_allocated": 48804867072}
{"step": 975, "epoch": 2, "loss": 0.05250831190277693, "lr": 8.914124663744252e-06, "grad_norm": 1.0625, "peak_allocated": 48804867072}
{"step": 976, "epoch": 2, "loss": 0.05922297894873409, "lr": 8.911451226392698e-06, "grad_norm": 1.25, "peak_allocated": 48804867072}
{"step": 977, "epoch": 2, "loss": 0.05508460592402355, "lr": 8.908774904011794e-06, "grad_norm": 0.921875, "peak_allocated": 48804867072}
{"step": 978, "epoch": 2, "loss": 0.06790743025146033, "lr": 8.906095698575555e-06, "grad_norm": 1.25, "peak_allocated": 48804867072}
{"step": 979, "epoch": 2, "loss": 0.0402890959677456, "lr": 8.903413612060128e-06, "grad_norm": 0.93359375, "peak_allocated": 48804867072}
{"step": 980, "epoch": 2, "loss": 0.05528869301500036, "lr": 8.900728646443778e-06, "grad_norm": 0.88671875, "peak_allocated": 48804867072}
{"step": 981, "epoch": 2, "loss": 0.051708212460556034, "lr": 8.898040803706895e-06, "grad_norm": 1.078125, "peak_allocated": 48804867072}
{"step": 982, "epoch": 2, "loss": 0.03934884900694925, "lr": 8.895350085831994e-06, "grad_norm": 0.8515625, "peak_allocated": 48804867072}
{"step": 983, "epoch": 2, "loss": 0.04065408354806002, "lr": 8.892656494803714e-06, "grad_norm": 1.09375, "peak_allocated": 48804867072}
{"step": 984, "epoch": 2, "loss": 0.05792128323199989, "lr": 8.8899600326088e-06, "grad_norm": 1.1796875, "peak_allocated": 48804867072}
{"step": 985, "epoch": 2, "loss": 0.03022157175470056, "lr": 8.887260701236128e-06, "grad_norm": 0.80078125, "peak_allocated": 48804867072}
{"step": 986, "epoch": 2, "loss": 0.04975650528634622, "lr": 8.884558502676688e-06, "grad_norm": 0.8828125, "peak_allocated": 48804867072}
{"step": 987, "epoch": 2, "loss": 0.027567660995136585, "lr": 8.881853438923576e-06, "grad_norm": 0.91796875, "peak_allocated": 48804867072}
{"step": 988, "epoch": 2, "loss": 0.039924847412433406, "lr": 8.879145511972012e-06, "grad_norm": 0.87890625, "peak_allocated": 48804867072}
{"step": 989, "epoch": 2, "loss": 0.04629991608754998, "lr": 8.87643472381932e-06, "grad_norm": 0.92578125, "peak_allocated": 48804867072}
{"step": 990, "epoch": 2, "loss": 0.05071618468907755, "lr": 8.873721076464942e-06, "grad_norm": 1.109375, "peak_allocated": 48804867072}
{"step": 991, "epoch": 2, "loss": 0.042366968576175085, "lr": 8.871004571910422e-06, "grad_norm": 0.8984375, "peak_allocated": 48804867072}
{"step": 992, "epoch": 2, "loss": 0.045870831198126544, "lr": 8.868285212159414e-06, "grad_norm": 0.9296875, "peak_allocated": 48804867072}
{"step": 993, "epoch": 2, "loss": 0.04958741088285746, "lr": 8.865562999217678e-06, "grad_norm": 0.99609375, "peak_allocated": 48804867072}
{"step": 994, "epoch": 2, "loss": 0.04273926889626566, "lr": 8.86283793509308e-06, "grad_norm": 1.296875, "peak_allocated": 48804867072}
{"step": 995, "epoch": 2, "loss": 0.04858635363322363, "lr": 8.860110021795587e-06, "grad_norm": 0.96875, "peak_allocated": 48804867072}
{"step": 996, "epoch": 2, "loss": 0.05202990509054056, "lr": 8.857379261337267e-06, "grad_norm": 0.9296875, "peak_allocated": 48804867072}
{"step": 997, "epoch": 2, "loss": 0.029090620512791397, "lr": 8.85464565573229e-06, "grad_norm": 0.9140625, "peak_allocated": 48804867072}
{"step": 998, "epoch": 2, "loss": 0.04153121378610097, "lr": 8.851909206996923e-06, "grad_norm": 0.85546875, "peak_allocated": 48804867072}
{"step": 999, "epoch": 2, "loss": 0.05315711270494616, "lr": 8.849169917149532e-06, "grad_norm": 1.140625, "peak_allocated": 48804867072}
{"step": 1000, "epoch": 2, "loss": 0.06015425701120661, "lr": 8.846427788210576e-06, "grad_norm": 1.1484375, "peak_allocated": 48804867072}
{"event": "train_stage", "stage": "checkpoint_published", "rank": 0, "local_rank": 0, "world_size": 4, "checkpoint": "step-00001000-56360a10", "best": false}
{"step": 1001, "epoch": 2, "loss": 0.051903073874839785, "lr": 8.84368282220261e-06, "grad_norm": 1.0859375, "peak_allocated": 48804867072}
{"step": 1002, "epoch": 2, "loss": 0.039494879592137024, "lr": 8.84093502115028e-06, "grad_norm": 0.91015625, "peak_allocated": 48804867072}
{"step": 1003, "epoch": 2, "loss": 0.06879212648480038, "lr": 8.838184387080324e-06, "grad_norm": 1.3359375, "peak_allocated": 48804867072}
{"step": 1004, "epoch": 2, "loss": 0.0447170206825831, "lr": 8.83543092202157e-06, "grad_norm": 0.8671875, "peak_allocated": 48804867072}
{"step": 1005, "epoch": 2, "loss": 0.04527001659094487, "lr": 8.832674628004937e-06, "grad_norm": 0.82421875, "peak_allocated": 48804867072}
{"step": 1006, "epoch": 2, "loss": 0.044936559173650845, "lr": 8.829915507063419e-06, "grad_norm": 0.984375, "peak_allocated": 48804867072}
{"step": 1007, "epoch": 2, "loss": 0.03139713297988433, "lr": 8.82715356123211e-06, "grad_norm": 0.875, "peak_allocated": 48804867072}
{"step": 1008, "epoch": 2, "loss": 0.06034026527437704, "lr": 8.82438879254818e-06, "grad_norm": 0.95703125, "peak_allocated": 48804867072}
{"step": 1009, "epoch": 2, "loss": 0.052395688191952644, "lr": 8.821621203050882e-06, "grad_norm": 0.98828125, "peak_allocated": 48804867072}
{"step": 1010, "epoch": 2, "loss": 0.06124075153688553, "lr": 8.818850794781546e-06, "grad_norm": 1.0078125, "peak_allocated": 48804867072}
{"step": 1011, "epoch": 2, "loss": 0.04858176360073313, "lr": 8.81607756978359e-06, "grad_norm": 0.89453125, "peak_allocated": 48804867072}
{"step": 1012, "epoch": 2, "loss": 0.04636392449610655, "lr": 8.8133015301025e-06, "grad_norm": 0.90234375, "peak_allocated": 48804867072}
{"step": 1013, "epoch": 2, "loss": 0.072698826056686, "lr": 8.810522677785846e-06, "grad_norm": 1.390625, "peak_allocated": 48804867072}
{"step": 1014, "epoch": 2, "loss": 0.06852302366830425, "lr": 8.807741014883266e-06, "grad_norm": 1.375, "peak_allocated": 48804867072}
{"step": 1015, "epoch": 2, "loss": 0.06178929722659622, "lr": 8.804956543446475e-06, "grad_norm": 1.25, "peak_allocated": 48804867072}
{"step": 1016, "epoch": 2, "loss": 0.03052397116501754, "lr": 8.80216926552926e-06, "grad_norm": 1.3359375, "peak_allocated": 48804867072}
{"step": 1017, "epoch": 2, "loss": 0.04426132917121129, "lr": 8.799379183187473e-06, "grad_norm": 0.984375, "peak_allocated": 48804867072}
{"step": 1018, "epoch": 2, "loss": 0.056878787193019774, "lr": 8.796586298479042e-06, "grad_norm": 1.0390625, "peak_allocated": 48804867072}
{"step": 1019, "epoch": 2, "loss": 0.0521887047196006, "lr": 8.793790613463956e-06, "grad_norm": 1.046875, "peak_allocated": 48804867072}
{"step": 1020, "epoch": 2, "loss": 0.04343759765309701, "lr": 8.79099213020427e-06, "grad_norm": 1.015625, "peak_allocated": 48804867072}
{"step": 1021, "epoch": 2, "loss": 0.048102945348338394, "lr": 8.788190850764106e-06, "grad_norm": 0.98828125, "peak_allocated": 48804867072}
{"step": 1022, "epoch": 2, "loss": 0.04662903465294683, "lr": 8.78538677720965e-06, "grad_norm": 1.0625, "peak_allocated": 48804867072}
{"step": 1023, "epoch": 2, "loss": 0.03544500309381787, "lr": 8.78257991160914e-06, "grad_norm": 1.15625, "peak_allocated": 48804867072}
{"step": 1024, "epoch": 2, "loss": 0.0502811947587809, "lr": 8.779770256032883e-06, "grad_norm": 1.015625, "peak_allocated": 48804867072}
{"step": 1025, "epoch": 2, "loss": 0.044424030074026774, "lr": 8.776957812553238e-06, "grad_norm": 1.0078125, "peak_allocated": 48804867072}
{"step": 1026, "epoch": 2, "loss": 0.05303313690878376, "lr": 8.774142583244622e-06, "grad_norm": 1.0078125, "peak_allocated": 48804867072}
{"step": 1027, "epoch": 2, "loss": 0.05529944571244739, "lr": 8.77132457018351e-06, "grad_norm": 1.4140625, "peak_allocated": 48804867072}
{"step": 1028, "epoch": 2, "loss": 0.0427500216082509, "lr": 8.768503775448425e-06, "grad_norm": 1.0859375, "peak_allocated": 48804867072}
{"step": 1029, "epoch": 2, "loss": 0.042902807930113813, "lr": 8.765680201119944e-06, "grad_norm": 1.0703125, "peak_allocated": 48804867072}
{"step": 1030, "epoch": 2, "loss": 0.05333174761534296, "lr": 8.762853849280692e-06, "grad_norm": 1.0625, "peak_allocated": 48804867072}
{"step": 1031, "epoch": 2, "loss": 0.06429585552050088, "lr": 8.760024722015351e-06, "grad_norm": 1.234375, "peak_allocated": 48804867072}
{"step": 1032, "epoch": 2, "loss": 0.06144994513109688, "lr": 8.757192821410639e-06, "grad_norm": 1.21875, "peak_allocated": 48804867072}
{"step": 1033, "epoch": 2, "loss": 0.07395519532453634, "lr": 8.754358149555326e-06, "grad_norm": 1.40625, "peak_allocated": 48804867072}
{"step": 1034, "epoch": 2, "loss": 0.040294274695942024, "lr": 8.751520708540225e-06, "grad_norm": 0.82421875, "peak_allocated": 48804867072}
{"step": 1035, "epoch": 2, "loss": 0.06092504060920826, "lr": 8.74868050045819e-06, "grad_norm": 1.0859375, "peak_allocated": 48804867072}
{"step": 1036, "epoch": 2, "loss": 0.031212610067133537, "lr": 8.745837527404119e-06, "grad_norm": 0.859375, "peak_allocated": 48804867072}
{"step": 1037, "epoch": 2, "loss": 0.053633674298545105, "lr": 8.742991791474946e-06, "grad_norm": 0.921875, "peak_allocated": 48804867072}
{"step": 1038, "epoch": 2, "loss": 0.056835060988219714, "lr": 8.740143294769645e-06, "grad_norm": 1.0859375, "peak_allocated": 48804867072}
{"step": 1039, "epoch": 2, "loss": 0.04448722110182771, "lr": 8.737292039389224e-06, "grad_norm": 0.98046875, "peak_allocated": 48804867072}
{"step": 1040, "epoch": 2, "loss": 0.03706731088282671, "lr": 8.734438027436728e-06, "grad_norm": 0.91796875, "peak_allocated": 48804867072}
{"step": 1041, "epoch": 2, "loss": 0.034536902250959844, "lr": 8.731581261017235e-06, "grad_norm": 0.8203125, "peak_allocated": 48804867072}
{"step": 1042, "epoch": 2, "loss": 0.04990454433778661, "lr": 8.728721742237856e-06, "grad_norm": 0.98046875, "peak_allocated": 48804867072}
{"step": 1043, "epoch": 2, "loss": 0.03224101791211846, "lr": 8.725859473207728e-06, "grad_norm": 0.9453125, "peak_allocated": 48804867072}
{"step": 1044, "epoch": 2, "loss": 0.07345891703513785, "lr": 8.722994456038017e-06, "grad_norm": 1.546875, "peak_allocated": 48804867072}
{"step": 1045, "epoch": 2, "loss": 0.042886468656689956, "lr": 8.720126692841923e-06, "grad_norm": 1.2734375, "peak_allocated": 48804867072}
{"step": 1046, "epoch": 2, "loss": 0.04348713939866166, "lr": 8.717256185734662e-06, "grad_norm": 1.1328125, "peak_allocated": 48804867072}
{"step": 1047, "epoch": 2, "loss": 0.05287140285050282, "lr": 8.714382936833481e-06, "grad_norm": 1.34375, "peak_allocated": 48804867072}
{"step": 1048, "epoch": 2, "loss": 0.03200230724200577, "lr": 8.711506948257644e-06, "grad_norm": 0.6875, "peak_allocated": 48804867072}
{"step": 1049, "epoch": 2, "loss": 0.03888064619639571, "lr": 8.70862822212844e-06, "grad_norm": 0.82421875, "peak_allocated": 48804867072}
{"step": 1050, "epoch": 2, "loss": 0.036077227917965166, "lr": 8.705746760569175e-06, "grad_norm": 0.96484375, "peak_allocated": 48804867072}
{"step": 1051, "epoch": 2, "loss": 0.03361724891430899, "lr": 8.702862565705174e-06, "grad_norm": 0.94921875, "peak_allocated": 48804867072}
{"step": 1052, "epoch": 2, "loss": 0.056764765227192336, "lr": 8.699975639663774e-06, "grad_norm": 1.2265625, "peak_allocated": 48804867072}
{"step": 1053, "epoch": 2, "loss": 0.039998335145500226, "lr": 8.697085984574332e-06, "grad_norm": 1.0859375, "peak_allocated": 48804867072}
{"step": 1054, "epoch": 2, "loss": 0.05061526652425051, "lr": 8.694193602568215e-06, "grad_norm": 1.140625, "peak_allocated": 48804867072}
{"step": 1055, "epoch": 2, "loss": 0.05347359960493771, "lr": 8.691298495778801e-06, "grad_norm": 1.0234375, "peak_allocated": 48804867072}
{"step": 1056, "epoch": 2, "loss": 0.05662730867155167, "lr": 8.688400666341482e-06, "grad_norm": 1.234375, "peak_allocated": 48804867072}
{"step": 1057, "epoch": 2, "loss": 0.043935533899402565, "lr": 8.685500116393649e-06, "grad_norm": 0.9921875, "peak_allocated": 48804867072}
{"step": 1058, "epoch": 2, "loss": 0.05666534891913448, "lr": 8.682596848074708e-06, "grad_norm": 1.3828125, "peak_allocated": 48804867072}
{"step": 1059, "epoch": 2, "loss": 0.05099087789013223, "lr": 8.679690863526066e-06, "grad_norm": 0.9765625, "peak_allocated": 48804867072}
{"step": 1060, "epoch": 2, "loss": 0.037621537231246165, "lr": 8.67678216489114e-06, "grad_norm": 1.03125, "peak_allocated": 48804867072}
{"step": 1061, "epoch": 2, "loss": 0.029988123982239042, "lr": 8.673870754315336e-06, "grad_norm": 1.1328125, "peak_allocated": 48804867072}
{"step": 1062, "epoch": 2, "loss": 0.05499272854643689, "lr": 8.670956633946075e-06, "grad_norm": 1.1640625, "peak_allocated": 48804867072}
{"step": 1063, "epoch": 2, "loss": 0.03592583832769126, "lr": 8.668039805932766e-06, "grad_norm": 1.0859375, "peak_allocated": 48804867072}
{"step": 1064, "epoch": 2, "loss": 0.04333892079893078, "lr": 8.665120272426818e-06, "grad_norm": 1.125, "peak_allocated": 48804867072}
{"step": 1065, "epoch": 2, "loss": 0.046334129563602285, "lr": 8.66219803558164e-06, "grad_norm": 0.91015625, "peak_allocated": 48804867072}
{"step": 1066, "epoch": 2, "loss": 0.0434036146543095, "lr": 8.659273097552627e-06, "grad_norm": 1.0, "peak_allocated": 48804867072}
{"step": 1067, "epoch": 2, "loss": 0.04951469122533286, "lr": 8.656345460497173e-06, "grad_norm": 1.203125, "peak_allocated": 48804867072}
{"step": 1068, "epoch": 2, "loss": 0.04214393232779242, "lr": 8.65341512657466e-06, "grad_norm": 1.046875, "peak_allocated": 48804867072}
{"step": 1069, "epoch": 2, "loss": 0.048887334819113185, "lr": 8.650482097946459e-06, "grad_norm": 1.03125, "peak_allocated": 48804867072}
{"step": 1070, "epoch": 2, "loss": 0.04735546819126724, "lr": 8.647546376775929e-06, "grad_norm": 0.9609375, "peak_allocated": 48804867072}
{"step": 1071, "epoch": 2, "loss": 0.044893835919379725, "lr": 8.644607965228417e-06, "grad_norm": 1.34375, "peak_allocated": 48804867072}
{"step": 1072, "epoch": 2, "loss": 0.0440329601796906, "lr": 8.64166686547125e-06, "grad_norm": 0.95703125, "peak_allocated": 48804867072}
{"step": 1073, "epoch": 2, "loss": 0.04574593519312471, "lr": 8.638723079673744e-06, "grad_norm": 0.765625, "peak_allocated": 48804867072}
{"step": 1074, "epoch": 2, "loss": 0.06376172766212271, "lr": 8.635776610007186e-06, "grad_norm": 1.2421875, "peak_allocated": 48804867072}
{"step": 1075, "epoch": 2, "loss": 0.04248933390173369, "lr": 8.632827458644855e-06, "grad_norm": 0.953125, "peak_allocated": 48804867072}
{"step": 1076, "epoch": 2, "loss": 0.05591522588346029, "lr": 8.629875627762e-06, "grad_norm": 1.09375, "peak_allocated": 48804867072}
{"step": 1077, "epoch": 2, "loss": 0.06152846203319841, "lr": 8.626921119535847e-06, "grad_norm": 1.2734375, "peak_allocated": 48804867072}
{"step": 1078, "epoch": 2, "loss": 0.04900810173737536, "lr": 8.6239639361456e-06, "grad_norm": 1.078125, "peak_allocated": 48804867072}
{"step": 1079, "epoch": 2, "loss": 0.0671264988517034, "lr": 8.621004079772435e-06, "grad_norm": 1.1640625, "peak_allocated": 48804867072}
{"step": 1080, "epoch": 2, "loss": 0.028687821935157957, "lr": 8.618041552599497e-06, "grad_norm": 0.86328125, "peak_allocated": 48804867072}
{"step": 1081, "epoch": 2, "loss": 0.05967023863441022, "lr": 8.615076356811902e-06, "grad_norm": 1.1875, "peak_allocated": 48804867072}
{"step": 1082, "epoch": 2, "loss": 0.03946068517182312, "lr": 8.612108494596738e-06, "grad_norm": 0.8828125, "peak_allocated": 48804867072}
{"step": 1083, "epoch": 2, "loss": 0.04728441437985708, "lr": 8.609137968143056e-06, "grad_norm": 1.125, "peak_allocated": 48804867072}
{"step": 1084, "epoch": 2, "loss": 0.03915141255339941, "lr": 8.60616477964187e-06, "grad_norm": 0.8203125, "peak_allocated": 48804867072}
{"step": 1085, "epoch": 2, "loss": 0.05002810956787611, "lr": 8.603188931286166e-06, "grad_norm": 0.9375, "peak_allocated": 48804867072}
{"step": 1086, "epoch": 2, "loss": 0.053452459062897605, "lr": 8.60021042527088e-06, "grad_norm": 0.98828125, "peak_allocated": 48804867072}
{"step": 1087, "epoch": 2, "loss": 0.044543671049439675, "lr": 8.59722926379292e-06, "grad_norm": 0.96875, "peak_allocated": 48804867072}
{"step": 1088, "epoch": 2, "loss": 0.040018001667232496, "lr": 8.594245449051144e-06, "grad_norm": 1.0078125, "peak_allocated": 48804867072}
{"step": 1089, "epoch": 2, "loss": 0.04650155438500366, "lr": 8.591258983246372e-06, "grad_norm": 1.0703125, "peak_allocated": 48804867072}
{"step": 1090, "epoch": 2, "loss": 0.05367882135814021, "lr": 8.588269868581376e-06, "grad_norm": 1.015625, "peak_allocated": 48804867072}
{"step": 1091, "epoch": 2, "loss": 0.04149720368589985, "lr": 8.585278107260884e-06, "grad_norm": 1.0703125, "peak_allocated": 48804867072}
{"step": 1092, "epoch": 2, "loss": 0.03562559211566557, "lr": 8.582283701491576e-06, "grad_norm": 0.984375, "peak_allocated": 48804867072}
{"step": 1093, "epoch": 2, "loss": 0.056406919854633725, "lr": 8.579286653482081e-06, "grad_norm": 1.015625, "peak_allocated": 48804867072}
{"step": 1094, "epoch": 2, "loss": 0.04371275174707357, "lr": 8.576286965442981e-06, "grad_norm": 0.87890625, "peak_allocated": 48804867072}
{"step": 1095, "epoch": 2, "loss": 0.054793735585366814, "lr": 8.573284639586797e-06, "grad_norm": 1.2734375, "peak_allocated": 48804867072}
{"step": 1096, "epoch": 2, "loss": 0.03215601482067734, "lr": 8.570279678128004e-06, "grad_norm": 0.859375, "peak_allocated": 48804867072}
{"step": 1097, "epoch": 2, "loss": 0.04631584626828773, "lr": 8.567272083283019e-06, "grad_norm": 0.94921875, "peak_allocated": 48804867072}
{"step": 1098, "epoch": 2, "loss": 0.04817298523180204, "lr": 8.564261857270195e-06, "grad_norm": 1.1953125, "peak_allocated": 48804867072}
{"step": 1099, "epoch": 2, "loss": 0.03430535549805523, "lr": 8.561249002309836e-06, "grad_norm": 1.015625, "peak_allocated": 48804867072}
{"step": 1100, "epoch": 2, "loss": 0.04154268820929295, "lr": 8.558233520624177e-06, "grad_norm": 1.140625, "peak_allocated": 48804867072}
{"step": 1101, "epoch": 2, "loss": 0.04054413619445904, "lr": 8.555215414437395e-06, "grad_norm": 1.1171875, "peak_allocated": 48804867072}
{"step": 1102, "epoch": 2, "loss": 0.0609101862522798, "lr": 8.552194685975598e-06, "grad_norm": 1.2421875, "peak_allocated": 48804867072}
{"step": 1103, "epoch": 2, "loss": 0.04116463802858566, "lr": 8.549171337466835e-06, "grad_norm": 0.82421875, "peak_allocated": 48804867072}
{"step": 1104, "epoch": 2, "loss": 0.06711655016359135, "lr": 8.546145371141083e-06, "grad_norm": 1.1171875, "peak_allocated": 48804867072}
{"step": 1105, "epoch": 2, "loss": 0.0461045307645385, "lr": 8.54311678923025e-06, "grad_norm": 1.1328125, "peak_allocated": 48804867072}
{"step": 1106, "epoch": 2, "loss": 0.03696705807508332, "lr": 8.540085593968173e-06, "grad_norm": 0.88671875, "peak_allocated": 48804867072}
{"step": 1107, "epoch": 2, "loss": 0.060438387398262454, "lr": 8.537051787590617e-06, "grad_norm": 1.0390625, "peak_allocated": 48804867072}
{"step": 1108, "epoch": 2, "loss": 0.05313726317816388, "lr": 8.534015372335276e-06, "grad_norm": 0.96484375, "peak_allocated": 48804867072}
{"step": 1109, "epoch": 2, "loss": 0.04810123425319894, "lr": 8.530976350441762e-06, "grad_norm": 0.9921875, "peak_allocated": 48804867072}
{"step": 1110, "epoch": 2, "loss": 0.0486451305984148, "lr": 8.527934724151616e-06, "grad_norm": 1.0859375, "peak_allocated": 48804867072}
{"step": 1111, "epoch": 2, "loss": 0.057085388785077434, "lr": 8.524890495708295e-06, "grad_norm": 0.87109375, "peak_allocated": 48804867072}
{"step": 1112, "epoch": 2, "loss": 0.06180670060343314, "lr": 8.52184366735718e-06, "grad_norm": 1.1796875, "peak_allocated": 48804867072}
{"step": 1113, "epoch": 2, "loss": 0.04649555007882407, "lr": 8.518794241345568e-06, "grad_norm": 0.81640625, "peak_allocated": 48804867072}
{"step": 1114, "epoch": 2, "loss": 0.028508110504823863, "lr": 8.515742219922666e-06, "grad_norm": 0.9140625, "peak_allocated": 48804867072}
{"step": 1115, "epoch": 2, "loss": 0.039831239010078665, "lr": 8.512687605339604e-06, "grad_norm": 0.91796875, "peak_allocated": 48804867072}
{"step": 1116, "epoch": 2, "loss": 0.04297151227651193, "lr": 8.50963039984942e-06, "grad_norm": 0.86328125, "peak_allocated": 48804867072}
{"step": 1117, "epoch": 2, "loss": 0.04015291284692623, "lr": 8.506570605707068e-06, "grad_norm": 0.9765625, "peak_allocated": 48804867072}
{"step": 1118, "epoch": 2, "loss": 0.02235617229410506, "lr": 8.503508225169402e-06, "grad_norm": 0.66796875, "peak_allocated": 48804867072}
{"step": 1119, "epoch": 2, "loss": 0.0362902626185504, "lr": 8.50044326049519e-06, "grad_norm": 0.81640625, "peak_allocated": 48804867072}
{"step": 1120, "epoch": 2, "loss": 0.03991746922580041, "lr": 8.497375713945109e-06, "grad_norm": 0.94921875, "peak_allocated": 48804867072}
{"step": 1121, "epoch": 2, "loss": 0.04490329872481998, "lr": 8.494305587781735e-06, "grad_norm": 1.078125, "peak_allocated": 48804867072}
{"step": 1122, "epoch": 2, "loss": 0.04844237583102859, "lr": 8.491232884269544e-06, "grad_norm": 1.1640625, "peak_allocated": 48804867072}
{"step": 1123, "epoch": 2, "loss": 0.05887632532513949, "lr": 8.488157605674924e-06, "grad_norm": 1.34375, "peak_allocated": 48804867072}
{"step": 1124, "epoch": 2, "loss": 0.04691588904839057, "lr": 8.485079754266152e-06, "grad_norm": 1.0234375, "peak_allocated": 48804867072}
{"step": 1125, "epoch": 2, "loss": 0.030477941557276043, "lr": 8.481999332313407e-06, "grad_norm": 0.90234375, "peak_allocated": 48804867072}
{"step": 1126, "epoch": 2, "loss": 0.03946297055964591, "lr": 8.47891634208876e-06, "grad_norm": 0.9296875, "peak_allocated": 48804867072}
{"step": 1127, "epoch": 2, "loss": 0.04568911163882404, "lr": 8.475830785866186e-06, "grad_norm": 0.96484375, "peak_allocated": 48804867072}
{"step": 1128, "epoch": 2, "loss": 0.04088908721006503, "lr": 8.472742665921542e-06, "grad_norm": 1.0, "peak_allocated": 48804867072}
{"step": 1129, "epoch": 2, "loss": 0.03997552673874972, "lr": 8.46965198453258e-06, "grad_norm": 0.8359375, "peak_allocated": 48804867072}
{"step": 1130, "epoch": 2, "loss": 0.054864208752091914, "lr": 8.466558743978944e-06, "grad_norm": 1.171875, "peak_allocated": 48804867072}
{"step": 1131, "epoch": 2, "loss": 0.03900847973112585, "lr": 8.463462946542162e-06, "grad_norm": 1.0625, "peak_allocated": 48804867072}
{"step": 1132, "epoch": 2, "loss": 0.036210469186919704, "lr": 8.460364594505647e-06, "grad_norm": 1.0234375, "peak_allocated": 48804867072}
{"step": 1133, "epoch": 2, "loss": 0.03155200426105865, "lr": 8.4572636901547e-06, "grad_norm": 0.87890625, "peak_allocated": 48804867072}
{"step": 1134, "epoch": 2, "loss": 0.03991123311607431, "lr": 8.454160235776503e-06, "grad_norm": 0.98046875, "peak_allocated": 48804867072}
{"step": 1135, "epoch": 2, "loss": 0.03752874569494829, "lr": 8.45105423366012e-06, "grad_norm": 0.81640625, "peak_allocated": 48804867072}
{"step": 1136, "epoch": 2, "loss": 0.04862010551676687, "lr": 8.44794568609649e-06, "grad_norm": 1.2109375, "peak_allocated": 48804867072}
{"step": 1137, "epoch": 2, "loss": 0.04450169285337458, "lr": 8.444834595378434e-06, "grad_norm": 1.0078125, "peak_allocated": 48804867072}
{"step": 1138, "epoch": 2, "loss": 0.04941691255209355, "lr": 8.441720963800646e-06, "grad_norm": 0.953125, "peak_allocated": 48804867072}
{"step": 1139, "epoch": 2, "loss": 0.05026017402367426, "lr": 8.438604793659695e-06, "grad_norm": 1.1171875, "peak_allocated": 48804867072}
{"step": 1140, "epoch": 2, "loss": 0.05085506278987008, "lr": 8.435486087254025e-06, "grad_norm": 1.171875, "peak_allocated": 48804867072}
{"step": 1141, "epoch": 2, "loss": 0.04760223722658931, "lr": 8.432364846883946e-06, "grad_norm": 0.9375, "peak_allocated": 48804867072}
{"step": 1142, "epoch": 2, "loss": 0.05225433942289033, "lr": 8.429241074851644e-06, "grad_norm": 1.375, "peak_allocated": 48804867072}
{"step": 1143, "epoch": 2, "loss": 0.04282304826009857, "lr": 8.426114773461158e-06, "grad_norm": 0.85546875, "peak_allocated": 48804867072}
{"step": 1144, "epoch": 2, "loss": 0.052150728331146666, "lr": 8.422985945018411e-06, "grad_norm": 1.2265625, "peak_allocated": 48804867072}
{"step": 1145, "epoch": 2, "loss": 0.06388996015024692, "lr": 8.41985459183118e-06, "grad_norm": 1.3203125, "peak_allocated": 48804867072}
{"step": 1146, "epoch": 2, "loss": 0.04644547801551052, "lr": 8.416720716209102e-06, "grad_norm": 1.046875, "peak_allocated": 48804867072}
{"step": 1147, "epoch": 2, "loss": 0.047978288393083254, "lr": 8.413584320463679e-06, "grad_norm": 0.9296875, "peak_allocated": 48804867072}
{"step": 1148, "epoch": 2, "loss": 0.04151243133531021, "lr": 8.410445406908271e-06, "grad_norm": 0.87890625, "peak_allocated": 48804867072}
{"step": 1149, "epoch": 2, "loss": 0.04563771269185516, "lr": 8.407303977858099e-06, "grad_norm": 0.9765625, "peak_allocated": 48804867072}
{"step": 1150, "epoch": 2, "loss": 0.05245349877496741, "lr": 8.40416003563023e-06, "grad_norm": 0.9453125, "peak_allocated": 48804867072}
{"step": 1151, "epoch": 2, "loss": 0.05910913312101362, "lr": 8.40101358254359e-06, "grad_norm": 1.0, "peak_allocated": 48804867072}
{"step": 1152, "epoch": 2, "loss": 0.05049873899721397, "lr": 8.397864620918957e-06, "grad_norm": 0.98046875, "peak_allocated": 48804867072}
{"step": 1153, "epoch": 2, "loss": 0.0522518188502424, "lr": 8.394713153078962e-06, "grad_norm": 1.1171875, "peak_allocated": 48804867072}
{"step": 1154, "epoch": 2, "loss": 0.03622985934105582, "lr": 8.391559181348081e-06, "grad_norm": 0.9609375, "peak_allocated": 48804867072}
{"step": 1155, "epoch": 2, "loss": 0.0482724693058688, "lr": 8.388402708052636e-06, "grad_norm": 2.71875, "peak_allocated": 48804867072}
{"event": "train_stage", "stage": "validation_loss_complete", "rank": 0, "local_rank": 0, "world_size": 4, "epoch": 3, "val_loss": 0.05863866271438896, "training_seconds": 1011.81, "validation_loss_seconds": 29.88}
{"event": "train_stage", "stage": "validation_gleu_complete", "rank": 0, "local_rank": 0, "world_size": 4, "epoch": 3, "elapsed_seconds": 1734.55, "gleu": 62.293600000000005, "invalid_utf8": 0, "budget_exhausted": 0, "generation_backend": "global-prefix-guarded-greedy-v1", "cache_preliminary_skips": 149143, "cache_guard_refreshes": 1352, "max_rank_peak_allocated_bytes": 48804867072}
{"event": "train_stage", "stage": "checkpoint_published", "rank": 0, "local_rank": 0, "world_size": 4, "checkpoint": "step-00001155-5c5583d3", "best": true}
{"event": "train_stage", "stage": "epoch_complete", "rank": 0, "local_rank": 0, "world_size": 4, "epoch": 3, "global_step": 1155, "selection_metric": "val_gleu", "best": true, "val_loss": 0.05863866271438896, "val_gleu": 62.293600000000005, "elapsed_seconds": 2835.65}
{"step": 1156, "epoch": 3, "loss": 0.04466197734700145, "lr": 8.385243735520797e-06, "grad_norm": 0.8828125, "peak_allocated": 48804867072}
{"step": 1157, "epoch": 3, "loss": 0.045430068057503256, "lr": 8.382082266082574e-06, "grad_norm": 0.90625, "peak_allocated": 48804867072}
{"step": 1158, "epoch": 3, "loss": 0.031612684662246204, "lr": 8.378918302069824e-06, "grad_norm": 0.875, "peak_allocated": 48804867072}
{"step": 1159, "epoch": 3, "loss": 0.039343148142178715, "lr": 8.375751845816238e-06, "grad_norm": 0.8515625, "peak_allocated": 48804867072}
{"step": 1160, "epoch": 3, "loss": 0.04908931122011731, "lr": 8.372582899657348e-06, "grad_norm": 0.98046875, "peak_allocated": 48804867072}
{"step": 1161, "epoch": 3, "loss": 0.03059254673363008, "lr": 8.369411465930524e-06, "grad_norm": 0.70703125, "peak_allocated": 48804867072}
{"step": 1162, "epoch": 3, "loss": 0.037201420906063445, "lr": 8.366237546974967e-06, "grad_norm": 0.94140625, "peak_allocated": 48804867072}
{"step": 1163, "epoch": 3, "loss": 0.04592866579613555, "lr": 8.363061145131717e-06, "grad_norm": 0.73828125, "peak_allocated": 48804867072}
{"step": 1164, "epoch": 3, "loss": 0.027645380334842252, "lr": 8.359882262743637e-06, "grad_norm": 0.77734375, "peak_allocated": 48804867072}
{"step": 1165, "epoch": 3, "loss": 0.029730103161228802, "lr": 8.356700902155428e-06, "grad_norm": 1.0078125, "peak_allocated": 48804867072}
{"step": 1166, "epoch": 3, "loss": 0.0326959306005774, "lr": 8.353517065713614e-06, "grad_norm": 0.75, "peak_allocated": 48804867072}
{"step": 1167, "epoch": 3, "loss": 0.041256704463425664, "lr": 8.350330755766546e-06, "grad_norm": 1.0703125, "peak_allocated": 48804867072}
{"step": 1168, "epoch": 3, "loss": 0.0397380467721671, "lr": 8.3471419746644e-06, "grad_norm": 1.015625, "peak_allocated": 48804867072}
{"step": 1169, "epoch": 3, "loss": 0.053280106648879805, "lr": 8.343950724759174e-06, "grad_norm": 1.1953125, "peak_allocated": 48804867072}
{"step": 1170, "epoch": 3, "loss": 0.05626904041217952, "lr": 8.340757008404687e-06, "grad_norm": 1.125, "peak_allocated": 48804867072}
{"step": 1171, "epoch": 3, "loss": 0.03906113426824673, "lr": 8.337560827956578e-06, "grad_norm": 0.82421875, "peak_allocated": 48804867072}
{"step": 1172, "epoch": 3, "loss": 0.02146832826820596, "lr": 8.334362185772303e-06, "grad_norm": 1.0078125, "peak_allocated": 48804867072}
{"step": 1173, "epoch": 3, "loss": 0.05500082455626657, "lr": 8.331161084211134e-06, "grad_norm": 1.203125, "peak_allocated": 48804867072}
{"step": 1174, "epoch": 3, "loss": 0.04403137904315198, "lr": 8.327957525634159e-06, "grad_norm": 0.9296875, "peak_allocated": 48804867072}
{"step": 1175, "epoch": 3, "loss": 0.030921009939682588, "lr": 8.324751512404272e-06, "grad_norm": 0.9453125, "peak_allocated": 48804867072}
{"step": 1176, "epoch": 3, "loss": 0.02248605940790234, "lr": 8.321543046886183e-06, "grad_norm": 0.75, "peak_allocated": 48804867072}
{"step": 1177, "epoch": 3, "loss": 0.04277671360064519, "lr": 8.318332131446412e-06, "grad_norm": 1.09375, "peak_allocated": 48804867072}
{"step": 1178, "epoch": 3, "loss": 0.03662174346858268, "lr": 8.31511876845328e-06, "grad_norm": 0.8515625, "peak_allocated": 48804867072}
{"step": 1179, "epoch": 3, "loss": 0.03664475155584627, "lr": 8.311902960276917e-06, "grad_norm": 1.109375, "peak_allocated": 48804867072}
{"step": 1180, "epoch": 3, "loss": 0.04429289641078642, "lr": 8.308684709289256e-06, "grad_norm": 1.109375, "peak_allocated": 48804867072}
{"step": 1181, "epoch": 3, "loss": 0.03901320257676349, "lr": 8.305464017864035e-06, "grad_norm": 0.98046875, "peak_allocated": 48804867072}
{"step": 1182, "epoch": 3, "loss": 0.046114977371763725, "lr": 8.302240888376787e-06, "grad_norm": 1.0625, "peak_allocated": 48804867072}
{"step": 1183, "epoch": 3, "loss": 0.044429580281729726, "lr": 8.299015323204846e-06, "grad_norm": 0.9296875, "peak_allocated": 48804867072}
{"step": 1184, "epoch": 3, "loss": 0.05227344970913028, "lr": 8.29578732472734e-06, "grad_norm": 1.09375, "peak_allocated": 48804867072}
{"step": 1185, "epoch": 3, "loss": 0.02945506595286484, "lr": 8.292556895325195e-06, "grad_norm": 0.8828125, "peak_allocated": 48804867072}
{"step": 1186, "epoch": 3, "loss": 0.04602084102394851, "lr": 8.289324037381127e-06, "grad_norm": 1.0703125, "peak_allocated": 48804867072}
{"step": 1187, "epoch": 3, "loss": 0.030795076124988517, "lr": 8.286088753279647e-06, "grad_norm": 1.203125, "peak_allocated": 48804867072}
{"step": 1188, "epoch": 3, "loss": 0.037763879456553094, "lr": 8.282851045407052e-06, "grad_norm": 1.015625, "peak_allocated": 48804867072}
{"step": 1189, "epoch": 3, "loss": 0.04350765691166837, "lr": 8.27961091615143e-06, "grad_norm": 0.91796875, "peak_allocated": 48804867072}
{"step": 1190, "epoch": 3, "loss": 0.03222446535003264, "lr": 8.27636836790265e-06, "grad_norm": 0.88671875, "peak_allocated": 48804867072}
{"step": 1191, "epoch": 3, "loss": 0.04014847113819133, "lr": 8.27312340305237e-06, "grad_norm": 1.1640625, "peak_allocated": 48804867072}
{"step": 1192, "epoch": 3, "loss": 0.05799179506346814, "lr": 8.269876023994029e-06, "grad_norm": 1.203125, "peak_allocated": 48804867072}
{"step": 1193, "epoch": 3, "loss": 0.040137286366960526, "lr": 8.266626233122845e-06, "grad_norm": 0.9765625, "peak_allocated": 48804867072}
{"step": 1194, "epoch": 3, "loss": 0.05111763152232665, "lr": 8.263374032835818e-06, "grad_norm": 1.28125, "peak_allocated": 48804867072}
{"step": 1195, "epoch": 3, "loss": 0.034604653181492945, "lr": 8.260119425531724e-06, "grad_norm": 0.8359375, "peak_allocated": 48804867072}
{"step": 1196, "epoch": 3, "loss": 0.04058805301970349, "lr": 8.256862413611113e-06, "grad_norm": 1.0234375, "peak_allocated": 48804867072}
{"step": 1197, "epoch": 3, "loss": 0.03797384485640702, "lr": 8.253602999476307e-06, "grad_norm": 0.9296875, "peak_allocated": 48804867072}
{"step": 1198, "epoch": 3, "loss": 0.047053834541936464, "lr": 8.250341185531405e-06, "grad_norm": 1.0546875, "peak_allocated": 48804867072}
{"step": 1199, "epoch": 3, "loss": 0.05710741748781545, "lr": 8.247076974182273e-06, "grad_norm": 0.9375, "peak_allocated": 48804867072}
{"step": 1200, "epoch": 3, "loss": 0.03275841394613222, "lr": 8.243810367836544e-06, "grad_norm": 0.90234375, "peak_allocated": 48804867072}
{"step": 1201, "epoch": 3, "loss": 0.029664553865709372, "lr": 8.240541368903623e-06, "grad_norm": 0.75390625, "peak_allocated": 48804867072}
{"step": 1202, "epoch": 3, "loss": 0.020671438688057518, "lr": 8.237269979794674e-06, "grad_norm": 0.71875, "peak_allocated": 48804867072}
{"step": 1203, "epoch": 3, "loss": 0.03820915780241571, "lr": 8.233996202922623e-06, "grad_norm": 0.87890625, "peak_allocated": 48804867072}
{"step": 1204, "epoch": 3, "loss": 0.027681438441940244, "lr": 8.230720040702163e-06, "grad_norm": 1.015625, "peak_allocated": 48804867072}
{"step": 1205, "epoch": 3, "loss": 0.022455241488895925, "lr": 8.227441495549744e-06, "grad_norm": 1.1953125, "peak_allocated": 48804867072}
{"step": 1206, "epoch": 3, "loss": 0.045001774174508395, "lr": 8.224160569883571e-06, "grad_norm": 0.96875, "peak_allocated": 48804867072}
{"step": 1207, "epoch": 3, "loss": 0.039881732782696765, "lr": 8.220877266123608e-06, "grad_norm": 0.9296875, "peak_allocated": 48804867072}
{"step": 1208, "epoch": 3, "loss": 0.04146698505933457, "lr": 8.217591586691572e-06, "grad_norm": 1.140625, "peak_allocated": 48804867072}
{"step": 1209, "epoch": 3, "loss": 0.056496217300484826, "lr": 8.214303534010932e-06, "grad_norm": 1.2265625, "peak_allocated": 48804867072}
{"step": 1210, "epoch": 3, "loss": 0.04105581917938131, "lr": 8.211013110506907e-06, "grad_norm": 1.015625, "peak_allocated": 48804867072}
{"step": 1211, "epoch": 3, "loss": 0.03336526642667652, "lr": 8.207720318606467e-06, "grad_norm": 1.3515625, "peak_allocated": 48804867072}
{"step": 1212, "epoch": 3, "loss": 0.05520520904893561, "lr": 8.204425160738326e-06, "grad_norm": 1.015625, "peak_allocated": 48804867072}
{"step": 1213, "epoch": 3, "loss": 0.039688273164194016, "lr": 8.201127639332944e-06, "grad_norm": 0.921875, "peak_allocated": 48804867072}
{"step": 1214, "epoch": 3, "loss": 0.03499656263554193, "lr": 8.197827756822527e-06, "grad_norm": 1.078125, "peak_allocated": 48804867072}
{"step": 1215, "epoch": 3, "loss": 0.045170537258646934, "lr": 8.194525515641016e-06, "grad_norm": 0.87890625, "peak_allocated": 48804867072}
{"step": 1216, "epoch": 3, "loss": 0.03814145816908538, "lr": 8.191220918224102e-06, "grad_norm": 0.8046875, "peak_allocated": 48804867072}
{"step": 1217, "epoch": 3, "loss": 0.02797477112017946, "lr": 8.187913967009202e-06, "grad_norm": 0.8125, "peak_allocated": 48804867072}
{"step": 1218, "epoch": 3, "loss": 0.05583570525520684, "lr": 8.184604664435477e-06, "grad_norm": 1.2109375, "peak_allocated": 48804867072}
{"step": 1219, "epoch": 3, "loss": 0.05273621263979197, "lr": 8.18129301294382e-06, "grad_norm": 1.0546875, "peak_allocated": 48804867072}
{"step": 1220, "epoch": 3, "loss": 0.05646747924516726, "lr": 8.17797901497686e-06, "grad_norm": 1.28125, "peak_allocated": 48804867072}
{"step": 1221, "epoch": 3, "loss": 0.04176048856910002, "lr": 8.17466267297895e-06, "grad_norm": 1.1796875, "peak_allocated": 48804867072}
{"step": 1222, "epoch": 3, "loss": 0.04458612596513508, "lr": 8.171343989396174e-06, "grad_norm": 0.94921875, "peak_allocated": 48804867072}
{"step": 1223, "epoch": 3, "loss": 0.04830680284740256, "lr": 8.16802296667635e-06, "grad_norm": 1.078125, "peak_allocated": 48804867072}
{"step": 1224, "epoch": 3, "loss": 0.02689874757450613, "lr": 8.164699607269012e-06, "grad_norm": 0.8125, "peak_allocated": 48804867072}
{"step": 1225, "epoch": 3, "loss": 0.036209200437777776, "lr": 8.16137391362542e-06, "grad_norm": 1.1015625, "peak_allocated": 48804867072}
{"step": 1226, "epoch": 3, "loss": 0.039566494519946614, "lr": 8.15804588819856e-06, "grad_norm": 1.4296875, "peak_allocated": 48804867072}
{"step": 1227, "epoch": 3, "loss": 0.036189054760783636, "lr": 8.154715533443137e-06, "grad_norm": 0.9765625, "peak_allocated": 48804867072}
{"step": 1228, "epoch": 3, "loss": 0.038794943491064354, "lr": 8.151382851815568e-06, "grad_norm": 1.078125, "peak_allocated": 48804867072}
{"step": 1229, "epoch": 3, "loss": 0.0448134192611697, "lr": 8.148047845773991e-06, "grad_norm": 0.9921875, "peak_allocated": 48804867072}
{"step": 1230, "epoch": 3, "loss": 0.05013431444789958, "lr": 8.14471051777826e-06, "grad_norm": 1.125, "peak_allocated": 48804867072}
{"step": 1231, "epoch": 3, "loss": 0.055009273430488045, "lr": 8.141370870289937e-06, "grad_norm": 1.2734375, "peak_allocated": 48804867072}
{"step": 1232, "epoch": 3, "loss": 0.046962121437295515, "lr": 8.138028905772298e-06, "grad_norm": 1.0859375, "peak_allocated": 48804867072}
{"step": 1233, "epoch": 3, "loss": 0.03513122788091404, "lr": 8.134684626690328e-06, "grad_norm": 0.86328125, "peak_allocated": 48804867072}
{"step": 1234, "epoch": 3, "loss": 0.04614576537778155, "lr": 8.131338035510716e-06, "grad_norm": 1.0703125, "peak_allocated": 48804867072}
{"step": 1235, "epoch": 3, "loss": 0.0315613464553017, "lr": 8.127989134701863e-06, "grad_norm": 0.953125, "peak_allocated": 48804867072}
{"step": 1236, "epoch": 3, "loss": 0.05906744238249294, "lr": 8.124637926733867e-06, "grad_norm": 1.125, "peak_allocated": 48804867072}
{"step": 1237, "epoch": 3, "loss": 0.036373800883636724, "lr": 8.12128441407853e-06, "grad_norm": 0.98828125, "peak_allocated": 48804867072}
{"step": 1238, "epoch": 3, "loss": 0.03947538499885262, "lr": 8.117928599209354e-06, "grad_norm": 1.0625, "peak_allocated": 48804867072}
{"step": 1239, "epoch": 3, "loss": 0.029085040191041005, "lr": 8.11457048460154e-06, "grad_norm": 0.8046875, "peak_allocated": 48804867072}
{"step": 1240, "epoch": 3, "loss": 0.05648182953695972, "lr": 8.111210072731983e-06, "grad_norm": 1.1484375, "peak_allocated": 48804867072}
{"step": 1241, "epoch": 3, "loss": 0.04875452272878102, "lr": 8.107847366079275e-06, "grad_norm": 1.0859375, "peak_allocated": 48804867072}
{"step": 1242, "epoch": 3, "loss": 0.03443286999214211, "lr": 8.104482367123697e-06, "grad_norm": 0.8046875, "peak_allocated": 48804867072}
{"step": 1243, "epoch": 3, "loss": 0.03317177434706795, "lr": 8.101115078347228e-06, "grad_norm": 1.0625, "peak_allocated": 48804867072}
{"step": 1244, "epoch": 3, "loss": 0.02516744175473588, "lr": 8.097745502233526e-06, "grad_norm": 0.875, "peak_allocated": 48804867072}
{"step": 1245, "epoch": 3, "loss": 0.05153448602388459, "lr": 8.094373641267942e-06, "grad_norm": 1.3046875, "peak_allocated": 48804867072}
{"step": 1246, "epoch": 3, "loss": 0.055931088221245595, "lr": 8.090999497937515e-06, "grad_norm": 1.2421875, "peak_allocated": 48804867072}
{"step": 1247, "epoch": 3, "loss": 0.030098356500273586, "lr": 8.08762307473096e-06, "grad_norm": 0.88671875, "peak_allocated": 48804867072}
{"step": 1248, "epoch": 3, "loss": 0.04820427811916697, "lr": 8.08424437413868e-06, "grad_norm": 1.1015625, "peak_allocated": 48804867072}
{"step": 1249, "epoch": 3, "loss": 0.04870506533101868, "lr": 8.080863398652753e-06, "grad_norm": 1.28125, "peak_allocated": 48804867072}
{"step": 1250, "epoch": 3, "loss": 0.0333303959872586, "lr": 8.07748015076694e-06, "grad_norm": 0.984375, "peak_allocated": 48804867072}
{"step": 1251, "epoch": 3, "loss": 0.021291774133172986, "lr": 8.074094632976673e-06, "grad_norm": 0.8359375, "peak_allocated": 48804867072}
{"step": 1252, "epoch": 3, "loss": 0.03649112267333597, "lr": 8.07070684777906e-06, "grad_norm": 0.8515625, "peak_allocated": 48804867072}
{"step": 1253, "epoch": 3, "loss": 0.044020223913959065, "lr": 8.067316797672883e-06, "grad_norm": 1.1640625, "peak_allocated": 48804867072}
{"step": 1254, "epoch": 3, "loss": 0.039080416278469685, "lr": 8.063924485158595e-06, "grad_norm": 0.921875, "peak_allocated": 48804867072}
{"step": 1255, "epoch": 3, "loss": 0.03256291700124186, "lr": 8.060529912738316e-06, "grad_norm": 1.2890625, "peak_allocated": 48804867072}
{"step": 1256, "epoch": 3, "loss": 0.03609200614137371, "lr": 8.05713308291583e-06, "grad_norm": 0.96875, "peak_allocated": 48804867072}
{"step": 1257, "epoch": 3, "loss": 0.058294339659116505, "lr": 8.05373399819659e-06, "grad_norm": 1.3359375, "peak_allocated": 48804867072}
{"step": 1258, "epoch": 3, "loss": 0.052607868042064104, "lr": 8.050332661087715e-06, "grad_norm": 1.203125, "peak_allocated": 48804867072}
{"step": 1259, "epoch": 3, "loss": 0.048225888270892, "lr": 8.046929074097978e-06, "grad_norm": 1.0234375, "peak_allocated": 48804867072}
{"step": 1260, "epoch": 3, "loss": 0.05154235460153947, "lr": 8.043523239737815e-06, "grad_norm": 1.046875, "peak_allocated": 48804867072}
{"step": 1261, "epoch": 3, "loss": 0.0350364282119975, "lr": 8.040115160519322e-06, "grad_norm": 1.0546875, "peak_allocated": 48804867072}
{"step": 1262, "epoch": 3, "loss": 0.03419767786267661, "lr": 8.036704838956246e-06, "grad_norm": 1.0390625, "peak_allocated": 48804867072}
{"step": 1263, "epoch": 3, "loss": 0.03843593321661239, "lr": 8.033292277563994e-06, "grad_norm": 0.953125, "peak_allocated": 48804867072}
{"step": 1264, "epoch": 3, "loss": 0.022144530309559887, "lr": 8.029877478859615e-06, "grad_norm": 1.0859375, "peak_allocated": 48804867072}
{"step": 1265, "epoch": 3, "loss": 0.035189792565496404, "lr": 8.026460445361822e-06, "grad_norm": 1.140625, "peak_allocated": 48804867072}
{"step": 1266, "epoch": 3, "loss": 0.03862932763041489, "lr": 8.023041179590966e-06, "grad_norm": 0.9765625, "peak_allocated": 48804867072}
{"step": 1267, "epoch": 3, "loss": 0.043316640257205254, "lr": 8.019619684069047e-06, "grad_norm": 1.140625, "peak_allocated": 48804867072}
{"step": 1268, "epoch": 3, "loss": 0.04843867106883302, "lr": 8.016195961319709e-06, "grad_norm": 1.265625, "peak_allocated": 48804867072}
{"step": 1269, "epoch": 3, "loss": 0.05828485082838132, "lr": 8.012770013868244e-06, "grad_norm": 1.1484375, "peak_allocated": 48804867072}
{"step": 1270, "epoch": 3, "loss": 0.022550335119363423, "lr": 8.009341844241577e-06, "grad_norm": 1.0078125, "peak_allocated": 48804867072}
{"step": 1271, "epoch": 3, "loss": 0.022587934579625595, "lr": 8.005911454968278e-06, "grad_norm": 0.82421875, "peak_allocated": 48804867072}
{"step": 1272, "epoch": 3, "loss": 0.03471809689466192, "lr": 8.00247884857855e-06, "grad_norm": 1.234375, "peak_allocated": 48804867072}
{"step": 1273, "epoch": 3, "loss": 0.02525680558478374, "lr": 7.999044027604237e-06, "grad_norm": 1.0078125, "peak_allocated": 48804867072}
{"step": 1274, "epoch": 3, "loss": 0.04225071943164213, "lr": 7.995606994578809e-06, "grad_norm": 1.0390625, "peak_allocated": 48804867072}
{"step": 1275, "epoch": 3, "loss": 0.06735754048555305, "lr": 7.992167752037375e-06, "grad_norm": 1.21875, "peak_allocated": 48804867072}
{"step": 1276, "epoch": 3, "loss": 0.03440792347027442, "lr": 7.988726302516665e-06, "grad_norm": 0.9765625, "peak_allocated": 48804867072}
{"step": 1277, "epoch": 3, "loss": 0.024448360712208156, "lr": 7.985282648555049e-06, "grad_norm": 0.95703125, "peak_allocated": 48804867072}
{"step": 1278, "epoch": 3, "loss": 0.02287626067232399, "lr": 7.981836792692508e-06, "grad_norm": 0.95703125, "peak_allocated": 48804867072}
{"step": 1279, "epoch": 3, "loss": 0.06137089856951458, "lr": 7.978388737470662e-06, "grad_norm": 1.2265625, "peak_allocated": 48804867072}
{"step": 1280, "epoch": 3, "loss": 0.03151182020210452, "lr": 7.97493848543274e-06, "grad_norm": 0.98828125, "peak_allocated": 48804867072}
{"step": 1281, "epoch": 3, "loss": 0.044703981417855115, "lr": 7.971486039123603e-06, "grad_norm": 0.8515625, "peak_allocated": 48804867072}
{"step": 1282, "epoch": 3, "loss": 0.022978490100564377, "lr": 7.968031401089722e-06, "grad_norm": 0.8515625, "peak_allocated": 48804867072}
{"step": 1283, "epoch": 3, "loss": 0.0359485174209519, "lr": 7.96457457387919e-06, "grad_norm": 1.0546875, "peak_allocated": 48804867072}
{"step": 1284, "epoch": 3, "loss": 0.046401045088425984, "lr": 7.961115560041708e-06, "grad_norm": 1.046875, "peak_allocated": 48804867072}
{"step": 1285, "epoch": 3, "loss": 0.04691516970270452, "lr": 7.9576543621286e-06, "grad_norm": 1.40625, "peak_allocated": 48804867072}
{"step": 1286, "epoch": 3, "loss": 0.06024396123495912, "lr": 7.954190982692789e-06, "grad_norm": 1.265625, "peak_allocated": 48804867072}
{"step": 1287, "epoch": 3, "loss": 0.03387215231337101, "lr": 7.950725424288817e-06, "grad_norm": 0.93359375, "peak_allocated": 48804867072}
{"step": 1288, "epoch": 3, "loss": 0.04993628990839676, "lr": 7.947257689472828e-06, "grad_norm": 1.328125, "peak_allocated": 48804867072}
{"step": 1289, "epoch": 3, "loss": 0.04236318456747911, "lr": 7.943787780802575e-06, "grad_norm": 1.4375, "peak_allocated": 48804867072}
{"step": 1290, "epoch": 3, "loss": 0.03561427262127841, "lr": 7.940315700837409e-06, "grad_norm": 0.95703125, "peak_allocated": 48804867072}
{"step": 1291, "epoch": 3, "loss": 0.027591942362597894, "lr": 7.936841452138285e-06, "grad_norm": 0.9609375, "peak_allocated": 48804867072}
{"step": 1292, "epoch": 3, "loss": 0.04739542705774357, "lr": 7.933365037267761e-06, "grad_norm": 1.2421875, "peak_allocated": 48804867072}
{"step": 1293, "epoch": 3, "loss": 0.04521169415821359, "lr": 7.929886458789989e-06, "grad_norm": 1.28125, "peak_allocated": 48804867072}
{"step": 1294, "epoch": 3, "loss": 0.023672901160819364, "lr": 7.926405719270715e-06, "grad_norm": 0.91015625, "peak_allocated": 48804867072}
{"step": 1295, "epoch": 3, "loss": 0.02886424474314706, "lr": 7.922922821277286e-06, "grad_norm": 1.140625, "peak_allocated": 48804867072}
{"step": 1296, "epoch": 3, "loss": 0.029590877578015103, "lr": 7.919437767378633e-06, "grad_norm": 0.921875, "peak_allocated": 48804867072}
{"step": 1297, "epoch": 3, "loss": 0.041365279894968576, "lr": 7.915950560145285e-06, "grad_norm": 1.2265625, "peak_allocated": 48804867072}
{"step": 1298, "epoch": 3, "loss": 0.059644962431404214, "lr": 7.91246120214935e-06, "grad_norm": 1.3828125, "peak_allocated": 48804867072}
{"step": 1299, "epoch": 3, "loss": 0.0335498591340098, "lr": 7.908969695964532e-06, "grad_norm": 1.09375, "peak_allocated": 48804867072}
{"step": 1300, "epoch": 3, "loss": 0.030126744740987, "lr": 7.905476044166112e-06, "grad_norm": 0.96484375, "peak_allocated": 48804867072}
{"step": 1301, "epoch": 3, "loss": 0.045389203214306985, "lr": 7.901980249330958e-06, "grad_norm": 1.125, "peak_allocated": 48804867072}
{"step": 1302, "epoch": 3, "loss": 0.03895058399500594, "lr": 7.89848231403752e-06, "grad_norm": 1.0078125, "peak_allocated": 48804867072}
{"step": 1303, "epoch": 3, "loss": 0.03182495870988819, "lr": 7.894982240865816e-06, "grad_norm": 0.98828125, "peak_allocated": 48804867072}
{"step": 1304, "epoch": 3, "loss": 0.04393537545732445, "lr": 7.891480032397458e-06, "grad_norm": 0.8828125, "peak_allocated": 48804867072}
{"step": 1305, "epoch": 3, "loss": 0.036533121385732274, "lr": 7.887975691215619e-06, "grad_norm": 1.296875, "peak_allocated": 48804867072}
{"step": 1306, "epoch": 3, "loss": 0.033790874247016066, "lr": 7.884469219905051e-06, "grad_norm": 0.91796875, "peak_allocated": 48804867072}
{"step": 1307, "epoch": 3, "loss": 0.04015531294727561, "lr": 7.880960621052075e-06, "grad_norm": 1.015625, "peak_allocated": 48804867072}
{"step": 1308, "epoch": 3, "loss": 0.05735276689232704, "lr": 7.877449897244584e-06, "grad_norm": 1.359375, "peak_allocated": 48804867072}
{"step": 1309, "epoch": 3, "loss": 0.03511626528061793, "lr": 7.873937051072037e-06, "grad_norm": 1.1953125, "peak_allocated": 48804867072}
{"step": 1310, "epoch": 3, "loss": 0.04401188907897753, "lr": 7.870422085125455e-06, "grad_norm": 1.21875, "peak_allocated": 48804867072}
{"step": 1311, "epoch": 3, "loss": 0.03659951388166865, "lr": 7.866905001997427e-06, "grad_norm": 1.1796875, "peak_allocated": 48804867072}
{"step": 1312, "epoch": 3, "loss": 0.016466067164638977, "lr": 7.863385804282104e-06, "grad_norm": 0.9765625, "peak_allocated": 48804867072}
{"step": 1313, "epoch": 3, "loss": 0.03643811437181623, "lr": 7.859864494575193e-06, "grad_norm": 1.1171875, "peak_allocated": 48804867072}
{"step": 1314, "epoch": 3, "loss": 0.027182723129226944, "lr": 7.856341075473963e-06, "grad_norm": 1.015625, "peak_allocated": 48804867072}
{"step": 1315, "epoch": 3, "loss": 0.043736683629916735, "lr": 7.852815549577233e-06, "grad_norm": 1.0859375, "peak_allocated": 48804867072}
{"step": 1316, "epoch": 3, "loss": 0.05402488783391332, "lr": 7.849287919485382e-06, "grad_norm": 1.0703125, "peak_allocated": 48804867072}
{"step": 1317, "epoch": 3, "loss": 0.03612021598440747, "lr": 7.845758187800337e-06, "grad_norm": 1.1015625, "peak_allocated": 48804867072}
{"step": 1318, "epoch": 3, "loss": 0.03194515935240352, "lr": 7.842226357125578e-06, "grad_norm": 0.99609375, "peak_allocated": 48804867072}
{"step": 1319, "epoch": 3, "loss": 0.041786052765671156, "lr": 7.83869243006613e-06, "grad_norm": 1.2421875, "peak_allocated": 48804867072}
{"step": 1320, "epoch": 3, "loss": 0.032625590635094945, "lr": 7.83515640922857e-06, "grad_norm": 0.8671875, "peak_allocated": 48804867072}
{"step": 1321, "epoch": 3, "loss": 0.031000008700289978, "lr": 7.83161829722101e-06, "grad_norm": 0.91796875, "peak_allocated": 48804867072}
{"step": 1322, "epoch": 3, "loss": 0.044677170753362444, "lr": 7.828078096653114e-06, "grad_norm": 1.109375, "peak_allocated": 48804867072}
{"step": 1323, "epoch": 3, "loss": 0.053745550172765354, "lr": 7.824535810136079e-06, "grad_norm": 1.0859375, "peak_allocated": 48804867072}
{"step": 1324, "epoch": 3, "loss": 0.03865250962456916, "lr": 7.820991440282646e-06, "grad_norm": 0.91796875, "peak_allocated": 48804867072}
{"step": 1325, "epoch": 3, "loss": 0.060296267052330786, "lr": 7.81744498970709e-06, "grad_norm": 1.5234375, "peak_allocated": 48804867072}
{"step": 1326, "epoch": 3, "loss": 0.020321887348716622, "lr": 7.813896461025221e-06, "grad_norm": 0.703125, "peak_allocated": 48804867072}
{"step": 1327, "epoch": 3, "loss": 0.045720179518902344, "lr": 7.810345856854381e-06, "grad_norm": 1.1328125, "peak_allocated": 48804867072}
{"step": 1328, "epoch": 3, "loss": 0.049121656652381974, "lr": 7.806793179813447e-06, "grad_norm": 0.94140625, "peak_allocated": 48804867072}
{"step": 1329, "epoch": 3, "loss": 0.037138890381992876, "lr": 7.803238432522816e-06, "grad_norm": 0.91796875, "peak_allocated": 48804867072}
{"step": 1330, "epoch": 3, "loss": 0.024391105996094453, "lr": 7.799681617604426e-06, "grad_norm": 1.0078125, "peak_allocated": 48804867072}
{"step": 1331, "epoch": 3, "loss": 0.03907437343259252, "lr": 7.796122737681726e-06, "grad_norm": 0.953125, "peak_allocated": 48804867072}
{"step": 1332, "epoch": 3, "loss": 0.0435520880784341, "lr": 7.792561795379695e-06, "grad_norm": 0.921875, "peak_allocated": 48804867072}
{"step": 1333, "epoch": 3, "loss": 0.04043196648970446, "lr": 7.788998793324828e-06, "grad_norm": 1.0859375, "peak_allocated": 48804867072}
{"step": 1334, "epoch": 3, "loss": 0.028849996877444578, "lr": 7.785433734145153e-06, "grad_norm": 1.1953125, "peak_allocated": 48804867072}
{"step": 1335, "epoch": 3, "loss": 0.032923569931892445, "lr": 7.781866620470197e-06, "grad_norm": 0.94140625, "peak_allocated": 48804867072}
{"step": 1336, "epoch": 3, "loss": 0.041330298820545355, "lr": 7.778297454931015e-06, "grad_norm": 1.046875, "peak_allocated": 48804867072}
{"step": 1337, "epoch": 3, "loss": 0.04648563817783133, "lr": 7.774726240160171e-06, "grad_norm": 0.99609375, "peak_allocated": 48804867072}
{"step": 1338, "epoch": 3, "loss": 0.06431514675075069, "lr": 7.771152978791741e-06, "grad_norm": 1.3828125, "peak_allocated": 48804867072}
{"step": 1339, "epoch": 3, "loss": 0.030822952470875832, "lr": 7.767577673461309e-06, "grad_norm": 1.046875, "peak_allocated": 48804867072}
{"step": 1340, "epoch": 3, "loss": 0.06616792329492535, "lr": 7.764000326805967e-06, "grad_norm": 1.5234375, "peak_allocated": 48804867072}
{"step": 1341, "epoch": 3, "loss": 0.026267635280233324, "lr": 7.760420941464318e-06, "grad_norm": 0.79296875, "peak_allocated": 48804867072}
{"step": 1342, "epoch": 3, "loss": 0.044031086325571955, "lr": 7.756839520076461e-06, "grad_norm": 0.98046875, "peak_allocated": 48804867072}
{"step": 1343, "epoch": 3, "loss": 0.044286646157174085, "lr": 7.753256065284001e-06, "grad_norm": 0.97265625, "peak_allocated": 48804867072}
{"step": 1344, "epoch": 3, "loss": 0.037134100270141926, "lr": 7.749670579730045e-06, "grad_norm": 1.7421875, "peak_allocated": 48804867072}
{"step": 1345, "epoch": 3, "loss": 0.03396034252117603, "lr": 7.746083066059189e-06, "grad_norm": 0.83984375, "peak_allocated": 48804867072}
{"step": 1346, "epoch": 3, "loss": 0.04244869325860277, "lr": 7.742493526917534e-06, "grad_norm": 1.0, "peak_allocated": 48804867072}
{"step": 1347, "epoch": 3, "loss": 0.026584283428899673, "lr": 7.73890196495267e-06, "grad_norm": 0.83984375, "peak_allocated": 48804867072}
{"step": 1348, "epoch": 3, "loss": 0.04483199807483796, "lr": 7.735308382813685e-06, "grad_norm": 1.140625, "peak_allocated": 48804867072}
{"step": 1349, "epoch": 3, "loss": 0.0528312477398663, "lr": 7.731712783151149e-06, "grad_norm": 1.3828125, "peak_allocated": 48804867072}
{"step": 1350, "epoch": 3, "loss": 0.04305746042478226, "lr": 7.728115168617123e-06, "grad_norm": 1.1171875, "peak_allocated": 48804867072}
{"step": 1351, "epoch": 3, "loss": 0.05507043228814699, "lr": 7.724515541865158e-06, "grad_norm": 1.2734375, "peak_allocated": 48804867072}
{"step": 1352, "epoch": 3, "loss": 0.04312904038217557, "lr": 7.720913905550286e-06, "grad_norm": 1.125, "peak_allocated": 48804867072}
{"step": 1353, "epoch": 3, "loss": 0.04331935294157099, "lr": 7.717310262329018e-06, "grad_norm": 1.21875, "peak_allocated": 48804867072}
{"step": 1354, "epoch": 3, "loss": 0.030528220125076572, "lr": 7.713704614859353e-06, "grad_norm": 0.92578125, "peak_allocated": 48804867072}
{"step": 1355, "epoch": 3, "loss": 0.02450072867852613, "lr": 7.71009696580076e-06, "grad_norm": 0.83984375, "peak_allocated": 48804867072}
{"step": 1356, "epoch": 3, "loss": 0.04512038398313887, "lr": 7.706487317814191e-06, "grad_norm": 1.2265625, "peak_allocated": 48804867072}
{"step": 1357, "epoch": 3, "loss": 0.033654998054878565, "lr": 7.702875673562069e-06, "grad_norm": 1.0078125, "peak_allocated": 48804867072}
{"step": 1358, "epoch": 3, "loss": 0.029486462189503043, "lr": 7.699262035708289e-06, "grad_norm": 1.0078125, "peak_allocated": 48804867072}
{"step": 1359, "epoch": 3, "loss": 0.031014931014907463, "lr": 7.69564640691822e-06, "grad_norm": 1.1484375, "peak_allocated": 48804867072}
{"step": 1360, "epoch": 3, "loss": 0.03745599581590239, "lr": 7.692028789858694e-06, "grad_norm": 1.109375, "peak_allocated": 48804867072}
{"step": 1361, "epoch": 3, "loss": 0.04240541158395948, "lr": 7.688409187198014e-06, "grad_norm": 1.1796875, "peak_allocated": 48804867072}
{"step": 1362, "epoch": 3, "loss": 0.030736107457008922, "lr": 7.684787601605946e-06, "grad_norm": 0.9140625, "peak_allocated": 48804867072}
{"step": 1363, "epoch": 3, "loss": 0.038961114166805505, "lr": 7.681164035753722e-06, "grad_norm": 1.3828125, "peak_allocated": 48804867072}
{"step": 1364, "epoch": 3, "loss": 0.03684035585590041, "lr": 7.677538492314026e-06, "grad_norm": 1.0859375, "peak_allocated": 48804867072}
{"step": 1365, "epoch": 3, "loss": 0.031982120044335496, "lr": 7.673910973961006e-06, "grad_norm": 0.828125, "peak_allocated": 48804867072}
{"step": 1366, "epoch": 3, "loss": 0.039610516037225534, "lr": 7.670281483370271e-06, "grad_norm": 0.98046875, "peak_allocated": 48804867072}
{"step": 1367, "epoch": 3, "loss": 0.038344547534475165, "lr": 7.666650023218878e-06, "grad_norm": 0.99609375, "peak_allocated": 48804867072}
{"step": 1368, "epoch": 3, "loss": 0.03666274750654622, "lr": 7.663016596185337e-06, "grad_norm": 0.9453125, "peak_allocated": 48804867072}
{"step": 1369, "epoch": 3, "loss": 0.03171724428305528, "lr": 7.659381204949614e-06, "grad_norm": 1.0078125, "peak_allocated": 48804867072}
{"step": 1370, "epoch": 3, "loss": 0.0306667475994537, "lr": 7.65574385219312e-06, "grad_norm": 1.0234375, "peak_allocated": 48804867072}
{"step": 1371, "epoch": 3, "loss": 0.02216067520729774, "lr": 7.652104540598712e-06, "grad_norm": 1.2265625, "peak_allocated": 48804867072}
{"step": 1372, "epoch": 3, "loss": 0.053505671437722155, "lr": 7.648463272850695e-06, "grad_norm": 1.1875, "peak_allocated": 48804867072}
{"step": 1373, "epoch": 3, "loss": 0.03518422636506933, "lr": 7.644820051634813e-06, "grad_norm": 1.1875, "peak_allocated": 48804867072}
{"step": 1374, "epoch": 3, "loss": 0.04107576472129153, "lr": 7.641174879638254e-06, "grad_norm": 1.1640625, "peak_allocated": 48804867072}
{"step": 1375, "epoch": 3, "loss": 0.04490158881537791, "lr": 7.637527759549643e-06, "grad_norm": 1.3046875, "peak_allocated": 48804867072}
{"step": 1376, "epoch": 3, "loss": 0.04735393041928543, "lr": 7.63387869405904e-06, "grad_norm": 1.2109375, "peak_allocated": 48804867072}
{"step": 1377, "epoch": 3, "loss": 0.039685760883018756, "lr": 7.63022768585795e-06, "grad_norm": 1.0859375, "peak_allocated": 48804867072}
{"step": 1378, "epoch": 3, "loss": 0.030736284715379352, "lr": 7.626574737639295e-06, "grad_norm": 1.1015625, "peak_allocated": 48804867072}
{"step": 1379, "epoch": 3, "loss": 0.03681049562092663, "lr": 7.62291985209744e-06, "grad_norm": 0.88671875, "peak_allocated": 48804867072}
{"step": 1380, "epoch": 3, "loss": 0.051941199191639496, "lr": 7.6192630319281765e-06, "grad_norm": 1.234375, "peak_allocated": 48804867072}
{"step": 1381, "epoch": 3, "loss": 0.04379706794740915, "lr": 7.615604279828719e-06, "grad_norm": 1.046875, "peak_allocated": 48804867072}
{"step": 1382, "epoch": 3, "loss": 0.025259594563392662, "lr": 7.611943598497713e-06, "grad_norm": 1.0859375, "peak_allocated": 48804867072}
{"step": 1383, "epoch": 3, "loss": 0.060687357363282735, "lr": 7.608280990635221e-06, "grad_norm": 1.203125, "peak_allocated": 48804867072}
{"step": 1384, "epoch": 3, "loss": 0.032222359740545416, "lr": 7.604616458942728e-06, "grad_norm": 0.94921875, "peak_allocated": 48804867072}
{"step": 1385, "epoch": 3, "loss": 0.040976748297179476, "lr": 7.600950006123142e-06, "grad_norm": 1.140625, "peak_allocated": 48804867072}
{"step": 1386, "epoch": 3, "loss": 0.03390586490248144, "lr": 7.597281634880786e-06, "grad_norm": 1.046875, "peak_allocated": 48804867072}
{"step": 1387, "epoch": 3, "loss": 0.037338626217105125, "lr": 7.5936113479213925e-06, "grad_norm": 1.015625, "peak_allocated": 48804867072}
{"step": 1388, "epoch": 3, "loss": 0.04172540829308263, "lr": 7.589939147952115e-06, "grad_norm": 1.09375, "peak_allocated": 48804867072}
{"step": 1389, "epoch": 3, "loss": 0.03274263657387246, "lr": 7.586265037681513e-06, "grad_norm": 1.0078125, "peak_allocated": 48804867072}
{"step": 1390, "epoch": 3, "loss": 0.03938447172451935, "lr": 7.582589019819557e-06, "grad_norm": 1.0625, "peak_allocated": 48804867072}
{"step": 1391, "epoch": 3, "loss": 0.030617051052638813, "lr": 7.578911097077626e-06, "grad_norm": 1.1640625, "peak_allocated": 48804867072}
{"step": 1392, "epoch": 3, "loss": 0.03420632197476085, "lr": 7.575231272168501e-06, "grad_norm": 1.0703125, "peak_allocated": 48804867072}
{"step": 1393, "epoch": 3, "loss": 0.040332643994325255, "lr": 7.571549547806365e-06, "grad_norm": 0.921875, "peak_allocated": 48804867072}
{"step": 1394, "epoch": 3, "loss": 0.03021833556240585, "lr": 7.567865926706808e-06, "grad_norm": 0.984375, "peak_allocated": 48804867072}
{"step": 1395, "epoch": 3, "loss": 0.02581924425373947, "lr": 7.5641804115868114e-06, "grad_norm": 1.0078125, "peak_allocated": 48804867072}
{"step": 1396, "epoch": 3, "loss": 0.045884582079232614, "lr": 7.5604930051647596e-06, "grad_norm": 1.40625, "peak_allocated": 48804867072}
{"step": 1397, "epoch": 3, "loss": 0.027126180907210685, "lr": 7.55680371016043e-06, "grad_norm": 0.875, "peak_allocated": 48804867072}
{"step": 1398, "epoch": 3, "loss": 0.030878050930898907, "lr": 7.5531125292949925e-06, "grad_norm": 1.09375, "peak_allocated": 48804867072}
{"step": 1399, "epoch": 3, "loss": 0.036184829420371364, "lr": 7.549419465291006e-06, "grad_norm": 0.9453125, "peak_allocated": 48804867072}
{"step": 1400, "epoch": 3, "loss": 0.03719820711441714, "lr": 7.545724520872424e-06, "grad_norm": 0.921875, "peak_allocated": 48804867072}
{"step": 1401, "epoch": 3, "loss": 0.04696144499889979, "lr": 7.5420276987645805e-06, "grad_norm": 1.3125, "peak_allocated": 48804867072}
{"step": 1402, "epoch": 3, "loss": 0.04318178444417068, "lr": 7.5383290016942e-06, "grad_norm": 1.140625, "peak_allocated": 48804867072}
{"step": 1403, "epoch": 3, "loss": 0.022043259693934173, "lr": 7.534628432389386e-06, "grad_norm": 0.83984375, "peak_allocated": 48804867072}
{"step": 1404, "epoch": 3, "loss": 0.026852534374171032, "lr": 7.530925993579626e-06, "grad_norm": 0.8984375, "peak_allocated": 48804867072}
{"step": 1405, "epoch": 3, "loss": 0.03240897977192876, "lr": 7.527221687995785e-06, "grad_norm": 0.984375, "peak_allocated": 48804867072}
{"step": 1406, "epoch": 3, "loss": 0.04447685151890344, "lr": 7.5235155183701015e-06, "grad_norm": 0.96484375, "peak_allocated": 48804867072}
{"step": 1407, "epoch": 3, "loss": 0.05490032467699932, "lr": 7.519807487436195e-06, "grad_norm": 1.0546875, "peak_allocated": 48804867072}
{"step": 1408, "epoch": 3, "loss": 0.059161720545764865, "lr": 7.516097597929053e-06, "grad_norm": 1.34375, "peak_allocated": 48804867072}
{"step": 1409, "epoch": 3, "loss": 0.03298412699548482, "lr": 7.512385852585038e-06, "grad_norm": 0.90625, "peak_allocated": 48804867072}
{"step": 1410, "epoch": 3, "loss": 0.04807232248529549, "lr": 7.508672254141877e-06, "grad_norm": 1.140625, "peak_allocated": 48804867072}
{"step": 1411, "epoch": 3, "loss": 0.04433468864148023, "lr": 7.50495680533867e-06, "grad_norm": 1.328125, "peak_allocated": 48804867072}
{"step": 1412, "epoch": 3, "loss": 0.027326540033647338, "lr": 7.501239508915874e-06, "grad_norm": 1.0703125, "peak_allocated": 48804867072}
{"step": 1413, "epoch": 3, "loss": 0.03239275157933319, "lr": 7.497520367615313e-06, "grad_norm": 0.83203125, "peak_allocated": 48804867072}
{"step": 1414, "epoch": 3, "loss": 0.05985190494692951, "lr": 7.493799384180174e-06, "grad_norm": 1.1328125, "peak_allocated": 48804867072}
{"step": 1415, "epoch": 3, "loss": 0.03399321005634938, "lr": 7.490076561354995e-06, "grad_norm": 1.109375, "peak_allocated": 48804867072}
{"step": 1416, "epoch": 3, "loss": 0.031543511912922186, "lr": 7.486351901885681e-06, "grad_norm": 0.83203125, "peak_allocated": 48804867072}
{"step": 1417, "epoch": 3, "loss": 0.03984931289043105, "lr": 7.482625408519484e-06, "grad_norm": 0.84375, "peak_allocated": 48804867072}
{"step": 1418, "epoch": 3, "loss": 0.03134444695153381, "lr": 7.478897084005012e-06, "grad_norm": 1.484375, "peak_allocated": 48804867072}
{"step": 1419, "epoch": 3, "loss": 0.043561706627910785, "lr": 7.475166931092223e-06, "grad_norm": 1.25, "peak_allocated": 48804867072}
{"step": 1420, "epoch": 3, "loss": 0.05138358465595113, "lr": 7.471434952532421e-06, "grad_norm": 1.3671875, "peak_allocated": 48804867072}
{"step": 1421, "epoch": 3, "loss": 0.031069648475034104, "lr": 7.467701151078262e-06, "grad_norm": 1.0546875, "peak_allocated": 48804867072}
{"step": 1422, "epoch": 3, "loss": 0.03643562987882256, "lr": 7.463965529483741e-06, "grad_norm": 1.0078125, "peak_allocated": 48804867072}
{"step": 1423, "epoch": 3, "loss": 0.034370362588040305, "lr": 7.460228090504199e-06, "grad_norm": 0.796875, "peak_allocated": 48804867072}
{"step": 1424, "epoch": 3, "loss": 0.056804172563310995, "lr": 7.456488836896317e-06, "grad_norm": 1.3515625, "peak_allocated": 48804867072}
{"step": 1425, "epoch": 3, "loss": 0.051302806314694915, "lr": 7.452747771418114e-06, "grad_norm": 1.0546875, "peak_allocated": 48804867072}
{"step": 1426, "epoch": 3, "loss": 0.04034136784276316, "lr": 7.4490048968289455e-06, "grad_norm": 0.92578125, "peak_allocated": 48804867072}
{"step": 1427, "epoch": 3, "loss": 0.034387316692866, "lr": 7.445260215889498e-06, "grad_norm": 1.2734375, "peak_allocated": 48804867072}
{"step": 1428, "epoch": 3, "loss": 0.05947319815324579, "lr": 7.441513731361798e-06, "grad_norm": 1.0390625, "peak_allocated": 48804867072}
{"step": 1429, "epoch": 3, "loss": 0.05535321216683241, "lr": 7.437765446009193e-06, "grad_norm": 1.2421875, "peak_allocated": 48804867072}
{"step": 1430, "epoch": 3, "loss": 0.051319568151640786, "lr": 7.4340153625963696e-06, "grad_norm": 1.09375, "peak_allocated": 48804867072}
{"step": 1431, "epoch": 3, "loss": 0.031140455951799408, "lr": 7.430263483889328e-06, "grad_norm": 0.99609375, "peak_allocated": 48804867072}
{"step": 1432, "epoch": 3, "loss": 0.03347836325992609, "lr": 7.4265098126554065e-06, "grad_norm": 1.015625, "peak_allocated": 48804867072}
{"step": 1433, "epoch": 3, "loss": 0.04291612403159581, "lr": 7.422754351663252e-06, "grad_norm": 0.99609375, "peak_allocated": 48804867072}
{"step": 1434, "epoch": 3, "loss": 0.05003137269703639, "lr": 7.4189971036828405e-06, "grad_norm": 1.0390625, "peak_allocated": 48804867072}
{"step": 1435, "epoch": 3, "loss": 0.024104804544870902, "lr": 7.415238071485462e-06, "grad_norm": 0.81640625, "peak_allocated": 48804867072}
{"step": 1436, "epoch": 3, "loss": 0.07074510354763272, "lr": 7.4114772578437245e-06, "grad_norm": 1.3359375, "peak_allocated": 48804867072}
{"step": 1437, "epoch": 3, "loss": 0.04235452279953297, "lr": 7.407714665531549e-06, "grad_norm": 1.015625, "peak_allocated": 48804867072}
{"step": 1438, "epoch": 3, "loss": 0.029408931124106426, "lr": 7.403950297324171e-06, "grad_norm": 0.8515625, "peak_allocated": 48804867072}
{"step": 1439, "epoch": 3, "loss": 0.03921907885773075, "lr": 7.400184155998131e-06, "grad_norm": 1.09375, "peak_allocated": 48804867072}
{"step": 1440, "epoch": 3, "loss": 0.05570833900106337, "lr": 7.396416244331281e-06, "grad_norm": 1.5390625, "peak_allocated": 48804867072}
{"step": 1441, "epoch": 3, "loss": 0.031754147758486666, "lr": 7.392646565102774e-06, "grad_norm": 0.9453125, "peak_allocated": 48804867072}
{"step": 1442, "epoch": 3, "loss": 0.037996958634393514, "lr": 7.388875121093077e-06, "grad_norm": 1.1640625, "peak_allocated": 48804867072}
{"step": 1443, "epoch": 3, "loss": 0.04975797382580091, "lr": 7.385101915083945e-06, "grad_norm": 1.40625, "peak_allocated": 48804867072}
{"step": 1444, "epoch": 3, "loss": 0.04090120551073224, "lr": 7.381326949858447e-06, "grad_norm": 1.0703125, "peak_allocated": 48804867072}
{"step": 1445, "epoch": 3, "loss": 0.023945262589359733, "lr": 7.377550228200937e-06, "grad_norm": 0.90234375, "peak_allocated": 48804867072}
{"step": 1446, "epoch": 3, "loss": 0.0461090323508772, "lr": 7.373771752897072e-06, "grad_norm": 1.296875, "peak_allocated": 48804867072}
{"step": 1447, "epoch": 3, "loss": 0.03636452281110987, "lr": 7.369991526733799e-06, "grad_norm": 1.03125, "peak_allocated": 48804867072}
{"step": 1448, "epoch": 3, "loss": 0.029596727939048825, "lr": 7.366209552499358e-06, "grad_norm": 0.8671875, "peak_allocated": 48804867072}
{"step": 1449, "epoch": 3, "loss": 0.04755453997778359, "lr": 7.362425832983278e-06, "grad_norm": 1.3828125, "peak_allocated": 48804867072}
{"step": 1450, "epoch": 3, "loss": 0.042397669387892814, "lr": 7.358640370976376e-06, "grad_norm": 1.1875, "peak_allocated": 48804867072}
{"step": 1451, "epoch": 3, "loss": 0.05547546482610254, "lr": 7.354853169270753e-06, "grad_norm": 1.2734375, "peak_allocated": 48804867072}
{"step": 1452, "epoch": 3, "loss": 0.048110753482781286, "lr": 7.351064230659795e-06, "grad_norm": 1.1328125, "peak_allocated": 48804867072}
{"step": 1453, "epoch": 3, "loss": 0.03917992328296996, "lr": 7.347273557938166e-06, "grad_norm": 1.2109375, "peak_allocated": 48804867072}
{"step": 1454, "epoch": 3, "loss": 0.027026755583714618, "lr": 7.34348115390181e-06, "grad_norm": 0.96875, "peak_allocated": 48804867072}
{"step": 1455, "epoch": 3, "loss": 0.030971998472128174, "lr": 7.339687021347952e-06, "grad_norm": 0.96875, "peak_allocated": 48804867072}
{"step": 1456, "epoch": 3, "loss": 0.054375643372782737, "lr": 7.3358911630750875e-06, "grad_norm": 1.2265625, "peak_allocated": 48804867072}
{"step": 1457, "epoch": 3, "loss": 0.03240256710350884, "lr": 7.332093581882984e-06, "grad_norm": 0.90625, "peak_allocated": 48804867072}
{"step": 1458, "epoch": 3, "loss": 0.036857555972204206, "lr": 7.328294280572685e-06, "grad_norm": 0.8359375, "peak_allocated": 48804867072}
{"step": 1459, "epoch": 3, "loss": 0.045374322274429196, "lr": 7.324493261946499e-06, "grad_norm": 1.15625, "peak_allocated": 48804867072}
{"step": 1460, "epoch": 3, "loss": 0.0384191972287153, "lr": 7.320690528808002e-06, "grad_norm": 1.3984375, "peak_allocated": 48804867072}
{"step": 1461, "epoch": 3, "loss": 0.03821849277919244, "lr": 7.316886083962033e-06, "grad_norm": 0.9921875, "peak_allocated": 48804867072}
{"step": 1462, "epoch": 3, "loss": 0.043688803145040325, "lr": 7.313079930214696e-06, "grad_norm": 1.109375, "peak_allocated": 48804867072}
{"step": 1463, "epoch": 3, "loss": 0.046150696790448656, "lr": 7.3092720703733545e-06, "grad_norm": 1.1796875, "peak_allocated": 48804867072}
{"step": 1464, "epoch": 3, "loss": 0.036453005461366754, "lr": 7.30546250724663e-06, "grad_norm": 1.078125, "peak_allocated": 48804867072}
{"step": 1465, "epoch": 3, "loss": 0.04774972844043984, "lr": 7.301651243644401e-06, "grad_norm": 1.0078125, "peak_allocated": 48804867072}
{"step": 1466, "epoch": 3, "loss": 0.02935146188696804, "lr": 7.297838282377801e-06, "grad_norm": 0.99609375, "peak_allocated": 48804867072}
{"step": 1467, "epoch": 3, "loss": 0.06701299770918086, "lr": 7.294023626259212e-06, "grad_norm": 1.2421875, "peak_allocated": 48804867072}
{"step": 1468, "epoch": 3, "loss": 0.04305887847867099, "lr": 7.29020727810227e-06, "grad_norm": 1.125, "peak_allocated": 48804867072}
{"step": 1469, "epoch": 3, "loss": 0.05319602659462355, "lr": 7.286389240721859e-06, "grad_norm": 1.296875, "peak_allocated": 48804867072}
{"step": 1470, "epoch": 3, "loss": 0.034789012556197846, "lr": 7.282569516934106e-06, "grad_norm": 0.890625, "peak_allocated": 48804867072}
{"step": 1471, "epoch": 3, "loss": 0.03327226818727833, "lr": 7.278748109556383e-06, "grad_norm": 1.03125, "peak_allocated": 48804867072}
{"step": 1472, "epoch": 3, "loss": 0.050017245268559475, "lr": 7.274925021407306e-06, "grad_norm": 1.2109375, "peak_allocated": 48804867072}
{"step": 1473, "epoch": 3, "loss": 0.048657767520884486, "lr": 7.2711002553067304e-06, "grad_norm": 1.03125, "peak_allocated": 48804867072}
{"step": 1474, "epoch": 3, "loss": 0.036056448480456776, "lr": 7.267273814075743e-06, "grad_norm": 0.9765625, "peak_allocated": 48804867072}
{"step": 1475, "epoch": 3, "loss": 0.03200599507702968, "lr": 7.263445700536676e-06, "grad_norm": 1.28125, "peak_allocated": 48804867072}
{"step": 1476, "epoch": 3, "loss": 0.031787719456063915, "lr": 7.259615917513088e-06, "grad_norm": 1.09375, "peak_allocated": 48804867072}
{"step": 1477, "epoch": 3, "loss": 0.0463418676859479, "lr": 7.2557844678297684e-06, "grad_norm": 1.125, "peak_allocated": 48804867072}
{"step": 1478, "epoch": 3, "loss": 0.035963769698908604, "lr": 7.251951354312743e-06, "grad_norm": 1.046875, "peak_allocated": 48804867072}
{"step": 1479, "epoch": 3, "loss": 0.02946208092001238, "lr": 7.24811657978926e-06, "grad_norm": 1.0390625, "peak_allocated": 48804867072}
{"step": 1480, "epoch": 3, "loss": 0.028980035203509214, "lr": 7.2442801470877885e-06, "grad_norm": 1.03125, "peak_allocated": 48804867072}
{"step": 1481, "epoch": 3, "loss": 0.05261736127016328, "lr": 7.2404420590380305e-06, "grad_norm": 1.4453125, "peak_allocated": 48804867072}
{"step": 1482, "epoch": 3, "loss": 0.03350836454791212, "lr": 7.2366023184709025e-06, "grad_norm": 1.1015625, "peak_allocated": 48804867072}
{"step": 1483, "epoch": 3, "loss": 0.03417828060644164, "lr": 7.232760928218539e-06, "grad_norm": 1.1171875, "peak_allocated": 48804867072}
{"step": 1484, "epoch": 3, "loss": 0.0390214768489223, "lr": 7.228917891114295e-06, "grad_norm": 0.9453125, "peak_allocated": 48804867072}
{"step": 1485, "epoch": 3, "loss": 0.05758485261244902, "lr": 7.225073209992738e-06, "grad_norm": 1.3125, "peak_allocated": 48804867072}
{"step": 1486, "epoch": 3, "loss": 0.051211958806307196, "lr": 7.221226887689649e-06, "grad_norm": 1.28125, "peak_allocated": 48804867072}
{"step": 1487, "epoch": 3, "loss": 0.029601629580388436, "lr": 7.217378927042021e-06, "grad_norm": 0.875, "peak_allocated": 48804867072}
{"step": 1488, "epoch": 3, "loss": 0.06126125033514233, "lr": 7.2135293308880505e-06, "grad_norm": 1.2578125, "peak_allocated": 48804867072}
{"step": 1489, "epoch": 3, "loss": 0.024513651769265836, "lr": 7.209678102067146e-06, "grad_norm": 0.85546875, "peak_allocated": 48804867072}
{"step": 1490, "epoch": 3, "loss": 0.024766783505752763, "lr": 7.205825243419915e-06, "grad_norm": 0.84375, "peak_allocated": 48804867072}
{"step": 1491, "epoch": 3, "loss": 0.03178043281382305, "lr": 7.201970757788172e-06, "grad_norm": 0.91015625, "peak_allocated": 48804867072}
{"step": 1492, "epoch": 3, "loss": 0.06949396444509849, "lr": 7.1981146480149285e-06, "grad_norm": 1.28125, "peak_allocated": 48804867072}
{"step": 1493, "epoch": 3, "loss": 0.037857731878471836, "lr": 7.194256916944397e-06, "grad_norm": 0.921875, "peak_allocated": 48804867072}
{"step": 1494, "epoch": 3, "loss": 0.040669476286591594, "lr": 7.190397567421978e-06, "grad_norm": 1.1328125, "peak_allocated": 48804867072}
{"step": 1495, "epoch": 3, "loss": 0.04489426188050267, "lr": 7.186536602294278e-06, "grad_norm": 1.15625, "peak_allocated": 48804867072}
{"step": 1496, "epoch": 3, "loss": 0.037578300637950965, "lr": 7.182674024409084e-06, "grad_norm": 0.99609375, "peak_allocated": 48804867072}
{"step": 1497, "epoch": 3, "loss": 0.03408545013645489, "lr": 7.178809836615379e-06, "grad_norm": 1.1796875, "peak_allocated": 48804867072}
{"step": 1498, "epoch": 3, "loss": 0.03541082020863429, "lr": 7.174944041763332e-06, "grad_norm": 0.87109375, "peak_allocated": 48804867072}
{"step": 1499, "epoch": 3, "loss": 0.045505647147763395, "lr": 7.171076642704296e-06, "grad_norm": 1.203125, "peak_allocated": 48804867072}
{"step": 1500, "epoch": 3, "loss": 0.053576832105170204, "lr": 7.167207642290808e-06, "grad_norm": 1.046875, "peak_allocated": 48804867072}
{"event": "train_stage", "stage": "checkpoint_published", "rank": 0, "local_rank": 0, "world_size": 4, "checkpoint": "step-00001500-0b998c38", "best": false}
{"step": 1501, "epoch": 3, "loss": 0.059970923039944196, "lr": 7.163337043376586e-06, "grad_norm": 1.546875, "peak_allocated": 48804867072}
{"step": 1502, "epoch": 3, "loss": 0.029721498202873932, "lr": 7.159464848816526e-06, "grad_norm": 1.109375, "peak_allocated": 48804867072}
{"step": 1503, "epoch": 3, "loss": 0.04690428342779451, "lr": 7.155591061466707e-06, "grad_norm": 1.0859375, "peak_allocated": 48804867072}
{"step": 1504, "epoch": 3, "loss": 0.027895112225405853, "lr": 7.151715684184373e-06, "grad_norm": 0.79296875, "peak_allocated": 48804867072}
{"step": 1505, "epoch": 3, "loss": 0.04471512401895906, "lr": 7.147838719827948e-06, "grad_norm": 1.203125, "peak_allocated": 48804867072}
{"step": 1506, "epoch": 3, "loss": 0.03243094422326925, "lr": 7.143960171257025e-06, "grad_norm": 1.0234375, "peak_allocated": 48804867072}
{"step": 1507, "epoch": 3, "loss": 0.021345102008897995, "lr": 7.140080041332364e-06, "grad_norm": 0.84765625, "peak_allocated": 48804867072}
{"step": 1508, "epoch": 3, "loss": 0.041903003257829245, "lr": 7.1361983329158915e-06, "grad_norm": 1.3828125, "peak_allocated": 48804867072}
{"step": 1509, "epoch": 3, "loss": 0.04188382189908898, "lr": 7.1323150488707e-06, "grad_norm": 1.0703125, "peak_allocated": 48804867072}
{"step": 1510, "epoch": 3, "loss": 0.04404740469688885, "lr": 7.128430192061041e-06, "grad_norm": 1.2578125, "peak_allocated": 48804867072}
{"step": 1511, "epoch": 3, "loss": 0.03861550554064339, "lr": 7.1245437653523305e-06, "grad_norm": 1.0703125, "peak_allocated": 48804867072}
{"step": 1512, "epoch": 3, "loss": 0.052000781597264276, "lr": 7.12065577161114e-06, "grad_norm": 1.109375, "peak_allocated": 48804867072}
{"step": 1513, "epoch": 3, "loss": 0.04594399846446911, "lr": 7.1167662137051985e-06, "grad_norm": 1.1875, "peak_allocated": 48804867072}
{"step": 1514, "epoch": 3, "loss": 0.03694674972415713, "lr": 7.112875094503382e-06, "grad_norm": 1.1953125, "peak_allocated": 48804867072}
{"step": 1515, "epoch": 3, "loss": 0.03572245790808106, "lr": 7.1089824168757285e-06, "grad_norm": 0.90625, "peak_allocated": 48804867072}
{"step": 1516, "epoch": 3, "loss": 0.039575773182484605, "lr": 7.105088183693416e-06, "grad_norm": 0.93359375, "peak_allocated": 48804867072}
{"step": 1517, "epoch": 3, "loss": 0.03649548908731455, "lr": 7.101192397828778e-06, "grad_norm": 0.96484375, "peak_allocated": 48804867072}
{"step": 1518, "epoch": 3, "loss": 0.033548178438473006, "lr": 7.0972950621552864e-06, "grad_norm": 0.9921875, "peak_allocated": 48804867072}
{"step": 1519, "epoch": 3, "loss": 0.04874932237795256, "lr": 7.0933961795475606e-06, "grad_norm": 1.3046875, "peak_allocated": 48804867072}
{"step": 1520, "epoch": 3, "loss": 0.03355168503038313, "lr": 7.089495752881359e-06, "grad_norm": 1.0, "peak_allocated": 48804867072}
{"step": 1521, "epoch": 3, "loss": 0.031355591675918254, "lr": 7.08559378503358e-06, "grad_norm": 0.95703125, "peak_allocated": 48804867072}
{"step": 1522, "epoch": 3, "loss": 0.033114046754978636, "lr": 7.081690278882258e-06, "grad_norm": 0.95703125, "peak_allocated": 48804867072}
{"step": 1523, "epoch": 3, "loss": 0.046082225537356414, "lr": 7.077785237306561e-06, "grad_norm": 1.1328125, "peak_allocated": 48804867072}
{"step": 1524, "epoch": 3, "loss": 0.035407181641908994, "lr": 7.073878663186791e-06, "grad_norm": 1.125, "peak_allocated": 48804867072}
{"step": 1525, "epoch": 3, "loss": 0.048891696068873836, "lr": 7.069970559404381e-06, "grad_norm": 1.3984375, "peak_allocated": 48804867072}
{"step": 1526, "epoch": 3, "loss": 0.04300606212218412, "lr": 7.066060928841891e-06, "grad_norm": 1.03125, "peak_allocated": 48804867072}
{"step": 1527, "epoch": 3, "loss": 0.040141866955587524, "lr": 7.062149774383009e-06, "grad_norm": 1.046875, "peak_allocated": 48804867072}
{"step": 1528, "epoch": 3, "loss": 0.04534320137241788, "lr": 7.058237098912542e-06, "grad_norm": 1.015625, "peak_allocated": 48804867072}
{"step": 1529, "epoch": 3, "loss": 0.027487828741629097, "lr": 7.054322905316424e-06, "grad_norm": 1.0390625, "peak_allocated": 48804867072}
{"step": 1530, "epoch": 3, "loss": 0.033551400477690514, "lr": 7.050407196481708e-06, "grad_norm": 1.1640625, "peak_allocated": 48804867072}
{"step": 1531, "epoch": 3, "loss": 0.03615042009618174, "lr": 7.046489975296562e-06, "grad_norm": 0.98046875, "peak_allocated": 48804867072}
{"step": 1532, "epoch": 3, "loss": 0.04228380413910281, "lr": 7.0425712446502736e-06, "grad_norm": 1.171875, "peak_allocated": 48804867072}
{"step": 1533, "epoch": 3, "loss": 0.044127248429440574, "lr": 7.03865100743324e-06, "grad_norm": 1.0078125, "peak_allocated": 48804867072}
{"step": 1534, "epoch": 3, "loss": 0.03147664521669789, "lr": 7.03472926653697e-06, "grad_norm": 1.40625, "peak_allocated": 48804867072}
{"step": 1535, "epoch": 3, "loss": 0.029380664627145354, "lr": 7.030806024854083e-06, "grad_norm": 1.15625, "peak_allocated": 48804867072}
{"step": 1536, "epoch": 3, "loss": 0.06130428681916517, "lr": 7.026881285278304e-06, "grad_norm": 1.296875, "peak_allocated": 48804867072}
{"step": 1537, "epoch": 3, "loss": 0.04398238595410474, "lr": 7.022955050704468e-06, "grad_norm": 1.265625, "peak_allocated": 48804867072}
{"step": 1538, "epoch": 3, "loss": 0.02637664099866594, "lr": 7.019027324028502e-06, "grad_norm": 0.84765625, "peak_allocated": 48804867072}
{"step": 1539, "epoch": 3, "loss": 0.03775295870211344, "lr": 7.015098108147444e-06, "grad_norm": 1.203125, "peak_allocated": 48804867072}
{"step": 1540, "epoch": 3, "loss": 0.07465163016086925, "lr": 7.011167405959427e-06, "grad_norm": 6.28125, "peak_allocated": 48804867072}
{"event": "train_stage", "stage": "validation_loss_complete", "rank": 0, "local_rank": 0, "world_size": 4, "epoch": 4, "val_loss": 0.05903979359356857, "training_seconds": 1004.89, "validation_loss_seconds": 29.48}
{"event": "train_stage", "stage": "validation_gleu_complete", "rank": 0, "local_rank": 0, "world_size": 4, "epoch": 4, "elapsed_seconds": 1726.56, "gleu": 64.254, "invalid_utf8": 0, "budget_exhausted": 0, "generation_backend": "global-prefix-guarded-greedy-v1", "cache_preliminary_skips": 148768, "cache_guard_refreshes": 1235, "max_rank_peak_allocated_bytes": 48804867072}
{"event": "train_stage", "stage": "checkpoint_published", "rank": 0, "local_rank": 0, "world_size": 4, "checkpoint": "step-00001540-d58bae0f", "best": true}
{"event": "train_stage", "stage": "epoch_complete", "rank": 0, "local_rank": 0, "world_size": 4, "epoch": 4, "global_step": 1540, "selection_metric": "val_gleu", "best": true, "val_loss": 0.05903979359356857, "val_gleu": 64.254, "elapsed_seconds": 2819.61}
{"step": 1541, "epoch": 4, "loss": 0.04374604687033551, "lr": 7.007235220363676e-06, "grad_norm": 1.15625, "peak_allocated": 48804867072}
{"step": 1542, "epoch": 4, "loss": 0.04500692847794141, "lr": 7.003301554260515e-06, "grad_norm": 1.0703125, "peak_allocated": 48804867072}
{"step": 1543, "epoch": 4, "loss": 0.035507411098582374, "lr": 6.999366410551361e-06, "grad_norm": 0.9921875, "peak_allocated": 48804867072}
{"step": 1544, "epoch": 4, "loss": 0.034132525309969956, "lr": 6.995429792138716e-06, "grad_norm": 0.81640625, "peak_allocated": 48804867072}
{"step": 1545, "epoch": 4, "loss": 0.027343570965499858, "lr": 6.991491701926174e-06, "grad_norm": 1.1015625, "peak_allocated": 48804867072}
{"step": 1546, "epoch": 4, "loss": 0.017167252276997877, "lr": 6.98755214281841e-06, "grad_norm": 0.8125, "peak_allocated": 48804867072}
{"step": 1547, "epoch": 4, "loss": 0.034348291298767826, "lr": 6.983611117721191e-06, "grad_norm": 0.8984375, "peak_allocated": 48804867072}
{"step": 1548, "epoch": 4, "loss": 0.03700471238044989, "lr": 6.979668629541352e-06, "grad_norm": 0.890625, "peak_allocated": 48804867072}
{"step": 1549, "epoch": 4, "loss": 0.04708722338950864, "lr": 6.975724681186822e-06, "grad_norm": 1.0625, "peak_allocated": 48804867072}
{"step": 1550, "epoch": 4, "loss": 0.07109803235754378, "lr": 6.971779275566593e-06, "grad_norm": 1.3203125, "peak_allocated": 48804867072}
{"step": 1551, "epoch": 4, "loss": 0.03473545479280679, "lr": 6.967832415590745e-06, "grad_norm": 1.09375, "peak_allocated": 48804867072}
{"step": 1552, "epoch": 4, "loss": 0.05229129764886569, "lr": 6.96388410417042e-06, "grad_norm": 1.046875, "peak_allocated": 48804867072}
{"step": 1553, "epoch": 4, "loss": 0.04809394440145056, "lr": 6.959934344217838e-06, "grad_norm": 1.34375, "peak_allocated": 48804867072}
{"step": 1554, "epoch": 4, "loss": 0.015675476326815634, "lr": 6.955983138646281e-06, "grad_norm": 0.6875, "peak_allocated": 48804867072}
{"step": 1555, "epoch": 4, "loss": 0.021494590270066217, "lr": 6.952030490370102e-06, "grad_norm": 0.83203125, "peak_allocated": 48804867072}
{"step": 1556, "epoch": 4, "loss": 0.04404859548070412, "lr": 6.948076402304718e-06, "grad_norm": 1.0078125, "peak_allocated": 48804867072}
{"step": 1557, "epoch": 4, "loss": 0.02237597243275599, "lr": 6.944120877366605e-06, "grad_norm": 1.1328125, "peak_allocated": 48804867072}
{"step": 1558, "epoch": 4, "loss": 0.03787443365352621, "lr": 6.9401639184733e-06, "grad_norm": 1.0234375, "peak_allocated": 48804867072}
{"step": 1559, "epoch": 4, "loss": 0.02704024555037234, "lr": 6.936205528543401e-06, "grad_norm": 0.859375, "peak_allocated": 48804867072}
{"step": 1560, "epoch": 4, "loss": 0.03202122988629836, "lr": 6.932245710496556e-06, "grad_norm": 0.9609375, "peak_allocated": 48804867072}
{"step": 1561, "epoch": 4, "loss": 0.056212055317133844, "lr": 6.92828446725347e-06, "grad_norm": 1.203125, "peak_allocated": 48804867072}
{"step": 1562, "epoch": 4, "loss": 0.03084715358833382, "lr": 6.924321801735896e-06, "grad_norm": 0.94140625, "peak_allocated": 48804867072}
{"step": 1563, "epoch": 4, "loss": 0.030834965538712875, "lr": 6.920357716866644e-06, "grad_norm": 0.9140625, "peak_allocated": 48804867072}
{"step": 1564, "epoch": 4, "loss": 0.018488138841771116, "lr": 6.916392215569558e-06, "grad_norm": 1.0546875, "peak_allocated": 48804867072}
{"step": 1565, "epoch": 4, "loss": 0.037220025083797834, "lr": 6.9124253007695396e-06, "grad_norm": 1.2734375, "peak_allocated": 48804867072}
{"step": 1566, "epoch": 4, "loss": 0.035388954022906906, "lr": 6.908456975392524e-06, "grad_norm": 1.125, "peak_allocated": 48804867072}
{"step": 1567, "epoch": 4, "loss": 0.028498722761302903, "lr": 6.904487242365492e-06, "grad_norm": 1.15625, "peak_allocated": 48804867072}
{"step": 1568, "epoch": 4, "loss": 0.03910074912758481, "lr": 6.900516104616459e-06, "grad_norm": 1.125, "peak_allocated": 48804867072}
{"step": 1569, "epoch": 4, "loss": 0.02465313464522531, "lr": 6.896543565074479e-06, "grad_norm": 0.85546875, "peak_allocated": 48804867072}
{"step": 1570, "epoch": 4, "loss": 0.03310741936383647, "lr": 6.892569626669639e-06, "grad_norm": 0.93359375, "peak_allocated": 48804867072}
{"step": 1571, "epoch": 4, "loss": 0.02732039758163167, "lr": 6.888594292333061e-06, "grad_norm": 0.9296875, "peak_allocated": 48804867072}
{"step": 1572, "epoch": 4, "loss": 0.031162945846848488, "lr": 6.884617564996887e-06, "grad_norm": 1.234375, "peak_allocated": 48804867072}
{"step": 1573, "epoch": 4, "loss": 0.02311834145840482, "lr": 6.8806394475943e-06, "grad_norm": 0.83984375, "peak_allocated": 48804867072}
{"step": 1574, "epoch": 4, "loss": 0.03799404133711181, "lr": 6.876659943059498e-06, "grad_norm": 1.1640625, "peak_allocated": 48804867072}
{"step": 1575, "epoch": 4, "loss": 0.05006500018338795, "lr": 6.872679054327704e-06, "grad_norm": 1.15625, "peak_allocated": 48804867072}
{"step": 1576, "epoch": 4, "loss": 0.03687283424133548, "lr": 6.868696784335167e-06, "grad_norm": 1.2421875, "peak_allocated": 48804867072}
{"step": 1577, "epoch": 4, "loss": 0.03308517119934928, "lr": 6.864713136019149e-06, "grad_norm": 0.9453125, "peak_allocated": 48804867072}
{"step": 1578, "epoch": 4, "loss": 0.03210822026258462, "lr": 6.86072811231793e-06, "grad_norm": 0.85546875, "peak_allocated": 48804867072}
{"step": 1579, "epoch": 4, "loss": 0.030829927235391262, "lr": 6.8567417161708085e-06, "grad_norm": 1.3046875, "peak_allocated": 48804867072}
{"step": 1580, "epoch": 4, "loss": 0.0325813648230866, "lr": 6.852753950518089e-06, "grad_norm": 1.2421875, "peak_allocated": 48804867072}
{"step": 1581, "epoch": 4, "loss": 0.036401435963843716, "lr": 6.848764818301091e-06, "grad_norm": 1.125, "peak_allocated": 48804867072}
{"step": 1582, "epoch": 4, "loss": 0.02825560774972928, "lr": 6.84477432246214e-06, "grad_norm": 1.0, "peak_allocated": 48804867072}
{"step": 1583, "epoch": 4, "loss": 0.05900315846220988, "lr": 6.840782465944569e-06, "grad_norm": 1.2578125, "peak_allocated": 48804867072}
{"step": 1584, "epoch": 4, "loss": 0.014889834886287243, "lr": 6.836789251692708e-06, "grad_norm": 0.73046875, "peak_allocated": 48804867072}
{"step": 1585, "epoch": 4, "loss": 0.0317318281729596, "lr": 6.832794682651899e-06, "grad_norm": 1.25, "peak_allocated": 48804867072}
{"step": 1586, "epoch": 4, "loss": 0.023051872546712083, "lr": 6.828798761768475e-06, "grad_norm": 0.8125, "peak_allocated": 48804867072}
{"step": 1587, "epoch": 4, "loss": 0.03447882474974268, "lr": 6.82480149198977e-06, "grad_norm": 1.03125, "peak_allocated": 48804867072}
{"step": 1588, "epoch": 4, "loss": 0.063132260029086, "lr": 6.820802876264112e-06, "grad_norm": 1.21875, "peak_allocated": 48804867072}
{"step": 1589, "epoch": 4, "loss": 0.036618350185182225, "lr": 6.81680291754082e-06, "grad_norm": 1.140625, "peak_allocated": 48804867072}
{"step": 1590, "epoch": 4, "loss": 0.024654228334401694, "lr": 6.812801618770209e-06, "grad_norm": 0.8984375, "peak_allocated": 48804867072}
{"step": 1591, "epoch": 4, "loss": 0.03704911487363879, "lr": 6.808798982903573e-06, "grad_norm": 1.328125, "peak_allocated": 48804867072}
{"step": 1592, "epoch": 4, "loss": 0.05448472046017811, "lr": 6.804795012893202e-06, "grad_norm": 1.25, "peak_allocated": 48804867072}
{"step": 1593, "epoch": 4, "loss": 0.02394867209900194, "lr": 6.8007897116923645e-06, "grad_norm": 0.9296875, "peak_allocated": 48804867072}
{"step": 1594, "epoch": 4, "loss": 0.03136615932886106, "lr": 6.796783082255314e-06, "grad_norm": 1.0546875, "peak_allocated": 48804867072}
{"step": 1595, "epoch": 4, "loss": 0.031143021760314596, "lr": 6.792775127537277e-06, "grad_norm": 0.88671875, "peak_allocated": 48804867072}
{"step": 1596, "epoch": 4, "loss": 0.045127057085423486, "lr": 6.788765850494468e-06, "grad_norm": 1.375, "peak_allocated": 48804867072}
{"step": 1597, "epoch": 4, "loss": 0.026738556890362915, "lr": 6.7847552540840675e-06, "grad_norm": 1.03125, "peak_allocated": 48804867072}
{"step": 1598, "epoch": 4, "loss": 0.04519735905359777, "lr": 6.780743341264235e-06, "grad_norm": 1.4296875, "peak_allocated": 48804867072}
{"step": 1599, "epoch": 4, "loss": 0.03569840424266844, "lr": 6.7767301149941e-06, "grad_norm": 1.1640625, "peak_allocated": 48804867072}
{"step": 1600, "epoch": 4, "loss": 0.03345883358592291, "lr": 6.772715578233755e-06, "grad_norm": 1.2890625, "peak_allocated": 48804867072}
{"step": 1601, "epoch": 4, "loss": 0.03711514194249404, "lr": 6.768699733944268e-06, "grad_norm": 1.0390625, "peak_allocated": 48804867072}
{"step": 1602, "epoch": 4, "loss": 0.04771453195760485, "lr": 6.764682585087667e-06, "grad_norm": 1.21875, "peak_allocated": 48804867072}
{"step": 1603, "epoch": 4, "loss": 0.035892353385186905, "lr": 6.760664134626938e-06, "grad_norm": 1.3046875, "peak_allocated": 48804867072}
{"step": 1604, "epoch": 4, "loss": 0.034317349626656835, "lr": 6.7566443855260365e-06, "grad_norm": 0.98046875, "peak_allocated": 48804867072}
{"step": 1605, "epoch": 4, "loss": 0.02777436438643984, "lr": 6.752623340749867e-06, "grad_norm": 0.92578125, "peak_allocated": 48804867072}
{"step": 1606, "epoch": 4, "loss": 0.030471554357049103, "lr": 6.7486010032642976e-06, "grad_norm": 0.921875, "peak_allocated": 48804867072}
{"step": 1607, "epoch": 4, "loss": 0.03991229532006418, "lr": 6.744577376036144e-06, "grad_norm": 1.0078125, "peak_allocated": 48804867072}
{"step": 1608, "epoch": 4, "loss": 0.03299777552872172, "lr": 6.7405524620331715e-06, "grad_norm": 1.09375, "peak_allocated": 48804867072}
{"step": 1609, "epoch": 4, "loss": 0.04005219520782915, "lr": 6.736526264224101e-06, "grad_norm": 1.0546875, "peak_allocated": 48804867072}
{"step": 1610, "epoch": 4, "loss": 0.03577786286452327, "lr": 6.732498785578599e-06, "grad_norm": 1.125, "peak_allocated": 48804867072}
{"step": 1611, "epoch": 4, "loss": 0.03353829559381388, "lr": 6.728470029067271e-06, "grad_norm": 1.1796875, "peak_allocated": 48804867072}
{"step": 1612, "epoch": 4, "loss": 0.037826520115187126, "lr": 6.724439997661672e-06, "grad_norm": 1.3671875, "peak_allocated": 48804867072}
{"step": 1613, "epoch": 4, "loss": 0.028739741397863793, "lr": 6.720408694334293e-06, "grad_norm": 1.0234375, "peak_allocated": 48804867072}
{"step": 1614, "epoch": 4, "loss": 0.04234455223867184, "lr": 6.716376122058567e-06, "grad_norm": 1.3125, "peak_allocated": 48804867072}
{"step": 1615, "epoch": 4, "loss": 0.03017203094290436, "lr": 6.712342283808856e-06, "grad_norm": 0.96484375, "peak_allocated": 48804867072}
{"step": 1616, "epoch": 4, "loss": 0.03481281401975974, "lr": 6.708307182560463e-06, "grad_norm": 1.109375, "peak_allocated": 48804867072}
{"step": 1617, "epoch": 4, "loss": 0.04683425344344121, "lr": 6.704270821289619e-06, "grad_norm": 1.21875, "peak_allocated": 48804867072}
{"step": 1618, "epoch": 4, "loss": 0.03847173848605045, "lr": 6.700233202973486e-06, "grad_norm": 1.1484375, "peak_allocated": 48804867072}
{"step": 1619, "epoch": 4, "loss": 0.03336133417984371, "lr": 6.6961943305901515e-06, "grad_norm": 1.0625, "peak_allocated": 48804867072}
{"step": 1620, "epoch": 4, "loss": 0.039198075840254164, "lr": 6.69215420711863e-06, "grad_norm": 1.0390625, "peak_allocated": 48804867072}
{"step": 1621, "epoch": 4, "loss": 0.02730793623044595, "lr": 6.6881128355388566e-06, "grad_norm": 1.078125, "peak_allocated": 48804867072}
{"step": 1622, "epoch": 4, "loss": 0.05762750914272614, "lr": 6.684070218831688e-06, "grad_norm": 1.3671875, "peak_allocated": 48804867072}
{"step": 1623, "epoch": 4, "loss": 0.048709603063263135, "lr": 6.6800263599789e-06, "grad_norm": 1.890625, "peak_allocated": 48804867072}
{"step": 1624, "epoch": 4, "loss": 0.04030930138303312, "lr": 6.675981261963182e-06, "grad_norm": 1.1328125, "peak_allocated": 48804867072}
{"step": 1625, "epoch": 4, "loss": 0.0526187813679798, "lr": 6.671934927768143e-06, "grad_norm": 1.3046875, "peak_allocated": 48804867072}
{"step": 1626, "epoch": 4, "loss": 0.02360217818363744, "lr": 6.667887360378296e-06, "grad_norm": 1.03125, "peak_allocated": 48804867072}
{"step": 1627, "epoch": 4, "loss": 0.03427407112899328, "lr": 6.66383856277907e-06, "grad_norm": 1.0703125, "peak_allocated": 48804867072}
{"step": 1628, "epoch": 4, "loss": 0.0352114515280051, "lr": 6.6597885379567995e-06, "grad_norm": 1.1015625, "peak_allocated": 48804867072}
{"step": 1629, "epoch": 4, "loss": 0.03254378650271758, "lr": 6.65573728889872e-06, "grad_norm": 1.1875, "peak_allocated": 48804867072}
{"step": 1630, "epoch": 4, "loss": 0.030878852058758996, "lr": 6.65168481859298e-06, "grad_norm": 1.0234375, "peak_allocated": 48804867072}
{"step": 1631, "epoch": 4, "loss": 0.04160385429165097, "lr": 6.647631130028616e-06, "grad_norm": 1.0234375, "peak_allocated": 48804867072}
{"step": 1632, "epoch": 4, "loss": 0.02068068609414421, "lr": 6.6435762261955725e-06, "grad_norm": 0.9375, "peak_allocated": 48804867072}
{"step": 1633, "epoch": 4, "loss": 0.02736439424566633, "lr": 6.639520110084687e-06, "grad_norm": 1.0234375, "peak_allocated": 48804867072}
{"step": 1634, "epoch": 4, "loss": 0.03783674348505296, "lr": 6.635462784687694e-06, "grad_norm": 1.296875, "peak_allocated": 48804867072}
{"step": 1635, "epoch": 4, "loss": 0.04612960275152226, "lr": 6.631404252997213e-06, "grad_norm": 1.421875, "peak_allocated": 48804867072}
{"step": 1636, "epoch": 4, "loss": 0.04315117615438856, "lr": 6.627344518006762e-06, "grad_norm": 1.078125, "peak_allocated": 48804867072}
{"step": 1637, "epoch": 4, "loss": 0.040391015330671416, "lr": 6.623283582710739e-06, "grad_norm": 1.234375, "peak_allocated": 48804867072}
{"step": 1638, "epoch": 4, "loss": 0.04156363460517031, "lr": 6.619221450104433e-06, "grad_norm": 1.09375, "peak_allocated": 48804867072}
{"step": 1639, "epoch": 4, "loss": 0.035704903978092915, "lr": 6.615158123184012e-06, "grad_norm": 1.8125, "peak_allocated": 48804867072}
{"step": 1640, "epoch": 4, "loss": 0.02678401689331332, "lr": 6.6110936049465265e-06, "grad_norm": 1.15625, "peak_allocated": 48804867072}
{"step": 1641, "epoch": 4, "loss": 0.026131638719956368, "lr": 6.6070278983899085e-06, "grad_norm": 0.85546875, "peak_allocated": 48804867072}
{"step": 1642, "epoch": 4, "loss": 0.046281795400555006, "lr": 6.602961006512961e-06, "grad_norm": 1.140625, "peak_allocated": 48804867072}
{"step": 1643, "epoch": 4, "loss": 0.0425675487075166, "lr": 6.598892932315365e-06, "grad_norm": 1.015625, "peak_allocated": 48804867072}
{"step": 1644, "epoch": 4, "loss": 0.02325405175583204, "lr": 6.594823678797673e-06, "grad_norm": 1.0625, "peak_allocated": 48804867072}
{"step": 1645, "epoch": 4, "loss": 0.04239196005799584, "lr": 6.5907532489613065e-06, "grad_norm": 0.9765625, "peak_allocated": 48804867072}
{"step": 1646, "epoch": 4, "loss": 0.03656199450523879, "lr": 6.586681645808557e-06, "grad_norm": 1.171875, "peak_allocated": 48804867072}
{"step": 1647, "epoch": 4, "loss": 0.03748359312146214, "lr": 6.582608872342575e-06, "grad_norm": 1.140625, "peak_allocated": 48804867072}
{"step": 1648, "epoch": 4, "loss": 0.027915710819861852, "lr": 6.578534931567386e-06, "grad_norm": 1.03125, "peak_allocated": 48804867072}
{"step": 1649, "epoch": 4, "loss": 0.035041622966465305, "lr": 6.574459826487862e-06, "grad_norm": 1.375, "peak_allocated": 48804867072}
{"step": 1650, "epoch": 4, "loss": 0.029958455535871505, "lr": 6.570383560109745e-06, "grad_norm": 0.92578125, "peak_allocated": 48804867072}
{"step": 1651, "epoch": 4, "loss": 0.026480368869988807, "lr": 6.566306135439629e-06, "grad_norm": 1.3046875, "peak_allocated": 48804867072}
{"step": 1652, "epoch": 4, "loss": 0.025874726996891233, "lr": 6.5622275554849625e-06, "grad_norm": 0.99609375, "peak_allocated": 48804867072}
{"step": 1653, "epoch": 4, "loss": 0.03590315548762927, "lr": 6.558147823254045e-06, "grad_norm": 1.0390625, "peak_allocated": 48804867072}
{"step": 1654, "epoch": 4, "loss": 0.025418834574596066, "lr": 6.554066941756032e-06, "grad_norm": 1.1875, "peak_allocated": 48804867072}
{"step": 1655, "epoch": 4, "loss": 0.03585653802702853, "lr": 6.549984914000918e-06, "grad_norm": 1.1796875, "peak_allocated": 48804867072}
{"step": 1656, "epoch": 4, "loss": 0.028075945703416295, "lr": 6.54590174299955e-06, "grad_norm": 0.953125, "peak_allocated": 48804867072}
{"step": 1657, "epoch": 4, "loss": 0.06046150792153287, "lr": 6.54181743176361e-06, "grad_norm": 1.3515625, "peak_allocated": 48804867072}
{"step": 1658, "epoch": 4, "loss": 0.027529938748129715, "lr": 6.537731983305634e-06, "grad_norm": 1.0703125, "peak_allocated": 48804867072}
{"step": 1659, "epoch": 4, "loss": 0.032906038474886976, "lr": 6.533645400638984e-06, "grad_norm": 0.84765625, "peak_allocated": 48804867072}
{"step": 1660, "epoch": 4, "loss": 0.03499357569348769, "lr": 6.529557686777865e-06, "grad_norm": 1.0390625, "peak_allocated": 48804867072}
{"step": 1661, "epoch": 4, "loss": 0.01671398503745461, "lr": 6.525468844737315e-06, "grad_norm": 0.828125, "peak_allocated": 48804867072}
{"step": 1662, "epoch": 4, "loss": 0.031155906165755975, "lr": 6.521378877533206e-06, "grad_norm": 0.87109375, "peak_allocated": 48804867072}
{"step": 1663, "epoch": 4, "loss": 0.039903464190644125, "lr": 6.517287788182234e-06, "grad_norm": 1.203125, "peak_allocated": 48804867072}
{"step": 1664, "epoch": 4, "loss": 0.03208900729912031, "lr": 6.513195579701931e-06, "grad_norm": 0.96484375, "peak_allocated": 48804867072}
{"step": 1665, "epoch": 4, "loss": 0.0459599665420572, "lr": 6.509102255110647e-06, "grad_norm": 1.3125, "peak_allocated": 48804867072}
{"step": 1666, "epoch": 4, "loss": 0.031142491533818335, "lr": 6.505007817427562e-06, "grad_norm": 1.0234375, "peak_allocated": 48804867072}
{"step": 1667, "epoch": 4, "loss": 0.04580993508328977, "lr": 6.50091226967267e-06, "grad_norm": 1.375, "peak_allocated": 48804867072}
{"step": 1668, "epoch": 4, "loss": 0.02460360129796886, "lr": 6.496815614866792e-06, "grad_norm": 0.83203125, "peak_allocated": 48804867072}
{"step": 1669, "epoch": 4, "loss": 0.025447172702497824, "lr": 6.492717856031554e-06, "grad_norm": 1.078125, "peak_allocated": 48804867072}
{"step": 1670, "epoch": 4, "loss": 0.022544642405544848, "lr": 6.488618996189408e-06, "grad_norm": 0.890625, "peak_allocated": 48804867072}
{"step": 1671, "epoch": 4, "loss": 0.027019035482891484, "lr": 6.484519038363613e-06, "grad_norm": 1.046875, "peak_allocated": 48804867072}
{"step": 1672, "epoch": 4, "loss": 0.04146819724614787, "lr": 6.480417985578236e-06, "grad_norm": 1.046875, "peak_allocated": 48804867072}
{"step": 1673, "epoch": 4, "loss": 0.03823318145155585, "lr": 6.476315840858154e-06, "grad_norm": 1.1796875, "peak_allocated": 48804867072}
{"step": 1674, "epoch": 4, "loss": 0.03770515932385751, "lr": 6.472212607229051e-06, "grad_norm": 1.2421875, "peak_allocated": 48804867072}
{"step": 1675, "epoch": 4, "loss": 0.038120807637835985, "lr": 6.4681082877174115e-06, "grad_norm": 1.234375, "peak_allocated": 48804867072}
{"step": 1676, "epoch": 4, "loss": 0.016607533575583127, "lr": 6.464002885350521e-06, "grad_norm": 0.87890625, "peak_allocated": 48804867072}
{"step": 1677, "epoch": 4, "loss": 0.03055302993083057, "lr": 6.4598964031564635e-06, "grad_norm": 1.109375, "peak_allocated": 48804867072}
{"step": 1678, "epoch": 4, "loss": 0.03238278858800175, "lr": 6.4557888441641235e-06, "grad_norm": 1.2578125, "peak_allocated": 48804867072}
{"step": 1679, "epoch": 4, "loss": 0.03334845073901738, "lr": 6.451680211403173e-06, "grad_norm": 1.125, "peak_allocated": 48804867072}
{"step": 1680, "epoch": 4, "loss": 0.02473324401126079, "lr": 6.447570507904082e-06, "grad_norm": 1.1953125, "peak_allocated": 48804867072}
{"step": 1681, "epoch": 4, "loss": 0.05590769422158633, "lr": 6.443459736698106e-06, "grad_norm": 1.265625, "peak_allocated": 48804867072}
{"step": 1682, "epoch": 4, "loss": 0.02604677390161161, "lr": 6.439347900817291e-06, "grad_norm": 0.94921875, "peak_allocated": 48804867072}
{"step": 1683, "epoch": 4, "loss": 0.030992704731508933, "lr": 6.4352350032944675e-06, "grad_norm": 1.2578125, "peak_allocated": 48804867072}
{"step": 1684, "epoch": 4, "loss": 0.040603715955837345, "lr": 6.4311210471632494e-06, "grad_norm": 1.1796875, "peak_allocated": 48804867072}
{"step": 1685, "epoch": 4, "loss": 0.03460772422164627, "lr": 6.427006035458027e-06, "grad_norm": 1.34375, "peak_allocated": 48804867072}
{"step": 1686, "epoch": 4, "loss": 0.048275244137630874, "lr": 6.422889971213977e-06, "grad_norm": 1.578125, "peak_allocated": 48804867072}
{"step": 1687, "epoch": 4, "loss": 0.02856611371140429, "lr": 6.418772857467046e-06, "grad_norm": 1.15625, "peak_allocated": 48804867072}
{"step": 1688, "epoch": 4, "loss": 0.029519156952664924, "lr": 6.414654697253958e-06, "grad_norm": 0.984375, "peak_allocated": 48804867072}
{"step": 1689, "epoch": 4, "loss": 0.03502610747788116, "lr": 6.410535493612208e-06, "grad_norm": 1.1328125, "peak_allocated": 48804867072}
{"step": 1690, "epoch": 4, "loss": 0.023734512029909473, "lr": 6.40641524958006e-06, "grad_norm": 1.1328125, "peak_allocated": 48804867072}
{"step": 1691, "epoch": 4, "loss": 0.03619789026317704, "lr": 6.402293968196545e-06, "grad_norm": 1.2109375, "peak_allocated": 48804867072}
{"step": 1692, "epoch": 4, "loss": 0.0468667826710011, "lr": 6.398171652501462e-06, "grad_norm": 1.453125, "peak_allocated": 48804867072}
{"step": 1693, "epoch": 4, "loss": 0.03737056041181695, "lr": 6.39404830553537e-06, "grad_norm": 1.328125, "peak_allocated": 48804867072}
{"step": 1694, "epoch": 4, "loss": 0.039652479864501974, "lr": 6.389923930339589e-06, "grad_norm": 0.9609375, "peak_allocated": 48804867072}
{"step": 1695, "epoch": 4, "loss": 0.021989625680292016, "lr": 6.385798529956199e-06, "grad_norm": 1.0234375, "peak_allocated": 48804867072}
{"step": 1696, "epoch": 4, "loss": 0.028792251051820237, "lr": 6.3816721074280345e-06, "grad_norm": 1.0, "peak_allocated": 48804867072}
{"step": 1697, "epoch": 4, "loss": 0.028386095653789828, "lr": 6.3775446657986835e-06, "grad_norm": 0.828125, "peak_allocated": 48804867072}
{"step": 1698, "epoch": 4, "loss": 0.021463595337953823, "lr": 6.3734162081124895e-06, "grad_norm": 1.15625, "peak_allocated": 48804867072}
{"step": 1699, "epoch": 4, "loss": 0.039088915228187845, "lr": 6.369286737414539e-06, "grad_norm": 1.21875, "peak_allocated": 48804867072}
{"step": 1700, "epoch": 4, "loss": 0.029890566707421212, "lr": 6.365156256750673e-06, "grad_norm": 0.9921875, "peak_allocated": 48804867072}
{"step": 1701, "epoch": 4, "loss": 0.03901303435051144, "lr": 6.361024769167471e-06, "grad_norm": 1.0703125, "peak_allocated": 48804867072}
{"step": 1702, "epoch": 4, "loss": 0.03084135843895702, "lr": 6.35689227771226e-06, "grad_norm": 0.8671875, "peak_allocated": 48804867072}
{"step": 1703, "epoch": 4, "loss": 0.028761469146421255, "lr": 6.352758785433104e-06, "grad_norm": 1.046875, "peak_allocated": 48804867072}
{"step": 1704, "epoch": 4, "loss": 0.03644229051755139, "lr": 6.348624295378806e-06, "grad_norm": 1.0625, "peak_allocated": 48804867072}
{"step": 1705, "epoch": 4, "loss": 0.039929866659231754, "lr": 6.344488810598908e-06, "grad_norm": 1.5078125, "peak_allocated": 48804867072}
{"step": 1706, "epoch": 4, "loss": 0.041297364319187964, "lr": 6.340352334143681e-06, "grad_norm": 1.1953125, "peak_allocated": 48804867072}
{"step": 1707, "epoch": 4, "loss": 0.04323203330184046, "lr": 6.33621486906413e-06, "grad_norm": 1.234375, "peak_allocated": 48804867072}
{"step": 1708, "epoch": 4, "loss": 0.048104115471326425, "lr": 6.332076418411991e-06, "grad_norm": 1.3046875, "peak_allocated": 48804867072}
{"step": 1709, "epoch": 4, "loss": 0.050066518320500894, "lr": 6.327936985239722e-06, "grad_norm": 1.171875, "peak_allocated": 48804867072}
{"step": 1710, "epoch": 4, "loss": 0.0488560548653596, "lr": 6.323796572600509e-06, "grad_norm": 1.3984375, "peak_allocated": 48804867072}
{"step": 1711, "epoch": 4, "loss": 0.041429634613579056, "lr": 6.319655183548262e-06, "grad_norm": 0.97265625, "peak_allocated": 48804867072}
{"step": 1712, "epoch": 4, "loss": 0.03189392887109125, "lr": 6.315512821137606e-06, "grad_norm": 1.046875, "peak_allocated": 48804867072}
{"step": 1713, "epoch": 4, "loss": 0.03098651119904567, "lr": 6.3113694884238905e-06, "grad_norm": 1.125, "peak_allocated": 48804867072}
{"step": 1714, "epoch": 4, "loss": 0.036233530291140466, "lr": 6.307225188463175e-06, "grad_norm": 1.09375, "peak_allocated": 48804867072}
{"step": 1715, "epoch": 4, "loss": 0.03801286813352773, "lr": 6.303079924312236e-06, "grad_norm": 1.0859375, "peak_allocated": 48804867072}
{"step": 1716, "epoch": 4, "loss": 0.02204590673141881, "lr": 6.298933699028558e-06, "grad_norm": 0.96484375, "peak_allocated": 48804867072}
{"step": 1717, "epoch": 4, "loss": 0.03124259601393693, "lr": 6.2947865156703365e-06, "grad_norm": 1.2578125, "peak_allocated": 48804867072}
{"step": 1718, "epoch": 4, "loss": 0.03505941844727775, "lr": 6.290638377296475e-06, "grad_norm": 1.2890625, "peak_allocated": 48804867072}
{"step": 1719, "epoch": 4, "loss": 0.037786130239043814, "lr": 6.286489286966581e-06, "grad_norm": 1.0390625, "peak_allocated": 48804867072}
{"step": 1720, "epoch": 4, "loss": 0.03160099049921848, "lr": 6.282339247740959e-06, "grad_norm": 1.0234375, "peak_allocated": 48804867072}
{"step": 1721, "epoch": 4, "loss": 0.03727311528665877, "lr": 6.278188262680619e-06, "grad_norm": 1.1328125, "peak_allocated": 48804867072}
{"step": 1722, "epoch": 4, "loss": 0.035619390171917634, "lr": 6.274036334847269e-06, "grad_norm": 1.015625, "peak_allocated": 48804867072}
{"step": 1723, "epoch": 4, "loss": 0.04280548269517564, "lr": 6.269883467303308e-06, "grad_norm": 1.109375, "peak_allocated": 48804867072}
{"step": 1724, "epoch": 4, "loss": 0.0327865393082305, "lr": 6.265729663111832e-06, "grad_norm": 0.94921875, "peak_allocated": 48804867072}
{"step": 1725, "epoch": 4, "loss": 0.021730164961473012, "lr": 6.261574925336625e-06, "grad_norm": 1.0, "peak_allocated": 48804867072}
{"step": 1726, "epoch": 4, "loss": 0.032418462593437156, "lr": 6.257419257042162e-06, "grad_norm": 1.1875, "peak_allocated": 48804867072}
{"step": 1727, "epoch": 4, "loss": 0.019712051232436616, "lr": 6.2532626612936035e-06, "grad_norm": 1.0859375, "peak_allocated": 48804867072}
{"step": 1728, "epoch": 4, "loss": 0.022264406946376897, "lr": 6.249105141156792e-06, "grad_norm": 0.96484375, "peak_allocated": 48804867072}
{"step": 1729, "epoch": 4, "loss": 0.03593688179892453, "lr": 6.244946699698258e-06, "grad_norm": 0.9765625, "peak_allocated": 48804867072}
{"step": 1730, "epoch": 4, "loss": 0.023002647652797838, "lr": 6.240787339985201e-06, "grad_norm": 1.0390625, "peak_allocated": 48804867072}
{"step": 1731, "epoch": 4, "loss": 0.017467641616740758, "lr": 6.236627065085509e-06, "grad_norm": 0.8984375, "peak_allocated": 48804867072}
{"step": 1732, "epoch": 4, "loss": 0.05667346843658875, "lr": 6.232465878067737e-06, "grad_norm": 1.5234375, "peak_allocated": 48804867072}
{"step": 1733, "epoch": 4, "loss": 0.04858149125976145, "lr": 6.228303782001119e-06, "grad_norm": 1.328125, "peak_allocated": 48804867072}
{"step": 1734, "epoch": 4, "loss": 0.02399215672014075, "lr": 6.224140779955552e-06, "grad_norm": 0.98828125, "peak_allocated": 48804867072}
{"step": 1735, "epoch": 4, "loss": 0.02699997653501728, "lr": 6.21997687500161e-06, "grad_norm": 0.921875, "peak_allocated": 48804867072}
{"step": 1736, "epoch": 4, "loss": 0.056836274526101134, "lr": 6.215812070210527e-06, "grad_norm": 1.3359375, "peak_allocated": 48804867072}
{"step": 1737, "epoch": 4, "loss": 0.032041632848965516, "lr": 6.211646368654201e-06, "grad_norm": 1.3984375, "peak_allocated": 48804867072}
{"step": 1738, "epoch": 4, "loss": 0.042184064598082084, "lr": 6.207479773405194e-06, "grad_norm": 1.2109375, "peak_allocated": 48804867072}
{"step": 1739, "epoch": 4, "loss": 0.0437894236507253, "lr": 6.203312287536725e-06, "grad_norm": 1.3671875, "peak_allocated": 48804867072}
{"step": 1740, "epoch": 4, "loss": 0.03386910064769415, "lr": 6.19914391412267e-06, "grad_norm": 1.1171875, "peak_allocated": 48804867072}
{"step": 1741, "epoch": 4, "loss": 0.02066903821367358, "lr": 6.194974656237564e-06, "grad_norm": 1.296875, "peak_allocated": 48804867072}
{"step": 1742, "epoch": 4, "loss": 0.032673085793528386, "lr": 6.190804516956588e-06, "grad_norm": 1.1796875, "peak_allocated": 48804867072}
{"step": 1743, "epoch": 4, "loss": 0.029683401595071008, "lr": 6.186633499355576e-06, "grad_norm": 1.265625, "peak_allocated": 48804867072}
{"step": 1744, "epoch": 4, "loss": 0.05305732445052934, "lr": 6.182461606511008e-06, "grad_norm": 1.390625, "peak_allocated": 48804867072}
{"step": 1745, "epoch": 4, "loss": 0.032781192446311794, "lr": 6.178288841500016e-06, "grad_norm": 1.0625, "peak_allocated": 48804867072}
{"step": 1746, "epoch": 4, "loss": 0.051117533752424775, "lr": 6.174115207400365e-06, "grad_norm": 1.3359375, "peak_allocated": 48804867072}
{"step": 1747, "epoch": 4, "loss": 0.03167863204270944, "lr": 6.169940707290472e-06, "grad_norm": 1.0234375, "peak_allocated": 48804867072}
{"step": 1748, "epoch": 4, "loss": 0.03171698558382017, "lr": 6.1657653442493826e-06, "grad_norm": 0.99609375, "peak_allocated": 48804867072}
{"step": 1749, "epoch": 4, "loss": 0.03384190411549322, "lr": 6.161589121356788e-06, "grad_norm": 1.0703125, "peak_allocated": 48804867072}
{"step": 1750, "epoch": 4, "loss": 0.03915891523333518, "lr": 6.1574120416930064e-06, "grad_norm": 0.93359375, "peak_allocated": 48804867072}
{"step": 1751, "epoch": 4, "loss": 0.03050461052500487, "lr": 6.153234108338991e-06, "grad_norm": 0.8515625, "peak_allocated": 48804867072}
{"step": 1752, "epoch": 4, "loss": 0.040085691074092204, "lr": 6.149055324376324e-06, "grad_norm": 1.1953125, "peak_allocated": 48804867072}
{"step": 1753, "epoch": 4, "loss": 0.025610337694429705, "lr": 6.1448756928872185e-06, "grad_norm": 0.97265625, "peak_allocated": 48804867072}
{"step": 1754, "epoch": 4, "loss": 0.04408696745561155, "lr": 6.140695216954506e-06, "grad_norm": 1.1953125, "peak_allocated": 48804867072}
{"step": 1755, "epoch": 4, "loss": 0.03181326182304264, "lr": 6.136513899661648e-06, "grad_norm": 0.9609375, "peak_allocated": 48804867072}
{"step": 1756, "epoch": 4, "loss": 0.039985785485019486, "lr": 6.132331744092721e-06, "grad_norm": 1.203125, "peak_allocated": 48804867072}
{"step": 1757, "epoch": 4, "loss": 0.03248634068345796, "lr": 6.128148753332422e-06, "grad_norm": 1.2890625, "peak_allocated": 48804867072}
{"step": 1758, "epoch": 4, "loss": 0.02535851198033506, "lr": 6.123964930466063e-06, "grad_norm": 0.96484375, "peak_allocated": 48804867072}
{"step": 1759, "epoch": 4, "loss": 0.027050730914418283, "lr": 6.119780278579573e-06, "grad_norm": 0.89453125, "peak_allocated": 48804867072}
{"step": 1760, "epoch": 4, "loss": 0.030696571146594284, "lr": 6.115594800759489e-06, "grad_norm": 1.0625, "peak_allocated": 48804867072}
{"step": 1761, "epoch": 4, "loss": 0.0397172352469243, "lr": 6.111408500092959e-06, "grad_norm": 1.59375, "peak_allocated": 48804867072}
{"step": 1762, "epoch": 4, "loss": 0.026192283666576992, "lr": 6.107221379667736e-06, "grad_norm": 1.171875, "peak_allocated": 48804867072}
{"step": 1763, "epoch": 4, "loss": 0.034404437379688305, "lr": 6.103033442572182e-06, "grad_norm": 1.265625, "peak_allocated": 48804867072}
{"step": 1764, "epoch": 4, "loss": 0.019482263076528616, "lr": 6.098844691895252e-06, "grad_norm": 0.73828125, "peak_allocated": 48804867072}
{"step": 1765, "epoch": 4, "loss": 0.04298887091456903, "lr": 6.0946551307265145e-06, "grad_norm": 1.6953125, "peak_allocated": 48804867072}
{"step": 1766, "epoch": 4, "loss": 0.02617897455098927, "lr": 6.090464762156123e-06, "grad_norm": 0.92578125, "peak_allocated": 48804867072}
{"step": 1767, "epoch": 4, "loss": 0.013887056410755223, "lr": 6.086273589274837e-06, "grad_norm": 0.73828125, "peak_allocated": 48804867072}
{"step": 1768, "epoch": 4, "loss": 0.04086483130893283, "lr": 6.0820816151740006e-06, "grad_norm": 1.1875, "peak_allocated": 48804867072}
{"step": 1769, "epoch": 4, "loss": 0.028568391959333743, "lr": 6.077888842945556e-06, "grad_norm": 1.2109375, "peak_allocated": 48804867072}
{"step": 1770, "epoch": 4, "loss": 0.05158342535844665, "lr": 6.073695275682027e-06, "grad_norm": 1.375, "peak_allocated": 48804867072}
{"step": 1771, "epoch": 4, "loss": 0.04432495950252264, "lr": 6.069500916476532e-06, "grad_norm": 1.1640625, "peak_allocated": 48804867072}
{"step": 1772, "epoch": 4, "loss": 0.04984571470703031, "lr": 6.065305768422766e-06, "grad_norm": 1.328125, "peak_allocated": 48804867072}
{"step": 1773, "epoch": 4, "loss": 0.04506094191917876, "lr": 6.061109834615009e-06, "grad_norm": 1.9140625, "peak_allocated": 48804867072}
{"step": 1774, "epoch": 4, "loss": 0.03037511734105408, "lr": 6.056913118148122e-06, "grad_norm": 0.9140625, "peak_allocated": 48804867072}
{"step": 1775, "epoch": 4, "loss": 0.02418771572245299, "lr": 6.052715622117542e-06, "grad_norm": 1.1640625, "peak_allocated": 48804867072}
{"step": 1776, "epoch": 4, "loss": 0.021230473443415943, "lr": 6.048517349619279e-06, "grad_norm": 1.375, "peak_allocated": 48804867072}
{"step": 1777, "epoch": 4, "loss": 0.03216581833227283, "lr": 6.0443183037499205e-06, "grad_norm": 1.0703125, "peak_allocated": 48804867072}
{"step": 1778, "epoch": 4, "loss": 0.03930248837130915, "lr": 6.040118487606618e-06, "grad_norm": 1.1171875, "peak_allocated": 48804867072}
{"step": 1779, "epoch": 4, "loss": 0.05728622628527448, "lr": 6.0359179042870966e-06, "grad_norm": 1.3203125, "peak_allocated": 48804867072}
{"step": 1780, "epoch": 4, "loss": 0.039121540981120195, "lr": 6.031716556889644e-06, "grad_norm": 1.1640625, "peak_allocated": 48804867072}
{"step": 1781, "epoch": 4, "loss": 0.01644608720115554, "lr": 6.027514448513116e-06, "grad_norm": 0.93359375, "peak_allocated": 48804867072}
{"step": 1782, "epoch": 4, "loss": 0.024539442091075947, "lr": 6.023311582256921e-06, "grad_norm": 1.140625, "peak_allocated": 48804867072}
{"step": 1783, "epoch": 4, "loss": 0.036692511028009245, "lr": 6.0191079612210376e-06, "grad_norm": 1.1640625, "peak_allocated": 48804867072}
{"step": 1784, "epoch": 4, "loss": 0.04423595536057724, "lr": 6.01490358850599e-06, "grad_norm": 1.1640625, "peak_allocated": 48804867072}
{"step": 1785, "epoch": 4, "loss": 0.03636777592652074, "lr": 6.010698467212867e-06, "grad_norm": 1.3203125, "peak_allocated": 48804867072}
{"step": 1786, "epoch": 4, "loss": 0.023978108782620466, "lr": 6.006492600443301e-06, "grad_norm": 1.0078125, "peak_allocated": 48804867072}
{"step": 1787, "epoch": 4, "loss": 0.012413467408086621, "lr": 6.00228599129948e-06, "grad_norm": 1.0390625, "peak_allocated": 48804867072}
{"step": 1788, "epoch": 4, "loss": 0.028489615624849838, "lr": 5.998078642884137e-06, "grad_norm": 1.4375, "peak_allocated": 48804867072}
{"step": 1789, "epoch": 4, "loss": 0.016815085231157188, "lr": 5.993870558300551e-06, "grad_norm": 0.875, "peak_allocated": 48804867072}
{"step": 1790, "epoch": 4, "loss": 0.024917785573735324, "lr": 5.989661740652543e-06, "grad_norm": 0.98046875, "peak_allocated": 48804867072}
{"step": 1791, "epoch": 4, "loss": 0.04860747092632288, "lr": 5.985452193044476e-06, "grad_norm": 1.171875, "peak_allocated": 48804867072}
{"step": 1792, "epoch": 4, "loss": 0.027397819447392013, "lr": 5.981241918581251e-06, "grad_norm": 0.93359375, "peak_allocated": 48804867072}
{"step": 1793, "epoch": 4, "loss": 0.04008621594566157, "lr": 5.977030920368305e-06, "grad_norm": 1.21875, "peak_allocated": 48804867072}
{"step": 1794, "epoch": 4, "loss": 0.027288227930391467, "lr": 5.972819201511608e-06, "grad_norm": 1.0703125, "peak_allocated": 48804867072}
{"step": 1795, "epoch": 4, "loss": 0.02911479495697713, "lr": 5.9686067651176645e-06, "grad_norm": 0.9453125, "peak_allocated": 48804867072}
{"step": 1796, "epoch": 4, "loss": 0.02673716907874526, "lr": 5.964393614293505e-06, "grad_norm": 1.28125, "peak_allocated": 48804867072}
{"step": 1797, "epoch": 4, "loss": 0.030599856808936544, "lr": 5.960179752146686e-06, "grad_norm": 1.234375, "peak_allocated": 48804867072}
{"step": 1798, "epoch": 4, "loss": 0.040288742300099094, "lr": 5.955965181785294e-06, "grad_norm": 1.15625, "peak_allocated": 48804867072}
{"step": 1799, "epoch": 4, "loss": 0.02082232654560079, "lr": 5.951749906317933e-06, "grad_norm": 0.9921875, "peak_allocated": 48804867072}
{"step": 1800, "epoch": 4, "loss": 0.039126439694919156, "lr": 5.947533928853728e-06, "grad_norm": 1.0703125, "peak_allocated": 48804867072}
{"step": 1801, "epoch": 4, "loss": 0.03663538050433992, "lr": 5.943317252502324e-06, "grad_norm": 1.125, "peak_allocated": 48804867072}
{"step": 1802, "epoch": 4, "loss": 0.030161488273302412, "lr": 5.939099880373879e-06, "grad_norm": 1.0703125, "peak_allocated": 48804867072}
{"step": 1803, "epoch": 4, "loss": 0.03753893422530851, "lr": 5.934881815579064e-06, "grad_norm": 1.09375, "peak_allocated": 48804867072}
{"step": 1804, "epoch": 4, "loss": 0.02566736441192547, "lr": 5.930663061229066e-06, "grad_norm": 1.1953125, "peak_allocated": 48804867072}
{"step": 1805, "epoch": 4, "loss": 0.04652278620170809, "lr": 5.926443620435572e-06, "grad_norm": 1.1328125, "peak_allocated": 48804867072}
{"step": 1806, "epoch": 4, "loss": 0.01966163590601366, "lr": 5.922223496310783e-06, "grad_norm": 0.74609375, "peak_allocated": 48804867072}
{"step": 1807, "epoch": 4, "loss": 0.04403033506342268, "lr": 5.9180026919674e-06, "grad_norm": 1.2109375, "peak_allocated": 48804867072}
{"step": 1808, "epoch": 4, "loss": 0.038786689998356695, "lr": 5.913781210518627e-06, "grad_norm": 1.1953125, "peak_allocated": 48804867072}
{"step": 1809, "epoch": 4, "loss": 0.026334020556714393, "lr": 5.909559055078165e-06, "grad_norm": 1.03125, "peak_allocated": 48804867072}
{"step": 1810, "epoch": 4, "loss": 0.03176689104806208, "lr": 5.9053362287602186e-06, "grad_norm": 1.328125, "peak_allocated": 48804867072}
{"step": 1811, "epoch": 4, "loss": 0.02549708330089748, "lr": 5.901112734679478e-06, "grad_norm": 1.0703125, "peak_allocated": 48804867072}
{"step": 1812, "epoch": 4, "loss": 0.029563043896241963, "lr": 5.896888575951135e-06, "grad_norm": 1.015625, "peak_allocated": 48804867072}
{"step": 1813, "epoch": 4, "loss": 0.027184933817379384, "lr": 5.892663755690864e-06, "grad_norm": 1.1875, "peak_allocated": 48804867072}
{"step": 1814, "epoch": 4, "loss": 0.04271798066054994, "lr": 5.888438277014833e-06, "grad_norm": 1.25, "peak_allocated": 48804867072}
{"step": 1815, "epoch": 4, "loss": 0.021823943852141738, "lr": 5.884212143039694e-06, "grad_norm": 1.140625, "peak_allocated": 48804867072}
{"step": 1816, "epoch": 4, "loss": 0.02766744820408039, "lr": 5.879985356882578e-06, "grad_norm": 1.0390625, "peak_allocated": 48804867072}
{"step": 1817, "epoch": 4, "loss": 0.029899594697195157, "lr": 5.875757921661105e-06, "grad_norm": 1.1328125, "peak_allocated": 48804867072}
{"step": 1818, "epoch": 4, "loss": 0.032535242872347485, "lr": 5.871529840493368e-06, "grad_norm": 1.1953125, "peak_allocated": 48804867072}
{"step": 1819, "epoch": 4, "loss": 0.04193546828616904, "lr": 5.867301116497937e-06, "grad_norm": 1.3984375, "peak_allocated": 48804867072}
{"step": 1820, "epoch": 4, "loss": 0.029863551955756004, "lr": 5.863071752793859e-06, "grad_norm": 1.1796875, "peak_allocated": 48804867072}
{"step": 1821, "epoch": 4, "loss": 0.03128778504038302, "lr": 5.858841752500648e-06, "grad_norm": 1.171875, "peak_allocated": 48804867072}
{"step": 1822, "epoch": 4, "loss": 0.02815704999305121, "lr": 5.854611118738294e-06, "grad_norm": 1.328125, "peak_allocated": 48804867072}
{"step": 1823, "epoch": 4, "loss": 0.01708604090578947, "lr": 5.850379854627248e-06, "grad_norm": 1.0234375, "peak_allocated": 48804867072}
{"step": 1824, "epoch": 4, "loss": 0.020777149756966918, "lr": 5.846147963288431e-06, "grad_norm": 1.046875, "peak_allocated": 48804867072}
{"step": 1825, "epoch": 4, "loss": 0.04917284671996452, "lr": 5.841915447843223e-06, "grad_norm": 1.359375, "peak_allocated": 48804867072}
{"step": 1826, "epoch": 4, "loss": 0.04043354063069259, "lr": 5.8376823114134655e-06, "grad_norm": 1.109375, "peak_allocated": 48804867072}
{"step": 1827, "epoch": 4, "loss": 0.03168413328627466, "lr": 5.8334485571214575e-06, "grad_norm": 1.1796875, "peak_allocated": 48804867072}
{"step": 1828, "epoch": 4, "loss": 0.03292813279538065, "lr": 5.829214188089955e-06, "grad_norm": 1.2890625, "peak_allocated": 48804867072}
{"step": 1829, "epoch": 4, "loss": 0.028908432790599643, "lr": 5.824979207442167e-06, "grad_norm": 0.875, "peak_allocated": 48804867072}
{"step": 1830, "epoch": 4, "loss": 0.03762547054730069, "lr": 5.820743618301756e-06, "grad_norm": 1.09375, "peak_allocated": 48804867072}
{"step": 1831, "epoch": 4, "loss": 0.032382682262917774, "lr": 5.816507423792827e-06, "grad_norm": 1.015625, "peak_allocated": 48804867072}
{"step": 1832, "epoch": 4, "loss": 0.02678631147663151, "lr": 5.812270627039936e-06, "grad_norm": 1.1015625, "peak_allocated": 48804867072}
{"step": 1833, "epoch": 4, "loss": 0.025418238136249195, "lr": 5.808033231168082e-06, "grad_norm": 0.9765625, "peak_allocated": 48804867072}
{"step": 1834, "epoch": 4, "loss": 0.03485410989571146, "lr": 5.803795239302709e-06, "grad_norm": 1.3203125, "peak_allocated": 48804867072}
{"step": 1835, "epoch": 4, "loss": 0.02132221547779784, "lr": 5.799556654569695e-06, "grad_norm": 1.15625, "peak_allocated": 48804867072}
{"step": 1836, "epoch": 4, "loss": 0.029831155984019433, "lr": 5.795317480095361e-06, "grad_norm": 1.0625, "peak_allocated": 48804867072}
{"step": 1837, "epoch": 4, "loss": 0.03172408755611025, "lr": 5.791077719006458e-06, "grad_norm": 0.89453125, "peak_allocated": 48804867072}
{"step": 1838, "epoch": 4, "loss": 0.03594684546273996, "lr": 5.786837374430173e-06, "grad_norm": 1.2421875, "peak_allocated": 48804867072}
{"step": 1839, "epoch": 4, "loss": 0.029650277837338642, "lr": 5.782596449494121e-06, "grad_norm": 1.1171875, "peak_allocated": 48804867072}
{"step": 1840, "epoch": 4, "loss": 0.030784003520458028, "lr": 5.778354947326348e-06, "grad_norm": 1.21875, "peak_allocated": 48804867072}
{"step": 1841, "epoch": 4, "loss": 0.03353341270124139, "lr": 5.774112871055323e-06, "grad_norm": 1.1328125, "peak_allocated": 48804867072}
{"step": 1842, "epoch": 4, "loss": 0.025853404099090357, "lr": 5.769870223809941e-06, "grad_norm": 1.15625, "peak_allocated": 48804867072}
{"step": 1843, "epoch": 4, "loss": 0.038741922837869376, "lr": 5.765627008719515e-06, "grad_norm": 1.34375, "peak_allocated": 48804867072}
{"step": 1844, "epoch": 4, "loss": 0.01816167324742482, "lr": 5.76138322891378e-06, "grad_norm": 0.8203125, "peak_allocated": 48804867072}
{"step": 1845, "epoch": 4, "loss": 0.03511500785515206, "lr": 5.757138887522884e-06, "grad_norm": 1.28125, "peak_allocated": 48804867072}
{"step": 1846, "epoch": 4, "loss": 0.040090485489777714, "lr": 5.752893987677393e-06, "grad_norm": 1.2734375, "peak_allocated": 48804867072}
{"step": 1847, "epoch": 4, "loss": 0.043205166612992486, "lr": 5.748648532508283e-06, "grad_norm": 1.28125, "peak_allocated": 48804867072}
{"step": 1848, "epoch": 4, "loss": 0.03756016147285903, "lr": 5.744402525146939e-06, "grad_norm": 1.1953125, "peak_allocated": 48804867072}
{"step": 1849, "epoch": 4, "loss": 0.020803526408886615, "lr": 5.740155968725155e-06, "grad_norm": 0.8515625, "peak_allocated": 48804867072}
{"step": 1850, "epoch": 4, "loss": 0.02670723941218985, "lr": 5.735908866375131e-06, "grad_norm": 1.1796875, "peak_allocated": 48804867072}
{"step": 1851, "epoch": 4, "loss": 0.04230109079215731, "lr": 5.731661221229461e-06, "grad_norm": 1.4296875, "peak_allocated": 48804867072}
{"step": 1852, "epoch": 4, "loss": 0.0224553255493958, "lr": 5.727413036421153e-06, "grad_norm": 1.0625, "peak_allocated": 48804867072}
{"step": 1853, "epoch": 4, "loss": 0.05733558972154121, "lr": 5.723164315083602e-06, "grad_norm": 1.4765625, "peak_allocated": 48804867072}
{"step": 1854, "epoch": 4, "loss": 0.03505168651500539, "lr": 5.718915060350606e-06, "grad_norm": 1.1875, "peak_allocated": 48804867072}
{"step": 1855, "epoch": 4, "loss": 0.029054469839511363, "lr": 5.714665275356351e-06, "grad_norm": 1.0859375, "peak_allocated": 48804867072}
{"step": 1856, "epoch": 4, "loss": 0.038387810578360465, "lr": 5.710414963235418e-06, "grad_norm": 1.1328125, "peak_allocated": 48804867072}
{"step": 1857, "epoch": 4, "loss": 0.04163870056877336, "lr": 5.706164127122774e-06, "grad_norm": 1.34375, "peak_allocated": 48804867072}
{"step": 1858, "epoch": 4, "loss": 0.06326300651876623, "lr": 5.701912770153774e-06, "grad_norm": 1.4375, "peak_allocated": 48804867072}
{"step": 1859, "epoch": 4, "loss": 0.03726831631688498, "lr": 5.697660895464155e-06, "grad_norm": 1.5859375, "peak_allocated": 48804867072}
{"step": 1860, "epoch": 4, "loss": 0.018370936530408173, "lr": 5.6934085061900426e-06, "grad_norm": 1.1484375, "peak_allocated": 48804867072}
{"step": 1861, "epoch": 4, "loss": 0.02037090118183676, "lr": 5.689155605467932e-06, "grad_norm": 0.92578125, "peak_allocated": 48804867072}
{"step": 1862, "epoch": 4, "loss": 0.03493620524387248, "lr": 5.6849021964347036e-06, "grad_norm": 1.3046875, "peak_allocated": 48804867072}
{"step": 1863, "epoch": 4, "loss": 0.03137237646108964, "lr": 5.680648282227609e-06, "grad_norm": 1.078125, "peak_allocated": 48804867072}
{"step": 1864, "epoch": 4, "loss": 0.03677199741711916, "lr": 5.676393865984274e-06, "grad_norm": 0.9921875, "peak_allocated": 48804867072}
{"step": 1865, "epoch": 4, "loss": 0.026327792695075243, "lr": 5.672138950842691e-06, "grad_norm": 1.1328125, "peak_allocated": 48804867072}
{"step": 1866, "epoch": 4, "loss": 0.02772654587190364, "lr": 5.667883539941228e-06, "grad_norm": 1.0390625, "peak_allocated": 48804867072}
{"step": 1867, "epoch": 4, "loss": 0.023994405060133697, "lr": 5.663627636418611e-06, "grad_norm": 1.1328125, "peak_allocated": 48804867072}
{"step": 1868, "epoch": 4, "loss": 0.02827276781554935, "lr": 5.659371243413933e-06, "grad_norm": 1.0546875, "peak_allocated": 48804867072}
{"step": 1869, "epoch": 4, "loss": 0.028102491127164432, "lr": 5.655114364066645e-06, "grad_norm": 0.90234375, "peak_allocated": 48804867072}
{"step": 1870, "epoch": 4, "loss": 0.0429142044623496, "lr": 5.650857001516563e-06, "grad_norm": 1.1328125, "peak_allocated": 48804867072}
{"step": 1871, "epoch": 4, "loss": 0.03798194784071333, "lr": 5.646599158903855e-06, "grad_norm": 1.234375, "peak_allocated": 48804867072}
{"step": 1872, "epoch": 4, "loss": 0.03156899450696692, "lr": 5.642340839369042e-06, "grad_norm": 0.98828125, "peak_allocated": 48804867072}
{"step": 1873, "epoch": 4, "loss": 0.03167001868776679, "lr": 5.638082046052997e-06, "grad_norm": 1.3984375, "peak_allocated": 48804867072}
{"step": 1874, "epoch": 4, "loss": 0.023709748917625315, "lr": 5.633822782096947e-06, "grad_norm": 0.9375, "peak_allocated": 48804867072}
{"step": 1875, "epoch": 4, "loss": 0.02282873058629244, "lr": 5.62956305064246e-06, "grad_norm": 1.0859375, "peak_allocated": 48804867072}
{"step": 1876, "epoch": 4, "loss": 0.039650555122570284, "lr": 5.625302854831456e-06, "grad_norm": 1.234375, "peak_allocated": 48804867072}
{"step": 1877, "epoch": 4, "loss": 0.03665678792759326, "lr": 5.621042197806189e-06, "grad_norm": 1.25, "peak_allocated": 48804867072}
{"step": 1878, "epoch": 4, "loss": 0.029203059645038974, "lr": 5.61678108270926e-06, "grad_norm": 0.98828125, "peak_allocated": 48804867072}
{"step": 1879, "epoch": 4, "loss": 0.05470200275770798, "lr": 5.612519512683602e-06, "grad_norm": 1.28125, "peak_allocated": 48804867072}
{"step": 1880, "epoch": 4, "loss": 0.03244080220992704, "lr": 5.6082574908724904e-06, "grad_norm": 1.0234375, "peak_allocated": 48804867072}
{"step": 1881, "epoch": 4, "loss": 0.027899112917301926, "lr": 5.603995020419529e-06, "grad_norm": 1.0390625, "peak_allocated": 48804867072}
{"step": 1882, "epoch": 4, "loss": 0.06037398402577426, "lr": 5.599732104468654e-06, "grad_norm": 1.3203125, "peak_allocated": 48804867072}
{"step": 1883, "epoch": 4, "loss": 0.049993848576897794, "lr": 5.5954687461641295e-06, "grad_norm": 1.203125, "peak_allocated": 48804867072}
{"step": 1884, "epoch": 4, "loss": 0.025565414568916887, "lr": 5.591204948650549e-06, "grad_norm": 1.109375, "peak_allocated": 48804867072}
{"step": 1885, "epoch": 4, "loss": 0.03166159888131147, "lr": 5.586940715072823e-06, "grad_norm": 1.109375, "peak_allocated": 48804867072}
{"step": 1886, "epoch": 4, "loss": 0.04311414822984455, "lr": 5.582676048576191e-06, "grad_norm": 1.328125, "peak_allocated": 48804867072}
{"step": 1887, "epoch": 4, "loss": 0.03546081794105494, "lr": 5.5784109523062055e-06, "grad_norm": 1.0703125, "peak_allocated": 48804867072}
{"step": 1888, "epoch": 4, "loss": 0.024556978230715835, "lr": 5.574145429408745e-06, "grad_norm": 1.046875, "peak_allocated": 48804867072}
{"step": 1889, "epoch": 4, "loss": 0.031140027592921216, "lr": 5.569879483029991e-06, "grad_norm": 1.0859375, "peak_allocated": 48804867072}
{"step": 1890, "epoch": 4, "loss": 0.032394901680199595, "lr": 5.5656131163164475e-06, "grad_norm": 1.3125, "peak_allocated": 48804867072}
{"step": 1891, "epoch": 4, "loss": 0.02093974174237019, "lr": 5.561346332414922e-06, "grad_norm": 1.0234375, "peak_allocated": 48804867072}
{"step": 1892, "epoch": 4, "loss": 0.028526803269754226, "lr": 5.557079134472533e-06, "grad_norm": 1.15625, "peak_allocated": 48804867072}
{"step": 1893, "epoch": 4, "loss": 0.023871504304628765, "lr": 5.552811525636702e-06, "grad_norm": 1.0390625, "peak_allocated": 48804867072}
{"step": 1894, "epoch": 4, "loss": 0.02653329754376314, "lr": 5.548543509055158e-06, "grad_norm": 1.1953125, "peak_allocated": 48804867072}
{"step": 1895, "epoch": 4, "loss": 0.02502364363952366, "lr": 5.544275087875925e-06, "grad_norm": 0.82421875, "peak_allocated": 48804867072}
{"step": 1896, "epoch": 4, "loss": 0.056451777710984356, "lr": 5.540006265247328e-06, "grad_norm": 1.4296875, "peak_allocated": 48804867072}
{"step": 1897, "epoch": 4, "loss": 0.0341809621749994, "lr": 5.535737044317992e-06, "grad_norm": 1.0859375, "peak_allocated": 48804867072}
{"step": 1898, "epoch": 4, "loss": 0.03033299181210589, "lr": 5.531467428236827e-06, "grad_norm": 1.1015625, "peak_allocated": 48804867072}
{"step": 1899, "epoch": 4, "loss": 0.0394173047019114, "lr": 5.527197420153044e-06, "grad_norm": 1.4375, "peak_allocated": 48804867072}
{"step": 1900, "epoch": 4, "loss": 0.036352624697643963, "lr": 5.522927023216136e-06, "grad_norm": 1.0390625, "peak_allocated": 48804867072}
{"step": 1901, "epoch": 4, "loss": 0.03206413162916675, "lr": 5.518656240575885e-06, "grad_norm": 1.1796875, "peak_allocated": 48804867072}
{"step": 1902, "epoch": 4, "loss": 0.04827194646218321, "lr": 5.51438507538236e-06, "grad_norm": 1.25, "peak_allocated": 48804867072}
{"step": 1903, "epoch": 4, "loss": 0.03228248116010049, "lr": 5.510113530785909e-06, "grad_norm": 1.171875, "peak_allocated": 48804867072}
{"step": 1904, "epoch": 4, "loss": 0.03970852433007741, "lr": 5.505841609937162e-06, "grad_norm": 1.1171875, "peak_allocated": 48804867072}
{"step": 1905, "epoch": 4, "loss": 0.026449852359349296, "lr": 5.501569315987024e-06, "grad_norm": 1.0, "peak_allocated": 48804867072}
{"step": 1906, "epoch": 4, "loss": 0.04638251769647156, "lr": 5.497296652086677e-06, "grad_norm": 1.25, "peak_allocated": 48804867072}
{"step": 1907, "epoch": 4, "loss": 0.03087390581856595, "lr": 5.493023621387576e-06, "grad_norm": 1.234375, "peak_allocated": 48804867072}
{"step": 1908, "epoch": 4, "loss": 0.01934164102368012, "lr": 5.488750227041446e-06, "grad_norm": 0.875, "peak_allocated": 48804867072}
{"step": 1909, "epoch": 4, "loss": 0.03633552685397816, "lr": 5.48447647220028e-06, "grad_norm": 1.0625, "peak_allocated": 48804867072}
{"step": 1910, "epoch": 4, "loss": 0.03039501814202611, "lr": 5.480202360016338e-06, "grad_norm": 1.171875, "peak_allocated": 48804867072}
{"step": 1911, "epoch": 4, "loss": 0.026950884860610362, "lr": 5.475927893642142e-06, "grad_norm": 0.9921875, "peak_allocated": 48804867072}
{"step": 1912, "epoch": 4, "loss": 0.051816397190962635, "lr": 5.471653076230475e-06, "grad_norm": 1.3515625, "peak_allocated": 48804867072}
{"step": 1913, "epoch": 4, "loss": 0.021989333952279595, "lr": 5.467377910934384e-06, "grad_norm": 1.078125, "peak_allocated": 48804867072}
{"step": 1914, "epoch": 4, "loss": 0.021683822549199542, "lr": 5.463102400907164e-06, "grad_norm": 1.078125, "peak_allocated": 48804867072}
{"step": 1915, "epoch": 4, "loss": 0.028159856223702515, "lr": 5.458826549302371e-06, "grad_norm": 0.96484375, "peak_allocated": 48804867072}
{"step": 1916, "epoch": 4, "loss": 0.037191972894898506, "lr": 5.4545503592738105e-06, "grad_norm": 1.3984375, "peak_allocated": 48804867072}
{"step": 1917, "epoch": 4, "loss": 0.026898477793755017, "lr": 5.450273833975536e-06, "grad_norm": 0.921875, "peak_allocated": 48804867072}
{"step": 1918, "epoch": 4, "loss": 0.0343407310127088, "lr": 5.445996976561854e-06, "grad_norm": 1.015625, "peak_allocated": 48804867072}
{"step": 1919, "epoch": 4, "loss": 0.035600629883239275, "lr": 5.441719790187309e-06, "grad_norm": 1.359375, "peak_allocated": 48804867072}
{"step": 1920, "epoch": 4, "loss": 0.03831692337994588, "lr": 5.437442278006692e-06, "grad_norm": 1.3359375, "peak_allocated": 48804867072}
{"step": 1921, "epoch": 4, "loss": 0.04283108531190909, "lr": 5.433164443175034e-06, "grad_norm": 1.3046875, "peak_allocated": 48804867072}
{"step": 1922, "epoch": 4, "loss": 0.044734291620580346, "lr": 5.428886288847605e-06, "grad_norm": 1.1171875, "peak_allocated": 48804867072}
{"step": 1923, "epoch": 4, "loss": 0.04103179777752238, "lr": 5.424607818179905e-06, "grad_norm": 1.265625, "peak_allocated": 48804867072}
{"step": 1924, "epoch": 4, "loss": 0.03989399124689658, "lr": 5.420329034327676e-06, "grad_norm": 1.0859375, "peak_allocated": 48804867072}
{"step": 1925, "epoch": 4, "loss": 0.04526122173050464, "lr": 5.416049940446883e-06, "grad_norm": 3.625, "peak_allocated": 48804867072}
{"event": "train_stage", "stage": "validation_loss_complete", "rank": 0, "local_rank": 0, "world_size": 4, "epoch": 5, "val_loss": 0.06056267175792701, "training_seconds": 942.46, "validation_loss_seconds": 29.48}
{"event": "train_stage", "stage": "validation_gleu_complete", "rank": 0, "local_rank": 0, "world_size": 4, "epoch": 5, "elapsed_seconds": 1750.64, "gleu": 65.0679, "invalid_utf8": 0, "budget_exhausted": 0, "generation_backend": "global-prefix-guarded-greedy-v1", "cache_preliminary_skips": 148624, "cache_guard_refreshes": 1148, "max_rank_peak_allocated_bytes": 48804867072}
{"event": "train_stage", "stage": "checkpoint_published", "rank": 0, "local_rank": 0, "world_size": 4, "checkpoint": "step-00001925-f5cd4470", "best": true}
{"event": "train_stage", "stage": "epoch_complete", "rank": 0, "local_rank": 0, "world_size": 4, "epoch": 5, "global_step": 1925, "selection_metric": "val_gleu", "best": true, "val_loss": 0.06056267175792701, "val_gleu": 65.0679, "elapsed_seconds": 2791.83}
{"step": 1926, "epoch": 5, "loss": 0.02383099889199235, "lr": 5.411770539693726e-06, "grad_norm": 0.96484375, "peak_allocated": 48804867072}
{"step": 1927, "epoch": 5, "loss": 0.03164868938251712, "lr": 5.4074908352246266e-06, "grad_norm": 1.15625, "peak_allocated": 48804867072}
{"step": 1928, "epoch": 5, "loss": 0.030136431957555016, "lr": 5.403210830196234e-06, "grad_norm": 0.98046875, "peak_allocated": 48804867072}
{"step": 1929, "epoch": 5, "loss": 0.02842951483900741, "lr": 5.398930527765416e-06, "grad_norm": 1.0703125, "peak_allocated": 48804867072}
{"step": 1930, "epoch": 5, "loss": 0.04155409510091389, "lr": 5.394649931089262e-06, "grad_norm": 1.1640625, "peak_allocated": 48804867072}
{"step": 1931, "epoch": 5, "loss": 0.029342802050151905, "lr": 5.390369043325079e-06, "grad_norm": 1.015625, "peak_allocated": 48804867072}
{"step": 1932, "epoch": 5, "loss": 0.04292093892175836, "lr": 5.386087867630383e-06, "grad_norm": 1.1484375, "peak_allocated": 48804867072}
{"step": 1933, "epoch": 5, "loss": 0.015108229493854358, "lr": 5.381806407162911e-06, "grad_norm": 0.98828125, "peak_allocated": 48804867072}
{"step": 1934, "epoch": 5, "loss": 0.02745835655279551, "lr": 5.377524665080603e-06, "grad_norm": 0.984375, "peak_allocated": 48804867072}
{"step": 1935, "epoch": 5, "loss": 0.032322607100664105, "lr": 5.373242644541613e-06, "grad_norm": 0.8046875, "peak_allocated": 48804867072}
{"step": 1936, "epoch": 5, "loss": 0.053451544605769216, "lr": 5.368960348704293e-06, "grad_norm": 1.390625, "peak_allocated": 48804867072}
{"step": 1937, "epoch": 5, "loss": 0.03692904516040532, "lr": 5.364677780727204e-06, "grad_norm": 1.0390625, "peak_allocated": 48804867072}
{"step": 1938, "epoch": 5, "loss": 0.0207990271713576, "lr": 5.360394943769106e-06, "grad_norm": 0.9296875, "peak_allocated": 48804867072}
{"step": 1939, "epoch": 5, "loss": 0.039428076836272336, "lr": 5.356111840988957e-06, "grad_norm": 1.0546875, "peak_allocated": 48804867072}
{"step": 1940, "epoch": 5, "loss": 0.03504017131748865, "lr": 5.351828475545908e-06, "grad_norm": 1.1171875, "peak_allocated": 48804867072}
{"step": 1941, "epoch": 5, "loss": 0.025348127238081955, "lr": 5.34754485059931e-06, "grad_norm": 0.87109375, "peak_allocated": 48804867072}
{"step": 1942, "epoch": 5, "loss": 0.04735431506030741, "lr": 5.3432609693087015e-06, "grad_norm": 1.1953125, "peak_allocated": 48804867072}
{"step": 1943, "epoch": 5, "loss": 0.0395904549431604, "lr": 5.338976834833811e-06, "grad_norm": 1.171875, "peak_allocated": 48804867072}
{"step": 1944, "epoch": 5, "loss": 0.028091327234615424, "lr": 5.334692450334553e-06, "grad_norm": 0.96875, "peak_allocated": 48804867072}
{"step": 1945, "epoch": 5, "loss": 0.03840353492831989, "lr": 5.330407818971029e-06, "grad_norm": 1.0546875, "peak_allocated": 48804867072}
{"step": 1946, "epoch": 5, "loss": 0.029576700900410674, "lr": 5.326122943903518e-06, "grad_norm": 1.2109375, "peak_allocated": 48804867072}
{"step": 1947, "epoch": 5, "loss": 0.03839009210378328, "lr": 5.321837828292482e-06, "grad_norm": 1.203125, "peak_allocated": 48804867072}
{"step": 1948, "epoch": 5, "loss": 0.04031930313017168, "lr": 5.31755247529856e-06, "grad_norm": 1.4765625, "peak_allocated": 48804867072}
{"step": 1949, "epoch": 5, "loss": 0.01938469275237977, "lr": 5.313266888082567e-06, "grad_norm": 1.0234375, "peak_allocated": 48804867072}
{"step": 1950, "epoch": 5, "loss": 0.04564690704036009, "lr": 5.308981069805487e-06, "grad_norm": 1.2890625, "peak_allocated": 48804867072}
{"step": 1951, "epoch": 5, "loss": 0.04641890422764303, "lr": 5.304695023628479e-06, "grad_norm": 1.625, "peak_allocated": 48804867072}
{"step": 1952, "epoch": 5, "loss": 0.02049761656063875, "lr": 5.300408752712868e-06, "grad_norm": 0.91796875, "peak_allocated": 48804867072}
{"step": 1953, "epoch": 5, "loss": 0.04471917206023412, "lr": 5.2961222602201446e-06, "grad_norm": 1.171875, "peak_allocated": 48804867072}
{"step": 1954, "epoch": 5, "loss": 0.026760808874523704, "lr": 5.291835549311961e-06, "grad_norm": 1.0625, "peak_allocated": 48804867072}
{"step": 1955, "epoch": 5, "loss": 0.032108596022255666, "lr": 5.287548623150137e-06, "grad_norm": 1.171875, "peak_allocated": 48804867072}
{"step": 1956, "epoch": 5, "loss": 0.04255456519555189, "lr": 5.283261484896643e-06, "grad_norm": 1.2265625, "peak_allocated": 48804867072}
{"step": 1957, "epoch": 5, "loss": 0.02097724442411621, "lr": 5.278974137713612e-06, "grad_norm": 0.8984375, "peak_allocated": 48804867072}
{"step": 1958, "epoch": 5, "loss": 0.03781019326604018, "lr": 5.274686584763328e-06, "grad_norm": 0.984375, "peak_allocated": 48804867072}
{"step": 1959, "epoch": 5, "loss": 0.03701412345722935, "lr": 5.270398829208226e-06, "grad_norm": 1.3046875, "peak_allocated": 48804867072}
{"step": 1960, "epoch": 5, "loss": 0.02677364032952494, "lr": 5.266110874210893e-06, "grad_norm": 1.265625, "peak_allocated": 48804867072}
{"step": 1961, "epoch": 5, "loss": 0.02149473728447839, "lr": 5.261822722934065e-06, "grad_norm": 0.9375, "peak_allocated": 48804867072}
{"step": 1962, "epoch": 5, "loss": 0.018502243281908692, "lr": 5.257534378540614e-06, "grad_norm": 1.1875, "peak_allocated": 48804867072}
{"step": 1963, "epoch": 5, "loss": 0.03458505504294538, "lr": 5.253245844193564e-06, "grad_norm": 1.1015625, "peak_allocated": 48804867072}
{"step": 1964, "epoch": 5, "loss": 0.04173199918580483, "lr": 5.248957123056074e-06, "grad_norm": 1.3203125, "peak_allocated": 48804867072}
{"step": 1965, "epoch": 5, "loss": 0.03551021161042107, "lr": 5.244668218291445e-06, "grad_norm": 1.1171875, "peak_allocated": 48804867072}
{"step": 1966, "epoch": 5, "loss": 0.020529871202919804, "lr": 5.240379133063107e-06, "grad_norm": 0.83203125, "peak_allocated": 48804867072}
{"step": 1967, "epoch": 5, "loss": 0.041381581004436674, "lr": 5.236089870534628e-06, "grad_norm": 1.3203125, "peak_allocated": 48804867072}
{"step": 1968, "epoch": 5, "loss": 0.030478360363682115, "lr": 5.2318004338697044e-06, "grad_norm": 1.0859375, "peak_allocated": 48804867072}
{"step": 1969, "epoch": 5, "loss": 0.03398690292444383, "lr": 5.227510826232165e-06, "grad_norm": 0.97265625, "peak_allocated": 48804867072}
{"step": 1970, "epoch": 5, "loss": 0.03792418517234413, "lr": 5.223221050785958e-06, "grad_norm": 1.21875, "peak_allocated": 48804867072}
{"step": 1971, "epoch": 5, "loss": 0.043751923648809005, "lr": 5.218931110695164e-06, "grad_norm": 1.28125, "peak_allocated": 48804867072}
{"step": 1972, "epoch": 5, "loss": 0.046559996861495846, "lr": 5.214641009123975e-06, "grad_norm": 1.2890625, "peak_allocated": 48804867072}
{"step": 1973, "epoch": 5, "loss": 0.023978595690184366, "lr": 5.210350749236711e-06, "grad_norm": 0.87890625, "peak_allocated": 48804867072}
{"step": 1974, "epoch": 5, "loss": 0.03441002786466362, "lr": 5.206060334197802e-06, "grad_norm": 0.9453125, "peak_allocated": 48804867072}
{"step": 1975, "epoch": 5, "loss": 0.025295930919196227, "lr": 5.2017697671717995e-06, "grad_norm": 0.9765625, "peak_allocated": 48804867072}
{"step": 1976, "epoch": 5, "loss": 0.024261967703852222, "lr": 5.197479051323358e-06, "grad_norm": 1.046875, "peak_allocated": 48804867072}
{"step": 1977, "epoch": 5, "loss": 0.011977802796168075, "lr": 5.193188189817253e-06, "grad_norm": 0.8984375, "peak_allocated": 48804867072}
{"step": 1978, "epoch": 5, "loss": 0.026242904475158577, "lr": 5.188897185818356e-06, "grad_norm": 0.953125, "peak_allocated": 48804867072}
{"step": 1979, "epoch": 5, "loss": 0.015003581658979019, "lr": 5.1846060424916535e-06, "grad_norm": 0.86328125, "peak_allocated": 48804867072}
{"step": 1980, "epoch": 5, "loss": 0.025590670738809076, "lr": 5.180314763002226e-06, "grad_norm": 1.09375, "peak_allocated": 48804867072}
{"step": 1981, "epoch": 5, "loss": 0.02494761650476423, "lr": 5.17602335051526e-06, "grad_norm": 0.8515625, "peak_allocated": 48804867072}
{"step": 1982, "epoch": 5, "loss": 0.02250007042447323, "lr": 5.171731808196039e-06, "grad_norm": 0.92578125, "peak_allocated": 48804867072}
{"step": 1983, "epoch": 5, "loss": 0.032731494122474454, "lr": 5.167440139209943e-06, "grad_norm": 1.046875, "peak_allocated": 48804867072}
{"step": 1984, "epoch": 5, "loss": 0.01779649838530791, "lr": 5.163148346722443e-06, "grad_norm": 1.0234375, "peak_allocated": 48804867072}
{"step": 1985, "epoch": 5, "loss": 0.027540590806679307, "lr": 5.158856433899106e-06, "grad_norm": 1.15625, "peak_allocated": 48804867072}
{"step": 1986, "epoch": 5, "loss": 0.030408431757469625, "lr": 5.154564403905577e-06, "grad_norm": 1.078125, "peak_allocated": 48804867072}
{"step": 1987, "epoch": 5, "loss": 0.03410788739627575, "lr": 5.150272259907602e-06, "grad_norm": 1.1015625, "peak_allocated": 48804867072}
{"step": 1988, "epoch": 5, "loss": 0.010466268399401426, "lr": 5.145980005070999e-06, "grad_norm": 0.80078125, "peak_allocated": 48804867072}
{"step": 1989, "epoch": 5, "loss": 0.023583344993637685, "lr": 5.1416876425616744e-06, "grad_norm": 1.2109375, "peak_allocated": 48804867072}
{"step": 1990, "epoch": 5, "loss": 0.02210199336148197, "lr": 5.137395175545612e-06, "grad_norm": 0.87109375, "peak_allocated": 48804867072}
{"step": 1991, "epoch": 5, "loss": 0.03791054862228943, "lr": 5.133102607188875e-06, "grad_norm": 1.3515625, "peak_allocated": 48804867072}
{"step": 1992, "epoch": 5, "loss": 0.03663202140259959, "lr": 5.128809940657596e-06, "grad_norm": 1.28125, "peak_allocated": 48804867072}
{"step": 1993, "epoch": 5, "loss": 0.035024357586429564, "lr": 5.1245171791179845e-06, "grad_norm": 1.1875, "peak_allocated": 48804867072}
{"step": 1994, "epoch": 5, "loss": 0.04089146851200311, "lr": 5.120224325736317e-06, "grad_norm": 1.234375, "peak_allocated": 48804867072}
{"step": 1995, "epoch": 5, "loss": 0.03023049287392294, "lr": 5.115931383678944e-06, "grad_norm": 1.515625, "peak_allocated": 48804867072}
{"step": 1996, "epoch": 5, "loss": 0.03387539667549803, "lr": 5.111638356112271e-06, "grad_norm": 1.2890625, "peak_allocated": 48804867072}
{"step": 1997, "epoch": 5, "loss": 0.028482122430927338, "lr": 5.107345246202777e-06, "grad_norm": 1.03125, "peak_allocated": 48804867072}
{"step": 1998, "epoch": 5, "loss": 0.03624187356158161, "lr": 5.103052057116996e-06, "grad_norm": 1.390625, "peak_allocated": 48804867072}
{"step": 1999, "epoch": 5, "loss": 0.03808557050395922, "lr": 5.098758792021522e-06, "grad_norm": 1.15625, "peak_allocated": 48804867072}
{"step": 2000, "epoch": 5, "loss": 0.03306837450823062, "lr": 5.094465454083003e-06, "grad_norm": 1.0234375, "peak_allocated": 48804867072}
{"event": "train_stage", "stage": "checkpoint_published", "rank": 0, "local_rank": 0, "world_size": 4, "checkpoint": "step-00002000-7e2ad9b7", "best": false}
{"step": 2001, "epoch": 5, "loss": 0.014914816021660804, "lr": 5.090172046468144e-06, "grad_norm": 0.8515625, "peak_allocated": 48804867072}
{"step": 2002, "epoch": 5, "loss": 0.036820319486836464, "lr": 5.0858785723436985e-06, "grad_norm": 1.3125, "peak_allocated": 48804867072}
{"step": 2003, "epoch": 5, "loss": 0.023012536686189983, "lr": 5.081585034876472e-06, "grad_norm": 1.1875, "peak_allocated": 48804867072}
{"step": 2004, "epoch": 5, "loss": 0.05263127684443883, "lr": 5.0772914372333125e-06, "grad_norm": 1.1484375, "peak_allocated": 48804867072}
{"step": 2005, "epoch": 5, "loss": 0.03434984442013247, "lr": 5.072997782581119e-06, "grad_norm": 0.984375, "peak_allocated": 48804867072}
{"step": 2006, "epoch": 5, "loss": 0.019821138001969427, "lr": 5.0687040740868256e-06, "grad_norm": 1.296875, "peak_allocated": 48804867072}
{"step": 2007, "epoch": 5, "loss": 0.029458367603756308, "lr": 5.06441031491741e-06, "grad_norm": 1.03125, "peak_allocated": 48804867072}
{"step": 2008, "epoch": 5, "loss": 0.02477671108830994, "lr": 5.060116508239885e-06, "grad_norm": 1.109375, "peak_allocated": 48804867072}
{"step": 2009, "epoch": 5, "loss": 0.029646514260692272, "lr": 5.055822657221301e-06, "grad_norm": 0.9609375, "peak_allocated": 48804867072}
{"step": 2010, "epoch": 5, "loss": 0.03602686354448555, "lr": 5.051528765028739e-06, "grad_norm": 1.2265625, "peak_allocated": 48804867072}
{"step": 2011, "epoch": 5, "loss": 0.01327092271087482, "lr": 5.0472348348293135e-06, "grad_norm": 0.96484375, "peak_allocated": 48804867072}
{"step": 2012, "epoch": 5, "loss": 0.02178938488297719, "lr": 5.042940869790163e-06, "grad_norm": 0.890625, "peak_allocated": 48804867072}
{"step": 2013, "epoch": 5, "loss": 0.019250894039698728, "lr": 5.038646873078451e-06, "grad_norm": 0.8125, "peak_allocated": 48804867072}
{"step": 2014, "epoch": 5, "loss": 0.02855524633040148, "lr": 5.034352847861371e-06, "grad_norm": 1.4296875, "peak_allocated": 48804867072}
{"step": 2015, "epoch": 5, "loss": 0.017675329029930038, "lr": 5.030058797306132e-06, "grad_norm": 0.8828125, "peak_allocated": 48804867072}
{"step": 2016, "epoch": 5, "loss": 0.025657965169826, "lr": 5.025764724579962e-06, "grad_norm": 0.92578125, "peak_allocated": 48804867072}
{"step": 2017, "epoch": 5, "loss": 0.03855444579253736, "lr": 5.021470632850108e-06, "grad_norm": 1.1796875, "peak_allocated": 48804867072}
{"step": 2018, "epoch": 5, "loss": 0.041336448987168276, "lr": 5.0171765252838275e-06, "grad_norm": 1.5078125, "peak_allocated": 48804867072}
{"step": 2019, "epoch": 5, "loss": 0.02445069344080948, "lr": 5.012882405048394e-06, "grad_norm": 1.234375, "peak_allocated": 48804867072}
{"step": 2020, "epoch": 5, "loss": 0.017441088129625092, "lr": 5.008588275311086e-06, "grad_norm": 1.078125, "peak_allocated": 48804867072}
{"step": 2021, "epoch": 5, "loss": 0.029585166010553977, "lr": 5.00429413923919e-06, "grad_norm": 0.9375, "peak_allocated": 48804867072}
{"step": 2022, "epoch": 5, "loss": 0.04859358331913089, "lr": 5e-06, "grad_norm": 1.3359375, "peak_allocated": 48804867072}
{"step": 2023, "epoch": 5, "loss": 0.04429339690585434, "lr": 4.995705860760812e-06, "grad_norm": 1.3828125, "peak_allocated": 48804867072}
{"step": 2024, "epoch": 5, "loss": 0.03872094266060877, "lr": 4.991411724688916e-06, "grad_norm": 1.109375, "peak_allocated": 48804867072}
{"step": 2025, "epoch": 5, "loss": 0.021619632035920707, "lr": 4.987117594951608e-06, "grad_norm": 1.0625, "peak_allocated": 48804867072}
{"step": 2026, "epoch": 5, "loss": 0.02441653547578315, "lr": 4.982823474716173e-06, "grad_norm": 0.97265625, "peak_allocated": 48804867072}
{"step": 2027, "epoch": 5, "loss": 0.049899070696883784, "lr": 4.978529367149894e-06, "grad_norm": 1.546875, "peak_allocated": 48804867072}
{"step": 2028, "epoch": 5, "loss": 0.02140867594595965, "lr": 4.974235275420038e-06, "grad_norm": 1.03125, "peak_allocated": 48804867072}
{"step": 2029, "epoch": 5, "loss": 0.031076938628516168, "lr": 4.969941202693869e-06, "grad_norm": 1.21875, "peak_allocated": 48804867072}
{"step": 2030, "epoch": 5, "loss": 0.020092199382118116, "lr": 4.965647152138632e-06, "grad_norm": 0.8125, "peak_allocated": 48804867072}
{"step": 2031, "epoch": 5, "loss": 0.03788024009112284, "lr": 4.961353126921551e-06, "grad_norm": 1.1484375, "peak_allocated": 48804867072}
{"step": 2032, "epoch": 5, "loss": 0.02438359128916294, "lr": 4.957059130209841e-06, "grad_norm": 1.2265625, "peak_allocated": 48804867072}
{"step": 2033, "epoch": 5, "loss": 0.013337448518778763, "lr": 4.952765165170688e-06, "grad_norm": 0.68359375, "peak_allocated": 48804867072}
{"step": 2034, "epoch": 5, "loss": 0.02148653944226199, "lr": 4.948471234971262e-06, "grad_norm": 1.0234375, "peak_allocated": 48804867072}
{"step": 2035, "epoch": 5, "loss": 0.034964964816397784, "lr": 4.9441773427787e-06, "grad_norm": 1.5390625, "peak_allocated": 48804867072}
{"step": 2036, "epoch": 5, "loss": 0.01434977520467606, "lr": 4.939883491760117e-06, "grad_norm": 1.21875, "peak_allocated": 48804867072}
{"step": 2037, "epoch": 5, "loss": 0.01887860930021828, "lr": 4.935589685082592e-06, "grad_norm": 0.91796875, "peak_allocated": 48804867072}
{"step": 2038, "epoch": 5, "loss": 0.03011491433768553, "lr": 4.931295925913175e-06, "grad_norm": 1.1796875, "peak_allocated": 48804867072}
{"step": 2039, "epoch": 5, "loss": 0.0199693432427586, "lr": 4.927002217418883e-06, "grad_norm": 0.78515625, "peak_allocated": 48804867072}
{"step": 2040, "epoch": 5, "loss": 0.02676063448306825, "lr": 4.9227085627666875e-06, "grad_norm": 1.4296875, "peak_allocated": 48804867072}
{"step": 2041, "epoch": 5, "loss": 0.04012986391963803, "lr": 4.91841496512353e-06, "grad_norm": 1.28125, "peak_allocated": 48804867072}
{"step": 2042, "epoch": 5, "loss": 0.03425865554553044, "lr": 4.914121427656302e-06, "grad_norm": 1.15625, "peak_allocated": 48804867072}
{"step": 2043, "epoch": 5, "loss": 0.05029467044521181, "lr": 4.909827953531858e-06, "grad_norm": 1.6171875, "peak_allocated": 48804867072}
{"step": 2044, "epoch": 5, "loss": 0.01661691965995684, "lr": 4.905534545917e-06, "grad_norm": 1.015625, "peak_allocated": 48804867072}
{"step": 2045, "epoch": 5, "loss": 0.02826234262535196, "lr": 4.90124120797848e-06, "grad_norm": 1.0625, "peak_allocated": 48804867072}
{"step": 2046, "epoch": 5, "loss": 0.029957953642437782, "lr": 4.896947942883006e-06, "grad_norm": 1.640625, "peak_allocated": 48804867072}
{"step": 2047, "epoch": 5, "loss": 0.033992175706577636, "lr": 4.892654753797224e-06, "grad_norm": 1.171875, "peak_allocated": 48804867072}
{"step": 2048, "epoch": 5, "loss": 0.035941090399310316, "lr": 4.88836164388773e-06, "grad_norm": 1.2109375, "peak_allocated": 48804867072}
{"step": 2049, "epoch": 5, "loss": 0.03052460931671732, "lr": 4.884068616321059e-06, "grad_norm": 1.234375, "peak_allocated": 48804867072}
{"step": 2050, "epoch": 5, "loss": 0.03209893127048326, "lr": 4.879775674263684e-06, "grad_norm": 1.234375, "peak_allocated": 48804867072}
{"step": 2051, "epoch": 5, "loss": 0.027123698593804917, "lr": 4.875482820882018e-06, "grad_norm": 1.109375, "peak_allocated": 48804867072}
{"step": 2052, "epoch": 5, "loss": 0.01962069570078119, "lr": 4.871190059342405e-06, "grad_norm": 0.80078125, "peak_allocated": 48804867072}
{"step": 2053, "epoch": 5, "loss": 0.02205338090740891, "lr": 4.866897392811127e-06, "grad_norm": 1.1875, "peak_allocated": 48804867072}
{"step": 2054, "epoch": 5, "loss": 0.03233222911121976, "lr": 4.862604824454388e-06, "grad_norm": 1.1796875, "peak_allocated": 48804867072}
{"step": 2055, "epoch": 5, "loss": 0.021259583484550027, "lr": 4.858312357438326e-06, "grad_norm": 0.90234375, "peak_allocated": 48804867072}
{"step": 2056, "epoch": 5, "loss": 0.025262309269234645, "lr": 4.8540199949290045e-06, "grad_norm": 1.1015625, "peak_allocated": 48804867072}
{"step": 2057, "epoch": 5, "loss": 0.01720415737027919, "lr": 4.8497277400924e-06, "grad_norm": 1.1328125, "peak_allocated": 48804867072}
{"step": 2058, "epoch": 5, "loss": 0.034025996257509385, "lr": 4.845435596094426e-06, "grad_norm": 1.1953125, "peak_allocated": 48804867072}
{"step": 2059, "epoch": 5, "loss": 0.01955545886746218, "lr": 4.841143566100897e-06, "grad_norm": 0.87890625, "peak_allocated": 48804867072}
{"step": 2060, "epoch": 5, "loss": 0.035295829555478005, "lr": 4.836851653277558e-06, "grad_norm": 1.1640625, "peak_allocated": 48804867072}
{"step": 2061, "epoch": 5, "loss": 0.04249069546260148, "lr": 4.832559860790057e-06, "grad_norm": 1.4921875, "peak_allocated": 48804867072}
{"step": 2062, "epoch": 5, "loss": 0.019251048077527592, "lr": 4.8282681918039625e-06, "grad_norm": 0.9921875, "peak_allocated": 48804867072}
{"step": 2063, "epoch": 5, "loss": 0.0470100002080797, "lr": 4.823976649484742e-06, "grad_norm": 1.390625, "peak_allocated": 48804867072}
{"step": 2064, "epoch": 5, "loss": 0.022057531247567402, "lr": 4.819685236997777e-06, "grad_norm": 1.0546875, "peak_allocated": 48804867072}
{"step": 2065, "epoch": 5, "loss": 0.014352061738752203, "lr": 4.815393957508349e-06, "grad_norm": 0.89453125, "peak_allocated": 48804867072}
{"step": 2066, "epoch": 5, "loss": 0.026072201445684784, "lr": 4.811102814181644e-06, "grad_norm": 1.2109375, "peak_allocated": 48804867072}
{"step": 2067, "epoch": 5, "loss": 0.046729763259360645, "lr": 4.806811810182749e-06, "grad_norm": 1.4296875, "peak_allocated": 48804867072}
{"step": 2068, "epoch": 5, "loss": 0.013875690240898497, "lr": 4.802520948676642e-06, "grad_norm": 0.76171875, "peak_allocated": 48804867072}
{"step": 2069, "epoch": 5, "loss": 0.03268411872382763, "lr": 4.798230232828202e-06, "grad_norm": 1.171875, "peak_allocated": 48804867072}
{"step": 2070, "epoch": 5, "loss": 0.020445252990380688, "lr": 4.7939396658022e-06, "grad_norm": 0.76171875, "peak_allocated": 48804867072}
{"step": 2071, "epoch": 5, "loss": 0.023914690152343116, "lr": 4.789649250763291e-06, "grad_norm": 1.0703125, "peak_allocated": 48804867072}
{"step": 2072, "epoch": 5, "loss": 0.034228452600729625, "lr": 4.7853589908760265e-06, "grad_norm": 1.265625, "peak_allocated": 48804867072}
{"step": 2073, "epoch": 5, "loss": 0.05046179599345466, "lr": 4.781068889304837e-06, "grad_norm": 1.5234375, "peak_allocated": 48804867072}
{"step": 2074, "epoch": 5, "loss": 0.03697105947116146, "lr": 4.776778949214043e-06, "grad_norm": 1.21875, "peak_allocated": 48804867072}
{"step": 2075, "epoch": 5, "loss": 0.03590142394337822, "lr": 4.772489173767835e-06, "grad_norm": 1.25, "peak_allocated": 48804867072}
{"step": 2076, "epoch": 5, "loss": 0.048729865354308774, "lr": 4.768199566130296e-06, "grad_norm": 1.484375, "peak_allocated": 48804867072}
{"step": 2077, "epoch": 5, "loss": 0.028906157468077395, "lr": 4.763910129465374e-06, "grad_norm": 1.34375, "peak_allocated": 48804867072}
{"step": 2078, "epoch": 5, "loss": 0.033996497671266133, "lr": 4.759620866936894e-06, "grad_norm": 1.234375, "peak_allocated": 48804867072}
{"step": 2079, "epoch": 5, "loss": 0.03656785288392584, "lr": 4.755331781708557e-06, "grad_norm": 0.9296875, "peak_allocated": 48804867072}
{"step": 2080, "epoch": 5, "loss": 0.03420295455017994, "lr": 4.751042876943926e-06, "grad_norm": 1.296875, "peak_allocated": 48804867072}
{"step": 2081, "epoch": 5, "loss": 0.018090811936583587, "lr": 4.746754155806437e-06, "grad_norm": 0.9765625, "peak_allocated": 48804867072}
{"step": 2082, "epoch": 5, "loss": 0.040108498201960684, "lr": 4.742465621459387e-06, "grad_norm": 1.3203125, "peak_allocated": 48804867072}
{"step": 2083, "epoch": 5, "loss": 0.033569575967032556, "lr": 4.7381772770659376e-06, "grad_norm": 1.015625, "peak_allocated": 48804867072}
{"step": 2084, "epoch": 5, "loss": 0.02404965640374094, "lr": 4.7338891257891085e-06, "grad_norm": 1.1328125, "peak_allocated": 48804867072}
{"step": 2085, "epoch": 5, "loss": 0.021550171712465784, "lr": 4.7296011707917744e-06, "grad_norm": 0.8125, "peak_allocated": 48804867072}
{"step": 2086, "epoch": 5, "loss": 0.024628510987172277, "lr": 4.725313415236675e-06, "grad_norm": 0.9296875, "peak_allocated": 48804867072}
{"step": 2087, "epoch": 5, "loss": 0.03646351437392437, "lr": 4.721025862286388e-06, "grad_norm": 1.1953125, "peak_allocated": 48804867072}
{"step": 2088, "epoch": 5, "loss": 0.026123326928388188, "lr": 4.7167385151033585e-06, "grad_norm": 1.1796875, "peak_allocated": 48804867072}
{"step": 2089, "epoch": 5, "loss": 0.029020583429635437, "lr": 4.712451376849863e-06, "grad_norm": 1.25, "peak_allocated": 48804867072}
{"step": 2090, "epoch": 5, "loss": 0.022352592134458657, "lr": 4.7081644506880394e-06, "grad_norm": 1.1328125, "peak_allocated": 48804867072}
{"step": 2091, "epoch": 5, "loss": 0.042681830961612294, "lr": 4.703877739779858e-06, "grad_norm": 1.15625, "peak_allocated": 48804867072}
{"step": 2092, "epoch": 5, "loss": 0.025037570067359106, "lr": 4.699591247287133e-06, "grad_norm": 1.21875, "peak_allocated": 48804867072}
{"step": 2093, "epoch": 5, "loss": 0.02372238600757027, "lr": 4.695304976371522e-06, "grad_norm": 1.4765625, "peak_allocated": 48804867072}
{"step": 2094, "epoch": 5, "loss": 0.035906899549202835, "lr": 4.691018930194514e-06, "grad_norm": 1.046875, "peak_allocated": 48804867072}
{"step": 2095, "epoch": 5, "loss": 0.03436275783134057, "lr": 4.686733111917435e-06, "grad_norm": 1.2265625, "peak_allocated": 48804867072}
{"step": 2096, "epoch": 5, "loss": 0.02077177234428767, "lr": 4.68244752470144e-06, "grad_norm": 1.03125, "peak_allocated": 48804867072}
{"step": 2097, "epoch": 5, "loss": 0.032479012941266254, "lr": 4.678162171707519e-06, "grad_norm": 1.265625, "peak_allocated": 48804867072}
{"step": 2098, "epoch": 5, "loss": 0.02737115283558976, "lr": 4.673877056096484e-06, "grad_norm": 1.046875, "peak_allocated": 48804867072}
{"step": 2099, "epoch": 5, "loss": 0.048903035427435355, "lr": 4.6695921810289715e-06, "grad_norm": 1.25, "peak_allocated": 48804867072}
{"step": 2100, "epoch": 5, "loss": 0.04079545819171704, "lr": 4.665307549665448e-06, "grad_norm": 1.265625, "peak_allocated": 48804867072}
{"step": 2101, "epoch": 5, "loss": 0.03034783264647243, "lr": 4.661023165166189e-06, "grad_norm": 1.1640625, "peak_allocated": 48804867072}
{"step": 2102, "epoch": 5, "loss": 0.03034420097041132, "lr": 4.6567390306913e-06, "grad_norm": 1.21875, "peak_allocated": 48804867072}
{"step": 2103, "epoch": 5, "loss": 0.03325817932278644, "lr": 4.652455149400692e-06, "grad_norm": 1.1484375, "peak_allocated": 48804867072}
{"step": 2104, "epoch": 5, "loss": 0.052519065589745895, "lr": 4.648171524454094e-06, "grad_norm": 1.265625, "peak_allocated": 48804867072}
{"step": 2105, "epoch": 5, "loss": 0.042766516904789775, "lr": 4.643888159011047e-06, "grad_norm": 1.3125, "peak_allocated": 48804867072}
{"step": 2106, "epoch": 5, "loss": 0.03020063450580116, "lr": 4.639605056230895e-06, "grad_norm": 1.15625, "peak_allocated": 48804867072}
{"step": 2107, "epoch": 5, "loss": 0.032922926522511865, "lr": 4.635322219272797e-06, "grad_norm": 1.1640625, "peak_allocated": 48804867072}
{"step": 2108, "epoch": 5, "loss": 0.03194636485190803, "lr": 4.631039651295707e-06, "grad_norm": 1.0703125, "peak_allocated": 48804867072}
{"step": 2109, "epoch": 5, "loss": 0.033492681714761025, "lr": 4.626757355458389e-06, "grad_norm": 1.4296875, "peak_allocated": 48804867072}
{"step": 2110, "epoch": 5, "loss": 0.024998884858372938, "lr": 4.622475334919398e-06, "grad_norm": 1.03125, "peak_allocated": 48804867072}
{"step": 2111, "epoch": 5, "loss": 0.01475879191597023, "lr": 4.61819359283709e-06, "grad_norm": 0.91015625, "peak_allocated": 48804867072}
{"step": 2112, "epoch": 5, "loss": 0.033563299027081536, "lr": 4.6139121323696184e-06, "grad_norm": 1.1484375, "peak_allocated": 48804867072}
{"step": 2113, "epoch": 5, "loss": 0.030031449568166023, "lr": 4.609630956674923e-06, "grad_norm": 1.1875, "peak_allocated": 48804867072}
{"step": 2114, "epoch": 5, "loss": 0.04192424087682966, "lr": 4.605350068910739e-06, "grad_norm": 1.1953125, "peak_allocated": 48804867072}
{"step": 2115, "epoch": 5, "loss": 0.03508345810500287, "lr": 4.601069472234584e-06, "grad_norm": 1.078125, "peak_allocated": 48804867072}
{"step": 2116, "epoch": 5, "loss": 0.02628563611933428, "lr": 4.596789169803768e-06, "grad_norm": 1.078125, "peak_allocated": 48804867072}
{"step": 2117, "epoch": 5, "loss": 0.03394492931022802, "lr": 4.592509164775376e-06, "grad_norm": 1.1484375, "peak_allocated": 48804867072}
{"step": 2118, "epoch": 5, "loss": 0.03410454819797592, "lr": 4.588229460306276e-06, "grad_norm": 1.28125, "peak_allocated": 48804867072}
{"step": 2119, "epoch": 5, "loss": 0.0270038202542959, "lr": 4.583950059553119e-06, "grad_norm": 1.171875, "peak_allocated": 48804867072}
{"step": 2120, "epoch": 5, "loss": 0.032773985740237405, "lr": 4.579670965672326e-06, "grad_norm": 1.1171875, "peak_allocated": 48804867072}
{"step": 2121, "epoch": 5, "loss": 0.025424313036107916, "lr": 4.575392181820096e-06, "grad_norm": 1.03125, "peak_allocated": 48804867072}
{"step": 2122, "epoch": 5, "loss": 0.02304021723932474, "lr": 4.571113711152397e-06, "grad_norm": 1.015625, "peak_allocated": 48804867072}
{"step": 2123, "epoch": 5, "loss": 0.04251688123679055, "lr": 4.566835556824967e-06, "grad_norm": 1.203125, "peak_allocated": 48804867072}
{"step": 2124, "epoch": 5, "loss": 0.02855556097095382, "lr": 4.562557721993309e-06, "grad_norm": 1.265625, "peak_allocated": 48804867072}
{"step": 2125, "epoch": 5, "loss": 0.022811005439101903, "lr": 4.558280209812692e-06, "grad_norm": 1.1953125, "peak_allocated": 48804867072}
{"step": 2126, "epoch": 5, "loss": 0.03108733746670732, "lr": 4.554003023438148e-06, "grad_norm": 0.9140625, "peak_allocated": 48804867072}
{"step": 2127, "epoch": 5, "loss": 0.019736441864383208, "lr": 4.549726166024464e-06, "grad_norm": 0.95703125, "peak_allocated": 48804867072}
{"step": 2128, "epoch": 5, "loss": 0.018928557915977064, "lr": 4.545449640726192e-06, "grad_norm": 1.1484375, "peak_allocated": 48804867072}
{"step": 2129, "epoch": 5, "loss": 0.03146200839277482, "lr": 4.54117345069763e-06, "grad_norm": 1.015625, "peak_allocated": 48804867072}
{"step": 2130, "epoch": 5, "loss": 0.041492921283415585, "lr": 4.536897599092837e-06, "grad_norm": 1.140625, "peak_allocated": 48804867072}
{"step": 2131, "epoch": 5, "loss": 0.02462524112065796, "lr": 4.532622089065619e-06, "grad_norm": 1.0625, "peak_allocated": 48804867072}
{"step": 2132, "epoch": 5, "loss": 0.03499069849037831, "lr": 4.528346923769526e-06, "grad_norm": 1.140625, "peak_allocated": 48804867072}
{"step": 2133, "epoch": 5, "loss": 0.031146967026501125, "lr": 4.52407210635786e-06, "grad_norm": 1.109375, "peak_allocated": 48804867072}
{"step": 2134, "epoch": 5, "loss": 0.02562932926606864, "lr": 4.5197976399836635e-06, "grad_norm": 1.2578125, "peak_allocated": 48804867072}
{"step": 2135, "epoch": 5, "loss": 0.01918652811051548, "lr": 4.515523527799722e-06, "grad_norm": 0.93359375, "peak_allocated": 48804867072}
{"step": 2136, "epoch": 5, "loss": 0.027361127393458022, "lr": 4.511249772958556e-06, "grad_norm": 1.046875, "peak_allocated": 48804867072}
{"step": 2137, "epoch": 5, "loss": 0.03156230588966621, "lr": 4.506976378612425e-06, "grad_norm": 1.25, "peak_allocated": 48804867072}
{"step": 2138, "epoch": 5, "loss": 0.030837588247325687, "lr": 4.502703347913326e-06, "grad_norm": 1.328125, "peak_allocated": 48804867072}
{"step": 2139, "epoch": 5, "loss": 0.04930493058207856, "lr": 4.498430684012977e-06, "grad_norm": 1.3671875, "peak_allocated": 48804867072}
{"step": 2140, "epoch": 5, "loss": 0.027469528301316614, "lr": 4.49415839006284e-06, "grad_norm": 1.1640625, "peak_allocated": 48804867072}
{"step": 2141, "epoch": 5, "loss": 0.04470938603750535, "lr": 4.489886469214092e-06, "grad_norm": 1.3359375, "peak_allocated": 48804867072}
{"step": 2142, "epoch": 5, "loss": 0.02318333345299692, "lr": 4.4856149246176406e-06, "grad_norm": 1.234375, "peak_allocated": 48804867072}
{"step": 2143, "epoch": 5, "loss": 0.037175778629702, "lr": 4.481343759424115e-06, "grad_norm": 1.2890625, "peak_allocated": 48804867072}
{"step": 2144, "epoch": 5, "loss": 0.01986470446992849, "lr": 4.477072976783865e-06, "grad_norm": 1.1640625, "peak_allocated": 48804867072}
{"step": 2145, "epoch": 5, "loss": 0.032479686308456164, "lr": 4.472802579846959e-06, "grad_norm": 1.1796875, "peak_allocated": 48804867072}
{"step": 2146, "epoch": 5, "loss": 0.01974233148819707, "lr": 4.468532571763174e-06, "grad_norm": 0.8828125, "peak_allocated": 48804867072}
{"step": 2147, "epoch": 5, "loss": 0.022246375768618654, "lr": 4.464262955682011e-06, "grad_norm": 1.0078125, "peak_allocated": 48804867072}
{"step": 2148, "epoch": 5, "loss": 0.024562465704316014, "lr": 4.459993734752673e-06, "grad_norm": 0.9140625, "peak_allocated": 48804867072}
{"step": 2149, "epoch": 5, "loss": 0.02850462234103664, "lr": 4.455724912124077e-06, "grad_norm": 1.09375, "peak_allocated": 48804867072}
{"step": 2150, "epoch": 5, "loss": 0.032201699431842985, "lr": 4.451456490944843e-06, "grad_norm": 1.2578125, "peak_allocated": 48804867072}
{"step": 2151, "epoch": 5, "loss": 0.025116257647537, "lr": 4.447188474363299e-06, "grad_norm": 0.9375, "peak_allocated": 48804867072}
{"step": 2152, "epoch": 5, "loss": 0.04649424283398497, "lr": 4.4429208655274695e-06, "grad_norm": 1.3359375, "peak_allocated": 48804867072}
{"step": 2153, "epoch": 5, "loss": 0.041666626744191006, "lr": 4.43865366758508e-06, "grad_norm": 1.6640625, "peak_allocated": 48804867072}
{"step": 2154, "epoch": 5, "loss": 0.03725927869250999, "lr": 4.434386883683555e-06, "grad_norm": 1.1015625, "peak_allocated": 48804867072}
{"step": 2155, "epoch": 5, "loss": 0.03340814009547515, "lr": 4.43012051697001e-06, "grad_norm": 1.453125, "peak_allocated": 48804867072}
{"step": 2156, "epoch": 5, "loss": 0.049557213062202274, "lr": 4.425854570591257e-06, "grad_norm": 1.5078125, "peak_allocated": 48804867072}
{"step": 2157, "epoch": 5, "loss": 0.028069769161223383, "lr": 4.421589047693796e-06, "grad_norm": 1.1875, "peak_allocated": 48804867072}
{"step": 2158, "epoch": 5, "loss": 0.013900669336810377, "lr": 4.417323951423811e-06, "grad_norm": 1.09375, "peak_allocated": 48804867072}
{"step": 2159, "epoch": 5, "loss": 0.04691027579452364, "lr": 4.4130592849271795e-06, "grad_norm": 1.4296875, "peak_allocated": 48804867072}
{"step": 2160, "epoch": 5, "loss": 0.042149969706101055, "lr": 4.408795051349453e-06, "grad_norm": 1.1484375, "peak_allocated": 48804867072}
{"step": 2161, "epoch": 5, "loss": 0.028119200995372736, "lr": 4.404531253835871e-06, "grad_norm": 1.0546875, "peak_allocated": 48804867072}
{"step": 2162, "epoch": 5, "loss": 0.0387183321924168, "lr": 4.400267895531347e-06, "grad_norm": 1.4921875, "peak_allocated": 48804867072}
{"step": 2163, "epoch": 5, "loss": 0.04141085290666734, "lr": 4.396004979580473e-06, "grad_norm": 1.2109375, "peak_allocated": 48804867072}
{"step": 2164, "epoch": 5, "loss": 0.015100479673132284, "lr": 4.391742509127512e-06, "grad_norm": 0.76171875, "peak_allocated": 48804867072}
{"step": 2165, "epoch": 5, "loss": 0.018442021855627704, "lr": 4.3874804873164e-06, "grad_norm": 1.015625, "peak_allocated": 48804867072}
{"step": 2166, "epoch": 5, "loss": 0.04723159967715301, "lr": 4.383218917290743e-06, "grad_norm": 1.359375, "peak_allocated": 48804867072}
{"step": 2167, "epoch": 5, "loss": 0.023557750827384562, "lr": 4.378957802193813e-06, "grad_norm": 0.921875, "peak_allocated": 48804867072}
{"step": 2168, "epoch": 5, "loss": 0.01921634351797341, "lr": 4.374697145168546e-06, "grad_norm": 0.984375, "peak_allocated": 48804867072}
{"step": 2169, "epoch": 5, "loss": 0.038018304956800114, "lr": 4.37043694935754e-06, "grad_norm": 1.109375, "peak_allocated": 48804867072}
{"step": 2170, "epoch": 5, "loss": 0.026665290978781567, "lr": 4.3661772179030545e-06, "grad_norm": 1.1796875, "peak_allocated": 48804867072}
{"step": 2171, "epoch": 5, "loss": 0.0270651251869818, "lr": 4.361917953947006e-06, "grad_norm": 1.03125, "peak_allocated": 48804867072}
{"step": 2172, "epoch": 5, "loss": 0.02844699930883825, "lr": 4.35765916063096e-06, "grad_norm": 1.109375, "peak_allocated": 48804867072}
{"step": 2173, "epoch": 5, "loss": 0.020503518528872815, "lr": 4.353400841096147e-06, "grad_norm": 1.0546875, "peak_allocated": 48804867072}
{"step": 2174, "epoch": 5, "loss": 0.03125710422744846, "lr": 4.349142998483436e-06, "grad_norm": 1.2578125, "peak_allocated": 48804867072}
{"step": 2175, "epoch": 5, "loss": 0.02750040701289831, "lr": 4.344885635933356e-06, "grad_norm": 1.0625, "peak_allocated": 48804867072}
{"step": 2176, "epoch": 5, "loss": 0.030734690906885378, "lr": 4.340628756586068e-06, "grad_norm": 1.0546875, "peak_allocated": 48804867072}
{"step": 2177, "epoch": 5, "loss": 0.03512610035363341, "lr": 4.336372363581391e-06, "grad_norm": 1.234375, "peak_allocated": 48804867072}
{"step": 2178, "epoch": 5, "loss": 0.03177847057979182, "lr": 4.332116460058774e-06, "grad_norm": 1.2578125, "peak_allocated": 48804867072}
{"step": 2179, "epoch": 5, "loss": 0.023838621430668373, "lr": 4.327861049157309e-06, "grad_norm": 1.390625, "peak_allocated": 48804867072}
{"step": 2180, "epoch": 5, "loss": 0.036310535097253675, "lr": 4.3236061340157286e-06, "grad_norm": 1.8125, "peak_allocated": 48804867072}
{"step": 2181, "epoch": 5, "loss": 0.02367654224513548, "lr": 4.319351717772392e-06, "grad_norm": 1.1484375, "peak_allocated": 48804867072}
{"step": 2182, "epoch": 5, "loss": 0.039477383357718415, "lr": 4.315097803565298e-06, "grad_norm": 1.1796875, "peak_allocated": 48804867072}
{"step": 2183, "epoch": 5, "loss": 0.019550653691279538, "lr": 4.310844394532068e-06, "grad_norm": 1.109375, "peak_allocated": 48804867072}
{"step": 2184, "epoch": 5, "loss": 0.04563952613417336, "lr": 4.306591493809959e-06, "grad_norm": 1.2890625, "peak_allocated": 48804867072}
{"step": 2185, "epoch": 5, "loss": 0.029454651276109408, "lr": 4.3023391045358464e-06, "grad_norm": 0.96484375, "peak_allocated": 48804867072}
{"step": 2186, "epoch": 5, "loss": 0.011211332397164904, "lr": 4.298087229846227e-06, "grad_norm": 0.71484375, "peak_allocated": 48804867072}
{"step": 2187, "epoch": 5, "loss": 0.027002370530762564, "lr": 4.293835872877229e-06, "grad_norm": 1.265625, "peak_allocated": 48804867072}
{"step": 2188, "epoch": 5, "loss": 0.056135050557849786, "lr": 4.289585036764583e-06, "grad_norm": 1.4453125, "peak_allocated": 48804867072}
{"step": 2189, "epoch": 5, "loss": 0.021700879875948643, "lr": 4.285334724643651e-06, "grad_norm": 0.8515625, "peak_allocated": 48804867072}
{"step": 2190, "epoch": 5, "loss": 0.035184624374024163, "lr": 4.281084939649394e-06, "grad_norm": 1.1875, "peak_allocated": 48804867072}
{"step": 2191, "epoch": 5, "loss": 0.026020391465359203, "lr": 4.276835684916399e-06, "grad_norm": 1.15625, "peak_allocated": 48804867072}
{"step": 2192, "epoch": 5, "loss": 0.026877115032436123, "lr": 4.272586963578849e-06, "grad_norm": 1.109375, "peak_allocated": 48804867072}
{"step": 2193, "epoch": 5, "loss": 0.04035945622589351, "lr": 4.26833877877054e-06, "grad_norm": 1.2734375, "peak_allocated": 48804867072}
{"step": 2194, "epoch": 5, "loss": 0.025270313421181925, "lr": 4.264091133624873e-06, "grad_norm": 1.0625, "peak_allocated": 48804867072}
{"step": 2195, "epoch": 5, "loss": 0.028402761807826752, "lr": 4.259844031274846e-06, "grad_norm": 1.234375, "peak_allocated": 48804867072}
{"step": 2196, "epoch": 5, "loss": 0.02348436830092798, "lr": 4.2555974748530625e-06, "grad_norm": 1.21875, "peak_allocated": 48804867072}
{"step": 2197, "epoch": 5, "loss": 0.02175176641136779, "lr": 4.251351467491718e-06, "grad_norm": 0.9921875, "peak_allocated": 48804867072}
{"step": 2198, "epoch": 5, "loss": 0.022631977488583123, "lr": 4.247106012322608e-06, "grad_norm": 1.015625, "peak_allocated": 48804867072}
{"step": 2199, "epoch": 5, "loss": 0.027496647010024793, "lr": 4.2428611124771184e-06, "grad_norm": 1.0, "peak_allocated": 48804867072}
{"step": 2200, "epoch": 5, "loss": 0.02015940323839978, "lr": 4.2386167710862215e-06, "grad_norm": 1.015625, "peak_allocated": 48804867072}
{"step": 2201, "epoch": 5, "loss": 0.02721392084648416, "lr": 4.234372991280487e-06, "grad_norm": 0.9921875, "peak_allocated": 48804867072}
{"step": 2202, "epoch": 5, "loss": 0.014286638884370624, "lr": 4.23012977619006e-06, "grad_norm": 0.86328125, "peak_allocated": 48804867072}
{"step": 2203, "epoch": 5, "loss": 0.019423883174952347, "lr": 4.2258871289446784e-06, "grad_norm": 1.125, "peak_allocated": 48804867072}
{"step": 2204, "epoch": 5, "loss": 0.02369029051955056, "lr": 4.221645052673652e-06, "grad_norm": 1.015625, "peak_allocated": 48804867072}
{"step": 2205, "epoch": 5, "loss": 0.025519473546008625, "lr": 4.21740355050588e-06, "grad_norm": 1.3125, "peak_allocated": 48804867072}
{"step": 2206, "epoch": 5, "loss": 0.026255837403649042, "lr": 4.2131626255698296e-06, "grad_norm": 1.1640625, "peak_allocated": 48804867072}
{"step": 2207, "epoch": 5, "loss": 0.03640059214830771, "lr": 4.208922280993543e-06, "grad_norm": 1.4140625, "peak_allocated": 48804867072}
{"step": 2208, "epoch": 5, "loss": 0.03060174709285187, "lr": 4.204682519904641e-06, "grad_norm": 1.0859375, "peak_allocated": 48804867072}
{"step": 2209, "epoch": 5, "loss": 0.0307957316199192, "lr": 4.200443345430305e-06, "grad_norm": 1.1484375, "peak_allocated": 48804867072}
{"step": 2210, "epoch": 5, "loss": 0.03790256464344719, "lr": 4.196204760697292e-06, "grad_norm": 1.4765625, "peak_allocated": 48804867072}
{"step": 2211, "epoch": 5, "loss": 0.04397726433883015, "lr": 4.191966768831919e-06, "grad_norm": 1.2578125, "peak_allocated": 48804867072}
{"step": 2212, "epoch": 5, "loss": 0.023889618054967168, "lr": 4.187729372960065e-06, "grad_norm": 1.109375, "peak_allocated": 48804867072}
{"step": 2213, "epoch": 5, "loss": 0.038306959220899765, "lr": 4.183492576207175e-06, "grad_norm": 1.40625, "peak_allocated": 48804867072}
{"step": 2214, "epoch": 5, "loss": 0.025440670182781292, "lr": 4.179256381698245e-06, "grad_norm": 0.96875, "peak_allocated": 48804867072}
{"step": 2215, "epoch": 5, "loss": 0.025891701136935008, "lr": 4.175020792557834e-06, "grad_norm": 1.265625, "peak_allocated": 48804867072}
{"step": 2216, "epoch": 5, "loss": 0.02787950212157502, "lr": 4.170785811910045e-06, "grad_norm": 1.5078125, "peak_allocated": 48804867072}
{"step": 2217, "epoch": 5, "loss": 0.03327450524718393, "lr": 4.166551442878545e-06, "grad_norm": 1.4140625, "peak_allocated": 48804867072}
{"step": 2218, "epoch": 5, "loss": 0.04701254401980634, "lr": 4.162317688586538e-06, "grad_norm": 1.3125, "peak_allocated": 48804867072}
{"step": 2219, "epoch": 5, "loss": 0.03510551196782774, "lr": 4.158084552156779e-06, "grad_norm": 1.1640625, "peak_allocated": 48804867072}
{"step": 2220, "epoch": 5, "loss": 0.03869087092175715, "lr": 4.153852036711571e-06, "grad_norm": 1.21875, "peak_allocated": 48804867072}
{"step": 2221, "epoch": 5, "loss": 0.024600744790672438, "lr": 4.149620145372753e-06, "grad_norm": 0.9296875, "peak_allocated": 48804867072}
{"step": 2222, "epoch": 5, "loss": 0.025096696209824767, "lr": 4.145388881261708e-06, "grad_norm": 1.2265625, "peak_allocated": 48804867072}
{"step": 2223, "epoch": 5, "loss": 0.02921289648934924, "lr": 4.141158247499353e-06, "grad_norm": 1.15625, "peak_allocated": 48804867072}
{"step": 2224, "epoch": 5, "loss": 0.020735991626221462, "lr": 4.136928247206143e-06, "grad_norm": 1.09375, "peak_allocated": 48804867072}
{"step": 2225, "epoch": 5, "loss": 0.034688606900657185, "lr": 4.132698883502065e-06, "grad_norm": 1.0625, "peak_allocated": 48804867072}
{"step": 2226, "epoch": 5, "loss": 0.013358920243470337, "lr": 4.1284701595066335e-06, "grad_norm": 0.7421875, "peak_allocated": 48804867072}
{"step": 2227, "epoch": 5, "loss": 0.0294000589561637, "lr": 4.124242078338896e-06, "grad_norm": 1.0703125, "peak_allocated": 48804867072}
{"step": 2228, "epoch": 5, "loss": 0.040056710898498424, "lr": 4.120014643117422e-06, "grad_norm": 1.4296875, "peak_allocated": 48804867072}
{"step": 2229, "epoch": 5, "loss": 0.02759685825116492, "lr": 4.115787856960308e-06, "grad_norm": 1.3203125, "peak_allocated": 48804867072}
{"step": 2230, "epoch": 5, "loss": 0.04304467913038445, "lr": 4.111561722985167e-06, "grad_norm": 1.21875, "peak_allocated": 48804867072}
{"step": 2231, "epoch": 5, "loss": 0.02577519513622537, "lr": 4.107336244309138e-06, "grad_norm": 1.0234375, "peak_allocated": 48804867072}
{"step": 2232, "epoch": 5, "loss": 0.030752056936765214, "lr": 4.1031114240488675e-06, "grad_norm": 1.4765625, "peak_allocated": 48804867072}
{"step": 2233, "epoch": 5, "loss": 0.04606109045565042, "lr": 4.098887265320523e-06, "grad_norm": 1.1171875, "peak_allocated": 48804867072}
{"step": 2234, "epoch": 5, "loss": 0.014021649877628464, "lr": 4.094663771239784e-06, "grad_norm": 0.8203125, "peak_allocated": 48804867072}
{"step": 2235, "epoch": 5, "loss": 0.03284452468198254, "lr": 4.090440944921835e-06, "grad_norm": 1.046875, "peak_allocated": 48804867072}
{"step": 2236, "epoch": 5, "loss": 0.030706308912781408, "lr": 4.086218789481375e-06, "grad_norm": 1.3671875, "peak_allocated": 48804867072}
{"step": 2237, "epoch": 5, "loss": 0.03518251236075386, "lr": 4.0819973080326015e-06, "grad_norm": 1.171875, "peak_allocated": 48804867072}
{"step": 2238, "epoch": 5, "loss": 0.02116673303680383, "lr": 4.077776503689218e-06, "grad_norm": 1.2734375, "peak_allocated": 48804867072}
{"step": 2239, "epoch": 5, "loss": 0.03407965395706868, "lr": 4.073556379564429e-06, "grad_norm": 1.0078125, "peak_allocated": 48804867072}
{"step": 2240, "epoch": 5, "loss": 0.03017800024603135, "lr": 4.069336938770936e-06, "grad_norm": 1.2890625, "peak_allocated": 48804867072}
{"step": 2241, "epoch": 5, "loss": 0.026849219021316498, "lr": 4.0651181844209366e-06, "grad_norm": 1.109375, "peak_allocated": 48804867072}
{"step": 2242, "epoch": 5, "loss": 0.024233062921062695, "lr": 4.060900119626122e-06, "grad_norm": 0.98828125, "peak_allocated": 48804867072}
{"step": 2243, "epoch": 5, "loss": 0.020430529695967013, "lr": 4.0566827474976774e-06, "grad_norm": 0.9765625, "peak_allocated": 48804867072}
{"step": 2244, "epoch": 5, "loss": 0.05571096986005148, "lr": 4.0524660711462724e-06, "grad_norm": 1.546875, "peak_allocated": 48804867072}
{"step": 2245, "epoch": 5, "loss": 0.03260777986101282, "lr": 4.048250093682068e-06, "grad_norm": 1.3046875, "peak_allocated": 48804867072}
{"step": 2246, "epoch": 5, "loss": 0.01573264048134127, "lr": 4.044034818214708e-06, "grad_norm": 0.7421875, "peak_allocated": 48804867072}
{"step": 2247, "epoch": 5, "loss": 0.019293917956912827, "lr": 4.039820247853315e-06, "grad_norm": 0.98046875, "peak_allocated": 48804867072}
{"step": 2248, "epoch": 5, "loss": 0.0323139574348862, "lr": 4.035606385706497e-06, "grad_norm": 1.3671875, "peak_allocated": 48804867072}
{"step": 2249, "epoch": 5, "loss": 0.0210078890024663, "lr": 4.031393234882336e-06, "grad_norm": 1.0625, "peak_allocated": 48804867072}
{"step": 2250, "epoch": 5, "loss": 0.028624957873265796, "lr": 4.027180798488393e-06, "grad_norm": 0.89453125, "peak_allocated": 48804867072}
{"step": 2251, "epoch": 5, "loss": 0.028479494695436397, "lr": 4.022969079631696e-06, "grad_norm": 1.296875, "peak_allocated": 48804867072}
{"step": 2252, "epoch": 5, "loss": 0.04859426144989568, "lr": 4.01875808141875e-06, "grad_norm": 1.125, "peak_allocated": 48804867072}
{"step": 2253, "epoch": 5, "loss": 0.02649606135982713, "lr": 4.014547806955525e-06, "grad_norm": 1.1484375, "peak_allocated": 48804867072}
{"step": 2254, "epoch": 5, "loss": 0.022478116588411826, "lr": 4.010338259347458e-06, "grad_norm": 1.1484375, "peak_allocated": 48804867072}
{"step": 2255, "epoch": 5, "loss": 0.02541808177968789, "lr": 4.006129441699451e-06, "grad_norm": 1.0390625, "peak_allocated": 48804867072}
{"step": 2256, "epoch": 5, "loss": 0.030638588283517128, "lr": 4.001921357115864e-06, "grad_norm": 1.3203125, "peak_allocated": 48804867072}
{"step": 2257, "epoch": 5, "loss": 0.02642939603203607, "lr": 3.9977140087005215e-06, "grad_norm": 1.2109375, "peak_allocated": 48804867072}
{"step": 2258, "epoch": 5, "loss": 0.04631792450702943, "lr": 3.993507399556699e-06, "grad_norm": 1.453125, "peak_allocated": 48804867072}
{"step": 2259, "epoch": 5, "loss": 0.04320020080870453, "lr": 3.989301532787134e-06, "grad_norm": 1.2265625, "peak_allocated": 48804867072}
{"step": 2260, "epoch": 5, "loss": 0.022022383908021092, "lr": 3.985096411494012e-06, "grad_norm": 0.96484375, "peak_allocated": 48804867072}
{"step": 2261, "epoch": 5, "loss": 0.04132849202756656, "lr": 3.980892038778964e-06, "grad_norm": 1.15625, "peak_allocated": 48804867072}
{"step": 2262, "epoch": 5, "loss": 0.02078575665766691, "lr": 3.976688417743081e-06, "grad_norm": 0.99609375, "peak_allocated": 48804867072}
{"step": 2263, "epoch": 5, "loss": 0.03993915666712852, "lr": 3.972485551486887e-06, "grad_norm": 1.359375, "peak_allocated": 48804867072}
{"step": 2264, "epoch": 5, "loss": 0.040260578586155, "lr": 3.968283443110357e-06, "grad_norm": 1.0078125, "peak_allocated": 48804867072}
{"step": 2265, "epoch": 5, "loss": 0.018664700856822192, "lr": 3.964082095712906e-06, "grad_norm": 0.9453125, "peak_allocated": 48804867072}
{"step": 2266, "epoch": 5, "loss": 0.0431904945786097, "lr": 3.959881512393384e-06, "grad_norm": 1.1796875, "peak_allocated": 48804867072}
{"step": 2267, "epoch": 5, "loss": 0.02824558136975716, "lr": 3.955681696250082e-06, "grad_norm": 0.953125, "peak_allocated": 48804867072}
{"step": 2268, "epoch": 5, "loss": 0.020032764823606594, "lr": 3.9514826503807216e-06, "grad_norm": 1.1328125, "peak_allocated": 48804867072}
{"step": 2269, "epoch": 5, "loss": 0.05199911134048414, "lr": 3.94728437788246e-06, "grad_norm": 1.5546875, "peak_allocated": 48804867072}
{"step": 2270, "epoch": 5, "loss": 0.032411200414065235, "lr": 3.9430868818518786e-06, "grad_norm": 1.15625, "peak_allocated": 48804867072}
{"step": 2271, "epoch": 5, "loss": 0.021187636619285168, "lr": 3.938890165384992e-06, "grad_norm": 0.9765625, "peak_allocated": 48804867072}
{"step": 2272, "epoch": 5, "loss": 0.02732036292842678, "lr": 3.934694231577237e-06, "grad_norm": 1.359375, "peak_allocated": 48804867072}
{"step": 2273, "epoch": 5, "loss": 0.02324423433623133, "lr": 3.930499083523469e-06, "grad_norm": 1.0703125, "peak_allocated": 48804867072}
{"step": 2274, "epoch": 5, "loss": 0.026226709741890723, "lr": 3.926304724317975e-06, "grad_norm": 1.265625, "peak_allocated": 48804867072}
{"step": 2275, "epoch": 5, "loss": 0.02519363650376013, "lr": 3.922111157054445e-06, "grad_norm": 1.015625, "peak_allocated": 48804867072}
{"step": 2276, "epoch": 5, "loss": 0.03836365664473383, "lr": 3.917918384826001e-06, "grad_norm": 1.125, "peak_allocated": 48804867072}
{"step": 2277, "epoch": 5, "loss": 0.03815551900976667, "lr": 3.913726410725164e-06, "grad_norm": 1.1953125, "peak_allocated": 48804867072}
{"step": 2278, "epoch": 5, "loss": 0.03318057120280537, "lr": 3.909535237843878e-06, "grad_norm": 1.1953125, "peak_allocated": 48804867072}
{"step": 2279, "epoch": 5, "loss": 0.025837444214979792, "lr": 3.905344869273489e-06, "grad_norm": 1.0703125, "peak_allocated": 48804867072}
{"step": 2280, "epoch": 5, "loss": 0.02830477737981771, "lr": 3.9011553081047484e-06, "grad_norm": 1.109375, "peak_allocated": 48804867072}
{"step": 2281, "epoch": 5, "loss": 0.04158628316627069, "lr": 3.896966557427822e-06, "grad_norm": 1.3515625, "peak_allocated": 48804867072}
{"step": 2282, "epoch": 5, "loss": 0.035512786008023156, "lr": 3.892778620332264e-06, "grad_norm": 1.1015625, "peak_allocated": 48804867072}
{"step": 2283, "epoch": 5, "loss": 0.023125704722192858, "lr": 3.888591499907042e-06, "grad_norm": 1.2265625, "peak_allocated": 48804867072}
{"step": 2284, "epoch": 5, "loss": 0.032541547253031794, "lr": 3.884405199240511e-06, "grad_norm": 1.1796875, "peak_allocated": 48804867072}
{"step": 2285, "epoch": 5, "loss": 0.02161605267362829, "lr": 3.880219721420428e-06, "grad_norm": 0.98046875, "peak_allocated": 48804867072}
{"step": 2286, "epoch": 5, "loss": 0.025648499846887593, "lr": 3.876035069533939e-06, "grad_norm": 1.0546875, "peak_allocated": 48804867072}
{"step": 2287, "epoch": 5, "loss": 0.05075638394799702, "lr": 3.871851246667579e-06, "grad_norm": 1.6328125, "peak_allocated": 48804867072}
{"step": 2288, "epoch": 5, "loss": 0.026439442130793186, "lr": 3.8676682559072815e-06, "grad_norm": 1.1875, "peak_allocated": 48804867072}
{"step": 2289, "epoch": 5, "loss": 0.047579932616697004, "lr": 3.863486100338352e-06, "grad_norm": 1.4765625, "peak_allocated": 48804867072}
{"step": 2290, "epoch": 5, "loss": 0.030847441155377082, "lr": 3.859304783045495e-06, "grad_norm": 1.421875, "peak_allocated": 48804867072}
{"step": 2291, "epoch": 5, "loss": 0.03612625816838707, "lr": 3.855124307112782e-06, "grad_norm": 1.1484375, "peak_allocated": 48804867072}
{"step": 2292, "epoch": 5, "loss": 0.03425767952528763, "lr": 3.8509446756236765e-06, "grad_norm": 1.1328125, "peak_allocated": 48804867072}
{"step": 2293, "epoch": 5, "loss": 0.037560149235044915, "lr": 3.846765891661012e-06, "grad_norm": 1.484375, "peak_allocated": 48804867072}
{"step": 2294, "epoch": 5, "loss": 0.03977787447709686, "lr": 3.842587958306996e-06, "grad_norm": 1.203125, "peak_allocated": 48804867072}
{"step": 2295, "epoch": 5, "loss": 0.029099398012870807, "lr": 3.838410878643214e-06, "grad_norm": 1.0703125, "peak_allocated": 48804867072}
{"step": 2296, "epoch": 5, "loss": 0.0300756113214633, "lr": 3.834234655750618e-06, "grad_norm": 1.265625, "peak_allocated": 48804867072}
{"step": 2297, "epoch": 5, "loss": 0.014023941147248425, "lr": 3.83005929270953e-06, "grad_norm": 0.9296875, "peak_allocated": 48804867072}
{"step": 2298, "epoch": 5, "loss": 0.03327546673471944, "lr": 3.825884792599636e-06, "grad_norm": 0.96875, "peak_allocated": 48804867072}
{"step": 2299, "epoch": 5, "loss": 0.03180277076462744, "lr": 3.821711158499986e-06, "grad_norm": 1.125, "peak_allocated": 48804867072}
{"step": 2300, "epoch": 5, "loss": 0.043140676903832435, "lr": 3.817538393488994e-06, "grad_norm": 1.296875, "peak_allocated": 48804867072}
{"step": 2301, "epoch": 5, "loss": 0.035758634621630044, "lr": 3.813366500644426e-06, "grad_norm": 1.3671875, "peak_allocated": 48804867072}
{"step": 2302, "epoch": 5, "loss": 0.02489869333395315, "lr": 3.8091954830434152e-06, "grad_norm": 0.9609375, "peak_allocated": 48804867072}
{"step": 2303, "epoch": 5, "loss": 0.028209192509288623, "lr": 3.805025343762436e-06, "grad_norm": 1.0859375, "peak_allocated": 48804867072}
{"step": 2304, "epoch": 5, "loss": 0.019897814961863703, "lr": 3.8008560858773306e-06, "grad_norm": 1.0390625, "peak_allocated": 48804867072}
{"step": 2305, "epoch": 5, "loss": 0.03315707096924767, "lr": 3.7966877124632753e-06, "grad_norm": 1.203125, "peak_allocated": 48804867072}
{"step": 2306, "epoch": 5, "loss": 0.02495082807103076, "lr": 3.792520226594808e-06, "grad_norm": 0.97265625, "peak_allocated": 48804867072}
{"step": 2307, "epoch": 5, "loss": 0.022221157836696814, "lr": 3.788353631345801e-06, "grad_norm": 1.046875, "peak_allocated": 48804867072}
{"step": 2308, "epoch": 5, "loss": 0.022823842628713772, "lr": 3.7841879297894744e-06, "grad_norm": 1.1328125, "peak_allocated": 48804867072}
{"step": 2309, "epoch": 5, "loss": 0.0433340104129233, "lr": 3.780023124998391e-06, "grad_norm": 1.5, "peak_allocated": 48804867072}
{"step": 2310, "epoch": 5, "loss": 0.03283584761094958, "lr": 3.7758592200444476e-06, "grad_norm": 2.9375, "peak_allocated": 48804867072}
{"event": "train_stage", "stage": "validation_loss_complete", "rank": 0, "local_rank": 0, "world_size": 4, "epoch": 6, "val_loss": 0.062483316685378334, "training_seconds": 1008.4, "validation_loss_seconds": 29.57}
{"event": "train_stage", "stage": "validation_gleu_complete", "rank": 0, "local_rank": 0, "world_size": 4, "epoch": 6, "elapsed_seconds": 1733.14, "gleu": 66.0768, "invalid_utf8": 0, "budget_exhausted": 0, "generation_backend": "global-prefix-guarded-greedy-v1", "cache_preliminary_skips": 148040, "cache_guard_refreshes": 1101, "max_rank_peak_allocated_bytes": 48804867072}
{"event": "train_stage", "stage": "checkpoint_published", "rank": 0, "local_rank": 0, "world_size": 4, "checkpoint": "step-00002310-db6b4886", "best": true}
{"event": "train_stage", "stage": "epoch_complete", "rank": 0, "local_rank": 0, "world_size": 4, "epoch": 6, "global_step": 2310, "selection_metric": "val_gleu", "best": true, "val_loss": 0.062483316685378334, "val_gleu": 66.0768, "elapsed_seconds": 2842.7}
{"step": 2311, "epoch": 6, "loss": 0.034190219079701975, "lr": 3.771696217998883e-06, "grad_norm": 1.0703125, "peak_allocated": 48804867072}
{"step": 2312, "epoch": 6, "loss": 0.03137783233424901, "lr": 3.7675341219322634e-06, "grad_norm": 1.1796875, "peak_allocated": 48804867072}
{"step": 2313, "epoch": 6, "loss": 0.03160947307812846, "lr": 3.7633729349144925e-06, "grad_norm": 0.90625, "peak_allocated": 48804867072}
{"step": 2314, "epoch": 6, "loss": 0.020152991746834922, "lr": 3.7592126600148003e-06, "grad_norm": 0.8828125, "peak_allocated": 48804867072}
{"step": 2315, "epoch": 6, "loss": 0.028683447929828652, "lr": 3.7550533003017443e-06, "grad_norm": 0.91015625, "peak_allocated": 48804867072}
{"step": 2316, "epoch": 6, "loss": 0.01985671346256535, "lr": 3.750894858843209e-06, "grad_norm": 0.8984375, "peak_allocated": 48804867072}
{"step": 2317, "epoch": 6, "loss": 0.026201816274289805, "lr": 3.7467373387063973e-06, "grad_norm": 0.96484375, "peak_allocated": 48804867072}
{"step": 2318, "epoch": 6, "loss": 0.030351298756538043, "lr": 3.74258074295784e-06, "grad_norm": 1.25, "peak_allocated": 48804867072}
{"step": 2319, "epoch": 6, "loss": 0.024986008441696347, "lr": 3.7384250746633773e-06, "grad_norm": 0.9453125, "peak_allocated": 48804867072}
{"step": 2320, "epoch": 6, "loss": 0.025059238974856533, "lr": 3.7342703368881695e-06, "grad_norm": 0.94921875, "peak_allocated": 48804867072}
{"step": 2321, "epoch": 6, "loss": 0.022160661332631122, "lr": 3.730116532696694e-06, "grad_norm": 0.99609375, "peak_allocated": 48804867072}
{"step": 2322, "epoch": 6, "loss": 0.022151602443705103, "lr": 3.725963665152732e-06, "grad_norm": 0.88671875, "peak_allocated": 48804867072}
{"step": 2323, "epoch": 6, "loss": 0.04026097391970735, "lr": 3.721811737319382e-06, "grad_norm": 1.234375, "peak_allocated": 48804867072}
{"step": 2324, "epoch": 6, "loss": 0.04061214016907512, "lr": 3.7176607522590425e-06, "grad_norm": 1.40625, "peak_allocated": 48804867072}
{"step": 2325, "epoch": 6, "loss": 0.017966737801653344, "lr": 3.7135107130334213e-06, "grad_norm": 1.046875, "peak_allocated": 48804867072}
{"step": 2326, "epoch": 6, "loss": 0.040595575678958586, "lr": 3.7093616227035256e-06, "grad_norm": 1.21875, "peak_allocated": 48804867072}
{"step": 2327, "epoch": 6, "loss": 0.0186486920295856, "lr": 3.705213484329664e-06, "grad_norm": 0.8359375, "peak_allocated": 48804867072}
{"step": 2328, "epoch": 6, "loss": 0.03157335816988304, "lr": 3.7010663009714445e-06, "grad_norm": 1.3203125, "peak_allocated": 48804867072}
{"step": 2329, "epoch": 6, "loss": 0.01073686332508854, "lr": 3.6969200756877656e-06, "grad_norm": 0.828125, "peak_allocated": 48804867072}
{"step": 2330, "epoch": 6, "loss": 0.030956667864758012, "lr": 3.6927748115368256e-06, "grad_norm": 1.2890625, "peak_allocated": 48804867072}
{"step": 2331, "epoch": 6, "loss": 0.028406650266868175, "lr": 3.6886305115761094e-06, "grad_norm": 1.234375, "peak_allocated": 48804867072}
{"step": 2332, "epoch": 6, "loss": 0.027182999642486664, "lr": 3.6844871788623946e-06, "grad_norm": 1.109375, "peak_allocated": 48804867072}
{"step": 2333, "epoch": 6, "loss": 0.045645191913987006, "lr": 3.68034481645174e-06, "grad_norm": 1.1875, "peak_allocated": 48804867072}
{"step": 2334, "epoch": 6, "loss": 0.0165463020141567, "lr": 3.676203427399492e-06, "grad_norm": 1.09375, "peak_allocated": 48804867072}
{"step": 2335, "epoch": 6, "loss": 0.039399974398607825, "lr": 3.6720630147602797e-06, "grad_norm": 1.3046875, "peak_allocated": 48804867072}
{"step": 2336, "epoch": 6, "loss": 0.038283210839712305, "lr": 3.667923581588011e-06, "grad_norm": 1.171875, "peak_allocated": 48804867072}
{"step": 2337, "epoch": 6, "loss": 0.022511672403946244, "lr": 3.6637851309358706e-06, "grad_norm": 1.1015625, "peak_allocated": 48804867072}
{"step": 2338, "epoch": 6, "loss": 0.04054595411917987, "lr": 3.6596476658563195e-06, "grad_norm": 1.359375, "peak_allocated": 48804867072}
{"step": 2339, "epoch": 6, "loss": 0.03596502482974073, "lr": 3.6555111894010936e-06, "grad_norm": 1.375, "peak_allocated": 48804867072}
{"step": 2340, "epoch": 6, "loss": 0.026617043170827078, "lr": 3.651375704621195e-06, "grad_norm": 0.99609375, "peak_allocated": 48804867072}
{"step": 2341, "epoch": 6, "loss": 0.05172619582673406, "lr": 3.6472412145668978e-06, "grad_norm": 1.6328125, "peak_allocated": 48804867072}
{"step": 2342, "epoch": 6, "loss": 0.02707251591435076, "lr": 3.643107722287742e-06, "grad_norm": 1.2421875, "peak_allocated": 48804867072}
{"step": 2343, "epoch": 6, "loss": 0.026471039252919167, "lr": 3.63897523083253e-06, "grad_norm": 1.046875, "peak_allocated": 48804867072}
{"step": 2344, "epoch": 6, "loss": 0.027459421134967972, "lr": 3.6348437432493283e-06, "grad_norm": 0.9609375, "peak_allocated": 48804867072}
{"step": 2345, "epoch": 6, "loss": 0.033015378103520274, "lr": 3.6307132625854614e-06, "grad_norm": 1.1953125, "peak_allocated": 48804867072}
{"step": 2346, "epoch": 6, "loss": 0.030807137275106002, "lr": 3.6265837918875125e-06, "grad_norm": 1.2421875, "peak_allocated": 48804867072}
{"step": 2347, "epoch": 6, "loss": 0.02644186269907224, "lr": 3.6224553342013186e-06, "grad_norm": 1.2109375, "peak_allocated": 48804867072}
{"step": 2348, "epoch": 6, "loss": 0.016798755286296794, "lr": 3.618327892571968e-06, "grad_norm": 0.953125, "peak_allocated": 48804867072}
{"step": 2349, "epoch": 6, "loss": 0.03850137809882246, "lr": 3.614201470043803e-06, "grad_norm": 1.3203125, "peak_allocated": 48804867072}
{"step": 2350, "epoch": 6, "loss": 0.03160448605054989, "lr": 3.610076069660412e-06, "grad_norm": 1.1796875, "peak_allocated": 48804867072}
{"step": 2351, "epoch": 6, "loss": 0.026709651708555736, "lr": 3.6059516944646316e-06, "grad_norm": 1.0234375, "peak_allocated": 48804867072}
{"step": 2352, "epoch": 6, "loss": 0.024787359343124836, "lr": 3.601828347498539e-06, "grad_norm": 1.09375, "peak_allocated": 48804867072}
{"step": 2353, "epoch": 6, "loss": 0.02734702579951771, "lr": 3.5977060318034563e-06, "grad_norm": 1.1015625, "peak_allocated": 48804867072}
{"step": 2354, "epoch": 6, "loss": 0.02245527023387076, "lr": 3.593584750419942e-06, "grad_norm": 1.1953125, "peak_allocated": 48804867072}
{"step": 2355, "epoch": 6, "loss": 0.027459837165038584, "lr": 3.589464506387793e-06, "grad_norm": 1.171875, "peak_allocated": 48804867072}
{"step": 2356, "epoch": 6, "loss": 0.024678288764392157, "lr": 3.5853453027460433e-06, "grad_norm": 1.15625, "peak_allocated": 48804867072}
{"step": 2357, "epoch": 6, "loss": 0.017671857338533787, "lr": 3.581227142532955e-06, "grad_norm": 1.1171875, "peak_allocated": 48804867072}
{"step": 2358, "epoch": 6, "loss": 0.02994514922098783, "lr": 3.5771100287860245e-06, "grad_norm": 1.15625, "peak_allocated": 48804867072}
{"step": 2359, "epoch": 6, "loss": 0.015881208885389422, "lr": 3.5729939645419732e-06, "grad_norm": 1.109375, "peak_allocated": 48804867072}
{"step": 2360, "epoch": 6, "loss": 0.032148235688736586, "lr": 3.568878952836753e-06, "grad_norm": 1.1875, "peak_allocated": 48804867072}
{"step": 2361, "epoch": 6, "loss": 0.035370229302579, "lr": 3.5647649967055346e-06, "grad_norm": 1.0625, "peak_allocated": 48804867072}
{"step": 2362, "epoch": 6, "loss": 0.025446873552232154, "lr": 3.5606520991827106e-06, "grad_norm": 1.0625, "peak_allocated": 48804867072}
{"step": 2363, "epoch": 6, "loss": 0.033654184834394724, "lr": 3.5565402633018963e-06, "grad_norm": 1.21875, "peak_allocated": 48804867072}
{"step": 2364, "epoch": 6, "loss": 0.032948209609948806, "lr": 3.55242949209592e-06, "grad_norm": 1.3515625, "peak_allocated": 48804867072}
{"step": 2365, "epoch": 6, "loss": 0.022791491479567424, "lr": 3.548319788596829e-06, "grad_norm": 1.359375, "peak_allocated": 48804867072}
{"step": 2366, "epoch": 6, "loss": 0.03897595789943137, "lr": 3.544211155835878e-06, "grad_norm": 1.234375, "peak_allocated": 48804867072}
{"step": 2367, "epoch": 6, "loss": 0.036258001879488015, "lr": 3.540103596843538e-06, "grad_norm": 1.25, "peak_allocated": 48804867072}
{"step": 2368, "epoch": 6, "loss": 0.016880288838766026, "lr": 3.5359971146494807e-06, "grad_norm": 0.90234375, "peak_allocated": 48804867072}
{"step": 2369, "epoch": 6, "loss": 0.019835513557517514, "lr": 3.53189171228259e-06, "grad_norm": 0.875, "peak_allocated": 48804867072}
{"step": 2370, "epoch": 6, "loss": 0.02152249107967408, "lr": 3.5277873927709507e-06, "grad_norm": 1.25, "peak_allocated": 48804867072}
{"step": 2371, "epoch": 6, "loss": 0.034450077696576396, "lr": 3.5236841591418463e-06, "grad_norm": 1.28125, "peak_allocated": 48804867072}
{"step": 2372, "epoch": 6, "loss": 0.02303321542403741, "lr": 3.5195820144217656e-06, "grad_norm": 1.25, "peak_allocated": 48804867072}
{"step": 2373, "epoch": 6, "loss": 0.03136860089952398, "lr": 3.5154809616363906e-06, "grad_norm": 1.359375, "peak_allocated": 48804867072}
{"step": 2374, "epoch": 6, "loss": 0.025401843833315098, "lr": 3.511381003810593e-06, "grad_norm": 1.1796875, "peak_allocated": 48804867072}
{"step": 2375, "epoch": 6, "loss": 0.030155866942561504, "lr": 3.5072821439684483e-06, "grad_norm": 1.265625, "peak_allocated": 48804867072}
{"step": 2376, "epoch": 6, "loss": 0.01999323992266782, "lr": 3.5031843851332105e-06, "grad_norm": 1.0703125, "peak_allocated": 48804867072}
{"step": 2377, "epoch": 6, "loss": 0.03342691192845749, "lr": 3.4990877303273315e-06, "grad_norm": 1.25, "peak_allocated": 48804867072}
{"step": 2378, "epoch": 6, "loss": 0.027715087029408447, "lr": 3.494992182572439e-06, "grad_norm": 0.9140625, "peak_allocated": 48804867072}
{"step": 2379, "epoch": 6, "loss": 0.025926526734610576, "lr": 3.4908977448893543e-06, "grad_norm": 1.2578125, "peak_allocated": 48804867072}
{"step": 2380, "epoch": 6, "loss": 0.022543816737645005, "lr": 3.4868044202980715e-06, "grad_norm": 0.98046875, "peak_allocated": 48804867072}
{"step": 2381, "epoch": 6, "loss": 0.023343423782982833, "lr": 3.4827122118177676e-06, "grad_norm": 0.921875, "peak_allocated": 48804867072}
{"step": 2382, "epoch": 6, "loss": 0.025368825407490588, "lr": 3.478621122466797e-06, "grad_norm": 1.171875, "peak_allocated": 48804867072}
{"step": 2383, "epoch": 6, "loss": 0.03468203672744706, "lr": 3.474531155262686e-06, "grad_norm": 1.0859375, "peak_allocated": 48804867072}
{"step": 2384, "epoch": 6, "loss": 0.015451569032551942, "lr": 3.4704423132221364e-06, "grad_norm": 1.0625, "peak_allocated": 48804867072}
{"step": 2385, "epoch": 6, "loss": 0.033616649716422725, "lr": 3.466354599361017e-06, "grad_norm": 1.3671875, "peak_allocated": 48804867072}
{"step": 2386, "epoch": 6, "loss": 0.031836623332354444, "lr": 3.4622680166943674e-06, "grad_norm": 1.140625, "peak_allocated": 48804867072}
{"step": 2387, "epoch": 6, "loss": 0.038325965554907956, "lr": 3.4581825682363913e-06, "grad_norm": 1.7578125, "peak_allocated": 48804867072}
{"step": 2388, "epoch": 6, "loss": 0.026739566229443654, "lr": 3.4540982570004523e-06, "grad_norm": 1.4765625, "peak_allocated": 48804867072}
{"step": 2389, "epoch": 6, "loss": 0.032833965465729004, "lr": 3.4500150859990842e-06, "grad_norm": 1.0625, "peak_allocated": 48804867072}
{"step": 2390, "epoch": 6, "loss": 0.011993444324280069, "lr": 3.4459330582439685e-06, "grad_norm": 0.828125, "peak_allocated": 48804867072}
{"step": 2391, "epoch": 6, "loss": 0.024222924417271318, "lr": 3.4418521767459554e-06, "grad_norm": 1.09375, "peak_allocated": 48804867072}
{"step": 2392, "epoch": 6, "loss": 0.03145506458196148, "lr": 3.4377724445150383e-06, "grad_norm": 1.484375, "peak_allocated": 48804867072}
{"step": 2393, "epoch": 6, "loss": 0.025682810001492543, "lr": 3.4336938645603733e-06, "grad_norm": 1.140625, "peak_allocated": 48804867072}
{"step": 2394, "epoch": 6, "loss": 0.021759587529742105, "lr": 3.4296164398902576e-06, "grad_norm": 1.0546875, "peak_allocated": 48804867072}
{"step": 2395, "epoch": 6, "loss": 0.03288081634751452, "lr": 3.42554017351214e-06, "grad_norm": 1.2890625, "peak_allocated": 48804867072}
{"step": 2396, "epoch": 6, "loss": 0.03606377209050891, "lr": 3.4214650684326167e-06, "grad_norm": 1.015625, "peak_allocated": 48804867072}
{"step": 2397, "epoch": 6, "loss": 0.019374754294112357, "lr": 3.4173911276574244e-06, "grad_norm": 1.0, "peak_allocated": 48804867072}
{"step": 2398, "epoch": 6, "loss": 0.025456380586188942, "lr": 3.413318354191445e-06, "grad_norm": 1.0078125, "peak_allocated": 48804867072}
{"step": 2399, "epoch": 6, "loss": 0.024195320843729145, "lr": 3.409246751038694e-06, "grad_norm": 1.1484375, "peak_allocated": 48804867072}
{"step": 2400, "epoch": 6, "loss": 0.022961154461890555, "lr": 3.4051763212023282e-06, "grad_norm": 1.0703125, "peak_allocated": 48804867072}
{"step": 2401, "epoch": 6, "loss": 0.0225821438443932, "lr": 3.4011070676846375e-06, "grad_norm": 1.1953125, "peak_allocated": 48804867072}
{"step": 2402, "epoch": 6, "loss": 0.03557572822621814, "lr": 3.3970389934870403e-06, "grad_norm": 1.2734375, "peak_allocated": 48804867072}
{"step": 2403, "epoch": 6, "loss": 0.025215534812600117, "lr": 3.392972101610094e-06, "grad_norm": 1.1328125, "peak_allocated": 48804867072}
{"step": 2404, "epoch": 6, "loss": 0.022457886913257855, "lr": 3.388906395053474e-06, "grad_norm": 0.90625, "peak_allocated": 48804867072}
{"step": 2405, "epoch": 6, "loss": 0.02640009893455852, "lr": 3.384841876815991e-06, "grad_norm": 1.25, "peak_allocated": 48804867072}
{"step": 2406, "epoch": 6, "loss": 0.03320029296100776, "lr": 3.3807785498955683e-06, "grad_norm": 1.1015625, "peak_allocated": 48804867072}
{"step": 2407, "epoch": 6, "loss": 0.02214425941497202, "lr": 3.3767164172892625e-06, "grad_norm": 0.9921875, "peak_allocated": 48804867072}
{"step": 2408, "epoch": 6, "loss": 0.036176567781045325, "lr": 3.37265548199324e-06, "grad_norm": 1.21875, "peak_allocated": 48804867072}
{"step": 2409, "epoch": 6, "loss": 0.02144951055209467, "lr": 3.3685957470027873e-06, "grad_norm": 1.21875, "peak_allocated": 48804867072}
{"step": 2410, "epoch": 6, "loss": 0.02892357988486864, "lr": 3.364537215312308e-06, "grad_norm": 1.0234375, "peak_allocated": 48804867072}
{"step": 2411, "epoch": 6, "loss": 0.03204291997073572, "lr": 3.3604798899153127e-06, "grad_norm": 1.0546875, "peak_allocated": 48804867072}
{"step": 2412, "epoch": 6, "loss": 0.023267325142109378, "lr": 3.3564237738044288e-06, "grad_norm": 0.89453125, "peak_allocated": 48804867072}
{"step": 2413, "epoch": 6, "loss": 0.014312147751380492, "lr": 3.3523688699713853e-06, "grad_norm": 1.0234375, "peak_allocated": 48804867072}
{"step": 2414, "epoch": 6, "loss": 0.020675754102714203, "lr": 3.3483151814070223e-06, "grad_norm": 1.0078125, "peak_allocated": 48804867072}
{"step": 2415, "epoch": 6, "loss": 0.027563119845329803, "lr": 3.3442627111012817e-06, "grad_norm": 0.9296875, "peak_allocated": 48804867072}
{"step": 2416, "epoch": 6, "loss": 0.016280337304180107, "lr": 3.3402114620432017e-06, "grad_norm": 0.98828125, "peak_allocated": 48804867072}
{"step": 2417, "epoch": 6, "loss": 0.029380518103969654, "lr": 3.3361614372209317e-06, "grad_norm": 1.125, "peak_allocated": 48804867072}
{"step": 2418, "epoch": 6, "loss": 0.0370735476527612, "lr": 3.332112639621704e-06, "grad_norm": 1.2578125, "peak_allocated": 48804867072}
{"step": 2419, "epoch": 6, "loss": 0.026135175658730338, "lr": 3.328065072231859e-06, "grad_norm": 1.4140625, "peak_allocated": 48804867072}
{"step": 2420, "epoch": 6, "loss": 0.026127846437216665, "lr": 3.324018738036817e-06, "grad_norm": 1.2421875, "peak_allocated": 48804867072}
{"step": 2421, "epoch": 6, "loss": 0.041392286493532236, "lr": 3.3199736400211014e-06, "grad_norm": 1.3359375, "peak_allocated": 48804867072}
{"step": 2422, "epoch": 6, "loss": 0.033591340429620926, "lr": 3.3159297811683137e-06, "grad_norm": 1.1875, "peak_allocated": 48804867072}
{"step": 2423, "epoch": 6, "loss": 0.04349595064064917, "lr": 3.3118871644611442e-06, "grad_norm": 1.15625, "peak_allocated": 48804867072}
{"step": 2424, "epoch": 6, "loss": 0.026534220428445925, "lr": 3.3078457928813712e-06, "grad_norm": 1.109375, "peak_allocated": 48804867072}
{"step": 2425, "epoch": 6, "loss": 0.030332937366916363, "lr": 3.3038056694098485e-06, "grad_norm": 1.2890625, "peak_allocated": 48804867072}
{"step": 2426, "epoch": 6, "loss": 0.01661415944456858, "lr": 3.299766797026515e-06, "grad_norm": 1.234375, "peak_allocated": 48804867072}
{"step": 2427, "epoch": 6, "loss": 0.02304849552900089, "lr": 3.295729178710382e-06, "grad_norm": 0.97265625, "peak_allocated": 48804867072}
{"step": 2428, "epoch": 6, "loss": 0.02826031989807492, "lr": 3.291692817439538e-06, "grad_norm": 1.109375, "peak_allocated": 48804867072}
{"step": 2429, "epoch": 6, "loss": 0.028759483361839894, "lr": 3.2876577161911455e-06, "grad_norm": 1.0625, "peak_allocated": 48804867072}
{"step": 2430, "epoch": 6, "loss": 0.011910885384812955, "lr": 3.2836238779414342e-06, "grad_norm": 0.6640625, "peak_allocated": 48804867072}
{"step": 2431, "epoch": 6, "loss": 0.030254088051195716, "lr": 3.279591305665708e-06, "grad_norm": 1.0859375, "peak_allocated": 48804867072}
{"step": 2432, "epoch": 6, "loss": 0.03786834152270818, "lr": 3.275560002338327e-06, "grad_norm": 1.1953125, "peak_allocated": 48804867072}
{"step": 2433, "epoch": 6, "loss": 0.04090908349911331, "lr": 3.27152997093273e-06, "grad_norm": 1.3125, "peak_allocated": 48804867072}
{"step": 2434, "epoch": 6, "loss": 0.01938109616075872, "lr": 3.2675012144214036e-06, "grad_norm": 1.2421875, "peak_allocated": 48804867072}
{"step": 2435, "epoch": 6, "loss": 0.02707935863123302, "lr": 3.2634737357758994e-06, "grad_norm": 0.92578125, "peak_allocated": 48804867072}
{"step": 2436, "epoch": 6, "loss": 0.023960596718042373, "lr": 3.25944753796683e-06, "grad_norm": 1.15625, "peak_allocated": 48804867072}
{"step": 2437, "epoch": 6, "loss": 0.016580949295414805, "lr": 3.2554226239638585e-06, "grad_norm": 1.1953125, "peak_allocated": 48804867072}
{"step": 2438, "epoch": 6, "loss": 0.028469088924181533, "lr": 3.2513989967357037e-06, "grad_norm": 0.98828125, "peak_allocated": 48804867072}
{"step": 2439, "epoch": 6, "loss": 0.023176597344702357, "lr": 3.247376659250132e-06, "grad_norm": 0.9921875, "peak_allocated": 48804867072}
{"step": 2440, "epoch": 6, "loss": 0.04783576297581244, "lr": 3.2433556144739648e-06, "grad_norm": 1.25, "peak_allocated": 48804867072}
{"step": 2441, "epoch": 6, "loss": 0.03380599549173383, "lr": 3.2393358653730634e-06, "grad_norm": 1.375, "peak_allocated": 48804867072}
{"step": 2442, "epoch": 6, "loss": 0.017768851508890827, "lr": 3.235317414912335e-06, "grad_norm": 1.046875, "peak_allocated": 48804867072}
{"step": 2443, "epoch": 6, "loss": 0.03296814275931825, "lr": 3.231300266055733e-06, "grad_norm": 1.2890625, "peak_allocated": 48804867072}
{"step": 2444, "epoch": 6, "loss": 0.02007924693153758, "lr": 3.2272844217662448e-06, "grad_norm": 1.015625, "peak_allocated": 48804867072}
{"step": 2445, "epoch": 6, "loss": 0.03432677180328453, "lr": 3.2232698850059017e-06, "grad_norm": 1.1171875, "peak_allocated": 48804867072}
{"step": 2446, "epoch": 6, "loss": 0.023933931439960567, "lr": 3.2192566587357645e-06, "grad_norm": 1.0, "peak_allocated": 48804867072}
{"step": 2447, "epoch": 6, "loss": 0.018657484717962438, "lr": 3.2152447459159337e-06, "grad_norm": 1.0546875, "peak_allocated": 48804867072}
{"step": 2448, "epoch": 6, "loss": 0.02617454567928916, "lr": 3.211234149505534e-06, "grad_norm": 1.046875, "peak_allocated": 48804867072}
{"step": 2449, "epoch": 6, "loss": 0.027373679009780622, "lr": 3.2072248724627243e-06, "grad_norm": 1.125, "peak_allocated": 48804867072}
{"step": 2450, "epoch": 6, "loss": 0.04023630699509605, "lr": 3.2032169177446893e-06, "grad_norm": 1.3203125, "peak_allocated": 48804867072}
{"step": 2451, "epoch": 6, "loss": 0.021442907127357823, "lr": 3.199210288307637e-06, "grad_norm": 1.046875, "peak_allocated": 48804867072}
{"step": 2452, "epoch": 6, "loss": 0.01445865586136048, "lr": 3.1952049871067997e-06, "grad_norm": 0.9296875, "peak_allocated": 48804867072}
{"step": 2453, "epoch": 6, "loss": 0.022391487222971483, "lr": 3.191201017096428e-06, "grad_norm": 1.125, "peak_allocated": 48804867072}
{"step": 2454, "epoch": 6, "loss": 0.030429863483465994, "lr": 3.1871983812297934e-06, "grad_norm": 1.3515625, "peak_allocated": 48804867072}
{"step": 2455, "epoch": 6, "loss": 0.02752103371275635, "lr": 3.1831970824591813e-06, "grad_norm": 0.94921875, "peak_allocated": 48804867072}
{"step": 2456, "epoch": 6, "loss": 0.02111774416107229, "lr": 3.1791971237358893e-06, "grad_norm": 0.984375, "peak_allocated": 48804867072}
{"step": 2457, "epoch": 6, "loss": 0.027884757273852916, "lr": 3.1751985080102315e-06, "grad_norm": 1.1796875, "peak_allocated": 48804867072}
{"step": 2458, "epoch": 6, "loss": 0.030110154751829682, "lr": 3.171201238231526e-06, "grad_norm": 1.3359375, "peak_allocated": 48804867072}
{"step": 2459, "epoch": 6, "loss": 0.029945273673789564, "lr": 3.1672053173481022e-06, "grad_norm": 1.1953125, "peak_allocated": 48804867072}
{"step": 2460, "epoch": 6, "loss": 0.02965987824124289, "lr": 3.1632107483072926e-06, "grad_norm": 1.15625, "peak_allocated": 48804867072}
{"step": 2461, "epoch": 6, "loss": 0.04362798209525074, "lr": 3.1592175340554333e-06, "grad_norm": 1.3515625, "peak_allocated": 48804867072}
{"step": 2462, "epoch": 6, "loss": 0.030252185345479504, "lr": 3.155225677537862e-06, "grad_norm": 1.15625, "peak_allocated": 48804867072}
{"step": 2463, "epoch": 6, "loss": 0.04509109408673321, "lr": 3.1512351816989102e-06, "grad_norm": 1.2578125, "peak_allocated": 48804867072}
{"step": 2464, "epoch": 6, "loss": 0.02341790997740382, "lr": 3.1472460494819124e-06, "grad_norm": 1.0234375, "peak_allocated": 48804867072}
{"step": 2465, "epoch": 6, "loss": 0.02782086240363675, "lr": 3.143258283829193e-06, "grad_norm": 1.2265625, "peak_allocated": 48804867072}
{"step": 2466, "epoch": 6, "loss": 0.027270682778520502, "lr": 3.1392718876820715e-06, "grad_norm": 1.0078125, "peak_allocated": 48804867072}
{"step": 2467, "epoch": 6, "loss": 0.034921127917955264, "lr": 3.1352868639808525e-06, "grad_norm": 1.140625, "peak_allocated": 48804867072}
{"step": 2468, "epoch": 6, "loss": 0.02929755448758969, "lr": 3.1313032156648348e-06, "grad_norm": 1.296875, "peak_allocated": 48804867072}
{"step": 2469, "epoch": 6, "loss": 0.04601159005333392, "lr": 3.1273209456722974e-06, "grad_norm": 1.375, "peak_allocated": 48804867072}
{"step": 2470, "epoch": 6, "loss": 0.027073324697874462, "lr": 3.1233400569405037e-06, "grad_norm": 1.3359375, "peak_allocated": 48804867072}
{"step": 2471, "epoch": 6, "loss": 0.020760770116285937, "lr": 3.1193605524057015e-06, "grad_norm": 1.109375, "peak_allocated": 48804867072}
{"step": 2472, "epoch": 6, "loss": 0.017562399071969347, "lr": 3.1153824350031126e-06, "grad_norm": 1.1875, "peak_allocated": 48804867072}
{"step": 2473, "epoch": 6, "loss": 0.030523698364141046, "lr": 3.111405707666941e-06, "grad_norm": 1.140625, "peak_allocated": 48804867072}
{"step": 2474, "epoch": 6, "loss": 0.019461501394109293, "lr": 3.1074303733303607e-06, "grad_norm": 1.109375, "peak_allocated": 48804867072}
{"step": 2475, "epoch": 6, "loss": 0.025743311705030126, "lr": 3.1034564349255213e-06, "grad_norm": 1.015625, "peak_allocated": 48804867072}
{"step": 2476, "epoch": 6, "loss": 0.031027160349611487, "lr": 3.0994838953835436e-06, "grad_norm": 1.34375, "peak_allocated": 48804867072}
{"step": 2477, "epoch": 6, "loss": 0.02960632288676642, "lr": 3.095512757634509e-06, "grad_norm": 1.265625, "peak_allocated": 48804867072}
{"step": 2478, "epoch": 6, "loss": 0.03033211737169988, "lr": 3.091543024607478e-06, "grad_norm": 1.0390625, "peak_allocated": 48804867072}
{"step": 2479, "epoch": 6, "loss": 0.025928469668815395, "lr": 3.087574699230462e-06, "grad_norm": 0.9609375, "peak_allocated": 48804867072}
{"step": 2480, "epoch": 6, "loss": 0.029009533684338628, "lr": 3.0836077844304434e-06, "grad_norm": 1.2890625, "peak_allocated": 48804867072}
{"step": 2481, "epoch": 6, "loss": 0.020223872921657924, "lr": 3.0796422831333593e-06, "grad_norm": 1.1015625, "peak_allocated": 48804867072}
{"step": 2482, "epoch": 6, "loss": 0.02976289822039843, "lr": 3.075678198264105e-06, "grad_norm": 1.140625, "peak_allocated": 48804867072}
{"step": 2483, "epoch": 6, "loss": 0.01621979719137254, "lr": 3.071715532746533e-06, "grad_norm": 0.9453125, "peak_allocated": 48804867072}
{"step": 2484, "epoch": 6, "loss": 0.024050424378726176, "lr": 3.067754289503446e-06, "grad_norm": 1.2421875, "peak_allocated": 48804867072}
{"step": 2485, "epoch": 6, "loss": 0.02756535345635244, "lr": 3.0637944714566013e-06, "grad_norm": 0.9609375, "peak_allocated": 48804867072}
{"step": 2486, "epoch": 6, "loss": 0.02873917895164576, "lr": 3.059836081526701e-06, "grad_norm": 0.96484375, "peak_allocated": 48804867072}
{"step": 2487, "epoch": 6, "loss": 0.019866770662788656, "lr": 3.0558791226333974e-06, "grad_norm": 0.96484375, "peak_allocated": 48804867072}
{"step": 2488, "epoch": 6, "loss": 0.028964365820286653, "lr": 3.0519235976952856e-06, "grad_norm": 1.1640625, "peak_allocated": 48804867072}
{"step": 2489, "epoch": 6, "loss": 0.02388192525771328, "lr": 3.0479695096298987e-06, "grad_norm": 1.28125, "peak_allocated": 48804867072}
{"step": 2490, "epoch": 6, "loss": 0.0506466164952334, "lr": 3.0440168613537223e-06, "grad_norm": 1.4453125, "peak_allocated": 48804867072}
{"step": 2491, "epoch": 6, "loss": 0.03692953657851891, "lr": 3.040065655782164e-06, "grad_norm": 1.296875, "peak_allocated": 48804867072}
{"step": 2492, "epoch": 6, "loss": 0.030121088827366214, "lr": 3.036115895829582e-06, "grad_norm": 1.1796875, "peak_allocated": 48804867072}
{"step": 2493, "epoch": 6, "loss": 0.0202490315141847, "lr": 3.032167584409256e-06, "grad_norm": 1.234375, "peak_allocated": 48804867072}
{"step": 2494, "epoch": 6, "loss": 0.02671390212627207, "lr": 3.0282207244334084e-06, "grad_norm": 0.84375, "peak_allocated": 48804867072}
{"step": 2495, "epoch": 6, "loss": 0.03174583351221137, "lr": 3.0242753188131813e-06, "grad_norm": 1.203125, "peak_allocated": 48804867072}
{"step": 2496, "epoch": 6, "loss": 0.02467224113355899, "lr": 3.020331370458649e-06, "grad_norm": 1.15625, "peak_allocated": 48804867072}
{"step": 2497, "epoch": 6, "loss": 0.031879866693533286, "lr": 3.0163888822788125e-06, "grad_norm": 1.125, "peak_allocated": 48804867072}
{"step": 2498, "epoch": 6, "loss": 0.03080311694991513, "lr": 3.0124478571815903e-06, "grad_norm": 1.2265625, "peak_allocated": 48804867072}
{"step": 2499, "epoch": 6, "loss": 0.04730185318953858, "lr": 3.0085082980738277e-06, "grad_norm": 1.453125, "peak_allocated": 48804867072}
{"step": 2500, "epoch": 6, "loss": 0.02098980679723534, "lr": 3.0045702078612847e-06, "grad_norm": 1.1328125, "peak_allocated": 48804867072}
{"event": "train_stage", "stage": "checkpoint_published", "rank": 0, "local_rank": 0, "world_size": 4, "checkpoint": "step-00002500-4163a241", "best": false}
{"step": 2501, "epoch": 6, "loss": 0.03324423742163435, "lr": 3.0006335894486406e-06, "grad_norm": 1.171875, "peak_allocated": 48804867072}
{"step": 2502, "epoch": 6, "loss": 0.028916471731353675, "lr": 2.9966984457394867e-06, "grad_norm": 1.078125, "peak_allocated": 48804867072}
{"step": 2503, "epoch": 6, "loss": 0.02238912460498737, "lr": 2.9927647796363252e-06, "grad_norm": 0.97265625, "peak_allocated": 48804867072}
{"step": 2504, "epoch": 6, "loss": 0.02840105435901777, "lr": 2.988832594040576e-06, "grad_norm": 1.328125, "peak_allocated": 48804867072}
{"step": 2505, "epoch": 6, "loss": 0.033946267800711534, "lr": 2.984901891852556e-06, "grad_norm": 1.1484375, "peak_allocated": 48804867072}
{"step": 2506, "epoch": 6, "loss": 0.03436780803781743, "lr": 2.9809726759714998e-06, "grad_norm": 1.203125, "peak_allocated": 48804867072}
{"step": 2507, "epoch": 6, "loss": 0.02848000137402386, "lr": 2.9770449492955335e-06, "grad_norm": 1.2578125, "peak_allocated": 48804867072}
{"step": 2508, "epoch": 6, "loss": 0.024053962364361383, "lr": 2.9731187147216965e-06, "grad_norm": 1.09375, "peak_allocated": 48804867072}
{"step": 2509, "epoch": 6, "loss": 0.01815984666571878, "lr": 2.96919397514592e-06, "grad_norm": 0.9140625, "peak_allocated": 48804867072}
{"step": 2510, "epoch": 6, "loss": 0.028087645807498177, "lr": 2.965270733463032e-06, "grad_norm": 1.25, "peak_allocated": 48804867072}
{"step": 2511, "epoch": 6, "loss": 0.019502287548777503, "lr": 2.9613489925667626e-06, "grad_norm": 1.015625, "peak_allocated": 48804867072}
{"step": 2512, "epoch": 6, "loss": 0.036223209403571224, "lr": 2.9574287553497273e-06, "grad_norm": 1.5, "peak_allocated": 48804867072}
{"step": 2513, "epoch": 6, "loss": 0.027011348147987207, "lr": 2.9535100247034385e-06, "grad_norm": 1.046875, "peak_allocated": 48804867072}
{"step": 2514, "epoch": 6, "loss": 0.02143338317192354, "lr": 2.949592803518293e-06, "grad_norm": 1.1953125, "peak_allocated": 48804867072}
{"step": 2515, "epoch": 6, "loss": 0.033652108754125915, "lr": 2.9456770946835765e-06, "grad_norm": 0.96875, "peak_allocated": 48804867072}
{"step": 2516, "epoch": 6, "loss": 0.01715220241180711, "lr": 2.9417629010874603e-06, "grad_norm": 1.203125, "peak_allocated": 48804867072}
{"step": 2517, "epoch": 6, "loss": 0.017364184691355047, "lr": 2.937850225616993e-06, "grad_norm": 0.984375, "peak_allocated": 48804867072}
{"step": 2518, "epoch": 6, "loss": 0.03128921595871938, "lr": 2.9339390711581105e-06, "grad_norm": 1.203125, "peak_allocated": 48804867072}
{"step": 2519, "epoch": 6, "loss": 0.02295779063591861, "lr": 2.9300294405956187e-06, "grad_norm": 0.94140625, "peak_allocated": 48804867072}
{"step": 2520, "epoch": 6, "loss": 0.04568145705240573, "lr": 2.9261213368132106e-06, "grad_norm": 1.625, "peak_allocated": 48804867072}
{"step": 2521, "epoch": 6, "loss": 0.02878827956786653, "lr": 2.9222147626934393e-06, "grad_norm": 1.015625, "peak_allocated": 48804867072}
{"step": 2522, "epoch": 6, "loss": 0.025818728969139813, "lr": 2.918309721117745e-06, "grad_norm": 1.0625, "peak_allocated": 48804867072}
{"step": 2523, "epoch": 6, "loss": 0.026234235279808622, "lr": 2.914406214966422e-06, "grad_norm": 1.3046875, "peak_allocated": 48804867072}
{"step": 2524, "epoch": 6, "loss": 0.02574052388305528, "lr": 2.9105042471186407e-06, "grad_norm": 1.1328125, "peak_allocated": 48804867072}
{"step": 2525, "epoch": 6, "loss": 0.0259741186611377, "lr": 2.9066038204524415e-06, "grad_norm": 1.28125, "peak_allocated": 48804867072}
{"step": 2526, "epoch": 6, "loss": 0.035663784256298965, "lr": 2.902704937844715e-06, "grad_norm": 1.4140625, "peak_allocated": 48804867072}
{"step": 2527, "epoch": 6, "loss": 0.03285524886666678, "lr": 2.8988076021712234e-06, "grad_norm": 1.0546875, "peak_allocated": 48804867072}
{"step": 2528, "epoch": 6, "loss": 0.03665379137242533, "lr": 2.8949118163065837e-06, "grad_norm": 1.578125, "peak_allocated": 48804867072}
{"step": 2529, "epoch": 6, "loss": 0.02042921901365141, "lr": 2.8910175831242744e-06, "grad_norm": 1.15625, "peak_allocated": 48804867072}
{"step": 2530, "epoch": 6, "loss": 0.020805022004849967, "lr": 2.88712490549662e-06, "grad_norm": 0.9453125, "peak_allocated": 48804867072}
{"step": 2531, "epoch": 6, "loss": 0.021895500783895853, "lr": 2.8832337862948036e-06, "grad_norm": 1.0234375, "peak_allocated": 48804867072}
{"step": 2532, "epoch": 6, "loss": 0.01871684048126304, "lr": 2.87934422838886e-06, "grad_norm": 0.921875, "peak_allocated": 48804867072}
{"step": 2533, "epoch": 6, "loss": 0.030749375187379784, "lr": 2.87545623464767e-06, "grad_norm": 1.203125, "peak_allocated": 48804867072}
{"step": 2534, "epoch": 6, "loss": 0.023233526187981624, "lr": 2.871569807938961e-06, "grad_norm": 0.86328125, "peak_allocated": 48804867072}
{"step": 2535, "epoch": 6, "loss": 0.03188047007580114, "lr": 2.867684951129303e-06, "grad_norm": 1.328125, "peak_allocated": 48804867072}
{"step": 2536, "epoch": 6, "loss": 0.03443471042061953, "lr": 2.8638016670841098e-06, "grad_norm": 1.3046875, "peak_allocated": 48804867072}
{"step": 2537, "epoch": 6, "loss": 0.016040217823391975, "lr": 2.8599199586676374e-06, "grad_norm": 1.2421875, "peak_allocated": 48804867072}
{"step": 2538, "epoch": 6, "loss": 0.04309466711910342, "lr": 2.8560398287429757e-06, "grad_norm": 1.453125, "peak_allocated": 48804867072}
{"step": 2539, "epoch": 6, "loss": 0.023217492665535373, "lr": 2.852161280172052e-06, "grad_norm": 1.15625, "peak_allocated": 48804867072}
{"step": 2540, "epoch": 6, "loss": 0.021569199593144774, "lr": 2.848284315815626e-06, "grad_norm": 1.1171875, "peak_allocated": 48804867072}
{"step": 2541, "epoch": 6, "loss": 0.03350377349470614, "lr": 2.844408938533295e-06, "grad_norm": 1.0703125, "peak_allocated": 48804867072}
{"step": 2542, "epoch": 6, "loss": 0.031394244130467604, "lr": 2.8405351511834757e-06, "grad_norm": 1.2109375, "peak_allocated": 48804867072}
{"step": 2543, "epoch": 6, "loss": 0.014442271978328204, "lr": 2.836662956623416e-06, "grad_norm": 0.984375, "peak_allocated": 48804867072}
{"step": 2544, "epoch": 6, "loss": 0.02594112710738135, "lr": 2.8327923577091943e-06, "grad_norm": 0.953125, "peak_allocated": 48804867072}
{"step": 2545, "epoch": 6, "loss": 0.024639936908784438, "lr": 2.8289233572957065e-06, "grad_norm": 1.109375, "peak_allocated": 48804867072}
{"step": 2546, "epoch": 6, "loss": 0.034857498419464665, "lr": 2.82505595823667e-06, "grad_norm": 1.46875, "peak_allocated": 48804867072}
{"step": 2547, "epoch": 6, "loss": 0.021278050017956268, "lr": 2.8211901633846205e-06, "grad_norm": 0.94921875, "peak_allocated": 48804867072}
{"step": 2548, "epoch": 6, "loss": 0.01568417807058993, "lr": 2.8173259755909164e-06, "grad_norm": 0.8203125, "peak_allocated": 48804867072}
{"step": 2549, "epoch": 6, "loss": 0.025631377108320853, "lr": 2.8134633977057236e-06, "grad_norm": 0.984375, "peak_allocated": 48804867072}
{"step": 2550, "epoch": 6, "loss": 0.02874858028711139, "lr": 2.8096024325780226e-06, "grad_norm": 0.96875, "peak_allocated": 48804867072}
{"step": 2551, "epoch": 6, "loss": 0.022348939694583906, "lr": 2.8057430830556066e-06, "grad_norm": 1.140625, "peak_allocated": 48804867072}
{"step": 2552, "epoch": 6, "loss": 0.02425044331435953, "lr": 2.8018853519850707e-06, "grad_norm": 1.0, "peak_allocated": 48804867072}
{"step": 2553, "epoch": 6, "loss": 0.024928883678213522, "lr": 2.7980292422118282e-06, "grad_norm": 1.109375, "peak_allocated": 48804867072}
{"step": 2554, "epoch": 6, "loss": 0.020860279313036467, "lr": 2.794174756580086e-06, "grad_norm": 1.03125, "peak_allocated": 48804867072}
{"step": 2555, "epoch": 6, "loss": 0.02665457781627979, "lr": 2.790321897932856e-06, "grad_norm": 0.8984375, "peak_allocated": 48804867072}
{"step": 2556, "epoch": 6, "loss": 0.029188182849854995, "lr": 2.786470669111951e-06, "grad_norm": 1.15625, "peak_allocated": 48804867072}
{"step": 2557, "epoch": 6, "loss": 0.03236548149805856, "lr": 2.782621072957981e-06, "grad_norm": 1.3203125, "peak_allocated": 48804867072}
{"step": 2558, "epoch": 6, "loss": 0.02860460767795375, "lr": 2.7787731123103523e-06, "grad_norm": 0.9921875, "peak_allocated": 48804867072}
{"step": 2559, "epoch": 6, "loss": 0.024415350340362216, "lr": 2.7749267900072623e-06, "grad_norm": 1.0859375, "peak_allocated": 48804867072}
{"step": 2560, "epoch": 6, "loss": 0.023634963301127715, "lr": 2.7710821088857067e-06, "grad_norm": 1.0625, "peak_allocated": 48804867072}
{"step": 2561, "epoch": 6, "loss": 0.02027485466076612, "lr": 2.7672390717814628e-06, "grad_norm": 0.91796875, "peak_allocated": 48804867072}
{"step": 2562, "epoch": 6, "loss": 0.028929174933119445, "lr": 2.7633976815290996e-06, "grad_norm": 1.25, "peak_allocated": 48804867072}
{"step": 2563, "epoch": 6, "loss": 0.021072726226455715, "lr": 2.7595579409619716e-06, "grad_norm": 1.375, "peak_allocated": 48804867072}
{"step": 2564, "epoch": 6, "loss": 0.025042399036712074, "lr": 2.755719852912212e-06, "grad_norm": 1.359375, "peak_allocated": 48804867072}
{"step": 2565, "epoch": 6, "loss": 0.03039366362836871, "lr": 2.7518834202107425e-06, "grad_norm": 1.1015625, "peak_allocated": 48804867072}
{"step": 2566, "epoch": 6, "loss": 0.03781431314592544, "lr": 2.748048645687258e-06, "grad_norm": 1.140625, "peak_allocated": 48804867072}
{"step": 2567, "epoch": 6, "loss": 0.037905700625627536, "lr": 2.744215532170233e-06, "grad_norm": 1.078125, "peak_allocated": 48804867072}
{"step": 2568, "epoch": 6, "loss": 0.038310612375148004, "lr": 2.740384082486913e-06, "grad_norm": 1.2421875, "peak_allocated": 48804867072}
{"step": 2569, "epoch": 6, "loss": 0.019068978995344613, "lr": 2.736554299463325e-06, "grad_norm": 0.98828125, "peak_allocated": 48804867072}
{"step": 2570, "epoch": 6, "loss": 0.019432544437660598, "lr": 2.732726185924259e-06, "grad_norm": 1.109375, "peak_allocated": 48804867072}
{"step": 2571, "epoch": 6, "loss": 0.015977869937484963, "lr": 2.7288997446932712e-06, "grad_norm": 0.86328125, "peak_allocated": 48804867072}
{"step": 2572, "epoch": 6, "loss": 0.029636163370986224, "lr": 2.7250749785926944e-06, "grad_norm": 1.375, "peak_allocated": 48804867072}
{"step": 2573, "epoch": 6, "loss": 0.028053747036276246, "lr": 2.721251890443618e-06, "grad_norm": 1.5, "peak_allocated": 48804867072}
{"step": 2574, "epoch": 6, "loss": 0.03633177981388351, "lr": 2.7174304830658964e-06, "grad_norm": 1.1328125, "peak_allocated": 48804867072}
{"step": 2575, "epoch": 6, "loss": 0.037773607261855593, "lr": 2.713610759278142e-06, "grad_norm": 1.6953125, "peak_allocated": 48804867072}
{"step": 2576, "epoch": 6, "loss": 0.03942534618494185, "lr": 2.7097927218977305e-06, "grad_norm": 1.3671875, "peak_allocated": 48804867072}
{"step": 2577, "epoch": 6, "loss": 0.032268755929555616, "lr": 2.7059763737407898e-06, "grad_norm": 1.3203125, "peak_allocated": 48804867072}
{"step": 2578, "epoch": 6, "loss": 0.04432263051661161, "lr": 2.7021617176222013e-06, "grad_norm": 1.7578125, "peak_allocated": 48804867072}
{"step": 2579, "epoch": 6, "loss": 0.040643533844684256, "lr": 2.698348756355601e-06, "grad_norm": 1.3203125, "peak_allocated": 48804867072}
{"step": 2580, "epoch": 6, "loss": 0.025937577374082102, "lr": 2.69453749275337e-06, "grad_norm": 1.2734375, "peak_allocated": 48804867072}
{"step": 2581, "epoch": 6, "loss": 0.04562689458559053, "lr": 2.6907279296266463e-06, "grad_norm": 1.2578125, "peak_allocated": 48804867072}
{"step": 2582, "epoch": 6, "loss": 0.03982658431742272, "lr": 2.686920069785305e-06, "grad_norm": 1.2890625, "peak_allocated": 48804867072}
{"step": 2583, "epoch": 6, "loss": 0.02201077992817905, "lr": 2.683113916037968e-06, "grad_norm": 1.1015625, "peak_allocated": 48804867072}
{"step": 2584, "epoch": 6, "loss": 0.02540723036376764, "lr": 2.679309471192e-06, "grad_norm": 1.0, "peak_allocated": 48804867072}
{"step": 2585, "epoch": 6, "loss": 0.02776838402278124, "lr": 2.6755067380535004e-06, "grad_norm": 1.1875, "peak_allocated": 48804867072}
{"step": 2586, "epoch": 6, "loss": 0.0331462768631848, "lr": 2.6717057194273165e-06, "grad_norm": 1.3203125, "peak_allocated": 48804867072}
{"step": 2587, "epoch": 6, "loss": 0.033200128006471215, "lr": 2.667906418117016e-06, "grad_norm": 1.234375, "peak_allocated": 48804867072}
{"step": 2588, "epoch": 6, "loss": 0.021217272655196236, "lr": 2.6641088369249146e-06, "grad_norm": 1.078125, "peak_allocated": 48804867072}
{"step": 2589, "epoch": 6, "loss": 0.016033827836160655, "lr": 2.66031297865205e-06, "grad_norm": 0.92578125, "peak_allocated": 48804867072}
{"step": 2590, "epoch": 6, "loss": 0.028082967513140527, "lr": 2.6565188460981917e-06, "grad_norm": 1.140625, "peak_allocated": 48804867072}
{"step": 2591, "epoch": 6, "loss": 0.02090155427114839, "lr": 2.6527264420618372e-06, "grad_norm": 1.0859375, "peak_allocated": 48804867072}
{"step": 2592, "epoch": 6, "loss": 0.044116284261723274, "lr": 2.6489357693402063e-06, "grad_norm": 1.3984375, "peak_allocated": 48804867072}
{"step": 2593, "epoch": 6, "loss": 0.027715252637438768, "lr": 2.6451468307292472e-06, "grad_norm": 1.0625, "peak_allocated": 48804867072}
{"step": 2594, "epoch": 6, "loss": 0.04049926124604163, "lr": 2.641359629023625e-06, "grad_norm": 1.421875, "peak_allocated": 48804867072}
{"step": 2595, "epoch": 6, "loss": 0.028173797991706988, "lr": 2.6375741670167233e-06, "grad_norm": 1.046875, "peak_allocated": 48804867072}
{"step": 2596, "epoch": 6, "loss": 0.026037353697166653, "lr": 2.633790447500644e-06, "grad_norm": 1.1875, "peak_allocated": 48804867072}
{"step": 2597, "epoch": 6, "loss": 0.026501789759582547, "lr": 2.6300084732662025e-06, "grad_norm": 1.34375, "peak_allocated": 48804867072}
{"step": 2598, "epoch": 6, "loss": 0.03114937664432733, "lr": 2.626228247102931e-06, "grad_norm": 1.15625, "peak_allocated": 48804867072}
{"step": 2599, "epoch": 6, "loss": 0.01870419963684583, "lr": 2.6224497717990637e-06, "grad_norm": 1.0390625, "peak_allocated": 48804867072}
{"step": 2600, "epoch": 6, "loss": 0.031494789525340204, "lr": 2.6186730501415548e-06, "grad_norm": 1.2890625, "peak_allocated": 48804867072}
{"step": 2601, "epoch": 6, "loss": 0.030507816656828272, "lr": 2.6148980849160534e-06, "grad_norm": 1.375, "peak_allocated": 48804867072}
{"step": 2602, "epoch": 6, "loss": 0.022115274957850557, "lr": 2.611124878906926e-06, "grad_norm": 1.1484375, "peak_allocated": 48804867072}
{"step": 2603, "epoch": 6, "loss": 0.03319977843600526, "lr": 2.6073534348972278e-06, "grad_norm": 1.2734375, "peak_allocated": 48804867072}
{"step": 2604, "epoch": 6, "loss": 0.047817978361663835, "lr": 2.6035837556687215e-06, "grad_norm": 1.4453125, "peak_allocated": 48804867072}
{"step": 2605, "epoch": 6, "loss": 0.020611820274670782, "lr": 2.5998158440018706e-06, "grad_norm": 1.03125, "peak_allocated": 48804867072}
{"step": 2606, "epoch": 6, "loss": 0.028927613940532813, "lr": 2.59604970267583e-06, "grad_norm": 1.3515625, "peak_allocated": 48804867072}
{"step": 2607, "epoch": 6, "loss": 0.010308012818290194, "lr": 2.5922853344684517e-06, "grad_norm": 0.86328125, "peak_allocated": 48804867072}
{"step": 2608, "epoch": 6, "loss": 0.033485131648061175, "lr": 2.5885227421562754e-06, "grad_norm": 1.28125, "peak_allocated": 48804867072}
{"step": 2609, "epoch": 6, "loss": 0.015954871504438934, "lr": 2.584761928514539e-06, "grad_norm": 1.1875, "peak_allocated": 48804867072}
{"step": 2610, "epoch": 6, "loss": 0.042752810020128346, "lr": 2.581002896317163e-06, "grad_norm": 1.3203125, "peak_allocated": 48804867072}
{"step": 2611, "epoch": 6, "loss": 0.023780660353272167, "lr": 2.57724564833675e-06, "grad_norm": 1.0703125, "peak_allocated": 48804867072}
{"step": 2612, "epoch": 6, "loss": 0.048054412287256223, "lr": 2.573490187344596e-06, "grad_norm": 1.390625, "peak_allocated": 48804867072}
{"step": 2613, "epoch": 6, "loss": 0.046582101418044045, "lr": 2.5697365161106704e-06, "grad_norm": 1.2421875, "peak_allocated": 48804867072}
{"step": 2614, "epoch": 6, "loss": 0.030694448736531085, "lr": 2.5659846374036334e-06, "grad_norm": 1.0390625, "peak_allocated": 48804867072}
{"step": 2615, "epoch": 6, "loss": 0.031109419287525527, "lr": 2.5622345539908067e-06, "grad_norm": 1.375, "peak_allocated": 48804867072}
{"step": 2616, "epoch": 6, "loss": 0.017776565859797804, "lr": 2.558486268638204e-06, "grad_norm": 0.90625, "peak_allocated": 48804867072}
{"step": 2617, "epoch": 6, "loss": 0.020260266956733126, "lr": 2.5547397841105037e-06, "grad_norm": 0.9921875, "peak_allocated": 48804867072}
{"step": 2618, "epoch": 6, "loss": 0.024630616066286658, "lr": 2.550995103171058e-06, "grad_norm": 0.92578125, "peak_allocated": 48804867072}
{"step": 2619, "epoch": 6, "loss": 0.022176195834063397, "lr": 2.547252228581888e-06, "grad_norm": 1.1953125, "peak_allocated": 48804867072}
{"step": 2620, "epoch": 6, "loss": 0.026319839490411924, "lr": 2.543511163103683e-06, "grad_norm": 1.2734375, "peak_allocated": 48804867072}
{"step": 2621, "epoch": 6, "loss": 0.019993733332389768, "lr": 2.5397719094958013e-06, "grad_norm": 1.109375, "peak_allocated": 48804867072}
{"step": 2622, "epoch": 6, "loss": 0.017050116460372647, "lr": 2.5360344705162596e-06, "grad_norm": 1.2578125, "peak_allocated": 48804867072}
{"step": 2623, "epoch": 6, "loss": 0.03243858675258019, "lr": 2.5322988489217403e-06, "grad_norm": 1.2265625, "peak_allocated": 48804867072}
{"step": 2624, "epoch": 6, "loss": 0.027420088156271435, "lr": 2.5285650474675806e-06, "grad_norm": 1.0859375, "peak_allocated": 48804867072}
{"step": 2625, "epoch": 6, "loss": 0.025734291517614503, "lr": 2.5248330689077784e-06, "grad_norm": 1.21875, "peak_allocated": 48804867072}
{"step": 2626, "epoch": 6, "loss": 0.032304960253762054, "lr": 2.52110291599499e-06, "grad_norm": 1.2890625, "peak_allocated": 48804867072}
{"step": 2627, "epoch": 6, "loss": 0.024758194142993052, "lr": 2.5173745914805164e-06, "grad_norm": 1.375, "peak_allocated": 48804867072}
{"step": 2628, "epoch": 6, "loss": 0.026162610766401657, "lr": 2.5136480981143195e-06, "grad_norm": 1.1640625, "peak_allocated": 48804867072}
{"step": 2629, "epoch": 6, "loss": 0.030894529331305286, "lr": 2.5099234386450046e-06, "grad_norm": 1.7890625, "peak_allocated": 48804867072}
{"step": 2630, "epoch": 6, "loss": 0.025203897225499396, "lr": 2.5062006158198293e-06, "grad_norm": 1.2734375, "peak_allocated": 48804867072}
{"step": 2631, "epoch": 6, "loss": 0.015347817814471, "lr": 2.502479632384689e-06, "grad_norm": 0.93359375, "peak_allocated": 48804867072}
{"step": 2632, "epoch": 6, "loss": 0.05016034187096774, "lr": 2.498760491084127e-06, "grad_norm": 1.8671875, "peak_allocated": 48804867072}
{"step": 2633, "epoch": 6, "loss": 0.024510487993886214, "lr": 2.4950431946613307e-06, "grad_norm": 0.99609375, "peak_allocated": 48804867072}
{"step": 2634, "epoch": 6, "loss": 0.04033480105790511, "lr": 2.491327745858123e-06, "grad_norm": 1.5234375, "peak_allocated": 48804867072}
{"step": 2635, "epoch": 6, "loss": 0.029011010945188338, "lr": 2.4876141474149634e-06, "grad_norm": 1.1171875, "peak_allocated": 48804867072}
{"step": 2636, "epoch": 6, "loss": 0.04443449509229547, "lr": 2.4839024020709467e-06, "grad_norm": 1.53125, "peak_allocated": 48804867072}
{"step": 2637, "epoch": 6, "loss": 0.016873835419681592, "lr": 2.480192512563806e-06, "grad_norm": 1.0078125, "peak_allocated": 48804867072}
{"step": 2638, "epoch": 6, "loss": 0.035825487605935305, "lr": 2.4764844816299e-06, "grad_norm": 1.3984375, "peak_allocated": 48804867072}
{"step": 2639, "epoch": 6, "loss": 0.02701348651917664, "lr": 2.472778312004217e-06, "grad_norm": 1.2109375, "peak_allocated": 48804867072}
{"step": 2640, "epoch": 6, "loss": 0.020231806115475592, "lr": 2.469074006420375e-06, "grad_norm": 1.0234375, "peak_allocated": 48804867072}
{"step": 2641, "epoch": 6, "loss": 0.03234534420834204, "lr": 2.4653715676106125e-06, "grad_norm": 1.2734375, "peak_allocated": 48804867072}
{"step": 2642, "epoch": 6, "loss": 0.009856196856065355, "lr": 2.461670998305802e-06, "grad_norm": 1.1484375, "peak_allocated": 48804867072}
{"step": 2643, "epoch": 6, "loss": 0.03142040571487131, "lr": 2.4579723012354216e-06, "grad_norm": 1.125, "peak_allocated": 48804867072}
{"step": 2644, "epoch": 6, "loss": 0.02149279657072675, "lr": 2.4542754791275776e-06, "grad_norm": 1.09375, "peak_allocated": 48804867072}
{"step": 2645, "epoch": 6, "loss": 0.04055515678683972, "lr": 2.450580534708995e-06, "grad_norm": 1.09375, "peak_allocated": 48804867072}
{"step": 2646, "epoch": 6, "loss": 0.018806892381365736, "lr": 2.44688747070501e-06, "grad_norm": 1.0234375, "peak_allocated": 48804867072}
{"step": 2647, "epoch": 6, "loss": 0.026537527271218345, "lr": 2.4431962898395724e-06, "grad_norm": 1.2109375, "peak_allocated": 48804867072}
{"step": 2648, "epoch": 6, "loss": 0.013526345969504347, "lr": 2.439506994835241e-06, "grad_norm": 0.953125, "peak_allocated": 48804867072}
{"step": 2649, "epoch": 6, "loss": 0.03406874541471072, "lr": 2.43581958841319e-06, "grad_norm": 1.234375, "peak_allocated": 48804867072}
{"step": 2650, "epoch": 6, "loss": 0.016900392797379458, "lr": 2.4321340732931935e-06, "grad_norm": 0.83984375, "peak_allocated": 48804867072}
{"step": 2651, "epoch": 6, "loss": 0.02559325614941245, "lr": 2.4284504521936364e-06, "grad_norm": 1.328125, "peak_allocated": 48804867072}
{"step": 2652, "epoch": 6, "loss": 0.02259539159725513, "lr": 2.424768727831501e-06, "grad_norm": 0.94140625, "peak_allocated": 48804867072}
{"step": 2653, "epoch": 6, "loss": 0.026602676107487885, "lr": 2.4210889029223737e-06, "grad_norm": 1.140625, "peak_allocated": 48804867072}
{"step": 2654, "epoch": 6, "loss": 0.0348897331556168, "lr": 2.417410980180443e-06, "grad_norm": 1.1953125, "peak_allocated": 48804867072}
{"step": 2655, "epoch": 6, "loss": 0.03899617214862772, "lr": 2.413734962318488e-06, "grad_norm": 1.4296875, "peak_allocated": 48804867072}
{"step": 2656, "epoch": 6, "loss": 0.023617994397019067, "lr": 2.410060852047887e-06, "grad_norm": 1.40625, "peak_allocated": 48804867072}
{"step": 2657, "epoch": 6, "loss": 0.05161433487321155, "lr": 2.4063886520786096e-06, "grad_norm": 1.3046875, "peak_allocated": 48804867072}
{"step": 2658, "epoch": 6, "loss": 0.020455149146619677, "lr": 2.4027183651192172e-06, "grad_norm": 0.953125, "peak_allocated": 48804867072}
{"step": 2659, "epoch": 6, "loss": 0.045989423106868974, "lr": 2.3990499938768597e-06, "grad_norm": 1.203125, "peak_allocated": 48804867072}
{"step": 2660, "epoch": 6, "loss": 0.029127020427606135, "lr": 2.3953835410572716e-06, "grad_norm": 0.9296875, "peak_allocated": 48804867072}
{"step": 2661, "epoch": 6, "loss": 0.027082825011899184, "lr": 2.391719009364781e-06, "grad_norm": 1.125, "peak_allocated": 48804867072}
{"step": 2662, "epoch": 6, "loss": 0.02767265343690663, "lr": 2.388056401502288e-06, "grad_norm": 1.2578125, "peak_allocated": 48804867072}
{"step": 2663, "epoch": 6, "loss": 0.02591205881721874, "lr": 2.384395720171282e-06, "grad_norm": 0.98828125, "peak_allocated": 48804867072}
{"step": 2664, "epoch": 6, "loss": 0.05032250799859705, "lr": 2.3807369680718256e-06, "grad_norm": 1.578125, "peak_allocated": 48804867072}
{"step": 2665, "epoch": 6, "loss": 0.03122032830448649, "lr": 2.37708014790256e-06, "grad_norm": 0.9375, "peak_allocated": 48804867072}
{"step": 2666, "epoch": 6, "loss": 0.020925943994213162, "lr": 2.3734252623607064e-06, "grad_norm": 1.109375, "peak_allocated": 48804867072}
{"step": 2667, "epoch": 6, "loss": 0.03195863400810646, "lr": 2.3697723141420524e-06, "grad_norm": 0.9765625, "peak_allocated": 48804867072}
{"step": 2668, "epoch": 6, "loss": 0.013752901629474316, "lr": 2.3661213059409606e-06, "grad_norm": 1.078125, "peak_allocated": 48804867072}
{"step": 2669, "epoch": 6, "loss": 0.032026449713575024, "lr": 2.362472240450358e-06, "grad_norm": 1.1171875, "peak_allocated": 48804867072}
{"step": 2670, "epoch": 6, "loss": 0.02424085203733564, "lr": 2.358825120361747e-06, "grad_norm": 1.0546875, "peak_allocated": 48804867072}
{"step": 2671, "epoch": 6, "loss": 0.027918543478124967, "lr": 2.3551799483651894e-06, "grad_norm": 1.25, "peak_allocated": 48804867072}
{"step": 2672, "epoch": 6, "loss": 0.0523830636267716, "lr": 2.3515367271493054e-06, "grad_norm": 1.3828125, "peak_allocated": 48804867072}
{"step": 2673, "epoch": 6, "loss": 0.026646543361204825, "lr": 2.3478954594012884e-06, "grad_norm": 1.1171875, "peak_allocated": 48804867072}
{"step": 2674, "epoch": 6, "loss": 0.02726433281567742, "lr": 2.344256147806881e-06, "grad_norm": 1.3125, "peak_allocated": 48804867072}
{"step": 2675, "epoch": 6, "loss": 0.05113200683989188, "lr": 2.3406187950503868e-06, "grad_norm": 1.625, "peak_allocated": 48804867072}
{"step": 2676, "epoch": 6, "loss": 0.03711517256917076, "lr": 2.3369834038146626e-06, "grad_norm": 1.5078125, "peak_allocated": 48804867072}
{"step": 2677, "epoch": 6, "loss": 0.031136125247890455, "lr": 2.3333499767811234e-06, "grad_norm": 1.296875, "peak_allocated": 48804867072}
{"step": 2678, "epoch": 6, "loss": 0.02904971841780655, "lr": 2.32971851662973e-06, "grad_norm": 1.3359375, "peak_allocated": 48804867072}
{"step": 2679, "epoch": 6, "loss": 0.0558832386518003, "lr": 2.3260890260389956e-06, "grad_norm": 1.359375, "peak_allocated": 48804867072}
{"step": 2680, "epoch": 6, "loss": 0.05169615042741167, "lr": 2.3224615076859773e-06, "grad_norm": 1.5078125, "peak_allocated": 48804867072}
{"step": 2681, "epoch": 6, "loss": 0.02087865648312478, "lr": 2.31883596424628e-06, "grad_norm": 1.0078125, "peak_allocated": 48804867072}
{"step": 2682, "epoch": 6, "loss": 0.024167698310719077, "lr": 2.315212398394054e-06, "grad_norm": 1.3359375, "peak_allocated": 48804867072}
{"step": 2683, "epoch": 6, "loss": 0.023035189404507536, "lr": 2.311590812801987e-06, "grad_norm": 1.0546875, "peak_allocated": 48804867072}
{"step": 2684, "epoch": 6, "loss": 0.019471767891821676, "lr": 2.3079712101413077e-06, "grad_norm": 1.0703125, "peak_allocated": 48804867072}
{"step": 2685, "epoch": 6, "loss": 0.03683219697536857, "lr": 2.3043535930817827e-06, "grad_norm": 1.2734375, "peak_allocated": 48804867072}
{"step": 2686, "epoch": 6, "loss": 0.009230871873951583, "lr": 2.300737964291711e-06, "grad_norm": 0.89453125, "peak_allocated": 48804867072}
{"step": 2687, "epoch": 6, "loss": 0.024838461778013403, "lr": 2.2971243264379338e-06, "grad_norm": 1.2265625, "peak_allocated": 48804867072}
{"step": 2688, "epoch": 6, "loss": 0.03728797355230065, "lr": 2.29351268218581e-06, "grad_norm": 1.2734375, "peak_allocated": 48804867072}
{"step": 2689, "epoch": 6, "loss": 0.025053001889638715, "lr": 2.2899030341992413e-06, "grad_norm": 1.3359375, "peak_allocated": 48804867072}
{"step": 2690, "epoch": 6, "loss": 0.04564204796971226, "lr": 2.2862953851406487e-06, "grad_norm": 1.3515625, "peak_allocated": 48804867072}
{"step": 2691, "epoch": 6, "loss": 0.040249900022626725, "lr": 2.282689737670983e-06, "grad_norm": 1.3828125, "peak_allocated": 48804867072}
{"step": 2692, "epoch": 6, "loss": 0.041070898470615756, "lr": 2.2790860944497166e-06, "grad_norm": 1.3984375, "peak_allocated": 48804867072}
{"step": 2693, "epoch": 6, "loss": 0.01759894828241241, "lr": 2.275484458134842e-06, "grad_norm": 0.8671875, "peak_allocated": 48804867072}
{"step": 2694, "epoch": 6, "loss": 0.025526276240776323, "lr": 2.2718848313828775e-06, "grad_norm": 1.4140625, "peak_allocated": 48804867072}
{"step": 2695, "epoch": 6, "loss": 0.0310406000979724, "lr": 2.268287216848853e-06, "grad_norm": 2.328125, "peak_allocated": 48804867072}
{"event": "train_stage", "stage": "validation_loss_complete", "rank": 0, "local_rank": 0, "world_size": 4, "epoch": 7, "val_loss": 0.06324168104625126, "training_seconds": 1012.36, "validation_loss_seconds": 29.66}
{"event": "train_stage", "stage": "validation_gleu_complete", "rank": 0, "local_rank": 0, "world_size": 4, "epoch": 7, "elapsed_seconds": 1753.29, "gleu": 65.94290000000001, "invalid_utf8": 0, "budget_exhausted": 0, "generation_backend": "global-prefix-guarded-greedy-v1", "cache_preliminary_skips": 147872, "cache_guard_refreshes": 1124, "max_rank_peak_allocated_bytes": 48804867072}
{"event": "train_stage", "stage": "checkpoint_published", "rank": 0, "local_rank": 0, "world_size": 4, "checkpoint": "step-00002695-859bc8e6", "best": false}
{"event": "train_stage", "stage": "epoch_complete", "rank": 0, "local_rank": 0, "world_size": 4, "epoch": 7, "global_step": 2695, "selection_metric": "val_gleu", "best": false, "val_loss": 0.06324168104625126, "val_gleu": 65.94290000000001, "elapsed_seconds": 2851.26}
{"step": 2696, "epoch": 7, "loss": 0.014407072008098562, "lr": 2.2646916171863164e-06, "grad_norm": 1.1640625, "peak_allocated": 48804867072}
{"step": 2697, "epoch": 7, "loss": 0.01943473908725439, "lr": 2.2610980350473305e-06, "grad_norm": 1.328125, "peak_allocated": 48804867072}
{"step": 2698, "epoch": 7, "loss": 0.04589184657347182, "lr": 2.2575064730824668e-06, "grad_norm": 1.2578125, "peak_allocated": 48804867072}
{"step": 2699, "epoch": 7, "loss": 0.024027374522962847, "lr": 2.2539169339408144e-06, "grad_norm": 1.0859375, "peak_allocated": 48804867072}
{"step": 2700, "epoch": 7, "loss": 0.03284495489680368, "lr": 2.2503294202699573e-06, "grad_norm": 1.15625, "peak_allocated": 48804867072}
{"step": 2701, "epoch": 7, "loss": 0.055673925743955535, "lr": 2.246743934715999e-06, "grad_norm": 1.46875, "peak_allocated": 48804867072}
{"step": 2702, "epoch": 7, "loss": 0.025074624197927824, "lr": 2.2431604799235402e-06, "grad_norm": 1.1015625, "peak_allocated": 48804867072}
{"step": 2703, "epoch": 7, "loss": 0.031317296907537526, "lr": 2.239579058535684e-06, "grad_norm": 1.1328125, "peak_allocated": 48804867072}
{"step": 2704, "epoch": 7, "loss": 0.029755536916392777, "lr": 2.2359996731940348e-06, "grad_norm": 1.1328125, "peak_allocated": 48804867072}
{"step": 2705, "epoch": 7, "loss": 0.022347640857119475, "lr": 2.232422326538693e-06, "grad_norm": 1.5390625, "peak_allocated": 48804867072}
{"step": 2706, "epoch": 7, "loss": 0.024599977457462945, "lr": 2.228847021208261e-06, "grad_norm": 1.0859375, "peak_allocated": 48804867072}
{"step": 2707, "epoch": 7, "loss": 0.032960497883669115, "lr": 2.2252737598398305e-06, "grad_norm": 1.1328125, "peak_allocated": 48804867072}
{"step": 2708, "epoch": 7, "loss": 0.034030121365704186, "lr": 2.2217025450689862e-06, "grad_norm": 1.0859375, "peak_allocated": 48804867072}
{"step": 2709, "epoch": 7, "loss": 0.030765738450970085, "lr": 2.2181333795298026e-06, "grad_norm": 1.3515625, "peak_allocated": 48804867072}
{"step": 2710, "epoch": 7, "loss": 0.020332560432823065, "lr": 2.2145662658548484e-06, "grad_norm": 0.953125, "peak_allocated": 48804867072}
{"step": 2711, "epoch": 7, "loss": 0.022843326083852287, "lr": 2.211001206675173e-06, "grad_norm": 1.1328125, "peak_allocated": 48804867072}
{"step": 2712, "epoch": 7, "loss": 0.02227931494313834, "lr": 2.207438204620308e-06, "grad_norm": 0.94140625, "peak_allocated": 48804867072}
{"step": 2713, "epoch": 7, "loss": 0.016966491702255955, "lr": 2.2038772623182765e-06, "grad_norm": 1.0546875, "peak_allocated": 48804867072}
{"step": 2714, "epoch": 7, "loss": 0.03822448404397446, "lr": 2.2003183823955745e-06, "grad_norm": 1.046875, "peak_allocated": 48804867072}
{"step": 2715, "epoch": 7, "loss": 0.03745952688878769, "lr": 2.196761567477184e-06, "grad_norm": 1.28125, "peak_allocated": 48804867072}
{"step": 2716, "epoch": 7, "loss": 0.0340756011384489, "lr": 2.193206820186554e-06, "grad_norm": 1.2421875, "peak_allocated": 48804867072}
{"step": 2717, "epoch": 7, "loss": 0.028926728643348505, "lr": 2.1896541431456195e-06, "grad_norm": 1.2109375, "peak_allocated": 48804867072}
{"step": 2718, "epoch": 7, "loss": 0.015263604146708586, "lr": 2.186103538974781e-06, "grad_norm": 0.953125, "peak_allocated": 48804867072}
{"step": 2719, "epoch": 7, "loss": 0.035986755777699136, "lr": 2.182555010292912e-06, "grad_norm": 1.4296875, "peak_allocated": 48804867072}
{"step": 2720, "epoch": 7, "loss": 0.03282673674003683, "lr": 2.1790085597173565e-06, "grad_norm": 1.234375, "peak_allocated": 48804867072}
{"step": 2721, "epoch": 7, "loss": 0.02979835332015505, "lr": 2.1754641898639217e-06, "grad_norm": 1.3046875, "peak_allocated": 48804867072}
{"step": 2722, "epoch": 7, "loss": 0.016168881611016143, "lr": 2.1719219033468882e-06, "grad_norm": 0.83203125, "peak_allocated": 48804867072}
{"step": 2723, "epoch": 7, "loss": 0.017327040965853, "lr": 2.168381702778991e-06, "grad_norm": 0.98046875, "peak_allocated": 48804867072}
{"step": 2724, "epoch": 7, "loss": 0.021466474195662645, "lr": 2.1648435907714322e-06, "grad_norm": 1.125, "peak_allocated": 48804867072}
{"step": 2725, "epoch": 7, "loss": 0.049946213043996324, "lr": 2.1613075699338705e-06, "grad_norm": 1.2421875, "peak_allocated": 48804867072}
{"step": 2726, "epoch": 7, "loss": 0.0166268016158059, "lr": 2.1577736428744224e-06, "grad_norm": 0.87890625, "peak_allocated": 48804867072}
{"step": 2727, "epoch": 7, "loss": 0.029761910445115527, "lr": 2.154241812199665e-06, "grad_norm": 1.25, "peak_allocated": 48804867072}
{"step": 2728, "epoch": 7, "loss": 0.021086050217451777, "lr": 2.1507120805146193e-06, "grad_norm": 1.1484375, "peak_allocated": 48804867072}
{"step": 2729, "epoch": 7, "loss": 0.041782399707578785, "lr": 2.1471844504227686e-06, "grad_norm": 1.4375, "peak_allocated": 48804867072}
{"step": 2730, "epoch": 7, "loss": 0.022051399964565403, "lr": 2.1436589245260375e-06, "grad_norm": 1.0234375, "peak_allocated": 48804867072}
{"step": 2731, "epoch": 7, "loss": 0.0398804239418063, "lr": 2.1401355054248086e-06, "grad_norm": 1.1796875, "peak_allocated": 48804867072}
{"step": 2732, "epoch": 7, "loss": 0.025899836639202152, "lr": 2.136614195717898e-06, "grad_norm": 1.0546875, "peak_allocated": 48804867072}
{"step": 2733, "epoch": 7, "loss": 0.044524671484803754, "lr": 2.133094998002574e-06, "grad_norm": 1.2265625, "peak_allocated": 48804867072}
{"step": 2734, "epoch": 7, "loss": 0.03177515211541188, "lr": 2.129577914874547e-06, "grad_norm": 1.2109375, "peak_allocated": 48804867072}
{"step": 2735, "epoch": 7, "loss": 0.03009064797383164, "lr": 2.1260629489279662e-06, "grad_norm": 1.2265625, "peak_allocated": 48804867072}
{"step": 2736, "epoch": 7, "loss": 0.02945824843500462, "lr": 2.122550102755418e-06, "grad_norm": 1.2890625, "peak_allocated": 48804867072}
{"step": 2737, "epoch": 7, "loss": 0.03139844020597207, "lr": 2.119039378947925e-06, "grad_norm": 1.1484375, "peak_allocated": 48804867072}
{"step": 2738, "epoch": 7, "loss": 0.01624099243750699, "lr": 2.1155307800949505e-06, "grad_norm": 0.80078125, "peak_allocated": 48804867072}
{"step": 2739, "epoch": 7, "loss": 0.028204312725922918, "lr": 2.112024308784384e-06, "grad_norm": 1.203125, "peak_allocated": 48804867072}
{"step": 2740, "epoch": 7, "loss": 0.02747592153030191, "lr": 2.1085199676025436e-06, "grad_norm": 1.125, "peak_allocated": 48804867072}
{"step": 2741, "epoch": 7, "loss": 0.030252482851431, "lr": 2.1050177591341847e-06, "grad_norm": 1.0625, "peak_allocated": 48804867072}
{"step": 2742, "epoch": 7, "loss": 0.025697207562682674, "lr": 2.101517685962482e-06, "grad_norm": 1.125, "peak_allocated": 48804867072}
{"step": 2743, "epoch": 7, "loss": 0.036623685899111136, "lr": 2.0980197506690437e-06, "grad_norm": 1.25, "peak_allocated": 48804867072}
{"step": 2744, "epoch": 7, "loss": 0.03914888466921583, "lr": 2.0945239558338885e-06, "grad_norm": 1.2421875, "peak_allocated": 48804867072}
{"step": 2745, "epoch": 7, "loss": 0.03343770805164059, "lr": 2.0910303040354697e-06, "grad_norm": 1.203125, "peak_allocated": 48804867072}
{"step": 2746, "epoch": 7, "loss": 0.032565191748995595, "lr": 2.087538797850652e-06, "grad_norm": 1.4375, "peak_allocated": 48804867072}
{"step": 2747, "epoch": 7, "loss": 0.03122175832083777, "lr": 2.084049439854718e-06, "grad_norm": 1.375, "peak_allocated": 48804867072}
{"step": 2748, "epoch": 7, "loss": 0.026616068930997473, "lr": 2.080562232621369e-06, "grad_norm": 1.078125, "peak_allocated": 48804867072}
{"step": 2749, "epoch": 7, "loss": 0.031309345139471374, "lr": 2.077077178722715e-06, "grad_norm": 1.296875, "peak_allocated": 48804867072}
{"step": 2750, "epoch": 7, "loss": 0.014615486433600567, "lr": 2.073594280729286e-06, "grad_norm": 1.140625, "peak_allocated": 48804867072}
{"step": 2751, "epoch": 7, "loss": 0.028693507879345305, "lr": 2.070113541210013e-06, "grad_norm": 1.078125, "peak_allocated": 48804867072}
{"step": 2752, "epoch": 7, "loss": 0.029582366985478527, "lr": 2.0666349627322407e-06, "grad_norm": 1.0234375, "peak_allocated": 48804867072}
{"step": 2753, "epoch": 7, "loss": 0.02851936240400863, "lr": 2.0631585478617168e-06, "grad_norm": 1.390625, "peak_allocated": 48804867072}
{"step": 2754, "epoch": 7, "loss": 0.02502926286121015, "lr": 2.059684299162592e-06, "grad_norm": 1.2578125, "peak_allocated": 48804867072}
{"step": 2755, "epoch": 7, "loss": 0.034166450404690456, "lr": 2.0562122191974276e-06, "grad_norm": 1.265625, "peak_allocated": 48804867072}
{"step": 2756, "epoch": 7, "loss": 0.022562100691407714, "lr": 2.052742310527172e-06, "grad_norm": 0.90234375, "peak_allocated": 48804867072}
{"step": 2757, "epoch": 7, "loss": 0.03988490754111401, "lr": 2.049274575711184e-06, "grad_norm": 1.0390625, "peak_allocated": 48804867072}
{"step": 2758, "epoch": 7, "loss": 0.025430248989279064, "lr": 2.0458090173072125e-06, "grad_norm": 1.03125, "peak_allocated": 48804867072}
{"step": 2759, "epoch": 7, "loss": 0.024126320761843126, "lr": 2.042345637871403e-06, "grad_norm": 1.0234375, "peak_allocated": 48804867072}
{"step": 2760, "epoch": 7, "loss": 0.018823880309551563, "lr": 2.0388844399582938e-06, "grad_norm": 0.98046875, "peak_allocated": 48804867072}
{"step": 2761, "epoch": 7, "loss": 0.030676408463713785, "lr": 2.0354254261208116e-06, "grad_norm": 1.203125, "peak_allocated": 48804867072}
{"step": 2762, "epoch": 7, "loss": 0.029526202501819514, "lr": 2.0319685989102788e-06, "grad_norm": 1.1171875, "peak_allocated": 48804867072}
{"step": 2763, "epoch": 7, "loss": 0.04135934443097943, "lr": 2.0285139608763987e-06, "grad_norm": 1.3828125, "peak_allocated": 48804867072}
{"step": 2764, "epoch": 7, "loss": 0.020231794657228405, "lr": 2.0250615145672616e-06, "grad_norm": 0.97265625, "peak_allocated": 48804867072}
{"step": 2765, "epoch": 7, "loss": 0.022270351329157306, "lr": 2.0216112625293416e-06, "grad_norm": 1.1640625, "peak_allocated": 48804867072}
{"step": 2766, "epoch": 7, "loss": 0.04357170530658901, "lr": 2.0181632073074925e-06, "grad_norm": 1.4296875, "peak_allocated": 48804867072}
{"step": 2767, "epoch": 7, "loss": 0.030175161324273548, "lr": 2.0147173514449535e-06, "grad_norm": 1.3125, "peak_allocated": 48804867072}
{"step": 2768, "epoch": 7, "loss": 0.027609432901269743, "lr": 2.011273697483336e-06, "grad_norm": 1.078125, "peak_allocated": 48804867072}
{"step": 2769, "epoch": 7, "loss": 0.02163301684719315, "lr": 2.007832247962628e-06, "grad_norm": 0.80859375, "peak_allocated": 48804867072}
{"step": 2770, "epoch": 7, "loss": 0.014349955635948425, "lr": 2.0043930054211907e-06, "grad_norm": 0.86328125, "peak_allocated": 48804867072}
{"step": 2771, "epoch": 7, "loss": 0.03583702208102803, "lr": 2.000955972395765e-06, "grad_norm": 1.2421875, "peak_allocated": 48804867072}
{"step": 2772, "epoch": 7, "loss": 0.02807936746234126, "lr": 1.9975211514214515e-06, "grad_norm": 1.1796875, "peak_allocated": 48804867072}
{"step": 2773, "epoch": 7, "loss": 0.020348604526659375, "lr": 1.994088545031723e-06, "grad_norm": 1.03125, "peak_allocated": 48804867072}
{"step": 2774, "epoch": 7, "loss": 0.02613845239771224, "lr": 1.990658155758424e-06, "grad_norm": 1.0625, "peak_allocated": 48804867072}
{"step": 2775, "epoch": 7, "loss": 0.037308517046327996, "lr": 1.987229986131758e-06, "grad_norm": 1.2109375, "peak_allocated": 48804867072}
{"step": 2776, "epoch": 7, "loss": 0.022141586749368978, "lr": 1.983804038680292e-06, "grad_norm": 0.97265625, "peak_allocated": 48804867072}
{"step": 2777, "epoch": 7, "loss": 0.036622036899386694, "lr": 1.9803803159309544e-06, "grad_norm": 1.2890625, "peak_allocated": 48804867072}
{"step": 2778, "epoch": 7, "loss": 0.020488483528459396, "lr": 1.976958820409035e-06, "grad_norm": 1.171875, "peak_allocated": 48804867072}
{"step": 2779, "epoch": 7, "loss": 0.015879294515992837, "lr": 1.973539554638179e-06, "grad_norm": 0.85546875, "peak_allocated": 48804867072}
{"step": 2780, "epoch": 7, "loss": 0.030714227626692812, "lr": 1.970122521140386e-06, "grad_norm": 1.09375, "peak_allocated": 48804867072}
{"step": 2781, "epoch": 7, "loss": 0.033187878637935826, "lr": 1.9667077224360094e-06, "grad_norm": 1.2578125, "peak_allocated": 48804867072}
{"step": 2782, "epoch": 7, "loss": 0.03393398703169484, "lr": 1.9632951610437544e-06, "grad_norm": 1.21875, "peak_allocated": 48804867072}
{"step": 2783, "epoch": 7, "loss": 0.03249321309434367, "lr": 1.9598848394806796e-06, "grad_norm": 1.0859375, "peak_allocated": 48804867072}
{"step": 2784, "epoch": 7, "loss": 0.03372018075751839, "lr": 1.9564767602621857e-06, "grad_norm": 1.0234375, "peak_allocated": 48804867072}
{"step": 2785, "epoch": 7, "loss": 0.030388150123352397, "lr": 1.9530709259020243e-06, "grad_norm": 1.171875, "peak_allocated": 48804867072}
{"step": 2786, "epoch": 7, "loss": 0.024003573402015102, "lr": 1.949667338912287e-06, "grad_norm": 1.234375, "peak_allocated": 48804867072}
{"step": 2787, "epoch": 7, "loss": 0.021781803573128342, "lr": 1.9462660018034113e-06, "grad_norm": 1.1171875, "peak_allocated": 48804867072}
{"step": 2788, "epoch": 7, "loss": 0.022564321090731945, "lr": 1.942866917084173e-06, "grad_norm": 1.0078125, "peak_allocated": 48804867072}
{"step": 2789, "epoch": 7, "loss": 0.02336244082101645, "lr": 1.9394700872616856e-06, "grad_norm": 1.046875, "peak_allocated": 48804867072}
{"step": 2790, "epoch": 7, "loss": 0.02555401256431914, "lr": 1.9360755148414056e-06, "grad_norm": 0.98046875, "peak_allocated": 48804867072}
{"step": 2791, "epoch": 7, "loss": 0.02279568200483031, "lr": 1.9326832023271173e-06, "grad_norm": 0.9921875, "peak_allocated": 48804867072}
{"step": 2792, "epoch": 7, "loss": 0.01846300176865814, "lr": 1.929293152220942e-06, "grad_norm": 1.1171875, "peak_allocated": 48804867072}
{"step": 2793, "epoch": 7, "loss": 0.02953017949995242, "lr": 1.9259053670233304e-06, "grad_norm": 1.2421875, "peak_allocated": 48804867072}
{"step": 2794, "epoch": 7, "loss": 0.02100815452219458, "lr": 1.922519849233061e-06, "grad_norm": 0.91796875, "peak_allocated": 48804867072}
{"step": 2795, "epoch": 7, "loss": 0.013667380363930021, "lr": 1.919136601347247e-06, "grad_norm": 1.078125, "peak_allocated": 48804867072}
{"step": 2796, "epoch": 7, "loss": 0.027275236363553973, "lr": 1.9157556258613213e-06, "grad_norm": 1.28125, "peak_allocated": 48804867072}
{"step": 2797, "epoch": 7, "loss": 0.0244404076655705, "lr": 1.912376925269041e-06, "grad_norm": 1.2734375, "peak_allocated": 48804867072}
{"step": 2798, "epoch": 7, "loss": 0.03157596653170612, "lr": 1.9090005020624854e-06, "grad_norm": 1.3671875, "peak_allocated": 48804867072}
{"step": 2799, "epoch": 7, "loss": 0.020563779299360856, "lr": 1.9056263587320572e-06, "grad_norm": 0.921875, "peak_allocated": 48804867072}
{"step": 2800, "epoch": 7, "loss": 0.028683472977903343, "lr": 1.902254497766477e-06, "grad_norm": 1.0234375, "peak_allocated": 48804867072}
{"step": 2801, "epoch": 7, "loss": 0.027940267132627834, "lr": 1.8988849216527738e-06, "grad_norm": 1.359375, "peak_allocated": 48804867072}
{"step": 2802, "epoch": 7, "loss": 0.022369812412288297, "lr": 1.8955176328763031e-06, "grad_norm": 1.2109375, "peak_allocated": 48804867072}
{"step": 2803, "epoch": 7, "loss": 0.020243158623479737, "lr": 1.8921526339207268e-06, "grad_norm": 1.0390625, "peak_allocated": 48804867072}
{"step": 2804, "epoch": 7, "loss": 0.020555388637615416, "lr": 1.8887899272680188e-06, "grad_norm": 1.1640625, "peak_allocated": 48804867072}
{"step": 2805, "epoch": 7, "loss": 0.03380963239723319, "lr": 1.8854295153984619e-06, "grad_norm": 1.3203125, "peak_allocated": 48804867072}
{"step": 2806, "epoch": 7, "loss": 0.02517194791002116, "lr": 1.882071400790646e-06, "grad_norm": 1.1796875, "peak_allocated": 48804867072}
{"step": 2807, "epoch": 7, "loss": 0.028517326664972146, "lr": 1.8787155859214706e-06, "grad_norm": 1.265625, "peak_allocated": 48804867072}
{"step": 2808, "epoch": 7, "loss": 0.021208326654653813, "lr": 1.8753620732661338e-06, "grad_norm": 1.2109375, "peak_allocated": 48804867072}
{"step": 2809, "epoch": 7, "loss": 0.017829420157303086, "lr": 1.8720108652981378e-06, "grad_norm": 1.1328125, "peak_allocated": 48804867072}
{"step": 2810, "epoch": 7, "loss": 0.02368353037809764, "lr": 1.8686619644892827e-06, "grad_norm": 1.09375, "peak_allocated": 48804867072}
{"step": 2811, "epoch": 7, "loss": 0.023150525840427885, "lr": 1.8653153733096728e-06, "grad_norm": 1.0703125, "peak_allocated": 48804867072}
{"step": 2812, "epoch": 7, "loss": 0.02715683772997299, "lr": 1.8619710942277048e-06, "grad_norm": 1.1953125, "peak_allocated": 48804867072}
{"step": 2813, "epoch": 7, "loss": 0.027603050414921528, "lr": 1.858629129710065e-06, "grad_norm": 1.1875, "peak_allocated": 48804867072}
{"step": 2814, "epoch": 7, "loss": 0.04493270550743358, "lr": 1.855289482221742e-06, "grad_norm": 1.5234375, "peak_allocated": 48804867072}
{"step": 2815, "epoch": 7, "loss": 0.02230822996279105, "lr": 1.8519521542260088e-06, "grad_norm": 1.3125, "peak_allocated": 48804867072}
{"step": 2816, "epoch": 7, "loss": 0.025292619609450184, "lr": 1.8486171481844346e-06, "grad_norm": 1.015625, "peak_allocated": 48804867072}
{"step": 2817, "epoch": 7, "loss": 0.012617606115452235, "lr": 1.8452844665568641e-06, "grad_norm": 0.859375, "peak_allocated": 48804867072}
{"step": 2818, "epoch": 7, "loss": 0.03320750851191322, "lr": 1.8419541118014395e-06, "grad_norm": 1.2734375, "peak_allocated": 48804867072}
{"step": 2819, "epoch": 7, "loss": 0.0218936301363084, "lr": 1.8386260863745809e-06, "grad_norm": 1.1328125, "peak_allocated": 48804867072}
{"step": 2820, "epoch": 7, "loss": 0.03827936434747524, "lr": 1.8353003927309909e-06, "grad_norm": 1.265625, "peak_allocated": 48804867072}
{"step": 2821, "epoch": 7, "loss": 0.02870092003869173, "lr": 1.831977033323653e-06, "grad_norm": 1.234375, "peak_allocated": 48804867072}
{"step": 2822, "epoch": 7, "loss": 0.027530468827648858, "lr": 1.828656010603826e-06, "grad_norm": 1.21875, "peak_allocated": 48804867072}
{"step": 2823, "epoch": 7, "loss": 0.015180161708372763, "lr": 1.8253373270210523e-06, "grad_norm": 0.9296875, "peak_allocated": 48804867072}
{"step": 2824, "epoch": 7, "loss": 0.017371048593713568, "lr": 1.8220209850231419e-06, "grad_norm": 0.96875, "peak_allocated": 48804867072}
{"step": 2825, "epoch": 7, "loss": 0.024664721572678776, "lr": 1.8187069870561802e-06, "grad_norm": 1.0625, "peak_allocated": 48804867072}
{"step": 2826, "epoch": 7, "loss": 0.018750753138164218, "lr": 1.815395335564525e-06, "grad_norm": 1.0546875, "peak_allocated": 48804867072}
{"step": 2827, "epoch": 7, "loss": 0.02052876369576259, "lr": 1.8120860329907991e-06, "grad_norm": 1.03125, "peak_allocated": 48804867072}
{"step": 2828, "epoch": 7, "loss": 0.0251325983526747, "lr": 1.808779081775901e-06, "grad_norm": 1.1875, "peak_allocated": 48804867072}
{"step": 2829, "epoch": 7, "loss": 0.03171138994273334, "lr": 1.8054744843589839e-06, "grad_norm": 1.265625, "peak_allocated": 48804867072}
{"step": 2830, "epoch": 7, "loss": 0.02642149615348209, "lr": 1.8021722431774747e-06, "grad_norm": 0.9453125, "peak_allocated": 48804867072}
{"step": 2831, "epoch": 7, "loss": 0.027784348670348867, "lr": 1.7988723606670555e-06, "grad_norm": 1.1796875, "peak_allocated": 48804867072}
{"step": 2832, "epoch": 7, "loss": 0.021089125595125387, "lr": 1.7955748392616761e-06, "grad_norm": 1.0703125, "peak_allocated": 48804867072}
{"step": 2833, "epoch": 7, "loss": 0.04058831868068776, "lr": 1.792279681393535e-06, "grad_norm": 1.1640625, "peak_allocated": 48804867072}
{"step": 2834, "epoch": 7, "loss": 0.026792862622788162, "lr": 1.7889868894930934e-06, "grad_norm": 1.015625, "peak_allocated": 48804867072}
{"step": 2835, "epoch": 7, "loss": 0.018037861993219387, "lr": 1.7856964659890697e-06, "grad_norm": 1.1015625, "peak_allocated": 48804867072}
{"step": 2836, "epoch": 7, "loss": 0.03175072921096913, "lr": 1.7824084133084297e-06, "grad_norm": 1.0546875, "peak_allocated": 48804867072}
{"step": 2837, "epoch": 7, "loss": 0.012497018870525362, "lr": 1.7791227338763939e-06, "grad_norm": 0.953125, "peak_allocated": 48804867072}
{"step": 2838, "epoch": 7, "loss": 0.02491598859374992, "lr": 1.77583943011643e-06, "grad_norm": 1.0078125, "peak_allocated": 48804867072}
{"step": 2839, "epoch": 7, "loss": 0.034931749562865204, "lr": 1.7725585044502575e-06, "grad_norm": 1.3203125, "peak_allocated": 48804867072}
{"step": 2840, "epoch": 7, "loss": 0.014926932275341632, "lr": 1.7692799592978398e-06, "grad_norm": 0.77734375, "peak_allocated": 48804867072}
{"step": 2841, "epoch": 7, "loss": 0.02830366657394484, "lr": 1.7660037970773786e-06, "grad_norm": 1.15625, "peak_allocated": 48804867072}
{"step": 2842, "epoch": 7, "loss": 0.050959720051930876, "lr": 1.7627300202053288e-06, "grad_norm": 1.453125, "peak_allocated": 48804867072}
{"step": 2843, "epoch": 7, "loss": 0.03959543396890794, "lr": 1.759458631096377e-06, "grad_norm": 1.4140625, "peak_allocated": 48804867072}
{"step": 2844, "epoch": 7, "loss": 0.028137215620859725, "lr": 1.756189632163457e-06, "grad_norm": 1.0390625, "peak_allocated": 48804867072}
{"step": 2845, "epoch": 7, "loss": 0.03569938988321322, "lr": 1.7529230258177283e-06, "grad_norm": 1.390625, "peak_allocated": 48804867072}
{"step": 2846, "epoch": 7, "loss": 0.01742534908849854, "lr": 1.749658814468596e-06, "grad_norm": 1.0546875, "peak_allocated": 48804867072}
{"step": 2847, "epoch": 7, "loss": 0.036075724351242504, "lr": 1.7463970005236947e-06, "grad_norm": 1.3828125, "peak_allocated": 48804867072}
{"step": 2848, "epoch": 7, "loss": 0.030950448642120394, "lr": 1.74313758638889e-06, "grad_norm": 1.1875, "peak_allocated": 48804867072}
{"step": 2849, "epoch": 7, "loss": 0.02577196425785978, "lr": 1.7398805744682778e-06, "grad_norm": 1.109375, "peak_allocated": 48804867072}
{"step": 2850, "epoch": 7, "loss": 0.026403842670696696, "lr": 1.7366259671641815e-06, "grad_norm": 1.0390625, "peak_allocated": 48804867072}
{"step": 2851, "epoch": 7, "loss": 0.03483926427622884, "lr": 1.733373766877155e-06, "grad_norm": 1.1796875, "peak_allocated": 48804867072}
{"step": 2852, "epoch": 7, "loss": 0.03464226855567147, "lr": 1.7301239760059723e-06, "grad_norm": 1.0859375, "peak_allocated": 48804867072}
{"step": 2853, "epoch": 7, "loss": 0.0282683068825629, "lr": 1.7268765969476314e-06, "grad_norm": 1.0234375, "peak_allocated": 48804867072}
{"step": 2854, "epoch": 7, "loss": 0.02190007379110069, "lr": 1.7236316320973517e-06, "grad_norm": 0.97265625, "peak_allocated": 48804867072}
{"step": 2855, "epoch": 7, "loss": 0.036488858803981845, "lr": 1.720389083848571e-06, "grad_norm": 1.3046875, "peak_allocated": 48804867072}
{"step": 2856, "epoch": 7, "loss": 0.02440748604937534, "lr": 1.71714895459295e-06, "grad_norm": 1.3203125, "peak_allocated": 48804867072}
{"step": 2857, "epoch": 7, "loss": 0.03676958034954264, "lr": 1.7139112467203538e-06, "grad_norm": 1.0390625, "peak_allocated": 48804867072}
{"step": 2858, "epoch": 7, "loss": 0.02457200077080211, "lr": 1.7106759626188745e-06, "grad_norm": 1.0234375, "peak_allocated": 48804867072}
{"step": 2859, "epoch": 7, "loss": 0.025563997051451962, "lr": 1.7074431046748075e-06, "grad_norm": 1.0703125, "peak_allocated": 48804867072}
{"step": 2860, "epoch": 7, "loss": 0.026717724659983913, "lr": 1.7042126752726623e-06, "grad_norm": 1.1328125, "peak_allocated": 48804867072}
{"step": 2861, "epoch": 7, "loss": 0.026124149609061603, "lr": 1.7009846767951566e-06, "grad_norm": 1.125, "peak_allocated": 48804867072}
{"step": 2862, "epoch": 7, "loss": 0.021956881187122607, "lr": 1.6977591116232135e-06, "grad_norm": 1.609375, "peak_allocated": 48804867072}
{"step": 2863, "epoch": 7, "loss": 0.033909738167952695, "lr": 1.6945359821359652e-06, "grad_norm": 1.3125, "peak_allocated": 48804867072}
{"step": 2864, "epoch": 7, "loss": 0.01856294420957671, "lr": 1.6913152907107445e-06, "grad_norm": 0.96875, "peak_allocated": 48804867072}
{"step": 2865, "epoch": 7, "loss": 0.0300201727319049, "lr": 1.688097039723085e-06, "grad_norm": 1.1171875, "peak_allocated": 48804867072}
{"step": 2866, "epoch": 7, "loss": 0.030374022076001428, "lr": 1.6848812315467233e-06, "grad_norm": 1.1171875, "peak_allocated": 48804867072}
{"step": 2867, "epoch": 7, "loss": 0.02227947223462882, "lr": 1.6816678685535899e-06, "grad_norm": 0.94140625, "peak_allocated": 48804867072}
{"step": 2868, "epoch": 7, "loss": 0.029797242738823115, "lr": 1.6784569531138172e-06, "grad_norm": 1.09375, "peak_allocated": 48804867072}
{"step": 2869, "epoch": 7, "loss": 0.02645620857604972, "lr": 1.6752484875957298e-06, "grad_norm": 1.1328125, "peak_allocated": 48804867072}
{"step": 2870, "epoch": 7, "loss": 0.02366515450958405, "lr": 1.672042474365843e-06, "grad_norm": 1.2265625, "peak_allocated": 48804867072}
{"step": 2871, "epoch": 7, "loss": 0.026093019160306395, "lr": 1.6688389157888651e-06, "grad_norm": 1.1015625, "peak_allocated": 48804867072}
{"step": 2872, "epoch": 7, "loss": 0.01824173301294894, "lr": 1.6656378142276991e-06, "grad_norm": 0.859375, "peak_allocated": 48804867072}
{"step": 2873, "epoch": 7, "loss": 0.020884077718582462, "lr": 1.6624391720434246e-06, "grad_norm": 1.046875, "peak_allocated": 48804867072}
{"step": 2874, "epoch": 7, "loss": 0.037481228145929114, "lr": 1.659242991595315e-06, "grad_norm": 1.03125, "peak_allocated": 48804867072}
{"step": 2875, "epoch": 7, "loss": 0.029792368317972585, "lr": 1.6560492752408286e-06, "grad_norm": 1.1328125, "peak_allocated": 48804867072}
{"step": 2876, "epoch": 7, "loss": 0.023854626932700147, "lr": 1.6528580253356025e-06, "grad_norm": 1.1640625, "peak_allocated": 48804867072}
{"step": 2877, "epoch": 7, "loss": 0.02091540887154509, "lr": 1.6496692442334561e-06, "grad_norm": 1.2109375, "peak_allocated": 48804867072}
{"step": 2878, "epoch": 7, "loss": 0.022332016718577485, "lr": 1.6464829342863865e-06, "grad_norm": 1.09375, "peak_allocated": 48804867072}
{"step": 2879, "epoch": 7, "loss": 0.032925417047784344, "lr": 1.6432990978445723e-06, "grad_norm": 1.3828125, "peak_allocated": 48804867072}
{"step": 2880, "epoch": 7, "loss": 0.034527008452158926, "lr": 1.640117737256363e-06, "grad_norm": 1.3125, "peak_allocated": 48804867072}
{"step": 2881, "epoch": 7, "loss": 0.038525754439485665, "lr": 1.6369388548682847e-06, "grad_norm": 1.2109375, "peak_allocated": 48804867072}
{"step": 2882, "epoch": 7, "loss": 0.03304323663506287, "lr": 1.633762453025034e-06, "grad_norm": 1.890625, "peak_allocated": 48804867072}
{"step": 2883, "epoch": 7, "loss": 0.02009518754036296, "lr": 1.6305885340694766e-06, "grad_norm": 1.1328125, "peak_allocated": 48804867072}
{"step": 2884, "epoch": 7, "loss": 0.035530996630009866, "lr": 1.6274171003426526e-06, "grad_norm": 1.3046875, "peak_allocated": 48804867072}
{"step": 2885, "epoch": 7, "loss": 0.03755321196158304, "lr": 1.6242481541837634e-06, "grad_norm": 1.1484375, "peak_allocated": 48804867072}
{"step": 2886, "epoch": 7, "loss": 0.027847681210960828, "lr": 1.6210816979301775e-06, "grad_norm": 1.2109375, "peak_allocated": 48804867072}
{"step": 2887, "epoch": 7, "loss": 0.026225334427525934, "lr": 1.6179177339174267e-06, "grad_norm": 0.8828125, "peak_allocated": 48804867072}
{"step": 2888, "epoch": 7, "loss": 0.02399749327314906, "lr": 1.6147562644792048e-06, "grad_norm": 1.234375, "peak_allocated": 48804867072}
{"step": 2889, "epoch": 7, "loss": 0.01857039048264212, "lr": 1.6115972919473655e-06, "grad_norm": 0.9296875, "peak_allocated": 48804867072}
{"step": 2890, "epoch": 7, "loss": 0.0254746486631052, "lr": 1.6084408186519195e-06, "grad_norm": 1.0390625, "peak_allocated": 48804867072}
{"step": 2891, "epoch": 7, "loss": 0.024170047777389826, "lr": 1.605286846921038e-06, "grad_norm": 1.140625, "peak_allocated": 48804867072}
{"step": 2892, "epoch": 7, "loss": 0.014735984607275853, "lr": 1.6021353790810439e-06, "grad_norm": 0.94140625, "peak_allocated": 48804867072}
{"step": 2893, "epoch": 7, "loss": 0.03477704729330861, "lr": 1.598986417456413e-06, "grad_norm": 1.21875, "peak_allocated": 48804867072}
{"step": 2894, "epoch": 7, "loss": 0.01614219869031249, "lr": 1.595839964369774e-06, "grad_norm": 1.0390625, "peak_allocated": 48804867072}
{"step": 2895, "epoch": 7, "loss": 0.027759456310476407, "lr": 1.5926960221419024e-06, "grad_norm": 1.1328125, "peak_allocated": 48804867072}
{"step": 2896, "epoch": 7, "loss": 0.022443476257676242, "lr": 1.5895545930917283e-06, "grad_norm": 1.234375, "peak_allocated": 48804867072}
{"step": 2897, "epoch": 7, "loss": 0.023011098901664393, "lr": 1.5864156795363222e-06, "grad_norm": 1.09375, "peak_allocated": 48804867072}
{"step": 2898, "epoch": 7, "loss": 0.03398330273147416, "lr": 1.5832792837909e-06, "grad_norm": 1.1328125, "peak_allocated": 48804867072}
{"step": 2899, "epoch": 7, "loss": 0.028841121581408263, "lr": 1.5801454081688212e-06, "grad_norm": 1.0390625, "peak_allocated": 48804867072}
{"step": 2900, "epoch": 7, "loss": 0.024471343515230785, "lr": 1.5770140549815882e-06, "grad_norm": 1.1796875, "peak_allocated": 48804867072}
{"step": 2901, "epoch": 7, "loss": 0.02778475935627679, "lr": 1.5738852265388433e-06, "grad_norm": 1.1796875, "peak_allocated": 48804867072}
{"step": 2902, "epoch": 7, "loss": 0.02841119244199808, "lr": 1.5707589251483585e-06, "grad_norm": 1.421875, "peak_allocated": 48804867072}
{"step": 2903, "epoch": 7, "loss": 0.023997083599364675, "lr": 1.5676351531160539e-06, "grad_norm": 0.96484375, "peak_allocated": 48804867072}
{"step": 2904, "epoch": 7, "loss": 0.04304645247554815, "lr": 1.5645139127459756e-06, "grad_norm": 1.40625, "peak_allocated": 48804867072}
{"step": 2905, "epoch": 7, "loss": 0.03445680794133806, "lr": 1.561395206340306e-06, "grad_norm": 1.2734375, "peak_allocated": 48804867072}
{"step": 2906, "epoch": 7, "loss": 0.027421945662316257, "lr": 1.5582790361993544e-06, "grad_norm": 1.2265625, "peak_allocated": 48804867072}
{"step": 2907, "epoch": 7, "loss": 0.022697346833802156, "lr": 1.555165404621567e-06, "grad_norm": 1.203125, "peak_allocated": 48804867072}
{"step": 2908, "epoch": 7, "loss": 0.04203251617196028, "lr": 1.552054313903511e-06, "grad_norm": 1.3984375, "peak_allocated": 48804867072}
{"step": 2909, "epoch": 7, "loss": 0.03214194362178362, "lr": 1.5489457663398816e-06, "grad_norm": 1.2578125, "peak_allocated": 48804867072}
{"step": 2910, "epoch": 7, "loss": 0.028081890178487615, "lr": 1.5458397642234974e-06, "grad_norm": 1.2578125, "peak_allocated": 48804867072}
{"step": 2911, "epoch": 7, "loss": 0.016911282442514372, "lr": 1.5427363098452997e-06, "grad_norm": 0.92578125, "peak_allocated": 48804867072}
{"step": 2912, "epoch": 7, "loss": 0.037944060344120595, "lr": 1.5396354054943535e-06, "grad_norm": 1.3203125, "peak_allocated": 48804867072}
{"step": 2913, "epoch": 7, "loss": 0.033539840440155524, "lr": 1.536537053457841e-06, "grad_norm": 1.3671875, "peak_allocated": 48804867072}
{"step": 2914, "epoch": 7, "loss": 0.012458915552150637, "lr": 1.5334412560210572e-06, "grad_norm": 1.0234375, "peak_allocated": 48804867072}
{"step": 2915, "epoch": 7, "loss": 0.03997330477957506, "lr": 1.5303480154674205e-06, "grad_norm": 1.4296875, "peak_allocated": 48804867072}
{"step": 2916, "epoch": 7, "loss": 0.021869616786948366, "lr": 1.527257334078458e-06, "grad_norm": 1.140625, "peak_allocated": 48804867072}
{"step": 2917, "epoch": 7, "loss": 0.04818476364856593, "lr": 1.524169214133816e-06, "grad_norm": 1.625, "peak_allocated": 48804867072}
{"step": 2918, "epoch": 7, "loss": 0.016753584071065437, "lr": 1.5210836579112391e-06, "grad_norm": 1.078125, "peak_allocated": 48804867072}
{"step": 2919, "epoch": 7, "loss": 0.019797956599949013, "lr": 1.5180006676865948e-06, "grad_norm": 1.015625, "peak_allocated": 48804867072}
{"step": 2920, "epoch": 7, "loss": 0.028033961585260572, "lr": 1.5149202457338496e-06, "grad_norm": 1.421875, "peak_allocated": 48804867072}
{"step": 2921, "epoch": 7, "loss": 0.029157453930214468, "lr": 1.511842394325077e-06, "grad_norm": 1.03125, "peak_allocated": 48804867072}
{"step": 2922, "epoch": 7, "loss": 0.01985800814616721, "lr": 1.5087671157304567e-06, "grad_norm": 1.0390625, "peak_allocated": 48804867072}
{"step": 2923, "epoch": 7, "loss": 0.025405401024349985, "lr": 1.5056944122182665e-06, "grad_norm": 1.0546875, "peak_allocated": 48804867072}
{"step": 2924, "epoch": 7, "loss": 0.037089516479196845, "lr": 1.5026242860548918e-06, "grad_norm": 1.3046875, "peak_allocated": 48804867072}
{"step": 2925, "epoch": 7, "loss": 0.03230542190705764, "lr": 1.49955673950481e-06, "grad_norm": 1.0625, "peak_allocated": 48804867072}
{"step": 2926, "epoch": 7, "loss": 0.016626158957052915, "lr": 1.4964917748306e-06, "grad_norm": 1.0546875, "peak_allocated": 48804867072}
{"step": 2927, "epoch": 7, "loss": 0.012658368055596975, "lr": 1.4934293942929346e-06, "grad_norm": 1.2265625, "peak_allocated": 48804867072}
{"step": 2928, "epoch": 7, "loss": 0.03962225595887953, "lr": 1.4903696001505792e-06, "grad_norm": 1.3203125, "peak_allocated": 48804867072}
{"step": 2929, "epoch": 7, "loss": 0.024426201605969464, "lr": 1.487312394660398e-06, "grad_norm": 1.03125, "peak_allocated": 48804867072}
{"step": 2930, "epoch": 7, "loss": 0.02534469916498744, "lr": 1.484257780077335e-06, "grad_norm": 1.1796875, "peak_allocated": 48804867072}
{"step": 2931, "epoch": 7, "loss": 0.03743986143703219, "lr": 1.4812057586544342e-06, "grad_norm": 1.4375, "peak_allocated": 48804867072}
{"step": 2932, "epoch": 7, "loss": 0.019499052025293815, "lr": 1.4781563326428189e-06, "grad_norm": 0.90234375, "peak_allocated": 48804867072}
{"step": 2933, "epoch": 7, "loss": 0.03360255083749987, "lr": 1.4751095042917057e-06, "grad_norm": 1.140625, "peak_allocated": 48804867072}
{"step": 2934, "epoch": 7, "loss": 0.023405862563883238, "lr": 1.472065275848386e-06, "grad_norm": 1.0859375, "peak_allocated": 48804867072}
{"step": 2935, "epoch": 7, "loss": 0.02362258721046788, "lr": 1.469023649558239e-06, "grad_norm": 1.015625, "peak_allocated": 48804867072}
{"step": 2936, "epoch": 7, "loss": 0.02002971598733555, "lr": 1.465984627664726e-06, "grad_norm": 1.3828125, "peak_allocated": 48804867072}
{"step": 2937, "epoch": 7, "loss": 0.018340373737595287, "lr": 1.4629482124093841e-06, "grad_norm": 0.828125, "peak_allocated": 48804867072}
{"step": 2938, "epoch": 7, "loss": 0.032565050814366746, "lr": 1.4599144060318293e-06, "grad_norm": 1.296875, "peak_allocated": 48804867072}
{"step": 2939, "epoch": 7, "loss": 0.028381941535617468, "lr": 1.4568832107697506e-06, "grad_norm": 1.0234375, "peak_allocated": 48804867072}
{"step": 2940, "epoch": 7, "loss": 0.020362205553388413, "lr": 1.4538546288589172e-06, "grad_norm": 1.046875, "peak_allocated": 48804867072}
{"step": 2941, "epoch": 7, "loss": 0.02303637881681228, "lr": 1.4508286625331663e-06, "grad_norm": 1.28125, "peak_allocated": 48804867072}
{"step": 2942, "epoch": 7, "loss": 0.01790234116184579, "lr": 1.447805314024402e-06, "grad_norm": 1.0625, "peak_allocated": 48804867072}
{"step": 2943, "epoch": 7, "loss": 0.014005314904380707, "lr": 1.444784585562607e-06, "grad_norm": 0.828125, "peak_allocated": 48804867072}
{"step": 2944, "epoch": 7, "loss": 0.01776934774517176, "lr": 1.441766479375823e-06, "grad_norm": 1.171875, "peak_allocated": 48804867072}
{"step": 2945, "epoch": 7, "loss": 0.025234093073423402, "lr": 1.438750997690166e-06, "grad_norm": 1.078125, "peak_allocated": 48804867072}
{"step": 2946, "epoch": 7, "loss": 0.02650525578191043, "lr": 1.4357381427298057e-06, "grad_norm": 1.296875, "peak_allocated": 48804867072}
{"step": 2947, "epoch": 7, "loss": 0.02870404879462301, "lr": 1.4327279167169832e-06, "grad_norm": 1.0703125, "peak_allocated": 48804867072}
{"step": 2948, "epoch": 7, "loss": 0.04015583885660021, "lr": 1.4297203218719969e-06, "grad_norm": 1.4921875, "peak_allocated": 48804867072}
{"step": 2949, "epoch": 7, "loss": 0.03143955134782549, "lr": 1.4267153604132045e-06, "grad_norm": 1.09375, "peak_allocated": 48804867072}
{"step": 2950, "epoch": 7, "loss": 0.026286676610507227, "lr": 1.4237130345570217e-06, "grad_norm": 1.140625, "peak_allocated": 48804867072}
{"step": 2951, "epoch": 7, "loss": 0.03936254752164978, "lr": 1.4207133465179184e-06, "grad_norm": 1.4921875, "peak_allocated": 48804867072}
{"step": 2952, "epoch": 7, "loss": 0.02013148020176521, "lr": 1.4177162985084242e-06, "grad_norm": 1.09375, "peak_allocated": 48804867072}
{"step": 2953, "epoch": 7, "loss": 0.02580919021167221, "lr": 1.4147218927391165e-06, "grad_norm": 1.390625, "peak_allocated": 48804867072}
{"step": 2954, "epoch": 7, "loss": 0.023177603766968945, "lr": 1.4117301314186254e-06, "grad_norm": 1.03125, "peak_allocated": 48804867072}
{"step": 2955, "epoch": 7, "loss": 0.028511743336220877, "lr": 1.4087410167536297e-06, "grad_norm": 1.0390625, "peak_allocated": 48804867072}
{"step": 2956, "epoch": 7, "loss": 0.026912073297166487, "lr": 1.4057545509488563e-06, "grad_norm": 1.046875, "peak_allocated": 48804867072}
{"step": 2957, "epoch": 7, "loss": 0.02102327992927444, "lr": 1.4027707362070825e-06, "grad_norm": 1.2109375, "peak_allocated": 48804867072}
{"step": 2958, "epoch": 7, "loss": 0.01644826690224865, "lr": 1.39978957472912e-06, "grad_norm": 0.9609375, "peak_allocated": 48804867072}
{"step": 2959, "epoch": 7, "loss": 0.01952781527075851, "lr": 1.3968110687138364e-06, "grad_norm": 1.1015625, "peak_allocated": 48804867072}
{"step": 2960, "epoch": 7, "loss": 0.014012848285392608, "lr": 1.3938352203581295e-06, "grad_norm": 0.8359375, "peak_allocated": 48804867072}
{"step": 2961, "epoch": 7, "loss": 0.0449104477748378, "lr": 1.3908620318569465e-06, "grad_norm": 1.171875, "peak_allocated": 48804867072}
{"step": 2962, "epoch": 7, "loss": 0.01727927305180247, "lr": 1.3878915054032638e-06, "grad_norm": 0.90234375, "peak_allocated": 48804867072}
{"step": 2963, "epoch": 7, "loss": 0.03213999818754032, "lr": 1.3849236431880987e-06, "grad_norm": 1.09375, "peak_allocated": 48804867072}
{"step": 2964, "epoch": 7, "loss": 0.02340064945860273, "lr": 1.381958447400505e-06, "grad_norm": 1.125, "peak_allocated": 48804867072}
{"step": 2965, "epoch": 7, "loss": 0.023352916542959772, "lr": 1.3789959202275665e-06, "grad_norm": 1.2890625, "peak_allocated": 48804867072}
{"step": 2966, "epoch": 7, "loss": 0.0176345754765383, "lr": 1.3760360638544012e-06, "grad_norm": 1.0703125, "peak_allocated": 48804867072}
{"step": 2967, "epoch": 7, "loss": 0.02780648449347572, "lr": 1.3730788804641549e-06, "grad_norm": 1.140625, "peak_allocated": 48804867072}
{"step": 2968, "epoch": 7, "loss": 0.027152382394582973, "lr": 1.3701243722380013e-06, "grad_norm": 1.0078125, "peak_allocated": 48804867072}
{"step": 2969, "epoch": 7, "loss": 0.023304566911425066, "lr": 1.3671725413551461e-06, "grad_norm": 1.21875, "peak_allocated": 48804867072}
{"step": 2970, "epoch": 7, "loss": 0.02896927782550525, "lr": 1.3642233899928148e-06, "grad_norm": 1.3125, "peak_allocated": 48804867072}
{"step": 2971, "epoch": 7, "loss": 0.02804897670245219, "lr": 1.3612769203262594e-06, "grad_norm": 1.375, "peak_allocated": 48804867072}
{"step": 2972, "epoch": 7, "loss": 0.024202577544408594, "lr": 1.3583331345287498e-06, "grad_norm": 0.87890625, "peak_allocated": 48804867072}
{"step": 2973, "epoch": 7, "loss": 0.018956693764484594, "lr": 1.3553920347715855e-06, "grad_norm": 1.1484375, "peak_allocated": 48804867072}
{"step": 2974, "epoch": 7, "loss": 0.018689856281486863, "lr": 1.3524536232240732e-06, "grad_norm": 1.171875, "peak_allocated": 48804867072}
{"step": 2975, "epoch": 7, "loss": 0.031697132590823816, "lr": 1.3495179020535425e-06, "grad_norm": 1.203125, "peak_allocated": 48804867072}
{"step": 2976, "epoch": 7, "loss": 0.022587932278309016, "lr": 1.3465848734253423e-06, "grad_norm": 1.109375, "peak_allocated": 48804867072}
{"step": 2977, "epoch": 7, "loss": 0.020841704935538316, "lr": 1.3436545395028293e-06, "grad_norm": 1.046875, "peak_allocated": 48804867072}
{"step": 2978, "epoch": 7, "loss": 0.0158336136355082, "lr": 1.3407269024473752e-06, "grad_norm": 1.1796875, "peak_allocated": 48804867072}
{"step": 2979, "epoch": 7, "loss": 0.029766255352403972, "lr": 1.3378019644183615e-06, "grad_norm": 1.2265625, "peak_allocated": 48804867072}
{"step": 2980, "epoch": 7, "loss": 0.03304151421814391, "lr": 1.3348797275731823e-06, "grad_norm": 1.171875, "peak_allocated": 48804867072}
{"step": 2981, "epoch": 7, "loss": 0.030993453638789147, "lr": 1.3319601940672355e-06, "grad_norm": 1.1484375, "peak_allocated": 48804867072}
{"step": 2982, "epoch": 7, "loss": 0.03588161280819153, "lr": 1.3290433660539264e-06, "grad_norm": 1.28125, "peak_allocated": 48804867072}
{"step": 2983, "epoch": 7, "loss": 0.024014160098126194, "lr": 1.3261292456846648e-06, "grad_norm": 1.0546875, "peak_allocated": 48804867072}
{"step": 2984, "epoch": 7, "loss": 0.03804588490648002, "lr": 1.3232178351088614e-06, "grad_norm": 1.1953125, "peak_allocated": 48804867072}
{"step": 2985, "epoch": 7, "loss": 0.029001427239973593, "lr": 1.320309136473934e-06, "grad_norm": 1.1171875, "peak_allocated": 48804867072}
{"step": 2986, "epoch": 7, "loss": 0.02053871759963167, "lr": 1.317403151925294e-06, "grad_norm": 1.1484375, "peak_allocated": 48804867072}
{"step": 2987, "epoch": 7, "loss": 0.02265650966329464, "lr": 1.3144998836063538e-06, "grad_norm": 1.015625, "peak_allocated": 48804867072}
{"step": 2988, "epoch": 7, "loss": 0.02899361515377686, "lr": 1.311599333658521e-06, "grad_norm": 1.0, "peak_allocated": 48804867072}
{"step": 2989, "epoch": 7, "loss": 0.04848552481208109, "lr": 1.3087015042211997e-06, "grad_norm": 1.375, "peak_allocated": 48804867072}
{"step": 2990, "epoch": 7, "loss": 0.027390657749677902, "lr": 1.3058063974317863e-06, "grad_norm": 1.2734375, "peak_allocated": 48804867072}
{"step": 2991, "epoch": 7, "loss": 0.021397918766469834, "lr": 1.3029140154256681e-06, "grad_norm": 0.96484375, "peak_allocated": 48804867072}
{"step": 2992, "epoch": 7, "loss": 0.031691089424738035, "lr": 1.3000243603362267e-06, "grad_norm": 1.3046875, "peak_allocated": 48804867072}
{"step": 2993, "epoch": 7, "loss": 0.02798842353448789, "lr": 1.2971374342948273e-06, "grad_norm": 1.078125, "peak_allocated": 48804867072}
{"step": 2994, "epoch": 7, "loss": 0.026658500875918187, "lr": 1.2942532394308255e-06, "grad_norm": 1.0859375, "peak_allocated": 48804867072}
{"step": 2995, "epoch": 7, "loss": 0.022324838142998325, "lr": 1.2913717778715607e-06, "grad_norm": 1.0078125, "peak_allocated": 48804867072}
{"step": 2996, "epoch": 7, "loss": 0.029331362826718426, "lr": 1.2884930517423555e-06, "grad_norm": 1.09375, "peak_allocated": 48804867072}
{"step": 2997, "epoch": 7, "loss": 0.03824045191951929, "lr": 1.2856170631665192e-06, "grad_norm": 1.28125, "peak_allocated": 48804867072}
{"step": 2998, "epoch": 7, "loss": 0.025346170838084586, "lr": 1.282743814265338e-06, "grad_norm": 1.2265625, "peak_allocated": 48804867072}
{"step": 2999, "epoch": 7, "loss": 0.023086683334100227, "lr": 1.2798733071580782e-06, "grad_norm": 0.8828125, "peak_allocated": 48804867072}
{"step": 3000, "epoch": 7, "loss": 0.027535616718056564, "lr": 1.2770055439619822e-06, "grad_norm": 1.078125, "peak_allocated": 48804867072}
{"event": "train_stage", "stage": "checkpoint_published", "rank": 0, "local_rank": 0, "world_size": 4, "checkpoint": "step-00003000-52f3f163", "best": false}
{"step": 3001, "epoch": 7, "loss": 0.03656052673888491, "lr": 1.2741405267922736e-06, "grad_norm": 1.2421875, "peak_allocated": 48804867072}
{"step": 3002, "epoch": 7, "loss": 0.030137331146067526, "lr": 1.271278257762147e-06, "grad_norm": 1.34375, "peak_allocated": 48804867072}
{"step": 3003, "epoch": 7, "loss": 0.043964068903846014, "lr": 1.2684187389827651e-06, "grad_norm": 1.359375, "peak_allocated": 48804867072}
{"step": 3004, "epoch": 7, "loss": 0.029421230327090164, "lr": 1.2655619725632734e-06, "grad_norm": 1.328125, "peak_allocated": 48804867072}
{"step": 3005, "epoch": 7, "loss": 0.024349950188329316, "lr": 1.2627079606107784e-06, "grad_norm": 1.15625, "peak_allocated": 48804867072}
{"step": 3006, "epoch": 7, "loss": 0.01844632149096523, "lr": 1.2598567052303574e-06, "grad_norm": 1.1328125, "peak_allocated": 48804867072}
{"step": 3007, "epoch": 7, "loss": 0.034366368866714674, "lr": 1.2570082085250545e-06, "grad_norm": 1.046875, "peak_allocated": 48804867072}
{"step": 3008, "epoch": 7, "loss": 0.01868787114302051, "lr": 1.2541624725958811e-06, "grad_norm": 1.0703125, "peak_allocated": 48804867072}
{"step": 3009, "epoch": 7, "loss": 0.020415098696674024, "lr": 1.2513194995418098e-06, "grad_norm": 1.078125, "peak_allocated": 48804867072}
{"step": 3010, "epoch": 7, "loss": 0.013935073800599681, "lr": 1.248479291459776e-06, "grad_norm": 0.97265625, "peak_allocated": 48804867072}
{"step": 3011, "epoch": 7, "loss": 0.0382057308354932, "lr": 1.245641850444675e-06, "grad_norm": 1.203125, "peak_allocated": 48804867072}
{"step": 3012, "epoch": 7, "loss": 0.03537921396770569, "lr": 1.2428071785893608e-06, "grad_norm": 1.5234375, "peak_allocated": 48804867072}
{"step": 3013, "epoch": 7, "loss": 0.028426812150550623, "lr": 1.2399752779846497e-06, "grad_norm": 1.1171875, "peak_allocated": 48804867072}
{"step": 3014, "epoch": 7, "loss": 0.016374677875870162, "lr": 1.2371461507193077e-06, "grad_norm": 1.015625, "peak_allocated": 48804867072}
{"step": 3015, "epoch": 7, "loss": 0.041930508967183186, "lr": 1.2343197988800581e-06, "grad_norm": 1.2734375, "peak_allocated": 48804867072}
{"step": 3016, "epoch": 7, "loss": 0.013353212947623538, "lr": 1.231496224551577e-06, "grad_norm": 0.8671875, "peak_allocated": 48804867072}
{"step": 3017, "epoch": 7, "loss": 0.02568618040912404, "lr": 1.2286754298164905e-06, "grad_norm": 1.171875, "peak_allocated": 48804867072}
{"step": 3018, "epoch": 7, "loss": 0.03930150265437352, "lr": 1.2258574167553794e-06, "grad_norm": 1.234375, "peak_allocated": 48804867072}
{"step": 3019, "epoch": 7, "loss": 0.022773457158190822, "lr": 1.2230421874467629e-06, "grad_norm": 1.484375, "peak_allocated": 48804867072}
{"step": 3020, "epoch": 7, "loss": 0.02766978548626683, "lr": 1.2202297439671185e-06, "grad_norm": 0.9921875, "peak_allocated": 48804867072}
{"step": 3021, "epoch": 7, "loss": 0.021849965250499856, "lr": 1.217420088390861e-06, "grad_norm": 0.94140625, "peak_allocated": 48804867072}
{"step": 3022, "epoch": 7, "loss": 0.036117089775077, "lr": 1.2146132227903517e-06, "grad_norm": 1.1875, "peak_allocated": 48804867072}
{"step": 3023, "epoch": 7, "loss": 0.016563371805563016, "lr": 1.211809149235894e-06, "grad_norm": 0.97265625, "peak_allocated": 48804867072}
{"step": 3024, "epoch": 7, "loss": 0.02272757681516896, "lr": 1.2090078697957303e-06, "grad_norm": 1.1171875, "peak_allocated": 48804867072}
{"step": 3025, "epoch": 7, "loss": 0.02405333297465861, "lr": 1.2062093865360458e-06, "grad_norm": 1.0234375, "peak_allocated": 48804867072}
{"step": 3026, "epoch": 7, "loss": 0.021454861595793493, "lr": 1.203413701520959e-06, "grad_norm": 1.2734375, "peak_allocated": 48804867072}
{"step": 3027, "epoch": 7, "loss": 0.027153426633891878, "lr": 1.2006208168125277e-06, "grad_norm": 1.3203125, "peak_allocated": 48804867072}
{"step": 3028, "epoch": 7, "loss": 0.0346996463379207, "lr": 1.1978307344707425e-06, "grad_norm": 1.484375, "peak_allocated": 48804867072}
{"step": 3029, "epoch": 7, "loss": 0.034407603190118236, "lr": 1.195043456553525e-06, "grad_norm": 1.28125, "peak_allocated": 48804867072}
{"step": 3030, "epoch": 7, "loss": 0.02164946317520835, "lr": 1.1922589851167366e-06, "grad_norm": 1.15625, "peak_allocated": 48804867072}
{"step": 3031, "epoch": 7, "loss": 0.026842674409592978, "lr": 1.1894773222141555e-06, "grad_norm": 1.1484375, "peak_allocated": 48804867072}
{"step": 3032, "epoch": 7, "loss": 0.029547284008855028, "lr": 1.186698469897501e-06, "grad_norm": 1.3984375, "peak_allocated": 48804867072}
{"step": 3033, "epoch": 7, "loss": 0.02500673675941322, "lr": 1.1839224302164104e-06, "grad_norm": 1.1640625, "peak_allocated": 48804867072}
{"step": 3034, "epoch": 7, "loss": 0.022803682050189455, "lr": 1.1811492052184554e-06, "grad_norm": 1.0546875, "peak_allocated": 48804867072}
{"step": 3035, "epoch": 7, "loss": 0.047829467010379205, "lr": 1.1783787969491211e-06, "grad_norm": 1.3359375, "peak_allocated": 48804867072}
{"step": 3036, "epoch": 7, "loss": 0.020855276006320762, "lr": 1.175611207451821e-06, "grad_norm": 1.2421875, "peak_allocated": 48804867072}
{"step": 3037, "epoch": 7, "loss": 0.03661295196299866, "lr": 1.1728464387678905e-06, "grad_norm": 1.171875, "peak_allocated": 48804867072}
{"step": 3038, "epoch": 7, "loss": 0.028572219335694034, "lr": 1.1700844929365824e-06, "grad_norm": 1.15625, "peak_allocated": 48804867072}
{"step": 3039, "epoch": 7, "loss": 0.027697387211697903, "lr": 1.1673253719950666e-06, "grad_norm": 1.03125, "peak_allocated": 48804867072}
{"step": 3040, "epoch": 7, "loss": 0.025012159478730693, "lr": 1.1645690779784296e-06, "grad_norm": 1.1015625, "peak_allocated": 48804867072}
{"step": 3041, "epoch": 7, "loss": 0.04053953814564557, "lr": 1.1618156129196761e-06, "grad_norm": 1.25, "peak_allocated": 48804867072}
{"step": 3042, "epoch": 7, "loss": 0.021464448537125137, "lr": 1.1590649788497228e-06, "grad_norm": 1.109375, "peak_allocated": 48804867072}
{"step": 3043, "epoch": 7, "loss": 0.030035805432520907, "lr": 1.1563171777973913e-06, "grad_norm": 1.3203125, "peak_allocated": 48804867072}
{"step": 3044, "epoch": 7, "loss": 0.021064632214345656, "lr": 1.1535722117894255e-06, "grad_norm": 0.9140625, "peak_allocated": 48804867072}
{"step": 3045, "epoch": 7, "loss": 0.025170797398478474, "lr": 1.1508300828504682e-06, "grad_norm": 1.1015625, "peak_allocated": 48804867072}
{"step": 3046, "epoch": 7, "loss": 0.01870475741515271, "lr": 1.1480907930030788e-06, "grad_norm": 1.1015625, "peak_allocated": 48804867072}
{"step": 3047, "epoch": 7, "loss": 0.020484736212468633, "lr": 1.1453543442677112e-06, "grad_norm": 0.98046875, "peak_allocated": 48804867072}
{"step": 3048, "epoch": 7, "loss": 0.030679547738815784, "lr": 1.1426207386627348e-06, "grad_norm": 1.203125, "peak_allocated": 48804867072}
{"step": 3049, "epoch": 7, "loss": 0.030104687459104756, "lr": 1.1398899782044155e-06, "grad_norm": 1.40625, "peak_allocated": 48804867072}
{"step": 3050, "epoch": 7, "loss": 0.021290073285952935, "lr": 1.1371620649069221e-06, "grad_norm": 0.9296875, "peak_allocated": 48804867072}
{"step": 3051, "epoch": 7, "loss": 0.028290286005815284, "lr": 1.1344370007823241e-06, "grad_norm": 1.1484375, "peak_allocated": 48804867072}
{"step": 3052, "epoch": 7, "loss": 0.032301895571153705, "lr": 1.1317147878405877e-06, "grad_norm": 1.125, "peak_allocated": 48804867072}
{"step": 3053, "epoch": 7, "loss": 0.023939615091238518, "lr": 1.12899542808958e-06, "grad_norm": 0.96484375, "peak_allocated": 48804867072}
{"step": 3054, "epoch": 7, "loss": 0.022406348267033468, "lr": 1.1262789235350597e-06, "grad_norm": 0.98046875, "peak_allocated": 48804867072}
{"step": 3055, "epoch": 7, "loss": 0.04057723283982437, "lr": 1.123565276180681e-06, "grad_norm": 1.3125, "peak_allocated": 48804867072}
{"step": 3056, "epoch": 7, "loss": 0.03438198140192131, "lr": 1.1208544880279904e-06, "grad_norm": 1.6875, "peak_allocated": 48804867072}
{"step": 3057, "epoch": 7, "loss": 0.028373724915335925, "lr": 1.1181465610764248e-06, "grad_norm": 1.1484375, "peak_allocated": 48804867072}
{"step": 3058, "epoch": 7, "loss": 0.032518799580506505, "lr": 1.1154414973233152e-06, "grad_norm": 1.1640625, "peak_allocated": 48804867072}
{"step": 3059, "epoch": 7, "loss": 0.03882555587316238, "lr": 1.1127392987638719e-06, "grad_norm": 1.390625, "peak_allocated": 48804867072}
{"step": 3060, "epoch": 7, "loss": 0.03175578848044383, "lr": 1.110039967391201e-06, "grad_norm": 1.1015625, "peak_allocated": 48804867072}
{"step": 3061, "epoch": 7, "loss": 0.04034648363169049, "lr": 1.107343505196287e-06, "grad_norm": 1.2578125, "peak_allocated": 48804867072}
{"step": 3062, "epoch": 7, "loss": 0.01823616912882345, "lr": 1.1046499141680062e-06, "grad_norm": 0.97265625, "peak_allocated": 48804867072}
{"step": 3063, "epoch": 7, "loss": 0.04030817872386899, "lr": 1.1019591962931075e-06, "grad_norm": 1.421875, "peak_allocated": 48804867072}
{"step": 3064, "epoch": 7, "loss": 0.028144279018952945, "lr": 1.0992713535562245e-06, "grad_norm": 1.125, "peak_allocated": 48804867072}
{"step": 3065, "epoch": 7, "loss": 0.023325534469282348, "lr": 1.0965863879398742e-06, "grad_norm": 1.078125, "peak_allocated": 48804867072}
{"event": "train_stage", "stage": "checkpoint_published", "rank": 0, "local_rank": 0, "world_size": 4, "checkpoint": "step-00003065-2a74830b", "best": false}
End Time: 2026-09-28T00:00:51+09:00
Elapsed Seconds: 21095
Exit Code: 1
