==========================================
SLURM_JOB_ID = 910649
SLURM_NODELIST = gpu43
==========================================
Job ID: 910649
Node: gpu43
Start Time: 2026-09-18T11:37:15+09:00
Submit Dir: /scratch/r984a02/phdq3
Partition: amd_a100nv_8
CUDA_VISIBLE_DEVICES: 0,1,2,3
CPUs per task: 32
{
  "schema_version": 1,
  "created_at": "2026-09-18T02:37:22.668034+00:00",
  "hostname": "gpu43",
  "platform": "Linux-5.14.0-427.13.1.el9_4.x86_64-x86_64-with-glibc2.34",
  "python": "3.11.16",
  "python_executable": "/home01/r984a02/.conda/envs/phdq_blt_hf/bin/python",
  "scope": "gpu_runtime",
  "torch": "2.11.0+cu128",
  "transformers": "5.16.1",
  "xformers": null,
  "safetensors": "0.8.0",
  "huggingface_hub": "1.31.0",
  "devices": [
    {
      "index": 0,
      "name": "NVIDIA A100-SXM4-80GB",
      "capability": [
        8,
        0
      ],
      "total_memory": 85094825984,
      "bf16_supported": true,
      "bf16_smoke": true
    },
    {
      "index": 1,
      "name": "NVIDIA A100-SXM4-80GB",
      "capability": [
        8,
        0
      ],
      "total_memory": 85094825984,
      "bf16_supported": true,
      "bf16_smoke": true
    },
    {
      "index": 2,
      "name": "NVIDIA A100-SXM4-80GB",
      "capability": [
        8,
        0
      ],
      "total_memory": 85094825984,
      "bf16_supported": true,
      "bf16_smoke": true
    },
    {
      "index": 3,
      "name": "NVIDIA A100-SXM4-80GB",
      "capability": [
        8,
        0
      ],
      "total_memory": 85094825984,
      "bf16_supported": true,
      "bf16_smoke": true
    }
  ],
  "errors": [],
  "nvidia_smi": [
    "NVIDIA A100-SXM4-80GB, 580.105.08, 81920 MiB",
    "NVIDIA A100-SXM4-80GB, 580.105.08, 81920 MiB",
    "NVIDIA A100-SXM4-80GB, 580.105.08, 81920 MiB",
    "NVIDIA A100-SXM4-80GB, 580.105.08, 81920 MiB"
  ],
  "cuda_runtime": "12.8",
  "blt_import": true,
  "cuda_available": true,
  "cuda_smoke": true,
  "loaded_libcudart": [
    "/scratch/r984a02/.conda/envs/phdq_blt_hf/lib/python3.11/site-packages/nvidia/cuda_runtime/lib/libcudart.so.12"
  ],
  "status": "pass"
}
{
  "schema_version": 1,
  "created_at": "2026-09-18T02:40:58.108840+00:00",
  "check": "raw_utf8_lengths_and_m2_source_alignment",
  "model_executed": false,
  "tokenizer_executed": false,
  "status": "pass",
  "max_allowed": 2048,
  "splits": {
    "native/train": {
      "rows": 12292,
      "blank_lines": 0,
      "tsv_sha256": "a1080e12f528212f25858b1c0093f497d9ffa62f5717848088c4010bad2ea871",
      "max_sequence_bytes": 398,
      "max_prompt_bytes": 207,
      "max_target_bytes": 190,
      "over_1024": 0,
      "over_limit": 0
    },
    "native/val": {
      "rows": 2634,
      "blank_lines": 0,
      "tsv_sha256": "002645a47593a88735fe7b13fdc7c9fe2e4c1a92191f90ec7fb95449758ecd98",
      "max_sequence_bytes": 401,
      "max_prompt_bytes": 209,
      "max_target_bytes": 191,
      "over_1024": 0,
      "over_limit": 0,
      "evaluation_identity": {
        "dataset": "native",
        "split": "val",
        "sample_count": 2634,
        "source_hash": "e63fe872699d99b0ccec7dc04e98fb9bfde1f6b6c7119d90a9070daec279a4c3",
        "target_hash": "4c13345e12a1b4cd8097edd3b3cbb05fb0e71cef3d3e9f21c237ef9536461feb",
        "m2_hash": "17558a819658a14031ed8d36032b2f33f2f0094f50da695e818c488037fabb8a",
        "tsv_hash": "002645a47593a88735fe7b13fdc7c9fe2e4c1a92191f90ec7fb95449758ecd98",
        "reader": "utf8-universal-newlines-two-columns-blank-lines-skipped-v1"
      }
    },
    "native/test": {
      "rows": 2634,
      "blank_lines": 0,
      "tsv_sha256": "6c2d6e1551fdd12dd51b764b0daa3de57befedca47c21ed07fb5538d7c33ccc8",
      "max_sequence_bytes": 399,
      "max_prompt_bytes": 208,
      "max_target_bytes": 190,
      "over_1024": 0,
      "over_limit": 0,
      "evaluation_identity": {
        "dataset": "native",
        "split": "test",
        "sample_count": 2634,
        "source_hash": "37ec4cb176690066bd411d4dee23001ee77a3cf7825f28b2555390db349ba1c7",
        "target_hash": "c1b96b70deb626920be67f05d1b371bd16b38ccc9abd941a3f98bd11776d3563",
        "m2_hash": "a4579825f6fc5e9ee7fbb1ae722cf260518b9305a07f5191ba423bc0f8b0a04c",
        "tsv_hash": "6c2d6e1551fdd12dd51b764b0daa3de57befedca47c21ed07fb5538d7c33ccc8",
        "reader": "utf8-universal-newlines-two-columns-blank-lines-skipped-v1"
      }
    },
    "korean_learner/train": {
      "rows": 19898,
      "blank_lines": 0,
      "tsv_sha256": "163ab6419d259f477b5ab3c913dca6068dd1beaace2f4858d5416ac41bbe1888",
      "max_sequence_bytes": 1380,
      "max_prompt_bytes": 694,
      "max_target_bytes": 685,
      "over_1024": 4,
      "over_limit": 0
    },
    "korean_learner/val": {
      "rows": 4264,
      "blank_lines": 0,
      "tsv_sha256": "c5b62d189af42807a6dd0679f2a43b5d07dfaae282aeef812724f90a19fc1e1b",
      "max_sequence_bytes": 845,
      "max_prompt_bytes": 430,
      "max_target_bytes": 414,
      "over_1024": 0,
      "over_limit": 0,
      "evaluation_identity": {
        "dataset": "korean_learner",
        "split": "val",
        "sample_count": 4264,
        "source_hash": "46384ab2684f369e36aa0fc787b0447796d3760ff7ebfcca2d8e973e93222a08",
        "target_hash": "25cbe312b4d391f7a32b75100f6c8c2daa0eb6cd9de241775062eef69b17ea14",
        "m2_hash": "26aa7b334b71ae3d6e0b06acd45cc81cc219d75ad1ff2b573f496b30284b839c",
        "tsv_hash": "c5b62d189af42807a6dd0679f2a43b5d07dfaae282aeef812724f90a19fc1e1b",
        "reader": "utf8-universal-newlines-two-columns-blank-lines-skipped-v1"
      }
    },
    "korean_learner/test": {
      "rows": 4265,
      "blank_lines": 0,
      "tsv_sha256": "cb49c2806cedd8b71d1b5dbbc31ef5c74f0aca3a6ab6dc92a94c9e5ffe52044d",
      "max_sequence_bytes": 633,
      "max_prompt_bytes": 324,
      "max_target_bytes": 320,
      "over_1024": 0,
      "over_limit": 0,
      "evaluation_identity": {
        "dataset": "korean_learner",
        "split": "test",
        "sample_count": 4265,
        "source_hash": "4438468750166634cce0e4b03e72f7b82f45e352e7de230e9492c5a9cc4bb1c5",
        "target_hash": "93878d24629be44430507a067a2ab645e2bf4fc65dc0cd0ba1177c2ff9640933",
        "m2_hash": "4be33bbc4adf618da33074b9a97525c4d24c08162b9df44db60e69424f51ec01",
        "tsv_hash": "cb49c2806cedd8b71d1b5dbbc31ef5c74f0aca3a6ab6dc92a94c9e5ffe52044d",
        "reader": "utf8-universal-newlines-two-columns-blank-lines-skipped-v1"
      }
    },
    "union/train": {
      "rows": 108882,
      "blank_lines": 1,
      "tsv_sha256": "90a55cac5d37cd3557f6f958b973b6f6a037872c87edade462ac05324843a54a",
      "max_sequence_bytes": 1380,
      "max_prompt_bytes": 694,
      "max_target_bytes": 685,
      "over_1024": 5,
      "over_limit": 0
    },
    "union/val": {
      "rows": 23332,
      "blank_lines": 1,
      "tsv_sha256": "22b90eee85aa2edd5557cd3009893dd1b1dcff22584b7f96e713878fcbeb5f8b",
      "max_sequence_bytes": 931,
      "max_prompt_bytes": 470,
      "max_target_bytes": 460,
      "over_1024": 0,
      "over_limit": 0,
      "evaluation_identity": {
        "dataset": "union",
        "split": "val",
        "sample_count": 23332,
        "source_hash": "a0063540f10386703cf635a5c77922af237d45357202cc5da5420f2c4ebb5a7b",
        "target_hash": "864380fdab4b860b906a6836f9bb6a61230c40f071332fc1abcae2c4fb990d45",
        "m2_hash": "22e1cdeed3702fe905b429c872f188b19b70c52e949c3eed1a8b4df5a90def20",
        "tsv_hash": "22b90eee85aa2edd5557cd3009893dd1b1dcff22584b7f96e713878fcbeb5f8b",
        "reader": "utf8-universal-newlines-two-columns-blank-lines-skipped-v1"
      }
    },
    "union/test": {
      "rows": 23333,
      "blank_lines": 1,
      "tsv_sha256": "65b1bd0039ae58c136ee44ebbb6876ee69a5353bb8c00046ec235e7e79592f28",
      "max_sequence_bytes": 886,
      "max_prompt_bytes": 451,
      "max_target_bytes": 434,
      "over_1024": 0,
      "over_limit": 0,
      "evaluation_identity": {
        "dataset": "union",
        "split": "test",
        "sample_count": 23333,
        "source_hash": "eb476f3f20ea1abdd1fbb42e0ca006672a744e353bcd836d470569d7ea9e2ea7",
        "target_hash": "fb2c7f1b332c75a69a4677a09a3f48134469cf40d9cf7f7cb4906696dbd0a176",
        "m2_hash": "e79ae3c01c211bb58c2a0213f6b9e39bed8d9e4eb2011d7e7ae22a33c1042db7",
        "tsv_hash": "65b1bd0039ae58c136ee44ebbb6876ee69a5353bb8c00046ec235e7e79592f28",
        "reader": "utf8-universal-newlines-two-columns-blank-lines-skipped-v1"
      }
    }
  },
  "total": {
    "rows": 201534,
    "max_sequence_bytes": 1380,
    "max_prompt_bytes": 694,
    "max_target_bytes": 685,
    "over_1024": 9,
    "over_limit": 0
  }
}
{"step": 1, "epoch": 0, "loss": 0.3304329680485858, "lr": 5.361930294906167e-09, "grad_norm": 4.40625, "peak_allocated": 36514715136}
{"step": 2, "epoch": 0, "loss": 0.30995337676193757, "lr": 1.0723860589812334e-08, "grad_norm": 3.640625, "peak_allocated": 48804809728}
{"step": 3, "epoch": 0, "loss": 0.35150292785189474, "lr": 1.60857908847185e-08, "grad_norm": 4.3125, "peak_allocated": 48804809728}
{"step": 4, "epoch": 0, "loss": 0.36224456185167964, "lr": 2.1447721179624667e-08, "grad_norm": 4.78125, "peak_allocated": 48804809728}
{"step": 5, "epoch": 0, "loss": 0.4062308596867373, "lr": 2.6809651474530834e-08, "grad_norm": 5.125, "peak_allocated": 48804809728}
{"step": 6, "epoch": 0, "loss": 0.3459212048388265, "lr": 3.2171581769437e-08, "grad_norm": 4.5625, "peak_allocated": 48804809728}
{"step": 7, "epoch": 0, "loss": 0.32714537031204116, "lr": 3.753351206434317e-08, "grad_norm": 4.3125, "peak_allocated": 48804830208}
{"step": 8, "epoch": 0, "loss": 0.33604645374224723, "lr": 4.2895442359249334e-08, "grad_norm": 3.890625, "peak_allocated": 48804830208}
{"step": 9, "epoch": 0, "loss": 0.38063000343081177, "lr": 4.8257372654155504e-08, "grad_norm": 4.71875, "peak_allocated": 48804830208}
{"step": 10, "epoch": 0, "loss": 0.32800913913258717, "lr": 5.361930294906167e-08, "grad_norm": 3.6875, "peak_allocated": 48804830208}
{"step": 11, "epoch": 0, "loss": 0.34245988881029044, "lr": 5.898123324396783e-08, "grad_norm": 4.34375, "peak_allocated": 48804830208}
{"step": 12, "epoch": 0, "loss": 0.3431399734437597, "lr": 6.4343163538874e-08, "grad_norm": 3.890625, "peak_allocated": 48804830208}
{"step": 13, "epoch": 0, "loss": 0.309240155701485, "lr": 6.970509383378016e-08, "grad_norm": 3.75, "peak_allocated": 48804830208}
{"step": 14, "epoch": 0, "loss": 0.3325796499589365, "lr": 7.506702412868634e-08, "grad_norm": 4.25, "peak_allocated": 48804830208}
{"step": 15, "epoch": 0, "loss": 0.3648052222816354, "lr": 8.04289544235925e-08, "grad_norm": 4.8125, "peak_allocated": 48804830208}
{"step": 16, "epoch": 0, "loss": 0.34337630733713376, "lr": 8.579088471849867e-08, "grad_norm": 4.40625, "peak_allocated": 48804830208}
{"step": 17, "epoch": 0, "loss": 0.34119657215327226, "lr": 9.115281501340483e-08, "grad_norm": 3.859375, "peak_allocated": 48805540864}
{"step": 18, "epoch": 0, "loss": 0.38024527865402313, "lr": 9.651474530831101e-08, "grad_norm": 5.0, "peak_allocated": 48805540864}
{"step": 19, "epoch": 0, "loss": 0.331245724090324, "lr": 1.0187667560321717e-07, "grad_norm": 3.875, "peak_allocated": 48805540864}
{"step": 20, "epoch": 0, "loss": 0.38550938059530265, "lr": 1.0723860589812334e-07, "grad_norm": 5.0625, "peak_allocated": 48805540864}
{"step": 21, "epoch": 0, "loss": 0.33834484293204925, "lr": 1.1260053619302949e-07, "grad_norm": 3.9375, "peak_allocated": 48805540864}
{"step": 22, "epoch": 0, "loss": 0.36989512947881126, "lr": 1.1796246648793566e-07, "grad_norm": 4.1875, "peak_allocated": 48805540864}
{"step": 23, "epoch": 0, "loss": 0.3497299845972644, "lr": 1.2332439678284183e-07, "grad_norm": 4.34375, "peak_allocated": 48805540864}
{"step": 24, "epoch": 0, "loss": 0.3270240679942638, "lr": 1.28686327077748e-07, "grad_norm": 3.875, "peak_allocated": 48805540864}
{"step": 25, "epoch": 0, "loss": 0.3109476934640441, "lr": 1.3404825737265417e-07, "grad_norm": 3.78125, "peak_allocated": 48805540864}
{"step": 26, "epoch": 0, "loss": 0.3126596767936973, "lr": 1.3941018766756032e-07, "grad_norm": 3.65625, "peak_allocated": 48805540864}
{"step": 27, "epoch": 0, "loss": 0.32993041255296685, "lr": 1.4477211796246649e-07, "grad_norm": 3.96875, "peak_allocated": 48805540864}
{"step": 28, "epoch": 0, "loss": 0.3708039699238505, "lr": 1.5013404825737268e-07, "grad_norm": 3.984375, "peak_allocated": 48805540864}
{"step": 29, "epoch": 0, "loss": 0.29226291739121346, "lr": 1.5549597855227883e-07, "grad_norm": 3.34375, "peak_allocated": 48805540864}
{"step": 30, "epoch": 0, "loss": 0.3086094150749952, "lr": 1.60857908847185e-07, "grad_norm": 3.984375, "peak_allocated": 48805540864}
{"step": 31, "epoch": 0, "loss": 0.3558474962247337, "lr": 1.6621983914209117e-07, "grad_norm": 4.53125, "peak_allocated": 48805540864}
{"step": 32, "epoch": 0, "loss": 0.34198723323800756, "lr": 1.7158176943699734e-07, "grad_norm": 4.21875, "peak_allocated": 48805540864}
{"step": 33, "epoch": 0, "loss": 0.3175364095011287, "lr": 1.769436997319035e-07, "grad_norm": 3.9375, "peak_allocated": 48805540864}
{"step": 34, "epoch": 0, "loss": 0.35810143351355256, "lr": 1.8230563002680965e-07, "grad_norm": 3.890625, "peak_allocated": 48805540864}
{"step": 35, "epoch": 0, "loss": 0.3312874747382949, "lr": 1.8766756032171582e-07, "grad_norm": 4.09375, "peak_allocated": 48805540864}
{"step": 36, "epoch": 0, "loss": 0.3421224835480009, "lr": 1.9302949061662202e-07, "grad_norm": 3.59375, "peak_allocated": 48805540864}
{"step": 37, "epoch": 0, "loss": 0.34580684774409254, "lr": 1.9839142091152816e-07, "grad_norm": 4.03125, "peak_allocated": 48805540864}
{"step": 38, "epoch": 0, "loss": 0.37696168137557884, "lr": 2.0375335120643433e-07, "grad_norm": 4.625, "peak_allocated": 48805540864}
{"step": 39, "epoch": 0, "loss": 0.34778168532271825, "lr": 2.091152815013405e-07, "grad_norm": 4.28125, "peak_allocated": 48805540864}
{"step": 40, "epoch": 0, "loss": 0.3264079471123577, "lr": 2.1447721179624667e-07, "grad_norm": 3.90625, "peak_allocated": 48805540864}
{"step": 41, "epoch": 0, "loss": 0.3134178382304487, "lr": 2.1983914209115282e-07, "grad_norm": 3.71875, "peak_allocated": 48805540864}
{"step": 42, "epoch": 0, "loss": 0.30799710326811824, "lr": 2.2520107238605899e-07, "grad_norm": 4.34375, "peak_allocated": 48805540864}
{"step": 43, "epoch": 0, "loss": 0.339069930602671, "lr": 2.3056300268096518e-07, "grad_norm": 4.34375, "peak_allocated": 48805540864}
{"step": 44, "epoch": 0, "loss": 0.3416370731282133, "lr": 2.3592493297587133e-07, "grad_norm": 4.0625, "peak_allocated": 48805540864}
{"step": 45, "epoch": 0, "loss": 0.34584436759582315, "lr": 2.412868632707775e-07, "grad_norm": 4.625, "peak_allocated": 48805540864}
{"step": 46, "epoch": 0, "loss": 0.33993190115743294, "lr": 2.4664879356568367e-07, "grad_norm": 3.953125, "peak_allocated": 48805540864}
{"step": 47, "epoch": 0, "loss": 0.34270834969665903, "lr": 2.5201072386058984e-07, "grad_norm": 3.765625, "peak_allocated": 48805540864}
{"step": 48, "epoch": 0, "loss": 0.30181521551389145, "lr": 2.57372654155496e-07, "grad_norm": 4.09375, "peak_allocated": 48805540864}
{"step": 49, "epoch": 0, "loss": 0.3070691925711787, "lr": 2.627345844504022e-07, "grad_norm": 3.78125, "peak_allocated": 48805540864}
{"step": 50, "epoch": 0, "loss": 0.33130090506187887, "lr": 2.6809651474530835e-07, "grad_norm": 4.375, "peak_allocated": 48805540864}
{"step": 51, "epoch": 0, "loss": 0.3468645174900988, "lr": 2.734584450402145e-07, "grad_norm": 4.40625, "peak_allocated": 48805540864}
{"step": 52, "epoch": 0, "loss": 0.35750320902596566, "lr": 2.7882037533512063e-07, "grad_norm": 4.59375, "peak_allocated": 48805540864}
{"step": 53, "epoch": 0, "loss": 0.36780535411592186, "lr": 2.8418230563002686e-07, "grad_norm": 4.90625, "peak_allocated": 48805540864}
{"step": 54, "epoch": 0, "loss": 0.3049067546055515, "lr": 2.8954423592493297e-07, "grad_norm": 3.734375, "peak_allocated": 48805540864}
{"step": 55, "epoch": 0, "loss": 0.3432003761553646, "lr": 2.9490616621983914e-07, "grad_norm": 4.03125, "peak_allocated": 48805540864}
{"step": 56, "epoch": 0, "loss": 0.37437409091112067, "lr": 3.0026809651474537e-07, "grad_norm": 4.5, "peak_allocated": 48805540864}
{"step": 57, "epoch": 0, "loss": 0.3772671904450608, "lr": 3.056300268096515e-07, "grad_norm": 4.375, "peak_allocated": 48805540864}
{"step": 58, "epoch": 0, "loss": 0.36161464190499354, "lr": 3.1099195710455765e-07, "grad_norm": 4.875, "peak_allocated": 48805540864}
{"step": 59, "epoch": 0, "loss": 0.37011982275147176, "lr": 3.163538873994638e-07, "grad_norm": 4.4375, "peak_allocated": 48805540864}
{"step": 60, "epoch": 0, "loss": 0.2893577697710018, "lr": 3.2171581769437e-07, "grad_norm": 3.578125, "peak_allocated": 48805540864}
{"step": 61, "epoch": 0, "loss": 0.2984865723705243, "lr": 3.2707774798927616e-07, "grad_norm": 3.828125, "peak_allocated": 48805540864}
{"step": 62, "epoch": 0, "loss": 0.3358237581791893, "lr": 3.3243967828418233e-07, "grad_norm": 4.53125, "peak_allocated": 48805540864}
{"step": 63, "epoch": 0, "loss": 0.3340165175557398, "lr": 3.3780160857908845e-07, "grad_norm": 3.984375, "peak_allocated": 48805540864}
{"step": 64, "epoch": 0, "loss": 0.3390903298834739, "lr": 3.431635388739947e-07, "grad_norm": 3.96875, "peak_allocated": 48805540864}
{"step": 65, "epoch": 0, "loss": 0.328912362859201, "lr": 3.4852546916890084e-07, "grad_norm": 4.09375, "peak_allocated": 48805540864}
{"step": 66, "epoch": 0, "loss": 0.4009480320477419, "lr": 3.53887399463807e-07, "grad_norm": 4.65625, "peak_allocated": 48805540864}
{"step": 67, "epoch": 0, "loss": 0.29744502141326207, "lr": 3.592493297587132e-07, "grad_norm": 3.4375, "peak_allocated": 48805540864}
{"step": 68, "epoch": 0, "loss": 0.3262832418720851, "lr": 3.646112600536193e-07, "grad_norm": 4.1875, "peak_allocated": 48805540864}
{"step": 69, "epoch": 0, "loss": 0.3140938924137517, "lr": 3.6997319034852547e-07, "grad_norm": 3.90625, "peak_allocated": 48805540864}
{"step": 70, "epoch": 0, "loss": 0.3353862913988404, "lr": 3.7533512064343164e-07, "grad_norm": 4.4375, "peak_allocated": 48805540864}
{"step": 71, "epoch": 0, "loss": 0.27605138854200967, "lr": 3.8069705093833786e-07, "grad_norm": 3.296875, "peak_allocated": 48805540864}
{"step": 72, "epoch": 0, "loss": 0.3867661139939268, "lr": 3.8605898123324403e-07, "grad_norm": 4.15625, "peak_allocated": 48805540864}
{"step": 73, "epoch": 0, "loss": 0.3642773884207136, "lr": 3.9142091152815015e-07, "grad_norm": 4.15625, "peak_allocated": 48805540864}
{"step": 74, "epoch": 0, "loss": 0.3422055611608605, "lr": 3.967828418230563e-07, "grad_norm": 4.375, "peak_allocated": 48805540864}
{"step": 75, "epoch": 0, "loss": 0.34437441014763975, "lr": 4.021447721179625e-07, "grad_norm": 4.03125, "peak_allocated": 48805540864}
{"step": 76, "epoch": 0, "loss": 0.35320413738625234, "lr": 4.0750670241286866e-07, "grad_norm": 3.828125, "peak_allocated": 48805540864}
{"step": 77, "epoch": 0, "loss": 0.3198683362594893, "lr": 4.128686327077748e-07, "grad_norm": 3.71875, "peak_allocated": 48805540864}
{"step": 78, "epoch": 0, "loss": 0.33401945411356065, "lr": 4.18230563002681e-07, "grad_norm": 3.953125, "peak_allocated": 48805540864}
{"step": 79, "epoch": 0, "loss": 0.31595592292976343, "lr": 4.2359249329758717e-07, "grad_norm": 4.21875, "peak_allocated": 48805540864}
{"step": 80, "epoch": 0, "loss": 0.3354203319430966, "lr": 4.2895442359249334e-07, "grad_norm": 4.0625, "peak_allocated": 48805540864}
{"step": 81, "epoch": 0, "loss": 0.38167751028827807, "lr": 4.343163538873995e-07, "grad_norm": 4.34375, "peak_allocated": 48805540864}
{"step": 82, "epoch": 0, "loss": 0.33403734079381425, "lr": 4.3967828418230563e-07, "grad_norm": 4.03125, "peak_allocated": 48805540864}
{"step": 83, "epoch": 0, "loss": 0.28039367489832695, "lr": 4.450402144772118e-07, "grad_norm": 3.65625, "peak_allocated": 48805540864}
{"step": 84, "epoch": 0, "loss": 0.32477239330357244, "lr": 4.5040214477211797e-07, "grad_norm": 4.25, "peak_allocated": 48805540864}
{"step": 85, "epoch": 0, "loss": 0.31310606574299366, "lr": 4.557640750670242e-07, "grad_norm": 4.1875, "peak_allocated": 48805540864}
{"step": 86, "epoch": 0, "loss": 0.3915971021056973, "lr": 4.6112600536193036e-07, "grad_norm": 5.03125, "peak_allocated": 48805540864}
{"step": 87, "epoch": 0, "loss": 0.31616660829970616, "lr": 4.664879356568365e-07, "grad_norm": 4.15625, "peak_allocated": 48805540864}
{"step": 88, "epoch": 0, "loss": 0.34452097314339475, "lr": 4.7184986595174265e-07, "grad_norm": 3.765625, "peak_allocated": 48805540864}
{"step": 89, "epoch": 0, "loss": 0.32164830130046596, "lr": 4.772117962466488e-07, "grad_norm": 4.15625, "peak_allocated": 48805540864}
{"step": 90, "epoch": 0, "loss": 0.30565778720960873, "lr": 4.82573726541555e-07, "grad_norm": 3.515625, "peak_allocated": 48805540864}
{"step": 91, "epoch": 0, "loss": 0.3026404201242879, "lr": 4.879356568364612e-07, "grad_norm": 4.1875, "peak_allocated": 48805540864}
{"step": 92, "epoch": 0, "loss": 0.3439585997652411, "lr": 4.932975871313673e-07, "grad_norm": 4.4375, "peak_allocated": 48805540864}
{"step": 93, "epoch": 0, "loss": 0.31298148898010103, "lr": 4.986595174262736e-07, "grad_norm": 4.46875, "peak_allocated": 48805540864}
{"step": 94, "epoch": 0, "loss": 0.3278138599874362, "lr": 5.040214477211797e-07, "grad_norm": 4.09375, "peak_allocated": 48805540864}
{"step": 95, "epoch": 0, "loss": 0.3348427361383262, "lr": 5.093833780160858e-07, "grad_norm": 4.4375, "peak_allocated": 48805540864}
{"step": 96, "epoch": 0, "loss": 0.300568510221161, "lr": 5.14745308310992e-07, "grad_norm": 3.28125, "peak_allocated": 48805540864}
{"step": 97, "epoch": 0, "loss": 0.3364090304364517, "lr": 5.201072386058981e-07, "grad_norm": 3.96875, "peak_allocated": 48805540864}
{"step": 98, "epoch": 0, "loss": 0.3588710923469892, "lr": 5.254691689008044e-07, "grad_norm": 5.5625, "peak_allocated": 48805540864}
{"step": 99, "epoch": 0, "loss": 0.34311175049059184, "lr": 5.308310991957105e-07, "grad_norm": 4.4375, "peak_allocated": 48805540864}
{"step": 100, "epoch": 0, "loss": 0.3511525425807874, "lr": 5.361930294906167e-07, "grad_norm": 3.953125, "peak_allocated": 48805540864}
{"step": 101, "epoch": 0, "loss": 0.3236144367302386, "lr": 5.415549597855228e-07, "grad_norm": 3.78125, "peak_allocated": 48805540864}
{"step": 102, "epoch": 0, "loss": 0.35483795256505, "lr": 5.46916890080429e-07, "grad_norm": 3.75, "peak_allocated": 48805540864}
{"step": 103, "epoch": 0, "loss": 0.313177959930222, "lr": 5.522788203753351e-07, "grad_norm": 3.6875, "peak_allocated": 48805540864}
{"step": 104, "epoch": 0, "loss": 0.3303627134411725, "lr": 5.576407506702413e-07, "grad_norm": 4.21875, "peak_allocated": 48805540864}
{"step": 105, "epoch": 0, "loss": 0.34133082163020667, "lr": 5.630026809651475e-07, "grad_norm": 4.15625, "peak_allocated": 48805540864}
{"step": 106, "epoch": 0, "loss": 0.3296110998098866, "lr": 5.683646112600537e-07, "grad_norm": 4.0625, "peak_allocated": 48805540864}
{"step": 107, "epoch": 0, "loss": 0.29100663931163046, "lr": 5.737265415549598e-07, "grad_norm": 3.53125, "peak_allocated": 48805540864}
{"step": 108, "epoch": 0, "loss": 0.3709702567829565, "lr": 5.790884718498659e-07, "grad_norm": 5.0625, "peak_allocated": 48805540864}
{"step": 109, "epoch": 0, "loss": 0.34976926425909455, "lr": 5.844504021447722e-07, "grad_norm": 4.3125, "peak_allocated": 48805540864}
{"step": 110, "epoch": 0, "loss": 0.32745433423071846, "lr": 5.898123324396783e-07, "grad_norm": 4.8125, "peak_allocated": 48805540864}
{"step": 111, "epoch": 0, "loss": 0.313794037077884, "lr": 5.951742627345845e-07, "grad_norm": 3.828125, "peak_allocated": 48805540864}
{"step": 112, "epoch": 0, "loss": 0.3177330873204648, "lr": 6.005361930294907e-07, "grad_norm": 3.9375, "peak_allocated": 48805540864}
{"step": 113, "epoch": 0, "loss": 0.30520042804192427, "lr": 6.058981233243968e-07, "grad_norm": 3.6875, "peak_allocated": 48805540864}
{"step": 114, "epoch": 0, "loss": 0.33272418251072755, "lr": 6.11260053619303e-07, "grad_norm": 3.71875, "peak_allocated": 48805540864}
{"step": 115, "epoch": 0, "loss": 0.3881204781769696, "lr": 6.166219839142092e-07, "grad_norm": 4.9375, "peak_allocated": 48805540864}
{"step": 116, "epoch": 0, "loss": 0.3487213042674523, "lr": 6.219839142091153e-07, "grad_norm": 4.375, "peak_allocated": 48805540864}
{"step": 117, "epoch": 0, "loss": 0.299214671417787, "lr": 6.273458445040214e-07, "grad_norm": 4.03125, "peak_allocated": 48805540864}
{"step": 118, "epoch": 0, "loss": 0.42439245819695004, "lr": 6.327077747989276e-07, "grad_norm": 4.9375, "peak_allocated": 48805540864}
{"step": 119, "epoch": 0, "loss": 0.30326157173243434, "lr": 6.380697050938338e-07, "grad_norm": 3.859375, "peak_allocated": 48805540864}
{"step": 120, "epoch": 0, "loss": 0.3680065428210549, "lr": 6.4343163538874e-07, "grad_norm": 4.96875, "peak_allocated": 48805540864}
{"step": 121, "epoch": 0, "loss": 0.3498163442411032, "lr": 6.487935656836461e-07, "grad_norm": 4.09375, "peak_allocated": 48805540864}
{"step": 122, "epoch": 0, "loss": 0.3195921037909373, "lr": 6.541554959785523e-07, "grad_norm": 4.625, "peak_allocated": 48805540864}
{"step": 123, "epoch": 0, "loss": 0.357889295379353, "lr": 6.595174262734586e-07, "grad_norm": 4.625, "peak_allocated": 48805540864}
{"step": 124, "epoch": 0, "loss": 0.27727097280125457, "lr": 6.648793565683647e-07, "grad_norm": 4.0625, "peak_allocated": 48805540864}
{"step": 125, "epoch": 0, "loss": 0.3191198229599839, "lr": 6.702412868632709e-07, "grad_norm": 4.0, "peak_allocated": 48805540864}
{"step": 126, "epoch": 0, "loss": 0.30619636077998647, "lr": 6.756032171581769e-07, "grad_norm": 3.5625, "peak_allocated": 48805540864}
{"step": 127, "epoch": 0, "loss": 0.3658844760762472, "lr": 6.809651474530831e-07, "grad_norm": 4.59375, "peak_allocated": 48805540864}
{"step": 128, "epoch": 0, "loss": 0.29188612869793995, "lr": 6.863270777479893e-07, "grad_norm": 3.765625, "peak_allocated": 48805540864}
{"step": 129, "epoch": 0, "loss": 0.3130340262338401, "lr": 6.916890080428955e-07, "grad_norm": 4.375, "peak_allocated": 48805540864}
{"step": 130, "epoch": 0, "loss": 0.31565168016478057, "lr": 6.970509383378017e-07, "grad_norm": 3.890625, "peak_allocated": 48805540864}
{"step": 131, "epoch": 0, "loss": 0.4015974893553075, "lr": 7.024128686327078e-07, "grad_norm": 5.125, "peak_allocated": 48805540864}
{"step": 132, "epoch": 0, "loss": 0.3674289499681884, "lr": 7.07774798927614e-07, "grad_norm": 4.78125, "peak_allocated": 48805540864}
{"step": 133, "epoch": 0, "loss": 0.3490114585180913, "lr": 7.131367292225201e-07, "grad_norm": 4.53125, "peak_allocated": 48805540864}
{"step": 134, "epoch": 0, "loss": 0.28571531500262715, "lr": 7.184986595174264e-07, "grad_norm": 4.0, "peak_allocated": 48805540864}
{"step": 135, "epoch": 0, "loss": 0.33678542645528375, "lr": 7.238605898123326e-07, "grad_norm": 4.40625, "peak_allocated": 48805540864}
{"step": 136, "epoch": 0, "loss": 0.3432770687618385, "lr": 7.292225201072386e-07, "grad_norm": 4.46875, "peak_allocated": 48805540864}
{"step": 137, "epoch": 0, "loss": 0.3453824002037195, "lr": 7.345844504021448e-07, "grad_norm": 4.34375, "peak_allocated": 48805540864}
{"step": 138, "epoch": 0, "loss": 0.3079915170639926, "lr": 7.399463806970509e-07, "grad_norm": 3.53125, "peak_allocated": 48805540864}
{"step": 139, "epoch": 0, "loss": 0.28035878881130183, "lr": 7.453083109919572e-07, "grad_norm": 3.0, "peak_allocated": 48806147072}
{"step": 140, "epoch": 0, "loss": 0.32345871012112654, "lr": 7.506702412868633e-07, "grad_norm": 3.78125, "peak_allocated": 48806147072}
{"step": 141, "epoch": 0, "loss": 0.32907518869648916, "lr": 7.560321715817695e-07, "grad_norm": 3.84375, "peak_allocated": 48806147072}
{"step": 142, "epoch": 0, "loss": 0.3146737468787055, "lr": 7.613941018766757e-07, "grad_norm": 4.0625, "peak_allocated": 48806147072}
{"step": 143, "epoch": 0, "loss": 0.3350383887423268, "lr": 7.667560321715818e-07, "grad_norm": 3.984375, "peak_allocated": 48806147072}
{"step": 144, "epoch": 0, "loss": 0.317487245102919, "lr": 7.721179624664881e-07, "grad_norm": 4.125, "peak_allocated": 48806147072}
{"step": 145, "epoch": 0, "loss": 0.3293733560707198, "lr": 7.774798927613941e-07, "grad_norm": 4.03125, "peak_allocated": 48806147072}
{"step": 146, "epoch": 0, "loss": 0.3059843346168748, "lr": 7.828418230563003e-07, "grad_norm": 3.84375, "peak_allocated": 48806147072}
{"step": 147, "epoch": 0, "loss": 0.2862622197299347, "lr": 7.882037533512064e-07, "grad_norm": 3.375, "peak_allocated": 48806147072}
{"step": 148, "epoch": 0, "loss": 0.2724734915331525, "lr": 7.935656836461126e-07, "grad_norm": 3.703125, "peak_allocated": 48806147072}
{"step": 149, "epoch": 0, "loss": 0.36338688137444, "lr": 7.989276139410189e-07, "grad_norm": 4.03125, "peak_allocated": 48806147072}
{"step": 150, "epoch": 0, "loss": 0.30937704098701124, "lr": 8.04289544235925e-07, "grad_norm": 4.15625, "peak_allocated": 48806147072}
{"step": 151, "epoch": 0, "loss": 0.3067101353253217, "lr": 8.096514745308312e-07, "grad_norm": 3.953125, "peak_allocated": 48806147072}
{"step": 152, "epoch": 0, "loss": 0.31859885813940164, "lr": 8.150134048257373e-07, "grad_norm": 3.484375, "peak_allocated": 48806147072}
{"step": 153, "epoch": 0, "loss": 0.33518381789818347, "lr": 8.203753351206435e-07, "grad_norm": 4.96875, "peak_allocated": 48806147072}
{"step": 154, "epoch": 0, "loss": 0.3092524707432065, "lr": 8.257372654155496e-07, "grad_norm": 4.0, "peak_allocated": 48806147072}
{"step": 155, "epoch": 0, "loss": 0.3418973954996767, "lr": 8.310991957104558e-07, "grad_norm": 4.71875, "peak_allocated": 48806147072}
{"step": 156, "epoch": 0, "loss": 0.3392920866495988, "lr": 8.36461126005362e-07, "grad_norm": 4.125, "peak_allocated": 48806147072}
{"step": 157, "epoch": 0, "loss": 0.338310584843954, "lr": 8.418230563002681e-07, "grad_norm": 3.828125, "peak_allocated": 48806147072}
{"step": 158, "epoch": 0, "loss": 0.30351977360927196, "lr": 8.471849865951743e-07, "grad_norm": 4.3125, "peak_allocated": 48806147072}
{"step": 159, "epoch": 0, "loss": 0.2891578751146528, "lr": 8.525469168900805e-07, "grad_norm": 3.78125, "peak_allocated": 48806147072}
{"step": 160, "epoch": 0, "loss": 0.33494835293186564, "lr": 8.579088471849867e-07, "grad_norm": 3.859375, "peak_allocated": 48806147072}
{"step": 161, "epoch": 0, "loss": 0.309607731586507, "lr": 8.632707774798928e-07, "grad_norm": 3.75, "peak_allocated": 48806147072}
{"step": 162, "epoch": 0, "loss": 0.28263301924520656, "lr": 8.68632707774799e-07, "grad_norm": 3.578125, "peak_allocated": 48806147072}
{"step": 163, "epoch": 0, "loss": 0.3158193563737469, "lr": 8.739946380697052e-07, "grad_norm": 3.625, "peak_allocated": 48806147072}
{"step": 164, "epoch": 0, "loss": 0.30302663689285525, "lr": 8.793565683646113e-07, "grad_norm": 3.6875, "peak_allocated": 48806147072}
{"step": 165, "epoch": 0, "loss": 0.31850592708597536, "lr": 8.847184986595175e-07, "grad_norm": 4.4375, "peak_allocated": 48806147072}
{"step": 166, "epoch": 0, "loss": 0.3181175937388952, "lr": 8.900804289544236e-07, "grad_norm": 4.46875, "peak_allocated": 48806147072}
{"step": 167, "epoch": 0, "loss": 0.2793014826351861, "lr": 8.954423592493298e-07, "grad_norm": 3.40625, "peak_allocated": 48806147072}
{"step": 168, "epoch": 0, "loss": 0.30573043988279686, "lr": 9.008042895442359e-07, "grad_norm": 4.3125, "peak_allocated": 48806147072}
{"step": 169, "epoch": 0, "loss": 0.3670795994332112, "lr": 9.061662198391422e-07, "grad_norm": 4.1875, "peak_allocated": 48806147072}
{"step": 170, "epoch": 0, "loss": 0.3073225983568266, "lr": 9.115281501340484e-07, "grad_norm": 4.1875, "peak_allocated": 48806147072}
{"step": 171, "epoch": 0, "loss": 0.2787716425441387, "lr": 9.168900804289545e-07, "grad_norm": 2.875, "peak_allocated": 48806147072}
{"step": 172, "epoch": 0, "loss": 0.3494781543981888, "lr": 9.222520107238607e-07, "grad_norm": 4.0, "peak_allocated": 48806147072}
{"step": 173, "epoch": 0, "loss": 0.29512403082269817, "lr": 9.276139410187667e-07, "grad_norm": 3.734375, "peak_allocated": 48806147072}
{"step": 174, "epoch": 0, "loss": 0.32297445175296596, "lr": 9.32975871313673e-07, "grad_norm": 3.625, "peak_allocated": 48806147072}
{"step": 175, "epoch": 0, "loss": 0.2906549621479852, "lr": 9.383378016085791e-07, "grad_norm": 3.796875, "peak_allocated": 48806147072}
{"step": 176, "epoch": 0, "loss": 0.31016853061013333, "lr": 9.436997319034853e-07, "grad_norm": 4.3125, "peak_allocated": 48806147072}
{"step": 177, "epoch": 0, "loss": 0.3319953590461325, "lr": 9.490616621983915e-07, "grad_norm": 4.3125, "peak_allocated": 48806147072}
{"step": 178, "epoch": 0, "loss": 0.29854592361894816, "lr": 9.544235924932975e-07, "grad_norm": 4.0, "peak_allocated": 48806147072}
{"step": 179, "epoch": 0, "loss": 0.3421418219522758, "lr": 9.597855227882039e-07, "grad_norm": 4.5, "peak_allocated": 48806147072}
{"step": 180, "epoch": 0, "loss": 0.36682004776979377, "lr": 9.6514745308311e-07, "grad_norm": 4.84375, "peak_allocated": 48806147072}
{"step": 181, "epoch": 0, "loss": 0.30577555283915103, "lr": 9.70509383378016e-07, "grad_norm": 4.0, "peak_allocated": 48806147072}
{"step": 182, "epoch": 0, "loss": 0.31512722469723, "lr": 9.758713136729224e-07, "grad_norm": 4.25, "peak_allocated": 48806147072}
{"step": 183, "epoch": 0, "loss": 0.3151061111636329, "lr": 9.812332439678285e-07, "grad_norm": 4.0, "peak_allocated": 48806147072}
{"step": 184, "epoch": 0, "loss": 0.3391240660027163, "lr": 9.865951742627347e-07, "grad_norm": 4.34375, "peak_allocated": 48806147072}
{"step": 185, "epoch": 0, "loss": 0.28842573147301687, "lr": 9.919571045576408e-07, "grad_norm": 4.0, "peak_allocated": 48806147072}
{"step": 186, "epoch": 0, "loss": 0.25379945428548417, "lr": 9.973190348525471e-07, "grad_norm": 3.515625, "peak_allocated": 48806147072}
{"step": 187, "epoch": 0, "loss": 0.2836467542635004, "lr": 1.002680965147453e-06, "grad_norm": 4.25, "peak_allocated": 48806147072}
{"step": 188, "epoch": 0, "loss": 0.3211387985293104, "lr": 1.0080428954423593e-06, "grad_norm": 3.96875, "peak_allocated": 48806147072}
{"step": 189, "epoch": 0, "loss": 0.30853393741925117, "lr": 1.0134048257372655e-06, "grad_norm": 4.0625, "peak_allocated": 48806147072}
{"step": 190, "epoch": 0, "loss": 0.2985900973769352, "lr": 1.0187667560321716e-06, "grad_norm": 3.984375, "peak_allocated": 48806147072}
{"step": 191, "epoch": 0, "loss": 0.3338268298718, "lr": 1.024128686327078e-06, "grad_norm": 4.625, "peak_allocated": 48806147072}
{"step": 192, "epoch": 0, "loss": 0.2721864418436632, "lr": 1.029490616621984e-06, "grad_norm": 3.765625, "peak_allocated": 48806147072}
{"step": 193, "epoch": 0, "loss": 0.3013205371348684, "lr": 1.0348525469168901e-06, "grad_norm": 4.09375, "peak_allocated": 48806147072}
{"step": 194, "epoch": 0, "loss": 0.30449607228176173, "lr": 1.0402144772117963e-06, "grad_norm": 4.84375, "peak_allocated": 48806147072}
{"step": 195, "epoch": 0, "loss": 0.2903165745628438, "lr": 1.0455764075067026e-06, "grad_norm": 3.40625, "peak_allocated": 48806147072}
{"step": 196, "epoch": 0, "loss": 0.2741320198037961, "lr": 1.0509383378016087e-06, "grad_norm": 3.5625, "peak_allocated": 48806147072}
{"step": 197, "epoch": 0, "loss": 0.30196037536113945, "lr": 1.0563002680965148e-06, "grad_norm": 3.5625, "peak_allocated": 48806147072}
{"step": 198, "epoch": 0, "loss": 0.2527372364925257, "lr": 1.061662198391421e-06, "grad_norm": 3.40625, "peak_allocated": 48806147072}
{"step": 199, "epoch": 0, "loss": 0.29778827057752866, "lr": 1.067024128686327e-06, "grad_norm": 3.90625, "peak_allocated": 48806147072}
{"step": 200, "epoch": 0, "loss": 0.2833074161890787, "lr": 1.0723860589812334e-06, "grad_norm": 4.0625, "peak_allocated": 48806147072}
{"step": 201, "epoch": 0, "loss": 0.27153086949122346, "lr": 1.0777479892761395e-06, "grad_norm": 3.53125, "peak_allocated": 48806147072}
{"step": 202, "epoch": 0, "loss": 0.31665344111448374, "lr": 1.0831099195710456e-06, "grad_norm": 3.859375, "peak_allocated": 48806147072}
{"step": 203, "epoch": 0, "loss": 0.3525550014341292, "lr": 1.088471849865952e-06, "grad_norm": 4.40625, "peak_allocated": 48806147072}
{"step": 204, "epoch": 0, "loss": 0.31089516997945293, "lr": 1.093833780160858e-06, "grad_norm": 4.40625, "peak_allocated": 48806147072}
{"step": 205, "epoch": 0, "loss": 0.2949484882157177, "lr": 1.0991957104557642e-06, "grad_norm": 3.8125, "peak_allocated": 48806147072}
{"step": 206, "epoch": 0, "loss": 0.3260137144890096, "lr": 1.1045576407506703e-06, "grad_norm": 4.375, "peak_allocated": 48806147072}
{"step": 207, "epoch": 0, "loss": 0.26807233161159927, "lr": 1.1099195710455764e-06, "grad_norm": 3.578125, "peak_allocated": 48806147072}
{"step": 208, "epoch": 0, "loss": 0.3119393565746539, "lr": 1.1152815013404825e-06, "grad_norm": 4.53125, "peak_allocated": 48806147072}
{"step": 209, "epoch": 0, "loss": 0.2856075333726125, "lr": 1.1206434316353889e-06, "grad_norm": 3.375, "peak_allocated": 48806147072}
{"step": 210, "epoch": 0, "loss": 0.26597173283184605, "lr": 1.126005361930295e-06, "grad_norm": 3.0625, "peak_allocated": 48806147072}
{"step": 211, "epoch": 0, "loss": 0.299110107884336, "lr": 1.131367292225201e-06, "grad_norm": 3.421875, "peak_allocated": 48806147072}
{"step": 212, "epoch": 0, "loss": 0.3240264690594902, "lr": 1.1367292225201074e-06, "grad_norm": 3.546875, "peak_allocated": 48806147072}
{"step": 213, "epoch": 0, "loss": 0.3155035620217879, "lr": 1.1420911528150135e-06, "grad_norm": 3.703125, "peak_allocated": 48806147072}
{"step": 214, "epoch": 0, "loss": 0.2804046035341039, "lr": 1.1474530831099197e-06, "grad_norm": 4.09375, "peak_allocated": 48806147072}
{"step": 215, "epoch": 0, "loss": 0.2599345283428119, "lr": 1.1528150134048258e-06, "grad_norm": 3.53125, "peak_allocated": 48806147072}
{"step": 216, "epoch": 0, "loss": 0.33932093178569767, "lr": 1.1581769436997319e-06, "grad_norm": 4.09375, "peak_allocated": 48806147072}
{"step": 217, "epoch": 0, "loss": 0.28481372086255957, "lr": 1.1635388739946382e-06, "grad_norm": 3.46875, "peak_allocated": 48806147072}
{"step": 218, "epoch": 0, "loss": 0.2920041734510972, "lr": 1.1689008042895443e-06, "grad_norm": 4.3125, "peak_allocated": 48806147072}
{"step": 219, "epoch": 0, "loss": 0.2906948220887524, "lr": 1.1742627345844505e-06, "grad_norm": 3.90625, "peak_allocated": 48806147072}
{"step": 220, "epoch": 0, "loss": 0.26068470287259615, "lr": 1.1796246648793566e-06, "grad_norm": 3.984375, "peak_allocated": 48806147072}
{"step": 221, "epoch": 0, "loss": 0.273985496893221, "lr": 1.184986595174263e-06, "grad_norm": 3.296875, "peak_allocated": 48806147072}
{"step": 222, "epoch": 0, "loss": 0.28867509313807665, "lr": 1.190348525469169e-06, "grad_norm": 3.9375, "peak_allocated": 48806147072}
{"step": 223, "epoch": 0, "loss": 0.2936930711312538, "lr": 1.1957104557640751e-06, "grad_norm": 3.96875, "peak_allocated": 48806147072}
{"step": 224, "epoch": 0, "loss": 0.2808783814960579, "lr": 1.2010723860589815e-06, "grad_norm": 3.78125, "peak_allocated": 48806147072}
{"step": 225, "epoch": 0, "loss": 0.29465428886516654, "lr": 1.2064343163538874e-06, "grad_norm": 4.03125, "peak_allocated": 48806147072}
{"step": 226, "epoch": 0, "loss": 0.3471215224277427, "lr": 1.2117962466487937e-06, "grad_norm": 5.1875, "peak_allocated": 48806147072}
{"step": 227, "epoch": 0, "loss": 0.30380074169520294, "lr": 1.2171581769436998e-06, "grad_norm": 4.25, "peak_allocated": 48806147072}
{"step": 228, "epoch": 0, "loss": 0.243467180175871, "lr": 1.222520107238606e-06, "grad_norm": 3.546875, "peak_allocated": 48806147072}
{"step": 229, "epoch": 0, "loss": 0.2875985609795669, "lr": 1.2278820375335123e-06, "grad_norm": 3.390625, "peak_allocated": 48806147072}
{"step": 230, "epoch": 0, "loss": 0.2988804176624789, "lr": 1.2332439678284184e-06, "grad_norm": 4.09375, "peak_allocated": 48806147072}
{"step": 231, "epoch": 0, "loss": 0.2862859375244834, "lr": 1.2386058981233245e-06, "grad_norm": 3.609375, "peak_allocated": 48806147072}
{"step": 232, "epoch": 0, "loss": 0.24543530905280966, "lr": 1.2439678284182306e-06, "grad_norm": 3.4375, "peak_allocated": 48806147072}
{"step": 233, "epoch": 0, "loss": 0.25933598693517973, "lr": 1.249329758713137e-06, "grad_norm": 2.8125, "peak_allocated": 48806147072}
{"step": 234, "epoch": 0, "loss": 0.25963560813022946, "lr": 1.2546916890080428e-06, "grad_norm": 4.0, "peak_allocated": 48806147072}
{"step": 235, "epoch": 0, "loss": 0.3492776951399771, "lr": 1.2600536193029492e-06, "grad_norm": 4.1875, "peak_allocated": 48806147072}
{"step": 236, "epoch": 0, "loss": 0.30448478933242706, "lr": 1.2654155495978553e-06, "grad_norm": 3.625, "peak_allocated": 48806147072}
{"step": 237, "epoch": 0, "loss": 0.2847142229151542, "lr": 1.2707774798927616e-06, "grad_norm": 3.640625, "peak_allocated": 48806147072}
{"step": 238, "epoch": 0, "loss": 0.2236883873976513, "lr": 1.2761394101876675e-06, "grad_norm": 2.9375, "peak_allocated": 48806147072}
{"step": 239, "epoch": 0, "loss": 0.24332210146649189, "lr": 1.2815013404825739e-06, "grad_norm": 3.640625, "peak_allocated": 48806147072}
{"step": 240, "epoch": 0, "loss": 0.2823633146316988, "lr": 1.28686327077748e-06, "grad_norm": 3.90625, "peak_allocated": 48806147072}
{"step": 241, "epoch": 0, "loss": 0.23586261374917125, "lr": 1.2922252010723863e-06, "grad_norm": 3.234375, "peak_allocated": 48806147072}
{"step": 242, "epoch": 0, "loss": 0.22416564707806252, "lr": 1.2975871313672922e-06, "grad_norm": 2.5625, "peak_allocated": 48806147072}
{"step": 243, "epoch": 0, "loss": 0.24987100080142466, "lr": 1.3029490616621983e-06, "grad_norm": 3.546875, "peak_allocated": 48806147072}
{"step": 244, "epoch": 0, "loss": 0.2584399955044421, "lr": 1.3083109919571047e-06, "grad_norm": 3.390625, "peak_allocated": 48806147072}
{"step": 245, "epoch": 0, "loss": 0.25734885594365575, "lr": 1.3136729222520108e-06, "grad_norm": 3.609375, "peak_allocated": 48806147072}
{"step": 246, "epoch": 0, "loss": 0.25777379010948726, "lr": 1.319034852546917e-06, "grad_norm": 4.40625, "peak_allocated": 48806147072}
{"step": 247, "epoch": 0, "loss": 0.24786193296313286, "lr": 1.324396782841823e-06, "grad_norm": 3.25, "peak_allocated": 48806147072}
{"step": 248, "epoch": 0, "loss": 0.23856755527387852, "lr": 1.3297587131367293e-06, "grad_norm": 3.625, "peak_allocated": 48806147072}
{"step": 249, "epoch": 0, "loss": 0.2960256988197761, "lr": 1.3351206434316355e-06, "grad_norm": 3.5, "peak_allocated": 48806147072}
{"step": 250, "epoch": 0, "loss": 0.26844955148838145, "lr": 1.3404825737265418e-06, "grad_norm": 3.453125, "peak_allocated": 48806147072}
{"step": 251, "epoch": 0, "loss": 0.26859526499132524, "lr": 1.345844504021448e-06, "grad_norm": 3.515625, "peak_allocated": 48806147072}
{"step": 252, "epoch": 0, "loss": 0.2805911173886842, "lr": 1.3512064343163538e-06, "grad_norm": 3.484375, "peak_allocated": 48806147072}
{"step": 253, "epoch": 0, "loss": 0.32122288657562387, "lr": 1.3565683646112601e-06, "grad_norm": 4.375, "peak_allocated": 48806147072}
{"step": 254, "epoch": 0, "loss": 0.2784559804091101, "lr": 1.3619302949061663e-06, "grad_norm": 3.65625, "peak_allocated": 48806147072}
{"step": 255, "epoch": 0, "loss": 0.25960753078537957, "lr": 1.3672922252010726e-06, "grad_norm": 3.703125, "peak_allocated": 48806147072}
{"step": 256, "epoch": 0, "loss": 0.22801792517226654, "lr": 1.3726541554959787e-06, "grad_norm": 3.65625, "peak_allocated": 48806147072}
{"step": 257, "epoch": 0, "loss": 0.21787463291344092, "lr": 1.3780160857908848e-06, "grad_norm": 3.25, "peak_allocated": 48806147072}
{"step": 258, "epoch": 0, "loss": 0.24599311514743696, "lr": 1.383378016085791e-06, "grad_norm": 3.859375, "peak_allocated": 48806147072}
{"step": 259, "epoch": 0, "loss": 0.24651830940688615, "lr": 1.3887399463806973e-06, "grad_norm": 3.125, "peak_allocated": 48806147072}
{"step": 260, "epoch": 0, "loss": 0.25626846101396283, "lr": 1.3941018766756034e-06, "grad_norm": 3.375, "peak_allocated": 48806147072}
{"step": 261, "epoch": 0, "loss": 0.23967781141691374, "lr": 1.3994638069705093e-06, "grad_norm": 3.515625, "peak_allocated": 48806147072}
{"step": 262, "epoch": 0, "loss": 0.28716416052428256, "lr": 1.4048257372654156e-06, "grad_norm": 4.25, "peak_allocated": 48806147072}
{"step": 263, "epoch": 0, "loss": 0.2474548008914864, "lr": 1.4101876675603217e-06, "grad_norm": 2.90625, "peak_allocated": 48806147072}
{"step": 264, "epoch": 0, "loss": 0.22935414970883922, "lr": 1.415549597855228e-06, "grad_norm": 3.015625, "peak_allocated": 48806147072}
{"step": 265, "epoch": 0, "loss": 0.2729179164370392, "lr": 1.4209115281501342e-06, "grad_norm": 3.265625, "peak_allocated": 48806147072}
{"step": 266, "epoch": 0, "loss": 0.26344514694756954, "lr": 1.4262734584450403e-06, "grad_norm": 3.46875, "peak_allocated": 48806147072}
{"step": 267, "epoch": 0, "loss": 0.2250020130507939, "lr": 1.4316353887399464e-06, "grad_norm": 3.234375, "peak_allocated": 48806147072}
{"step": 268, "epoch": 0, "loss": 0.2715800019847001, "lr": 1.4369973190348527e-06, "grad_norm": 3.4375, "peak_allocated": 48806147072}
{"step": 269, "epoch": 0, "loss": 0.26118460506070856, "lr": 1.4423592493297589e-06, "grad_norm": 3.25, "peak_allocated": 48806147072}
{"step": 270, "epoch": 0, "loss": 0.22535638109174788, "lr": 1.4477211796246652e-06, "grad_norm": 3.328125, "peak_allocated": 48806147072}
{"step": 271, "epoch": 0, "loss": 0.24491941762810948, "lr": 1.453083109919571e-06, "grad_norm": 2.71875, "peak_allocated": 48806147072}
{"step": 272, "epoch": 0, "loss": 0.24884006133223238, "lr": 1.4584450402144772e-06, "grad_norm": 2.96875, "peak_allocated": 48806147072}
{"step": 273, "epoch": 0, "loss": 0.251675354346323, "lr": 1.4638069705093835e-06, "grad_norm": 2.96875, "peak_allocated": 48806147072}
{"step": 274, "epoch": 0, "loss": 0.24065819183842865, "lr": 1.4691689008042897e-06, "grad_norm": 3.03125, "peak_allocated": 48806147072}
{"step": 275, "epoch": 0, "loss": 0.2563969829109772, "lr": 1.4745308310991958e-06, "grad_norm": 3.40625, "peak_allocated": 48806147072}
{"step": 276, "epoch": 0, "loss": 0.27891736495218195, "lr": 1.4798927613941019e-06, "grad_norm": 3.5625, "peak_allocated": 48806147072}
{"step": 277, "epoch": 0, "loss": 0.21076585304819875, "lr": 1.4852546916890082e-06, "grad_norm": 2.921875, "peak_allocated": 48806147072}
{"step": 278, "epoch": 0, "loss": 0.2312209769238896, "lr": 1.4906166219839143e-06, "grad_norm": 3.125, "peak_allocated": 48806147072}
{"step": 279, "epoch": 0, "loss": 0.2168700724707118, "lr": 1.4959785522788207e-06, "grad_norm": 2.90625, "peak_allocated": 48806147072}
{"step": 280, "epoch": 0, "loss": 0.26324005174095183, "lr": 1.5013404825737266e-06, "grad_norm": 3.125, "peak_allocated": 48806147072}
{"step": 281, "epoch": 0, "loss": 0.26200341737461746, "lr": 1.5067024128686327e-06, "grad_norm": 3.296875, "peak_allocated": 48806147072}
{"step": 282, "epoch": 0, "loss": 0.24006176137549404, "lr": 1.512064343163539e-06, "grad_norm": 2.953125, "peak_allocated": 48806147072}
{"step": 283, "epoch": 0, "loss": 0.23278526717843892, "lr": 1.5174262734584451e-06, "grad_norm": 3.125, "peak_allocated": 48806147072}
{"step": 284, "epoch": 0, "loss": 0.23757014896640247, "lr": 1.5227882037533515e-06, "grad_norm": 2.90625, "peak_allocated": 48806147072}
{"step": 285, "epoch": 0, "loss": 0.23060375039473718, "lr": 1.5281501340482574e-06, "grad_norm": 3.15625, "peak_allocated": 48806147072}
{"step": 286, "epoch": 0, "loss": 0.22716640106784308, "lr": 1.5335120643431637e-06, "grad_norm": 3.28125, "peak_allocated": 48806147072}
{"step": 287, "epoch": 0, "loss": 0.23099110618000948, "lr": 1.5388739946380698e-06, "grad_norm": 3.53125, "peak_allocated": 48806147072}
{"step": 288, "epoch": 0, "loss": 0.24233162429963434, "lr": 1.5442359249329761e-06, "grad_norm": 3.234375, "peak_allocated": 48806147072}
{"step": 289, "epoch": 0, "loss": 0.23905307359134545, "lr": 1.549597855227882e-06, "grad_norm": 3.21875, "peak_allocated": 48806147072}
{"step": 290, "epoch": 0, "loss": 0.19744555833315466, "lr": 1.5549597855227882e-06, "grad_norm": 2.640625, "peak_allocated": 48806147072}
{"step": 291, "epoch": 0, "loss": 0.24485865021587036, "lr": 1.5603217158176945e-06, "grad_norm": 2.84375, "peak_allocated": 48806147072}
{"step": 292, "epoch": 0, "loss": 0.21968014665106508, "lr": 1.5656836461126006e-06, "grad_norm": 3.078125, "peak_allocated": 48806147072}
{"step": 293, "epoch": 0, "loss": 0.22928263767977022, "lr": 1.571045576407507e-06, "grad_norm": 2.734375, "peak_allocated": 48806147072}
{"step": 294, "epoch": 0, "loss": 0.27003555379889443, "lr": 1.5764075067024128e-06, "grad_norm": 2.90625, "peak_allocated": 48806147072}
{"step": 295, "epoch": 0, "loss": 0.23062646169446477, "lr": 1.5817694369973192e-06, "grad_norm": 3.1875, "peak_allocated": 48806147072}
{"step": 296, "epoch": 0, "loss": 0.2627170005704816, "lr": 1.5871313672922253e-06, "grad_norm": 3.484375, "peak_allocated": 48806147072}
{"step": 297, "epoch": 0, "loss": 0.24618693602184907, "lr": 1.5924932975871316e-06, "grad_norm": 2.75, "peak_allocated": 48806147072}
{"step": 298, "epoch": 0, "loss": 0.23575209660027835, "lr": 1.5978552278820377e-06, "grad_norm": 2.65625, "peak_allocated": 48806147072}
{"step": 299, "epoch": 0, "loss": 0.2594596450970506, "lr": 1.6032171581769436e-06, "grad_norm": 2.90625, "peak_allocated": 48806147072}
{"step": 300, "epoch": 0, "loss": 0.23068837493306107, "lr": 1.60857908847185e-06, "grad_norm": 2.390625, "peak_allocated": 48806147072}
{"step": 301, "epoch": 0, "loss": 0.24175167046790436, "lr": 1.613941018766756e-06, "grad_norm": 2.8125, "peak_allocated": 48806147072}
{"step": 302, "epoch": 0, "loss": 0.20509464965973245, "lr": 1.6193029490616624e-06, "grad_norm": 2.609375, "peak_allocated": 48806147072}
{"step": 303, "epoch": 0, "loss": 0.1594847987462645, "lr": 1.6246648793565685e-06, "grad_norm": 1.9453125, "peak_allocated": 48806147072}
{"step": 304, "epoch": 0, "loss": 0.23507254901222693, "lr": 1.6300268096514746e-06, "grad_norm": 2.78125, "peak_allocated": 48806147072}
{"step": 305, "epoch": 0, "loss": 0.2161836950660041, "lr": 1.6353887399463808e-06, "grad_norm": 2.4375, "peak_allocated": 48806147072}
{"step": 306, "epoch": 0, "loss": 0.19682297873176877, "lr": 1.640750670241287e-06, "grad_norm": 2.71875, "peak_allocated": 48806147072}
{"step": 307, "epoch": 0, "loss": 0.1750314051251756, "lr": 1.6461126005361932e-06, "grad_norm": 2.140625, "peak_allocated": 48806364160}
{"step": 308, "epoch": 0, "loss": 0.21637800064170554, "lr": 1.6514745308310991e-06, "grad_norm": 2.765625, "peak_allocated": 48806364160}
{"step": 309, "epoch": 0, "loss": 0.22958834877530276, "lr": 1.6568364611260054e-06, "grad_norm": 2.484375, "peak_allocated": 48806364160}
{"step": 310, "epoch": 0, "loss": 0.20504657956384134, "lr": 1.6621983914209116e-06, "grad_norm": 2.765625, "peak_allocated": 48806364160}
{"step": 311, "epoch": 0, "loss": 0.25959092370791265, "lr": 1.6675603217158179e-06, "grad_norm": 2.9375, "peak_allocated": 48806364160}
{"step": 312, "epoch": 0, "loss": 0.25226346688599105, "lr": 1.672922252010724e-06, "grad_norm": 3.296875, "peak_allocated": 48806364160}
{"step": 313, "epoch": 0, "loss": 0.18420955955313198, "lr": 1.6782841823056301e-06, "grad_norm": 2.46875, "peak_allocated": 48806364160}
{"step": 314, "epoch": 0, "loss": 0.20222745189946886, "lr": 1.6836461126005362e-06, "grad_norm": 2.46875, "peak_allocated": 48806364160}
{"step": 315, "epoch": 0, "loss": 0.2397727826836669, "lr": 1.6890080428954426e-06, "grad_norm": 2.734375, "peak_allocated": 48806364160}
{"step": 316, "epoch": 0, "loss": 0.2409056256633378, "lr": 1.6943699731903487e-06, "grad_norm": 2.34375, "peak_allocated": 48806364160}
{"step": 317, "epoch": 0, "loss": 0.22062731881530553, "lr": 1.699731903485255e-06, "grad_norm": 2.515625, "peak_allocated": 48806364160}
{"step": 318, "epoch": 0, "loss": 0.2368259536165904, "lr": 1.705093833780161e-06, "grad_norm": 2.96875, "peak_allocated": 48806364160}
{"step": 319, "epoch": 0, "loss": 0.2217050973167284, "lr": 1.710455764075067e-06, "grad_norm": 2.609375, "peak_allocated": 48806364160}
{"step": 320, "epoch": 0, "loss": 0.19515847001940995, "lr": 1.7158176943699734e-06, "grad_norm": 2.484375, "peak_allocated": 48806364160}
{"step": 321, "epoch": 0, "loss": 0.23079968268985718, "lr": 1.7211796246648795e-06, "grad_norm": 2.53125, "peak_allocated": 48806364160}
{"step": 322, "epoch": 0, "loss": 0.18637704186869317, "lr": 1.7265415549597856e-06, "grad_norm": 2.109375, "peak_allocated": 48806364160}
{"step": 323, "epoch": 0, "loss": 0.22295120597524717, "lr": 1.7319034852546917e-06, "grad_norm": 2.421875, "peak_allocated": 48806364160}
{"step": 324, "epoch": 0, "loss": 0.1967437791610102, "lr": 1.737265415549598e-06, "grad_norm": 2.203125, "peak_allocated": 48806364160}
{"step": 325, "epoch": 0, "loss": 0.17743745638215602, "lr": 1.7426273458445042e-06, "grad_norm": 2.34375, "peak_allocated": 48806364160}
{"step": 326, "epoch": 0, "loss": 0.2066360019234808, "lr": 1.7479892761394105e-06, "grad_norm": 2.390625, "peak_allocated": 48806364160}
{"step": 327, "epoch": 0, "loss": 0.23688023487483365, "lr": 1.7533512064343164e-06, "grad_norm": 2.53125, "peak_allocated": 48806364160}
{"step": 328, "epoch": 0, "loss": 0.17708089609756394, "lr": 1.7587131367292225e-06, "grad_norm": 2.4375, "peak_allocated": 48806364160}
{"step": 329, "epoch": 0, "loss": 0.24392410007833412, "lr": 1.7640750670241288e-06, "grad_norm": 2.453125, "peak_allocated": 48806364160}
{"step": 330, "epoch": 0, "loss": 0.22186712291852057, "lr": 1.769436997319035e-06, "grad_norm": 2.1875, "peak_allocated": 48806364160}
{"step": 331, "epoch": 0, "loss": 0.2217709324768386, "lr": 1.7747989276139413e-06, "grad_norm": 2.359375, "peak_allocated": 48806364160}
{"step": 332, "epoch": 0, "loss": 0.19275352412778396, "lr": 1.7801608579088472e-06, "grad_norm": 2.09375, "peak_allocated": 48806364160}
{"step": 333, "epoch": 0, "loss": 0.22716228640396227, "lr": 1.7855227882037535e-06, "grad_norm": 2.28125, "peak_allocated": 48806364160}
{"step": 334, "epoch": 0, "loss": 0.2684664254683318, "lr": 1.7908847184986596e-06, "grad_norm": 2.546875, "peak_allocated": 48806364160}
{"step": 335, "epoch": 0, "loss": 0.184643783058946, "lr": 1.796246648793566e-06, "grad_norm": 1.96875, "peak_allocated": 48806364160}
{"step": 336, "epoch": 0, "loss": 0.21754958575940384, "lr": 1.8016085790884719e-06, "grad_norm": 2.71875, "peak_allocated": 48806364160}
{"step": 337, "epoch": 0, "loss": 0.22459671284422153, "lr": 1.806970509383378e-06, "grad_norm": 2.109375, "peak_allocated": 48806364160}
{"step": 338, "epoch": 0, "loss": 0.18548497283145002, "lr": 1.8123324396782843e-06, "grad_norm": 2.21875, "peak_allocated": 48806364160}
{"step": 339, "epoch": 0, "loss": 0.1947427481224328, "lr": 1.8176943699731904e-06, "grad_norm": 1.9921875, "peak_allocated": 48806364160}
{"step": 340, "epoch": 0, "loss": 0.2130579730178781, "lr": 1.8230563002680968e-06, "grad_norm": 2.25, "peak_allocated": 48806364160}
{"step": 341, "epoch": 0, "loss": 0.1795697522730744, "lr": 1.8284182305630027e-06, "grad_norm": 2.3125, "peak_allocated": 48806364160}
{"step": 342, "epoch": 0, "loss": 0.21574259871237944, "lr": 1.833780160857909e-06, "grad_norm": 2.109375, "peak_allocated": 48806364160}
{"step": 343, "epoch": 0, "loss": 0.21927464176145842, "lr": 1.8391420911528151e-06, "grad_norm": 2.453125, "peak_allocated": 48806364160}
{"step": 344, "epoch": 0, "loss": 0.24566892202845206, "lr": 1.8445040214477215e-06, "grad_norm": 2.4375, "peak_allocated": 48806364160}
{"step": 345, "epoch": 0, "loss": 0.17417940029153203, "lr": 1.8498659517426276e-06, "grad_norm": 2.09375, "peak_allocated": 48806364160}
{"step": 346, "epoch": 0, "loss": 0.23694984820076495, "lr": 1.8552278820375335e-06, "grad_norm": 2.65625, "peak_allocated": 48806364160}
{"step": 347, "epoch": 0, "loss": 0.1984632353711602, "lr": 1.8605898123324398e-06, "grad_norm": 2.59375, "peak_allocated": 48806364160}
{"step": 348, "epoch": 0, "loss": 0.1913100197177813, "lr": 1.865951742627346e-06, "grad_norm": 2.015625, "peak_allocated": 48806364160}
{"step": 349, "epoch": 0, "loss": 0.23246456024572404, "lr": 1.8713136729222523e-06, "grad_norm": 2.0, "peak_allocated": 48806364160}
{"step": 350, "epoch": 0, "loss": 0.1877263367670482, "lr": 1.8766756032171582e-06, "grad_norm": 2.109375, "peak_allocated": 48806364160}
{"step": 351, "epoch": 0, "loss": 0.1722613406292368, "lr": 1.8820375335120645e-06, "grad_norm": 1.9296875, "peak_allocated": 48806364160}
{"step": 352, "epoch": 0, "loss": 0.19937412311954855, "lr": 1.8873994638069706e-06, "grad_norm": 1.953125, "peak_allocated": 48806364160}
{"step": 353, "epoch": 0, "loss": 0.19151703045493432, "lr": 1.892761394101877e-06, "grad_norm": 1.8984375, "peak_allocated": 48806364160}
{"step": 354, "epoch": 0, "loss": 0.22295374891182032, "lr": 1.898123324396783e-06, "grad_norm": 2.234375, "peak_allocated": 48806364160}
{"step": 355, "epoch": 0, "loss": 0.20199515543412047, "lr": 1.903485254691689e-06, "grad_norm": 2.03125, "peak_allocated": 48806364160}
{"step": 356, "epoch": 0, "loss": 0.21027685721942002, "lr": 1.908847184986595e-06, "grad_norm": 2.15625, "peak_allocated": 48806364160}
{"step": 357, "epoch": 0, "loss": 0.19758122269352488, "lr": 1.9142091152815016e-06, "grad_norm": 1.90625, "peak_allocated": 48806364160}
{"step": 358, "epoch": 0, "loss": 0.2090444833227526, "lr": 1.9195710455764077e-06, "grad_norm": 2.140625, "peak_allocated": 48806364160}
{"step": 359, "epoch": 0, "loss": 0.21344179420903803, "lr": 1.924932975871314e-06, "grad_norm": 1.9140625, "peak_allocated": 48806364160}
{"step": 360, "epoch": 0, "loss": 0.17968278062370394, "lr": 1.93029490616622e-06, "grad_norm": 1.8359375, "peak_allocated": 48806364160}
{"step": 361, "epoch": 0, "loss": 0.1635679809945377, "lr": 1.935656836461126e-06, "grad_norm": 1.4296875, "peak_allocated": 48806364160}
{"step": 362, "epoch": 0, "loss": 0.20253801895202939, "lr": 1.941018766756032e-06, "grad_norm": 1.625, "peak_allocated": 48806364160}
{"step": 363, "epoch": 0, "loss": 0.17515288745638674, "lr": 1.9463806970509387e-06, "grad_norm": 1.7734375, "peak_allocated": 48806364160}
{"step": 364, "epoch": 0, "loss": 0.18296661294959915, "lr": 1.951742627345845e-06, "grad_norm": 1.7890625, "peak_allocated": 48806364160}
{"step": 365, "epoch": 0, "loss": 0.20666379826948927, "lr": 1.9571045576407505e-06, "grad_norm": 1.84375, "peak_allocated": 48806364160}
{"step": 366, "epoch": 0, "loss": 0.172990199505517, "lr": 1.962466487935657e-06, "grad_norm": 2.0625, "peak_allocated": 48806364160}
{"step": 367, "epoch": 0, "loss": 0.17953121253133777, "lr": 1.967828418230563e-06, "grad_norm": 1.765625, "peak_allocated": 48806364160}
{"step": 368, "epoch": 0, "loss": 0.16486857895595053, "lr": 1.9731903485254693e-06, "grad_norm": 1.5625, "peak_allocated": 48806364160}
{"step": 369, "epoch": 0, "loss": 0.18833107100863036, "lr": 1.9785522788203754e-06, "grad_norm": 1.8984375, "peak_allocated": 48806364160}
{"step": 370, "epoch": 0, "loss": 0.222929066038981, "lr": 1.9839142091152816e-06, "grad_norm": 2.078125, "peak_allocated": 48806364160}
{"step": 371, "epoch": 0, "loss": 0.19261270143118575, "lr": 1.9892761394101877e-06, "grad_norm": 1.7109375, "peak_allocated": 48806364160}
{"step": 372, "epoch": 0, "loss": 0.17725946484750157, "lr": 1.9946380697050942e-06, "grad_norm": 1.671875, "peak_allocated": 48806364160}
{"step": 373, "epoch": 0, "loss": 0.1543447907717663, "lr": 2.0000000000000003e-06, "grad_norm": 1.4296875, "peak_allocated": 48806364160}
{"step": 374, "epoch": 0, "loss": 0.19057926765086272, "lr": 2.005361930294906e-06, "grad_norm": 1.6015625, "peak_allocated": 48806364160}
{"step": 375, "epoch": 0, "loss": 0.16993817610510245, "lr": 2.0107238605898126e-06, "grad_norm": 1.90625, "peak_allocated": 48806364160}
{"step": 376, "epoch": 0, "loss": 0.1513027855180406, "lr": 2.0160857908847187e-06, "grad_norm": 1.6953125, "peak_allocated": 48806364160}
{"step": 377, "epoch": 0, "loss": 0.17724636031364308, "lr": 2.021447721179625e-06, "grad_norm": 1.59375, "peak_allocated": 48806364160}
{"step": 378, "epoch": 0, "loss": 0.15884430395077906, "lr": 2.026809651474531e-06, "grad_norm": 1.7421875, "peak_allocated": 48806364160}
{"step": 379, "epoch": 0, "loss": 0.19600733389286149, "lr": 2.032171581769437e-06, "grad_norm": 1.9609375, "peak_allocated": 48806364160}
{"step": 380, "epoch": 0, "loss": 0.19053335034497618, "lr": 2.037533512064343e-06, "grad_norm": 1.625, "peak_allocated": 48806364160}
{"step": 381, "epoch": 0, "loss": 0.17032286742247393, "lr": 2.0428954423592497e-06, "grad_norm": 1.859375, "peak_allocated": 48806364160}
{"step": 382, "epoch": 0, "loss": 0.19092969686660496, "lr": 2.048257372654156e-06, "grad_norm": 1.6640625, "peak_allocated": 48806364160}
{"step": 383, "epoch": 0, "loss": 0.1654243538377604, "lr": 2.0536193029490615e-06, "grad_norm": 1.5546875, "peak_allocated": 48806364160}
{"step": 384, "epoch": 0, "loss": 0.17430791254064767, "lr": 2.058981233243968e-06, "grad_norm": 1.5859375, "peak_allocated": 48806364160}
{"step": 385, "epoch": 0, "loss": 0.17203938144807288, "lr": 2.064343163538874e-06, "grad_norm": 1.6640625, "peak_allocated": 48806364160}
{"step": 386, "epoch": 0, "loss": 0.1523333824361148, "lr": 2.0697050938337803e-06, "grad_norm": 1.53125, "peak_allocated": 48806364160}
{"step": 387, "epoch": 0, "loss": 0.1956328271375437, "lr": 2.0750670241286864e-06, "grad_norm": 1.6640625, "peak_allocated": 48806364160}
{"step": 388, "epoch": 0, "loss": 0.15970010154648123, "lr": 2.0804289544235925e-06, "grad_norm": 1.4453125, "peak_allocated": 48806364160}
{"step": 389, "epoch": 0, "loss": 0.1707733684087912, "lr": 2.0857908847184986e-06, "grad_norm": 1.59375, "peak_allocated": 48806364160}
{"step": 390, "epoch": 0, "loss": 0.1743043752855034, "lr": 2.091152815013405e-06, "grad_norm": 1.4375, "peak_allocated": 48806364160}
{"step": 391, "epoch": 0, "loss": 0.20163336489183592, "lr": 2.0965147453083113e-06, "grad_norm": 1.609375, "peak_allocated": 48806364160}
{"step": 392, "epoch": 0, "loss": 0.17968739275277118, "lr": 2.1018766756032174e-06, "grad_norm": 1.5234375, "peak_allocated": 48806364160}
{"step": 393, "epoch": 0, "loss": 0.1611794206205735, "lr": 2.1072386058981235e-06, "grad_norm": 1.3828125, "peak_allocated": 48806364160}
{"step": 394, "epoch": 0, "loss": 0.18740401849104746, "lr": 2.1126005361930296e-06, "grad_norm": 1.5625, "peak_allocated": 48806364160}
{"step": 395, "epoch": 0, "loss": 0.18304911787028272, "lr": 2.1179624664879358e-06, "grad_norm": 1.59375, "peak_allocated": 48806364160}
{"step": 396, "epoch": 0, "loss": 0.1926233864934588, "lr": 2.123324396782842e-06, "grad_norm": 1.53125, "peak_allocated": 48806364160}
{"step": 397, "epoch": 0, "loss": 0.1752122011886914, "lr": 2.128686327077748e-06, "grad_norm": 1.7890625, "peak_allocated": 48806364160}
{"step": 398, "epoch": 0, "loss": 0.19349442699109942, "lr": 2.134048257372654e-06, "grad_norm": 1.59375, "peak_allocated": 48806364160}
{"step": 399, "epoch": 0, "loss": 0.15743319546310044, "lr": 2.1394101876675606e-06, "grad_norm": 1.65625, "peak_allocated": 48806364160}
{"step": 400, "epoch": 0, "loss": 0.17880986543890398, "lr": 2.1447721179624668e-06, "grad_norm": 1.65625, "peak_allocated": 48806364160}
{"step": 401, "epoch": 0, "loss": 0.18102576879711893, "lr": 2.150134048257373e-06, "grad_norm": 1.46875, "peak_allocated": 48806364160}
{"step": 402, "epoch": 0, "loss": 0.15646725929667346, "lr": 2.155495978552279e-06, "grad_norm": 1.4296875, "peak_allocated": 48806364160}
{"step": 403, "epoch": 0, "loss": 0.17636500684167414, "lr": 2.160857908847185e-06, "grad_norm": 1.6328125, "peak_allocated": 48806364160}
{"step": 404, "epoch": 0, "loss": 0.20126228436761912, "lr": 2.1662198391420912e-06, "grad_norm": 1.7578125, "peak_allocated": 48806364160}
{"step": 405, "epoch": 0, "loss": 0.18449198920343227, "lr": 2.1715817694369974e-06, "grad_norm": 1.4921875, "peak_allocated": 48806364160}
{"step": 406, "epoch": 0, "loss": 0.21629649086611177, "lr": 2.176943699731904e-06, "grad_norm": 2.0, "peak_allocated": 48806364160}
{"step": 407, "epoch": 0, "loss": 0.1724381739414387, "lr": 2.1823056300268096e-06, "grad_norm": 1.5625, "peak_allocated": 48806364160}
{"step": 408, "epoch": 0, "loss": 0.2058690178638564, "lr": 2.187667560321716e-06, "grad_norm": 1.734375, "peak_allocated": 48806364160}
{"step": 409, "epoch": 0, "loss": 0.1891577853803984, "lr": 2.1930294906166222e-06, "grad_norm": 1.5390625, "peak_allocated": 48806364160}
{"step": 410, "epoch": 0, "loss": 0.20508747275648487, "lr": 2.1983914209115284e-06, "grad_norm": 1.640625, "peak_allocated": 48806364160}
{"step": 411, "epoch": 0, "loss": 0.1643471732776243, "lr": 2.2037533512064345e-06, "grad_norm": 1.34375, "peak_allocated": 48806364160}
{"step": 412, "epoch": 0, "loss": 0.17581929085746645, "lr": 2.2091152815013406e-06, "grad_norm": 1.4453125, "peak_allocated": 48806364160}
{"step": 413, "epoch": 0, "loss": 0.16958206231309159, "lr": 2.2144772117962467e-06, "grad_norm": 1.421875, "peak_allocated": 48806364160}
{"step": 414, "epoch": 0, "loss": 0.1916572887373359, "lr": 2.219839142091153e-06, "grad_norm": 1.8828125, "peak_allocated": 48806364160}
{"step": 415, "epoch": 0, "loss": 0.17059466485386135, "lr": 2.2252010723860594e-06, "grad_norm": 1.5, "peak_allocated": 48806364160}
{"step": 416, "epoch": 0, "loss": 0.16496332012616788, "lr": 2.230563002680965e-06, "grad_norm": 1.3671875, "peak_allocated": 48806364160}
{"step": 417, "epoch": 0, "loss": 0.18108735898860254, "lr": 2.2359249329758716e-06, "grad_norm": 1.625, "peak_allocated": 48806364160}
{"step": 418, "epoch": 0, "loss": 0.1655847470018218, "lr": 2.2412868632707777e-06, "grad_norm": 1.4765625, "peak_allocated": 48806364160}
{"step": 419, "epoch": 0, "loss": 0.17567210815629208, "lr": 2.246648793565684e-06, "grad_norm": 1.7109375, "peak_allocated": 48806364160}
{"step": 420, "epoch": 0, "loss": 0.1695909264865129, "lr": 2.25201072386059e-06, "grad_norm": 1.4296875, "peak_allocated": 48806364160}
{"step": 421, "epoch": 0, "loss": 0.2071869461785811, "lr": 2.257372654155496e-06, "grad_norm": 1.6953125, "peak_allocated": 48806364160}
{"step": 422, "epoch": 0, "loss": 0.20212751227530723, "lr": 2.262734584450402e-06, "grad_norm": 1.6171875, "peak_allocated": 48806364160}
{"step": 423, "epoch": 0, "loss": 0.1641833756280982, "lr": 2.2680965147453083e-06, "grad_norm": 1.3359375, "peak_allocated": 48806364160}
{"step": 424, "epoch": 0, "loss": 0.17895236402011114, "lr": 2.273458445040215e-06, "grad_norm": 1.609375, "peak_allocated": 48806364160}
{"step": 425, "epoch": 0, "loss": 0.1714892611566898, "lr": 2.278820375335121e-06, "grad_norm": 1.5078125, "peak_allocated": 48806364160}
{"step": 426, "epoch": 0, "loss": 0.17455320756478715, "lr": 2.284182305630027e-06, "grad_norm": 1.421875, "peak_allocated": 48806364160}
{"step": 427, "epoch": 0, "loss": 0.18650774566192244, "lr": 2.289544235924933e-06, "grad_norm": 1.625, "peak_allocated": 48806364160}
{"step": 428, "epoch": 0, "loss": 0.1975644972833857, "lr": 2.2949061662198393e-06, "grad_norm": 1.5, "peak_allocated": 48806364160}
{"step": 429, "epoch": 0, "loss": 0.15913984137006007, "lr": 2.3002680965147454e-06, "grad_norm": 1.5078125, "peak_allocated": 48806364160}
{"step": 430, "epoch": 0, "loss": 0.16059244560778843, "lr": 2.3056300268096516e-06, "grad_norm": 1.46875, "peak_allocated": 48806364160}
{"step": 431, "epoch": 0, "loss": 0.17724264895658945, "lr": 2.3109919571045577e-06, "grad_norm": 1.515625, "peak_allocated": 48806364160}
{"step": 432, "epoch": 0, "loss": 0.17277607368030654, "lr": 2.3163538873994638e-06, "grad_norm": 1.484375, "peak_allocated": 48806364160}
{"step": 433, "epoch": 0, "loss": 0.1515760826705539, "lr": 2.3217158176943703e-06, "grad_norm": 1.34375, "peak_allocated": 48806364160}
{"step": 434, "epoch": 0, "loss": 0.18623241884106734, "lr": 2.3270777479892764e-06, "grad_norm": 1.5859375, "peak_allocated": 48806364160}
{"step": 435, "epoch": 0, "loss": 0.19692301192784525, "lr": 2.3324396782841826e-06, "grad_norm": 1.578125, "peak_allocated": 48806364160}
{"step": 436, "epoch": 0, "loss": 0.18166116222429815, "lr": 2.3378016085790887e-06, "grad_norm": 1.5078125, "peak_allocated": 48806364160}
{"step": 437, "epoch": 0, "loss": 0.1840988397308258, "lr": 2.343163538873995e-06, "grad_norm": 1.421875, "peak_allocated": 48806364160}
{"step": 438, "epoch": 0, "loss": 0.21083038419757855, "lr": 2.348525469168901e-06, "grad_norm": 1.65625, "peak_allocated": 48806364160}
{"step": 439, "epoch": 0, "loss": 0.1734912740407857, "lr": 2.3538873994638075e-06, "grad_norm": 1.46875, "peak_allocated": 48806364160}
{"step": 440, "epoch": 0, "loss": 0.15796491924935147, "lr": 2.359249329758713e-06, "grad_norm": 1.4921875, "peak_allocated": 48806364160}
{"step": 441, "epoch": 0, "loss": 0.17957753645467084, "lr": 2.3646112600536193e-06, "grad_norm": 1.578125, "peak_allocated": 48806364160}
{"step": 442, "epoch": 0, "loss": 0.16876534350332137, "lr": 2.369973190348526e-06, "grad_norm": 1.5234375, "peak_allocated": 48806364160}
{"step": 443, "epoch": 0, "loss": 0.1569432419483767, "lr": 2.375335120643432e-06, "grad_norm": 1.3046875, "peak_allocated": 48806364160}
{"step": 444, "epoch": 0, "loss": 0.14796641544490569, "lr": 2.380697050938338e-06, "grad_norm": 1.28125, "peak_allocated": 48806364160}
{"step": 445, "epoch": 0, "loss": 0.1850487855272776, "lr": 2.386058981233244e-06, "grad_norm": 1.4765625, "peak_allocated": 48806364160}
{"step": 446, "epoch": 0, "loss": 0.17759405345428383, "lr": 2.3914209115281503e-06, "grad_norm": 1.4375, "peak_allocated": 48806364160}
{"step": 447, "epoch": 0, "loss": 0.18782539332649148, "lr": 2.3967828418230564e-06, "grad_norm": 1.5625, "peak_allocated": 48806364160}
{"step": 448, "epoch": 0, "loss": 0.15298529098848854, "lr": 2.402144772117963e-06, "grad_norm": 1.6640625, "peak_allocated": 48806364160}
{"step": 449, "epoch": 0, "loss": 0.17724939495572753, "lr": 2.4075067024128686e-06, "grad_norm": 1.6953125, "peak_allocated": 48806364160}
{"step": 450, "epoch": 0, "loss": 0.15662938769384208, "lr": 2.4128686327077747e-06, "grad_norm": 1.46875, "peak_allocated": 48806364160}
{"step": 451, "epoch": 0, "loss": 0.17188185762846644, "lr": 2.4182305630026813e-06, "grad_norm": 1.5234375, "peak_allocated": 48806364160}
{"step": 452, "epoch": 0, "loss": 0.14310371927564314, "lr": 2.4235924932975874e-06, "grad_norm": 1.2265625, "peak_allocated": 48806364160}
{"step": 453, "epoch": 0, "loss": 0.16672254850860424, "lr": 2.4289544235924935e-06, "grad_norm": 1.4609375, "peak_allocated": 48806364160}
{"step": 454, "epoch": 0, "loss": 0.1647704170770829, "lr": 2.4343163538873996e-06, "grad_norm": 1.3828125, "peak_allocated": 48806364160}
{"step": 455, "epoch": 0, "loss": 0.157372228180148, "lr": 2.4396782841823058e-06, "grad_norm": 1.2734375, "peak_allocated": 48806364160}
{"step": 456, "epoch": 0, "loss": 0.2096653936517359, "lr": 2.445040214477212e-06, "grad_norm": 1.625, "peak_allocated": 48806364160}
{"step": 457, "epoch": 0, "loss": 0.16493242658447282, "lr": 2.4504021447721184e-06, "grad_norm": 1.3203125, "peak_allocated": 48806364160}
{"step": 458, "epoch": 0, "loss": 0.1431516401208329, "lr": 2.4557640750670245e-06, "grad_norm": 1.3671875, "peak_allocated": 48806364160}
{"step": 459, "epoch": 0, "loss": 0.17583452830786223, "lr": 2.4611260053619302e-06, "grad_norm": 1.3984375, "peak_allocated": 48806364160}
{"step": 460, "epoch": 0, "loss": 0.18093754506077978, "lr": 2.4664879356568368e-06, "grad_norm": 1.546875, "peak_allocated": 48806364160}
{"step": 461, "epoch": 0, "loss": 0.15961728599750505, "lr": 2.471849865951743e-06, "grad_norm": 1.78125, "peak_allocated": 48806364160}
{"step": 462, "epoch": 0, "loss": 0.192921435329697, "lr": 2.477211796246649e-06, "grad_norm": 1.6484375, "peak_allocated": 48806364160}
{"step": 463, "epoch": 0, "loss": 0.17217536959434981, "lr": 2.482573726541555e-06, "grad_norm": 1.453125, "peak_allocated": 48806364160}
{"step": 464, "epoch": 0, "loss": 0.18024281811636142, "lr": 2.4879356568364612e-06, "grad_norm": 1.546875, "peak_allocated": 48806364160}
{"step": 465, "epoch": 0, "loss": 0.18363705413453107, "lr": 2.4932975871313673e-06, "grad_norm": 1.609375, "peak_allocated": 48806364160}
{"step": 466, "epoch": 0, "loss": 0.15473772598326144, "lr": 2.498659517426274e-06, "grad_norm": 1.3125, "peak_allocated": 48806364160}
{"step": 467, "epoch": 0, "loss": 0.17607572755010373, "lr": 2.50402144772118e-06, "grad_norm": 1.5078125, "peak_allocated": 48806364160}
{"step": 468, "epoch": 0, "loss": 0.20892127002716315, "lr": 2.5093833780160857e-06, "grad_norm": 1.625, "peak_allocated": 48806364160}
{"step": 469, "epoch": 0, "loss": 0.18672173143928844, "lr": 2.5147453083109922e-06, "grad_norm": 1.578125, "peak_allocated": 48806364160}
{"step": 470, "epoch": 0, "loss": 0.1601356131940307, "lr": 2.5201072386058984e-06, "grad_norm": 1.5, "peak_allocated": 48806364160}
{"step": 471, "epoch": 0, "loss": 0.1860785117415504, "lr": 2.5254691689008045e-06, "grad_norm": 1.609375, "peak_allocated": 48806364160}
{"step": 472, "epoch": 0, "loss": 0.16160592323360154, "lr": 2.5308310991957106e-06, "grad_norm": 1.328125, "peak_allocated": 48806364160}
{"step": 473, "epoch": 0, "loss": 0.16119297401753463, "lr": 2.5361930294906167e-06, "grad_norm": 1.390625, "peak_allocated": 48806364160}
{"step": 474, "epoch": 0, "loss": 0.1851769034386148, "lr": 2.5415549597855232e-06, "grad_norm": 1.734375, "peak_allocated": 48806364160}
{"step": 475, "epoch": 0, "loss": 0.17747272369707986, "lr": 2.5469168900804294e-06, "grad_norm": 1.296875, "peak_allocated": 48806364160}
{"step": 476, "epoch": 0, "loss": 0.17459096365873325, "lr": 2.552278820375335e-06, "grad_norm": 1.40625, "peak_allocated": 48806364160}
{"step": 477, "epoch": 0, "loss": 0.19474373246909296, "lr": 2.5576407506702416e-06, "grad_norm": 1.5625, "peak_allocated": 48806364160}
{"step": 478, "epoch": 0, "loss": 0.15263667632649497, "lr": 2.5630026809651477e-06, "grad_norm": 1.375, "peak_allocated": 48806364160}
{"step": 479, "epoch": 0, "loss": 0.17065862825953623, "lr": 2.5683646112600543e-06, "grad_norm": 1.2890625, "peak_allocated": 48806364160}
{"step": 480, "epoch": 0, "loss": 0.18665132925998706, "lr": 2.57372654155496e-06, "grad_norm": 1.40625, "peak_allocated": 48806364160}
{"step": 481, "epoch": 0, "loss": 0.1433006946277817, "lr": 2.579088471849866e-06, "grad_norm": 1.3046875, "peak_allocated": 48806364160}
{"step": 482, "epoch": 0, "loss": 0.15751361035493233, "lr": 2.5844504021447726e-06, "grad_norm": 1.265625, "peak_allocated": 48806364160}
{"step": 483, "epoch": 0, "loss": 0.16365943047992101, "lr": 2.5898123324396783e-06, "grad_norm": 1.515625, "peak_allocated": 48806364160}
{"step": 484, "epoch": 0, "loss": 0.16242991945098254, "lr": 2.5951742627345844e-06, "grad_norm": 1.4375, "peak_allocated": 48806364160}
{"step": 485, "epoch": 0, "loss": 0.1813398770290137, "lr": 2.600536193029491e-06, "grad_norm": 1.78125, "peak_allocated": 48806364160}
{"step": 486, "epoch": 0, "loss": 0.2080374813338274, "lr": 2.6058981233243967e-06, "grad_norm": 1.6640625, "peak_allocated": 48806364160}
{"step": 487, "epoch": 0, "loss": 0.16102372787501787, "lr": 2.611260053619303e-06, "grad_norm": 1.4765625, "peak_allocated": 48806364160}
{"step": 488, "epoch": 0, "loss": 0.16006277227968826, "lr": 2.6166219839142093e-06, "grad_norm": 1.4140625, "peak_allocated": 48806364160}
{"step": 489, "epoch": 0, "loss": 0.220734720760807, "lr": 2.6219839142091154e-06, "grad_norm": 1.8125, "peak_allocated": 48806364160}
{"step": 490, "epoch": 0, "loss": 0.19661789109289043, "lr": 2.6273458445040215e-06, "grad_norm": 1.640625, "peak_allocated": 48806364160}
{"step": 491, "epoch": 0, "loss": 0.17474029397133747, "lr": 2.6327077747989277e-06, "grad_norm": 1.6640625, "peak_allocated": 48806364160}
{"step": 492, "epoch": 0, "loss": 0.1603867029092194, "lr": 2.638069705093834e-06, "grad_norm": 1.5, "peak_allocated": 48806364160}
{"step": 493, "epoch": 0, "loss": 0.18774625105287737, "lr": 2.6434316353887403e-06, "grad_norm": 1.515625, "peak_allocated": 48806364160}
{"step": 494, "epoch": 0, "loss": 0.1753414936041807, "lr": 2.648793565683646e-06, "grad_norm": 1.5546875, "peak_allocated": 48806364160}
{"step": 495, "epoch": 0, "loss": 0.14268574853382768, "lr": 2.6541554959785526e-06, "grad_norm": 1.2109375, "peak_allocated": 48806364160}
{"step": 496, "epoch": 0, "loss": 0.17713014659210466, "lr": 2.6595174262734587e-06, "grad_norm": 1.5390625, "peak_allocated": 48806364160}
{"step": 497, "epoch": 0, "loss": 0.18663711990788828, "lr": 2.6648793565683652e-06, "grad_norm": 1.375, "peak_allocated": 48806364160}
{"step": 498, "epoch": 0, "loss": 0.17915661448755546, "lr": 2.670241286863271e-06, "grad_norm": 1.2890625, "peak_allocated": 48806364160}
{"step": 499, "epoch": 0, "loss": 0.13847328262170683, "lr": 2.675603217158177e-06, "grad_norm": 1.3671875, "peak_allocated": 48806364160}
{"step": 500, "epoch": 0, "loss": 0.1832991593650409, "lr": 2.6809651474530836e-06, "grad_norm": 1.5078125, "peak_allocated": 48806364160}
{"step": 501, "epoch": 0, "loss": 0.2038612305988827, "lr": 2.6863270777479893e-06, "grad_norm": 1.53125, "peak_allocated": 48806364160}
{"step": 502, "epoch": 0, "loss": 0.18019357868380043, "lr": 2.691689008042896e-06, "grad_norm": 1.359375, "peak_allocated": 48806364160}
{"step": 503, "epoch": 0, "loss": 0.16933735005458, "lr": 2.697050938337802e-06, "grad_norm": 1.3203125, "peak_allocated": 48806364160}
{"step": 504, "epoch": 0, "loss": 0.18772726082199062, "lr": 2.7024128686327076e-06, "grad_norm": 1.5, "peak_allocated": 48806364160}
{"step": 505, "epoch": 0, "loss": 0.19144910141191585, "lr": 2.707774798927614e-06, "grad_norm": 1.5859375, "peak_allocated": 48806364160}
{"step": 506, "epoch": 0, "loss": 0.16594203104091515, "lr": 2.7131367292225203e-06, "grad_norm": 1.375, "peak_allocated": 48806364160}
{"step": 507, "epoch": 0, "loss": 0.20786793068829854, "lr": 2.718498659517427e-06, "grad_norm": 1.7109375, "peak_allocated": 48806364160}
{"step": 508, "epoch": 0, "loss": 0.16236209606295798, "lr": 2.7238605898123325e-06, "grad_norm": 1.5, "peak_allocated": 48806364160}
{"step": 509, "epoch": 0, "loss": 0.1781790664771595, "lr": 2.7292225201072386e-06, "grad_norm": 1.3125, "peak_allocated": 48806364160}
{"step": 510, "epoch": 0, "loss": 0.16318823848229544, "lr": 2.734584450402145e-06, "grad_norm": 1.28125, "peak_allocated": 48806364160}
{"step": 511, "epoch": 0, "loss": 0.18727030986342325, "lr": 2.7399463806970513e-06, "grad_norm": 1.4921875, "peak_allocated": 48806364160}
{"step": 512, "epoch": 0, "loss": 0.1663313500048794, "lr": 2.7453083109919574e-06, "grad_norm": 1.546875, "peak_allocated": 48806364160}
{"step": 513, "epoch": 0, "loss": 0.19459867461366726, "lr": 2.7506702412868635e-06, "grad_norm": 1.53125, "peak_allocated": 48806364160}
{"step": 514, "epoch": 0, "loss": 0.1532058948265029, "lr": 2.7560321715817696e-06, "grad_norm": 1.421875, "peak_allocated": 48806364160}
{"step": 515, "epoch": 0, "loss": 0.17859124791337078, "lr": 2.761394101876676e-06, "grad_norm": 1.5390625, "peak_allocated": 48806364160}
{"step": 516, "epoch": 0, "loss": 0.18903588482474432, "lr": 2.766756032171582e-06, "grad_norm": 1.328125, "peak_allocated": 48806364160}
{"step": 517, "epoch": 0, "loss": 0.169144270370935, "lr": 2.772117962466488e-06, "grad_norm": 1.2734375, "peak_allocated": 48806364160}
{"step": 518, "epoch": 0, "loss": 0.1541841221205831, "lr": 2.7774798927613945e-06, "grad_norm": 1.4375, "peak_allocated": 48806364160}
{"step": 519, "epoch": 0, "loss": 0.1608076299160071, "lr": 2.7828418230563002e-06, "grad_norm": 1.484375, "peak_allocated": 48806364160}
{"step": 520, "epoch": 0, "loss": 0.17342949817247608, "lr": 2.7882037533512068e-06, "grad_norm": 1.484375, "peak_allocated": 48806364160}
{"step": 521, "epoch": 0, "loss": 0.15798107506953274, "lr": 2.793565683646113e-06, "grad_norm": 1.25, "peak_allocated": 48806364160}
{"step": 522, "epoch": 0, "loss": 0.19933599326843707, "lr": 2.7989276139410186e-06, "grad_norm": 1.765625, "peak_allocated": 48806364160}
{"step": 523, "epoch": 0, "loss": 0.19970831691360663, "lr": 2.804289544235925e-06, "grad_norm": 1.6875, "peak_allocated": 48806364160}
{"step": 524, "epoch": 0, "loss": 0.15756862776379843, "lr": 2.8096514745308312e-06, "grad_norm": 1.34375, "peak_allocated": 48806364160}
{"step": 525, "epoch": 0, "loss": 0.17686033670614498, "lr": 2.8150134048257378e-06, "grad_norm": 1.4375, "peak_allocated": 48806364160}
{"step": 526, "epoch": 0, "loss": 0.1864187597268143, "lr": 2.8203753351206435e-06, "grad_norm": 1.53125, "peak_allocated": 48806364160}
{"step": 527, "epoch": 0, "loss": 0.1647007718197483, "lr": 2.8257372654155496e-06, "grad_norm": 1.2109375, "peak_allocated": 48806364160}
{"step": 528, "epoch": 0, "loss": 0.1843824209366922, "lr": 2.831099195710456e-06, "grad_norm": 1.421875, "peak_allocated": 48806364160}
{"step": 529, "epoch": 0, "loss": 0.19544187513123634, "lr": 2.8364611260053622e-06, "grad_norm": 1.5, "peak_allocated": 48806364160}
{"step": 530, "epoch": 0, "loss": 0.16945037554356712, "lr": 2.8418230563002683e-06, "grad_norm": 1.4453125, "peak_allocated": 48806364160}
{"step": 531, "epoch": 0, "loss": 0.17053870608206675, "lr": 2.8471849865951745e-06, "grad_norm": 1.3828125, "peak_allocated": 48806364160}
{"step": 532, "epoch": 0, "loss": 0.17843103138802124, "lr": 2.8525469168900806e-06, "grad_norm": 1.4921875, "peak_allocated": 48806364160}
{"step": 533, "epoch": 0, "loss": 0.1837927247363412, "lr": 2.857908847184987e-06, "grad_norm": 1.5, "peak_allocated": 48806364160}
{"step": 534, "epoch": 0, "loss": 0.1695255327536616, "lr": 2.863270777479893e-06, "grad_norm": 1.5546875, "peak_allocated": 48806364160}
{"step": 535, "epoch": 0, "loss": 0.17017333451630137, "lr": 2.8686327077747994e-06, "grad_norm": 1.25, "peak_allocated": 48806364160}
{"step": 536, "epoch": 0, "loss": 0.1758975842664408, "lr": 2.8739946380697055e-06, "grad_norm": 1.46875, "peak_allocated": 48806364160}
{"step": 537, "epoch": 0, "loss": 0.15530367871177825, "lr": 2.879356568364611e-06, "grad_norm": 1.4140625, "peak_allocated": 48806364160}
{"step": 538, "epoch": 0, "loss": 0.17594827598444693, "lr": 2.8847184986595177e-06, "grad_norm": 1.40625, "peak_allocated": 48806364160}
{"step": 539, "epoch": 0, "loss": 0.16755252103697865, "lr": 2.890080428954424e-06, "grad_norm": 1.4140625, "peak_allocated": 48806364160}
{"step": 540, "epoch": 0, "loss": 0.20553964670716213, "lr": 2.8954423592493304e-06, "grad_norm": 1.7421875, "peak_allocated": 48806364160}
{"step": 541, "epoch": 0, "loss": 0.15029996484686237, "lr": 2.900804289544236e-06, "grad_norm": 1.421875, "peak_allocated": 48806364160}
{"step": 542, "epoch": 0, "loss": 0.16478858351833334, "lr": 2.906166219839142e-06, "grad_norm": 1.3203125, "peak_allocated": 48806364160}
{"step": 543, "epoch": 0, "loss": 0.14924967438446238, "lr": 2.9115281501340487e-06, "grad_norm": 1.34375, "peak_allocated": 48806364160}
{"step": 544, "epoch": 0, "loss": 0.1393594480124351, "lr": 2.9168900804289544e-06, "grad_norm": 1.375, "peak_allocated": 48806364160}
{"step": 545, "epoch": 0, "loss": 0.1535833113154226, "lr": 2.9222520107238605e-06, "grad_norm": 1.328125, "peak_allocated": 48806364160}
{"step": 546, "epoch": 0, "loss": 0.1372036113868478, "lr": 2.927613941018767e-06, "grad_norm": 1.2109375, "peak_allocated": 48806364160}
{"step": 547, "epoch": 0, "loss": 0.17134961179074118, "lr": 2.932975871313673e-06, "grad_norm": 1.6640625, "peak_allocated": 48806364160}
{"step": 548, "epoch": 0, "loss": 0.17046281676034514, "lr": 2.9383378016085793e-06, "grad_norm": 1.390625, "peak_allocated": 48806364160}
{"step": 549, "epoch": 0, "loss": 0.17154751215622419, "lr": 2.9436997319034854e-06, "grad_norm": 1.6328125, "peak_allocated": 48806364160}
{"step": 550, "epoch": 0, "loss": 0.1656127583702061, "lr": 2.9490616621983915e-06, "grad_norm": 1.375, "peak_allocated": 48806364160}
{"step": 551, "epoch": 0, "loss": 0.16447067599569176, "lr": 2.954423592493298e-06, "grad_norm": 1.4296875, "peak_allocated": 48806364160}
{"step": 552, "epoch": 0, "loss": 0.1382625316662132, "lr": 2.9597855227882038e-06, "grad_norm": 1.2734375, "peak_allocated": 48806364160}
{"step": 553, "epoch": 0, "loss": 0.1439778539197517, "lr": 2.9651474530831103e-06, "grad_norm": 1.2578125, "peak_allocated": 48806364160}
{"step": 554, "epoch": 0, "loss": 0.18934878601387656, "lr": 2.9705093833780164e-06, "grad_norm": 1.6796875, "peak_allocated": 48806364160}
{"step": 555, "epoch": 0, "loss": 0.16690506260048119, "lr": 2.975871313672922e-06, "grad_norm": 1.4140625, "peak_allocated": 48806364160}
{"step": 556, "epoch": 0, "loss": 0.17515770341124623, "lr": 2.9812332439678287e-06, "grad_norm": 1.359375, "peak_allocated": 48806364160}
{"step": 557, "epoch": 0, "loss": 0.2123967261870905, "lr": 2.9865951742627348e-06, "grad_norm": 1.65625, "peak_allocated": 48806364160}
{"step": 558, "epoch": 0, "loss": 0.15771697759531408, "lr": 2.9919571045576413e-06, "grad_norm": 1.359375, "peak_allocated": 48806364160}
{"step": 559, "epoch": 0, "loss": 0.17069386351314908, "lr": 2.997319034852547e-06, "grad_norm": 1.59375, "peak_allocated": 48806364160}
{"step": 560, "epoch": 0, "loss": 0.14876944474741177, "lr": 3.002680965147453e-06, "grad_norm": 1.203125, "peak_allocated": 48806364160}
{"step": 561, "epoch": 0, "loss": 0.18180779473784528, "lr": 3.0080428954423597e-06, "grad_norm": 1.4375, "peak_allocated": 48806364160}
{"step": 562, "epoch": 0, "loss": 0.1687440630000997, "lr": 3.0134048257372654e-06, "grad_norm": 1.296875, "peak_allocated": 48806364160}
{"step": 563, "epoch": 0, "loss": 0.14262928356997676, "lr": 3.018766756032172e-06, "grad_norm": 1.25, "peak_allocated": 48806364160}
{"step": 564, "epoch": 0, "loss": 0.177148136872839, "lr": 3.024128686327078e-06, "grad_norm": 1.46875, "peak_allocated": 48806364160}
{"step": 565, "epoch": 0, "loss": 0.1575740108091341, "lr": 3.029490616621984e-06, "grad_norm": 1.40625, "peak_allocated": 48806364160}
{"step": 566, "epoch": 0, "loss": 0.15322102803417764, "lr": 3.0348525469168903e-06, "grad_norm": 1.25, "peak_allocated": 48806364160}
{"step": 567, "epoch": 0, "loss": 0.18466066213556298, "lr": 3.0402144772117964e-06, "grad_norm": 1.390625, "peak_allocated": 48806364160}
{"step": 568, "epoch": 0, "loss": 0.17470012020414566, "lr": 3.045576407506703e-06, "grad_norm": 1.5078125, "peak_allocated": 48806364160}
{"step": 569, "epoch": 0, "loss": 0.18077349108913934, "lr": 3.050938337801609e-06, "grad_norm": 1.765625, "peak_allocated": 48806364160}
{"step": 570, "epoch": 0, "loss": 0.15364684660864228, "lr": 3.0563002680965147e-06, "grad_norm": 1.3515625, "peak_allocated": 48806364160}
{"step": 571, "epoch": 0, "loss": 0.12885589363659933, "lr": 3.0616621983914213e-06, "grad_norm": 1.234375, "peak_allocated": 48806364160}
{"step": 572, "epoch": 0, "loss": 0.16762004222277752, "lr": 3.0670241286863274e-06, "grad_norm": 1.578125, "peak_allocated": 48806364160}
{"step": 573, "epoch": 0, "loss": 0.16278569088754605, "lr": 3.072386058981234e-06, "grad_norm": 1.3828125, "peak_allocated": 48806364160}
{"step": 574, "epoch": 0, "loss": 0.18850945537570424, "lr": 3.0777479892761396e-06, "grad_norm": 1.5859375, "peak_allocated": 48806364160}
{"step": 575, "epoch": 0, "loss": 0.20625838593267706, "lr": 3.0831099195710457e-06, "grad_norm": 1.6796875, "peak_allocated": 48806364160}
{"step": 576, "epoch": 0, "loss": 0.16184493532115501, "lr": 3.0884718498659523e-06, "grad_norm": 1.3203125, "peak_allocated": 48806364160}
{"step": 577, "epoch": 0, "loss": 0.1746753188792295, "lr": 3.093833780160858e-06, "grad_norm": 1.5859375, "peak_allocated": 48806364160}
{"step": 578, "epoch": 0, "loss": 0.18255069484889438, "lr": 3.099195710455764e-06, "grad_norm": 1.4296875, "peak_allocated": 48806364160}
{"step": 579, "epoch": 0, "loss": 0.17763292527230698, "lr": 3.1045576407506706e-06, "grad_norm": 1.25, "peak_allocated": 48806364160}
{"step": 580, "epoch": 0, "loss": 0.16013379621563115, "lr": 3.1099195710455763e-06, "grad_norm": 1.3359375, "peak_allocated": 48806364160}
{"step": 581, "epoch": 0, "loss": 0.1968673563625932, "lr": 3.115281501340483e-06, "grad_norm": 1.515625, "peak_allocated": 48806364160}
{"step": 582, "epoch": 0, "loss": 0.1560025615416214, "lr": 3.120643431635389e-06, "grad_norm": 1.34375, "peak_allocated": 48806364160}
{"step": 583, "epoch": 0, "loss": 0.1637663860240032, "lr": 3.126005361930295e-06, "grad_norm": 1.359375, "peak_allocated": 48806364160}
{"step": 584, "epoch": 0, "loss": 0.15410945589138456, "lr": 3.1313672922252012e-06, "grad_norm": 1.171875, "peak_allocated": 48806364160}
{"step": 585, "epoch": 0, "loss": 0.17500740132352158, "lr": 3.1367292225201073e-06, "grad_norm": 1.3671875, "peak_allocated": 48806364160}
{"step": 586, "epoch": 0, "loss": 0.15109476292955465, "lr": 3.142091152815014e-06, "grad_norm": 1.2578125, "peak_allocated": 48806364160}
{"step": 587, "epoch": 0, "loss": 0.17126763173941448, "lr": 3.14745308310992e-06, "grad_norm": 1.4921875, "peak_allocated": 48806364160}
{"step": 588, "epoch": 0, "loss": 0.16350132555439473, "lr": 3.1528150134048257e-06, "grad_norm": 1.2421875, "peak_allocated": 48806364160}
{"step": 589, "epoch": 0, "loss": 0.13610291693718823, "lr": 3.1581769436997322e-06, "grad_norm": 1.21875, "peak_allocated": 48806364160}
{"step": 590, "epoch": 0, "loss": 0.11966518403898026, "lr": 3.1635388739946383e-06, "grad_norm": 1.1953125, "peak_allocated": 48806364160}
{"step": 591, "epoch": 0, "loss": 0.17659681553031314, "lr": 3.168900804289545e-06, "grad_norm": 1.4453125, "peak_allocated": 48806364160}
{"step": 592, "epoch": 0, "loss": 0.15032047093476888, "lr": 3.1742627345844506e-06, "grad_norm": 1.3203125, "peak_allocated": 48806364160}
{"step": 593, "epoch": 0, "loss": 0.17999312143991975, "lr": 3.1796246648793567e-06, "grad_norm": 1.484375, "peak_allocated": 48806364160}
{"step": 594, "epoch": 0, "loss": 0.14167798612453894, "lr": 3.1849865951742632e-06, "grad_norm": 1.140625, "peak_allocated": 48806364160}
{"step": 595, "epoch": 0, "loss": 0.1989735466611312, "lr": 3.190348525469169e-06, "grad_norm": 1.5625, "peak_allocated": 48806364160}
{"step": 596, "epoch": 0, "loss": 0.17203074725161135, "lr": 3.1957104557640755e-06, "grad_norm": 1.40625, "peak_allocated": 48806364160}
{"step": 597, "epoch": 0, "loss": 0.1843866921131919, "lr": 3.2010723860589816e-06, "grad_norm": 1.359375, "peak_allocated": 48806364160}
{"step": 598, "epoch": 0, "loss": 0.15438112908149362, "lr": 3.2064343163538873e-06, "grad_norm": 1.1484375, "peak_allocated": 48806364160}
{"step": 599, "epoch": 0, "loss": 0.1723371599846808, "lr": 3.211796246648794e-06, "grad_norm": 1.4140625, "peak_allocated": 48806364160}
{"step": 600, "epoch": 0, "loss": 0.18087966459655855, "lr": 3.2171581769437e-06, "grad_norm": 1.4453125, "peak_allocated": 48806364160}
{"step": 601, "epoch": 0, "loss": 0.19519856717521086, "lr": 3.2225201072386065e-06, "grad_norm": 1.5390625, "peak_allocated": 48806364160}
{"step": 602, "epoch": 0, "loss": 0.12623363275635976, "lr": 3.227882037533512e-06, "grad_norm": 1.1171875, "peak_allocated": 48806364160}
{"step": 603, "epoch": 0, "loss": 0.16911100596637968, "lr": 3.2332439678284183e-06, "grad_norm": 1.3671875, "peak_allocated": 48806364160}
{"step": 604, "epoch": 0, "loss": 0.16128558180375607, "lr": 3.238605898123325e-06, "grad_norm": 1.2578125, "peak_allocated": 48806364160}
{"step": 605, "epoch": 0, "loss": 0.14527913321506708, "lr": 3.243967828418231e-06, "grad_norm": 1.640625, "peak_allocated": 48806364160}
{"step": 606, "epoch": 0, "loss": 0.14151146977130297, "lr": 3.249329758713137e-06, "grad_norm": 1.2421875, "peak_allocated": 48806364160}
{"step": 607, "epoch": 0, "loss": 0.16279684593447585, "lr": 3.254691689008043e-06, "grad_norm": 1.328125, "peak_allocated": 48806364160}
{"step": 608, "epoch": 0, "loss": 0.17637774753698882, "lr": 3.2600536193029493e-06, "grad_norm": 1.4453125, "peak_allocated": 48806364160}
{"step": 609, "epoch": 0, "loss": 0.13561972549445148, "lr": 3.265415549597856e-06, "grad_norm": 1.21875, "peak_allocated": 48806364160}
{"step": 610, "epoch": 0, "loss": 0.13608817228664033, "lr": 3.2707774798927615e-06, "grad_norm": 1.140625, "peak_allocated": 48806364160}
{"step": 611, "epoch": 0, "loss": 0.17080037393981276, "lr": 3.2761394101876677e-06, "grad_norm": 1.296875, "peak_allocated": 48806364160}
{"step": 612, "epoch": 0, "loss": 0.18230474011922343, "lr": 3.281501340482574e-06, "grad_norm": 1.3046875, "peak_allocated": 48806364160}
{"step": 613, "epoch": 0, "loss": 0.1570395559030196, "lr": 3.28686327077748e-06, "grad_norm": 1.34375, "peak_allocated": 48806364160}
{"step": 614, "epoch": 0, "loss": 0.15602138082385678, "lr": 3.2922252010723864e-06, "grad_norm": 1.2265625, "peak_allocated": 48806364160}
{"step": 615, "epoch": 0, "loss": 0.17705288375484401, "lr": 3.2975871313672925e-06, "grad_norm": 1.53125, "peak_allocated": 48806364160}
{"step": 616, "epoch": 0, "loss": 0.19358932291323397, "lr": 3.3029490616621982e-06, "grad_norm": 1.625, "peak_allocated": 48806364160}
{"step": 617, "epoch": 0, "loss": 0.15307195736012622, "lr": 3.3083109919571048e-06, "grad_norm": 1.234375, "peak_allocated": 48806364160}
{"step": 618, "epoch": 0, "loss": 0.19801440648856392, "lr": 3.313672922252011e-06, "grad_norm": 1.5234375, "peak_allocated": 48806364160}
{"step": 619, "epoch": 0, "loss": 0.18652736983215912, "lr": 3.3190348525469174e-06, "grad_norm": 1.5, "peak_allocated": 48806364160}
{"step": 620, "epoch": 0, "loss": 0.15019712379508415, "lr": 3.324396782841823e-06, "grad_norm": 1.1875, "peak_allocated": 48806364160}
{"step": 621, "epoch": 0, "loss": 0.12590759311153785, "lr": 3.3297587131367292e-06, "grad_norm": 1.2890625, "peak_allocated": 48806364160}
{"step": 622, "epoch": 0, "loss": 0.12553635303880026, "lr": 3.3351206434316358e-06, "grad_norm": 1.390625, "peak_allocated": 48806364160}
{"step": 623, "epoch": 1, "loss": 0.21402359661776096, "lr": 3.340482573726542e-06, "grad_norm": 1.515625, "peak_allocated": 48806364160}
{"step": 624, "epoch": 1, "loss": 0.1548228270824196, "lr": 3.345844504021448e-06, "grad_norm": 1.375, "peak_allocated": 48806364160}
{"step": 625, "epoch": 1, "loss": 0.13469120475780436, "lr": 3.351206434316354e-06, "grad_norm": 1.1015625, "peak_allocated": 48806364160}
{"step": 626, "epoch": 1, "loss": 0.15598187867511934, "lr": 3.3565683646112603e-06, "grad_norm": 1.203125, "peak_allocated": 48806364160}
{"step": 627, "epoch": 1, "loss": 0.1647669724588771, "lr": 3.361930294906167e-06, "grad_norm": 1.359375, "peak_allocated": 48806364160}
{"step": 628, "epoch": 1, "loss": 0.19891786547341372, "lr": 3.3672922252010725e-06, "grad_norm": 1.390625, "peak_allocated": 48806364160}
{"step": 629, "epoch": 1, "loss": 0.16932932806932802, "lr": 3.372654155495979e-06, "grad_norm": 1.25, "peak_allocated": 48806364160}
{"step": 630, "epoch": 1, "loss": 0.12858136306973908, "lr": 3.378016085790885e-06, "grad_norm": 1.359375, "peak_allocated": 48806364160}
{"step": 631, "epoch": 1, "loss": 0.15723141525772155, "lr": 3.383378016085791e-06, "grad_norm": 1.3359375, "peak_allocated": 48806364160}
{"step": 632, "epoch": 1, "loss": 0.1592184896628717, "lr": 3.3887399463806974e-06, "grad_norm": 1.28125, "peak_allocated": 48806364160}
{"step": 633, "epoch": 1, "loss": 0.17027080465419833, "lr": 3.3941018766756035e-06, "grad_norm": 1.359375, "peak_allocated": 48806364160}
{"step": 634, "epoch": 1, "loss": 0.1597350539934983, "lr": 3.39946380697051e-06, "grad_norm": 1.4296875, "peak_allocated": 48806364160}
{"step": 635, "epoch": 1, "loss": 0.14154641291042058, "lr": 3.4048257372654157e-06, "grad_norm": 1.1796875, "peak_allocated": 48806364160}
{"step": 636, "epoch": 1, "loss": 0.15460727480883452, "lr": 3.410187667560322e-06, "grad_norm": 1.28125, "peak_allocated": 48806364160}
{"step": 637, "epoch": 1, "loss": 0.1398695636020706, "lr": 3.4155495978552284e-06, "grad_norm": 1.2265625, "peak_allocated": 48806364160}
{"step": 638, "epoch": 1, "loss": 0.1581184309997432, "lr": 3.420911528150134e-06, "grad_norm": 1.2265625, "peak_allocated": 48806364160}
{"step": 639, "epoch": 1, "loss": 0.18084380364210292, "lr": 3.42627345844504e-06, "grad_norm": 1.4921875, "peak_allocated": 48806364160}
{"step": 640, "epoch": 1, "loss": 0.16546360345246333, "lr": 3.4316353887399467e-06, "grad_norm": 1.2890625, "peak_allocated": 48806364160}
{"step": 641, "epoch": 1, "loss": 0.1969259927597755, "lr": 3.436997319034853e-06, "grad_norm": 1.4765625, "peak_allocated": 48806364160}
{"step": 642, "epoch": 1, "loss": 0.17982958218836326, "lr": 3.442359249329759e-06, "grad_norm": 1.21875, "peak_allocated": 48806364160}
{"step": 643, "epoch": 1, "loss": 0.20728804248395422, "lr": 3.447721179624665e-06, "grad_norm": 1.40625, "peak_allocated": 48806364160}
{"step": 644, "epoch": 1, "loss": 0.1713856296576906, "lr": 3.453083109919571e-06, "grad_norm": 1.46875, "peak_allocated": 48806364160}
{"step": 645, "epoch": 1, "loss": 0.14475943116935264, "lr": 3.4584450402144778e-06, "grad_norm": 1.3671875, "peak_allocated": 48806364160}
{"step": 646, "epoch": 1, "loss": 0.18554794187605944, "lr": 3.4638069705093834e-06, "grad_norm": 1.3359375, "peak_allocated": 48806364160}
{"step": 647, "epoch": 1, "loss": 0.15744968778286264, "lr": 3.46916890080429e-06, "grad_norm": 1.359375, "peak_allocated": 48806364160}
{"step": 648, "epoch": 1, "loss": 0.15124105917559164, "lr": 3.474530831099196e-06, "grad_norm": 1.125, "peak_allocated": 48806364160}
{"step": 649, "epoch": 1, "loss": 0.16450480471650966, "lr": 3.479892761394102e-06, "grad_norm": 1.2890625, "peak_allocated": 48806364160}
{"step": 650, "epoch": 1, "loss": 0.12256312248546179, "lr": 3.4852546916890083e-06, "grad_norm": 1.265625, "peak_allocated": 48806364160}
{"step": 651, "epoch": 1, "loss": 0.16136039644319639, "lr": 3.4906166219839145e-06, "grad_norm": 1.3203125, "peak_allocated": 48806364160}
{"step": 652, "epoch": 1, "loss": 0.15049465219293207, "lr": 3.495978552278821e-06, "grad_norm": 1.1875, "peak_allocated": 48806364160}
{"step": 653, "epoch": 1, "loss": 0.1798047562930498, "lr": 3.5013404825737267e-06, "grad_norm": 1.3203125, "peak_allocated": 48806364160}
{"step": 654, "epoch": 1, "loss": 0.1615885495789076, "lr": 3.506702412868633e-06, "grad_norm": 1.40625, "peak_allocated": 48806364160}
{"step": 655, "epoch": 1, "loss": 0.14964211522870477, "lr": 3.5120643431635393e-06, "grad_norm": 1.25, "peak_allocated": 48806364160}
{"step": 656, "epoch": 1, "loss": 0.18379899791582893, "lr": 3.517426273458445e-06, "grad_norm": 1.3203125, "peak_allocated": 48806364160}
{"step": 657, "epoch": 1, "loss": 0.17775310952729365, "lr": 3.5227882037533516e-06, "grad_norm": 1.4375, "peak_allocated": 48806364160}
{"step": 658, "epoch": 1, "loss": 0.15796427659905993, "lr": 3.5281501340482577e-06, "grad_norm": 1.4140625, "peak_allocated": 48806364160}
{"step": 659, "epoch": 1, "loss": 0.15700178719565122, "lr": 3.533512064343164e-06, "grad_norm": 1.34375, "peak_allocated": 48806364160}
{"step": 660, "epoch": 1, "loss": 0.14707114480324335, "lr": 3.53887399463807e-06, "grad_norm": 1.2890625, "peak_allocated": 48806364160}
{"step": 661, "epoch": 1, "loss": 0.14763892229070114, "lr": 3.544235924932976e-06, "grad_norm": 1.3046875, "peak_allocated": 48806364160}
{"step": 662, "epoch": 1, "loss": 0.15118954997580006, "lr": 3.5495978552278826e-06, "grad_norm": 1.25, "peak_allocated": 48806364160}
{"step": 663, "epoch": 1, "loss": 0.15708992091927632, "lr": 3.5549597855227887e-06, "grad_norm": 1.2890625, "peak_allocated": 48806364160}
{"step": 664, "epoch": 1, "loss": 0.1689625191243769, "lr": 3.5603217158176944e-06, "grad_norm": 1.40625, "peak_allocated": 48806364160}
{"step": 665, "epoch": 1, "loss": 0.14495706419990514, "lr": 3.565683646112601e-06, "grad_norm": 1.4375, "peak_allocated": 48806364160}
{"step": 666, "epoch": 1, "loss": 0.14574078780769226, "lr": 3.571045576407507e-06, "grad_norm": 1.1875, "peak_allocated": 48806364160}
{"step": 667, "epoch": 1, "loss": 0.1427335451587051, "lr": 3.5764075067024136e-06, "grad_norm": 1.1796875, "peak_allocated": 48806364160}
{"step": 668, "epoch": 1, "loss": 0.19477980372328413, "lr": 3.5817694369973193e-06, "grad_norm": 1.390625, "peak_allocated": 48806364160}
{"step": 669, "epoch": 1, "loss": 0.13327825151888342, "lr": 3.5871313672922254e-06, "grad_norm": 1.1796875, "peak_allocated": 48806364160}
{"step": 670, "epoch": 1, "loss": 0.16082329356926273, "lr": 3.592493297587132e-06, "grad_norm": 1.484375, "peak_allocated": 48806364160}
{"step": 671, "epoch": 1, "loss": 0.16613541603836757, "lr": 3.5978552278820376e-06, "grad_norm": 1.421875, "peak_allocated": 48806364160}
{"step": 672, "epoch": 1, "loss": 0.17195518800214316, "lr": 3.6032171581769438e-06, "grad_norm": 1.1953125, "peak_allocated": 48806364160}
{"step": 673, "epoch": 1, "loss": 0.14761282993229458, "lr": 3.6085790884718503e-06, "grad_norm": 1.15625, "peak_allocated": 48806364160}
{"step": 674, "epoch": 1, "loss": 0.14221559397377181, "lr": 3.613941018766756e-06, "grad_norm": 1.4609375, "peak_allocated": 48806364160}
{"step": 675, "epoch": 1, "loss": 0.15250851215945707, "lr": 3.6193029490616625e-06, "grad_norm": 1.25, "peak_allocated": 48806364160}
{"step": 676, "epoch": 1, "loss": 0.17481168160232005, "lr": 3.6246648793565687e-06, "grad_norm": 1.40625, "peak_allocated": 48806364160}
{"step": 677, "epoch": 1, "loss": 0.16627145030638546, "lr": 3.6300268096514748e-06, "grad_norm": 1.40625, "peak_allocated": 48806364160}
{"step": 678, "epoch": 1, "loss": 0.1890693736800881, "lr": 3.635388739946381e-06, "grad_norm": 1.421875, "peak_allocated": 48806364160}
{"step": 679, "epoch": 1, "loss": 0.13494814066768168, "lr": 3.640750670241287e-06, "grad_norm": 1.2578125, "peak_allocated": 48806364160}
{"step": 680, "epoch": 1, "loss": 0.17229053119946447, "lr": 3.6461126005361935e-06, "grad_norm": 1.3359375, "peak_allocated": 48806364160}
{"step": 681, "epoch": 1, "loss": 0.1702709005582568, "lr": 3.6514745308310997e-06, "grad_norm": 1.2734375, "peak_allocated": 48806364160}
{"step": 682, "epoch": 1, "loss": 0.1830549506989212, "lr": 3.6568364611260054e-06, "grad_norm": 1.3828125, "peak_allocated": 48806364160}
{"step": 683, "epoch": 1, "loss": 0.1725041366505484, "lr": 3.662198391420912e-06, "grad_norm": 1.234375, "peak_allocated": 48806364160}
{"step": 684, "epoch": 1, "loss": 0.15930468121421562, "lr": 3.667560321715818e-06, "grad_norm": 1.296875, "peak_allocated": 48806364160}
{"step": 685, "epoch": 1, "loss": 0.1659384466230445, "lr": 3.6729222520107246e-06, "grad_norm": 1.4375, "peak_allocated": 48806364160}
{"step": 686, "epoch": 1, "loss": 0.17265236267182515, "lr": 3.6782841823056302e-06, "grad_norm": 1.359375, "peak_allocated": 48806364160}
{"step": 687, "epoch": 1, "loss": 0.16276592614169105, "lr": 3.6836461126005364e-06, "grad_norm": 1.546875, "peak_allocated": 48806364160}
{"step": 688, "epoch": 1, "loss": 0.17760939901962527, "lr": 3.689008042895443e-06, "grad_norm": 1.5859375, "peak_allocated": 48806364160}
{"step": 689, "epoch": 1, "loss": 0.16931568129956723, "lr": 3.6943699731903486e-06, "grad_norm": 1.296875, "peak_allocated": 48806364160}
{"step": 690, "epoch": 1, "loss": 0.1417951309399735, "lr": 3.699731903485255e-06, "grad_norm": 1.140625, "peak_allocated": 48806364160}
{"step": 691, "epoch": 1, "loss": 0.15127883338853002, "lr": 3.7050938337801613e-06, "grad_norm": 1.328125, "peak_allocated": 48806364160}
{"step": 692, "epoch": 1, "loss": 0.17867742388967484, "lr": 3.710455764075067e-06, "grad_norm": 1.3203125, "peak_allocated": 48806364160}
{"step": 693, "epoch": 1, "loss": 0.16417446568215605, "lr": 3.7158176943699735e-06, "grad_norm": 1.28125, "peak_allocated": 48806364160}
{"step": 694, "epoch": 1, "loss": 0.15635799544550943, "lr": 3.7211796246648796e-06, "grad_norm": 1.421875, "peak_allocated": 48806364160}
{"step": 695, "epoch": 1, "loss": 0.15508652806669807, "lr": 3.726541554959786e-06, "grad_norm": 1.2265625, "peak_allocated": 48806364160}
{"step": 696, "epoch": 1, "loss": 0.1628514084165321, "lr": 3.731903485254692e-06, "grad_norm": 1.1328125, "peak_allocated": 48806364160}
{"step": 697, "epoch": 1, "loss": 0.19593816940026276, "lr": 3.737265415549598e-06, "grad_norm": 1.4609375, "peak_allocated": 48806364160}
{"step": 698, "epoch": 1, "loss": 0.16638171809172436, "lr": 3.7426273458445045e-06, "grad_norm": 1.328125, "peak_allocated": 48806364160}
{"step": 699, "epoch": 1, "loss": 0.15416184061850283, "lr": 3.7479892761394106e-06, "grad_norm": 1.34375, "peak_allocated": 48806364160}
{"step": 700, "epoch": 1, "loss": 0.175915121542971, "lr": 3.7533512064343163e-06, "grad_norm": 1.34375, "peak_allocated": 48806364160}
{"step": 701, "epoch": 1, "loss": 0.13091747396929007, "lr": 3.758713136729223e-06, "grad_norm": 1.0390625, "peak_allocated": 48806364160}
{"step": 702, "epoch": 1, "loss": 0.1663857990949552, "lr": 3.764075067024129e-06, "grad_norm": 1.328125, "peak_allocated": 48806364160}
{"step": 703, "epoch": 1, "loss": 0.1402940697363905, "lr": 3.7694369973190355e-06, "grad_norm": 1.1484375, "peak_allocated": 48806364160}
{"step": 704, "epoch": 1, "loss": 0.16506623896787637, "lr": 3.774798927613941e-06, "grad_norm": 1.5234375, "peak_allocated": 48806364160}
{"step": 705, "epoch": 1, "loss": 0.12942488156948928, "lr": 3.7801608579088473e-06, "grad_norm": 1.109375, "peak_allocated": 48806364160}
{"step": 706, "epoch": 1, "loss": 0.20560031247737864, "lr": 3.785522788203754e-06, "grad_norm": 1.6875, "peak_allocated": 48806364160}
{"step": 707, "epoch": 1, "loss": 0.16582570546211636, "lr": 3.7908847184986596e-06, "grad_norm": 1.3203125, "peak_allocated": 48806364160}
{"step": 708, "epoch": 1, "loss": 0.14515201444095135, "lr": 3.796246648793566e-06, "grad_norm": 1.2265625, "peak_allocated": 48806364160}
{"step": 709, "epoch": 1, "loss": 0.1645027473720463, "lr": 3.8016085790884722e-06, "grad_norm": 1.265625, "peak_allocated": 48806364160}
{"step": 710, "epoch": 1, "loss": 0.14659968668243095, "lr": 3.806970509383378e-06, "grad_norm": 1.1171875, "peak_allocated": 48806364160}
{"step": 711, "epoch": 1, "loss": 0.15780706478598533, "lr": 3.8123324396782844e-06, "grad_norm": 1.234375, "peak_allocated": 48806364160}
{"step": 712, "epoch": 1, "loss": 0.16645265246217525, "lr": 3.81769436997319e-06, "grad_norm": 1.203125, "peak_allocated": 48806364160}
{"step": 713, "epoch": 1, "loss": 0.14832463043597366, "lr": 3.823056300268097e-06, "grad_norm": 1.4296875, "peak_allocated": 48806364160}
{"step": 714, "epoch": 1, "loss": 0.15935900864406502, "lr": 3.828418230563003e-06, "grad_norm": 1.4140625, "peak_allocated": 48806364160}
{"step": 715, "epoch": 1, "loss": 0.16447078762011058, "lr": 3.833780160857909e-06, "grad_norm": 1.3359375, "peak_allocated": 48806364160}
{"step": 716, "epoch": 1, "loss": 0.13492080889090818, "lr": 3.8391420911528155e-06, "grad_norm": 1.109375, "peak_allocated": 48806364160}
{"step": 717, "epoch": 1, "loss": 0.13227628183028683, "lr": 3.8445040214477216e-06, "grad_norm": 1.1875, "peak_allocated": 48806364160}
{"step": 718, "epoch": 1, "loss": 0.13897047448754546, "lr": 3.849865951742628e-06, "grad_norm": 1.1875, "peak_allocated": 48806364160}
{"step": 719, "epoch": 1, "loss": 0.14672112497029757, "lr": 3.855227882037534e-06, "grad_norm": 1.3359375, "peak_allocated": 48806364160}
{"step": 720, "epoch": 1, "loss": 0.1958049525862338, "lr": 3.86058981233244e-06, "grad_norm": 1.5390625, "peak_allocated": 48806364160}
{"step": 721, "epoch": 1, "loss": 0.17436208050130564, "lr": 3.865951742627346e-06, "grad_norm": 1.1953125, "peak_allocated": 48806364160}
{"step": 722, "epoch": 1, "loss": 0.15503116387963944, "lr": 3.871313672922252e-06, "grad_norm": 1.234375, "peak_allocated": 48806364160}
{"step": 723, "epoch": 1, "loss": 0.14592548442161898, "lr": 3.876675603217159e-06, "grad_norm": 1.2578125, "peak_allocated": 48806364160}
{"step": 724, "epoch": 1, "loss": 0.1579611814268163, "lr": 3.882037533512064e-06, "grad_norm": 1.1875, "peak_allocated": 48806364160}
{"step": 725, "epoch": 1, "loss": 0.15304594495807272, "lr": 3.8873994638069705e-06, "grad_norm": 1.203125, "peak_allocated": 48806364160}
{"step": 726, "epoch": 1, "loss": 0.15438311920467013, "lr": 3.8927613941018775e-06, "grad_norm": 1.28125, "peak_allocated": 48806364160}
{"step": 727, "epoch": 1, "loss": 0.16252460174627856, "lr": 3.898123324396783e-06, "grad_norm": 1.2421875, "peak_allocated": 48806364160}
{"step": 728, "epoch": 1, "loss": 0.1553934510271052, "lr": 3.90348525469169e-06, "grad_norm": 1.109375, "peak_allocated": 48806364160}
{"step": 729, "epoch": 1, "loss": 0.15881567973127828, "lr": 3.908847184986596e-06, "grad_norm": 1.3984375, "peak_allocated": 48806364160}
{"step": 730, "epoch": 1, "loss": 0.14643339136539063, "lr": 3.914209115281501e-06, "grad_norm": 1.2578125, "peak_allocated": 48806364160}
{"step": 731, "epoch": 1, "loss": 0.1595777599645871, "lr": 3.919571045576408e-06, "grad_norm": 1.3046875, "peak_allocated": 48806364160}
{"step": 732, "epoch": 1, "loss": 0.140265988113485, "lr": 3.924932975871314e-06, "grad_norm": 1.203125, "peak_allocated": 48806364160}
{"step": 733, "epoch": 1, "loss": 0.16950356269660682, "lr": 3.93029490616622e-06, "grad_norm": 1.265625, "peak_allocated": 48806364160}
{"step": 734, "epoch": 1, "loss": 0.15011030175402515, "lr": 3.935656836461126e-06, "grad_norm": 1.140625, "peak_allocated": 48806364160}
{"step": 735, "epoch": 1, "loss": 0.15059371825810725, "lr": 3.9410187667560325e-06, "grad_norm": 1.3359375, "peak_allocated": 48806364160}
{"step": 736, "epoch": 1, "loss": 0.20310550044505643, "lr": 3.946380697050939e-06, "grad_norm": 1.53125, "peak_allocated": 48806364160}
{"step": 737, "epoch": 1, "loss": 0.1766019967292925, "lr": 3.951742627345845e-06, "grad_norm": 1.15625, "peak_allocated": 48806364160}
{"step": 738, "epoch": 1, "loss": 0.14878162525704205, "lr": 3.957104557640751e-06, "grad_norm": 1.171875, "peak_allocated": 48806364160}
{"step": 739, "epoch": 1, "loss": 0.1746006851828923, "lr": 3.962466487935657e-06, "grad_norm": 1.265625, "peak_allocated": 48806364160}
{"step": 740, "epoch": 1, "loss": 0.18495296399802427, "lr": 3.967828418230563e-06, "grad_norm": 1.3671875, "peak_allocated": 48806364160}
{"step": 741, "epoch": 1, "loss": 0.15941840938714005, "lr": 3.97319034852547e-06, "grad_norm": 1.2265625, "peak_allocated": 48806364160}
{"step": 742, "epoch": 1, "loss": 0.14439464231098606, "lr": 3.978552278820375e-06, "grad_norm": 1.2890625, "peak_allocated": 48806364160}
{"step": 743, "epoch": 1, "loss": 0.1744071580537887, "lr": 3.9839142091152815e-06, "grad_norm": 1.3828125, "peak_allocated": 48806364160}
{"step": 744, "epoch": 1, "loss": 0.19044218355690468, "lr": 3.9892761394101884e-06, "grad_norm": 1.390625, "peak_allocated": 48806364160}
{"step": 745, "epoch": 1, "loss": 0.1517090652804571, "lr": 3.994638069705094e-06, "grad_norm": 1.109375, "peak_allocated": 48806364160}
{"step": 746, "epoch": 1, "loss": 0.14125928691582484, "lr": 4.000000000000001e-06, "grad_norm": 1.15625, "peak_allocated": 48806364160}
{"step": 747, "epoch": 1, "loss": 0.14936022366462803, "lr": 4.005361930294907e-06, "grad_norm": 1.234375, "peak_allocated": 48806364160}
{"step": 748, "epoch": 1, "loss": 0.1627703994927577, "lr": 4.010723860589812e-06, "grad_norm": 1.375, "peak_allocated": 48806364160}
{"step": 749, "epoch": 1, "loss": 0.16268406538788485, "lr": 4.016085790884719e-06, "grad_norm": 1.2421875, "peak_allocated": 48806364160}
{"step": 750, "epoch": 1, "loss": 0.1512157435641695, "lr": 4.021447721179625e-06, "grad_norm": 1.4296875, "peak_allocated": 48806364160}
{"step": 751, "epoch": 1, "loss": 0.19408299087642691, "lr": 4.026809651474531e-06, "grad_norm": 1.484375, "peak_allocated": 48806364160}
{"step": 752, "epoch": 1, "loss": 0.14738863784407777, "lr": 4.032171581769437e-06, "grad_norm": 1.2109375, "peak_allocated": 48806364160}
{"step": 753, "epoch": 1, "loss": 0.13719299734183438, "lr": 4.0375335120643435e-06, "grad_norm": 1.21875, "peak_allocated": 48806364160}
{"step": 754, "epoch": 1, "loss": 0.16264950281971868, "lr": 4.04289544235925e-06, "grad_norm": 1.2890625, "peak_allocated": 48806364160}
{"step": 755, "epoch": 1, "loss": 0.14219982556884023, "lr": 4.048257372654156e-06, "grad_norm": 1.1328125, "peak_allocated": 48806364160}
{"step": 756, "epoch": 1, "loss": 0.17765525209851138, "lr": 4.053619302949062e-06, "grad_norm": 1.4765625, "peak_allocated": 48806364160}
{"step": 757, "epoch": 1, "loss": 0.17018070629040558, "lr": 4.058981233243968e-06, "grad_norm": 1.34375, "peak_allocated": 48806364160}
{"step": 758, "epoch": 1, "loss": 0.19291990682683052, "lr": 4.064343163538874e-06, "grad_norm": 1.671875, "peak_allocated": 48806364160}
{"step": 759, "epoch": 1, "loss": 0.14162551707298052, "lr": 4.069705093833781e-06, "grad_norm": 1.078125, "peak_allocated": 48806364160}
{"step": 760, "epoch": 1, "loss": 0.15348612955603444, "lr": 4.075067024128686e-06, "grad_norm": 1.28125, "peak_allocated": 48806364160}
{"step": 761, "epoch": 1, "loss": 0.14127842498266394, "lr": 4.080428954423593e-06, "grad_norm": 1.2109375, "peak_allocated": 48806364160}
{"step": 762, "epoch": 1, "loss": 0.12025515365806932, "lr": 4.085790884718499e-06, "grad_norm": 1.015625, "peak_allocated": 48806364160}
{"step": 763, "epoch": 1, "loss": 0.17146941778859034, "lr": 4.091152815013405e-06, "grad_norm": 1.2578125, "peak_allocated": 48806364160}
{"step": 764, "epoch": 1, "loss": 0.14239606846054256, "lr": 4.096514745308312e-06, "grad_norm": 1.3125, "peak_allocated": 48806364160}
{"step": 765, "epoch": 1, "loss": 0.13245205190504736, "lr": 4.101876675603218e-06, "grad_norm": 1.0625, "peak_allocated": 48806364160}
{"step": 766, "epoch": 1, "loss": 0.14082128890512283, "lr": 4.107238605898123e-06, "grad_norm": 1.2109375, "peak_allocated": 48806364160}
{"step": 767, "epoch": 1, "loss": 0.1947051462818198, "lr": 4.11260053619303e-06, "grad_norm": 1.5546875, "peak_allocated": 48806364160}
{"step": 768, "epoch": 1, "loss": 0.1593047777179609, "lr": 4.117962466487936e-06, "grad_norm": 1.3984375, "peak_allocated": 48806364160}
{"step": 769, "epoch": 1, "loss": 0.16640714022733474, "lr": 4.123324396782842e-06, "grad_norm": 1.4296875, "peak_allocated": 48806364160}
{"step": 770, "epoch": 1, "loss": 0.1722302098719053, "lr": 4.128686327077748e-06, "grad_norm": 1.4296875, "peak_allocated": 48806364160}
{"step": 771, "epoch": 1, "loss": 0.16047418301193056, "lr": 4.1340482573726544e-06, "grad_norm": 1.5078125, "peak_allocated": 48806364160}
{"step": 772, "epoch": 1, "loss": 0.12922607250993554, "lr": 4.1394101876675606e-06, "grad_norm": 1.234375, "peak_allocated": 48806364160}
{"step": 773, "epoch": 1, "loss": 0.1815624709878422, "lr": 4.144772117962467e-06, "grad_norm": 1.328125, "peak_allocated": 48806364160}
{"step": 774, "epoch": 1, "loss": 0.1651099149285376, "lr": 4.150134048257373e-06, "grad_norm": 1.34375, "peak_allocated": 48806364160}
{"step": 775, "epoch": 1, "loss": 0.15013402261391434, "lr": 4.155495978552279e-06, "grad_norm": 1.1796875, "peak_allocated": 48806364160}
{"step": 776, "epoch": 1, "loss": 0.15156303208032373, "lr": 4.160857908847185e-06, "grad_norm": 1.2109375, "peak_allocated": 48806364160}
{"step": 777, "epoch": 1, "loss": 0.14342454297755153, "lr": 4.166219839142092e-06, "grad_norm": 1.3203125, "peak_allocated": 48806364160}
{"step": 778, "epoch": 1, "loss": 0.19945764233825564, "lr": 4.171581769436997e-06, "grad_norm": 1.40625, "peak_allocated": 48806364160}
{"step": 779, "epoch": 1, "loss": 0.18791598811388968, "lr": 4.176943699731904e-06, "grad_norm": 1.3671875, "peak_allocated": 48806364160}
{"step": 780, "epoch": 1, "loss": 0.15166225205103692, "lr": 4.18230563002681e-06, "grad_norm": 1.171875, "peak_allocated": 48806364160}
{"step": 781, "epoch": 1, "loss": 0.12524933810628047, "lr": 4.187667560321716e-06, "grad_norm": 1.1796875, "peak_allocated": 48806364160}
{"step": 782, "epoch": 1, "loss": 0.14518992549807103, "lr": 4.193029490616623e-06, "grad_norm": 1.25, "peak_allocated": 48806364160}
{"step": 783, "epoch": 1, "loss": 0.17779244775677747, "lr": 4.198391420911529e-06, "grad_norm": 1.390625, "peak_allocated": 48806364160}
{"step": 784, "epoch": 1, "loss": 0.16472873760961443, "lr": 4.203753351206435e-06, "grad_norm": 1.2265625, "peak_allocated": 48806364160}
{"step": 785, "epoch": 1, "loss": 0.1937151151344963, "lr": 4.209115281501341e-06, "grad_norm": 1.4453125, "peak_allocated": 48806364160}
{"step": 786, "epoch": 1, "loss": 0.1749962824999587, "lr": 4.214477211796247e-06, "grad_norm": 1.4453125, "peak_allocated": 48806364160}
{"step": 787, "epoch": 1, "loss": 0.15047396712581387, "lr": 4.219839142091153e-06, "grad_norm": 1.25, "peak_allocated": 48806364160}
{"step": 788, "epoch": 1, "loss": 0.13565194871700312, "lr": 4.225201072386059e-06, "grad_norm": 1.2734375, "peak_allocated": 48806364160}
{"step": 789, "epoch": 1, "loss": 0.15346937851159392, "lr": 4.230563002680965e-06, "grad_norm": 1.2109375, "peak_allocated": 48806364160}
{"step": 790, "epoch": 1, "loss": 0.17217803274740479, "lr": 4.2359249329758715e-06, "grad_norm": 1.359375, "peak_allocated": 48806364160}
{"step": 791, "epoch": 1, "loss": 0.153729023330404, "lr": 4.241286863270778e-06, "grad_norm": 1.34375, "peak_allocated": 48806364160}
{"step": 792, "epoch": 1, "loss": 0.15403554777020778, "lr": 4.246648793565684e-06, "grad_norm": 1.21875, "peak_allocated": 48806364160}
{"step": 793, "epoch": 1, "loss": 0.15933829300127042, "lr": 4.25201072386059e-06, "grad_norm": 1.28125, "peak_allocated": 48806364160}
{"step": 794, "epoch": 1, "loss": 0.1765333145064583, "lr": 4.257372654155496e-06, "grad_norm": 1.2421875, "peak_allocated": 48806364160}
{"step": 795, "epoch": 1, "loss": 0.13043058129416643, "lr": 4.262734584450403e-06, "grad_norm": 1.1171875, "peak_allocated": 48806364160}
{"step": 796, "epoch": 1, "loss": 0.17705912592622344, "lr": 4.268096514745308e-06, "grad_norm": 1.375, "peak_allocated": 48806364160}
{"step": 797, "epoch": 1, "loss": 0.16493685430314825, "lr": 4.273458445040215e-06, "grad_norm": 1.4296875, "peak_allocated": 48806364160}
{"step": 798, "epoch": 1, "loss": 0.1614907737985923, "lr": 4.278820375335121e-06, "grad_norm": 1.34375, "peak_allocated": 48806364160}
{"step": 799, "epoch": 1, "loss": 0.19215985232980295, "lr": 4.2841823056300266e-06, "grad_norm": 1.6953125, "peak_allocated": 48806364160}
{"step": 800, "epoch": 1, "loss": 0.15969909720677486, "lr": 4.2895442359249335e-06, "grad_norm": 1.3203125, "peak_allocated": 48806364160}
{"step": 801, "epoch": 1, "loss": 0.17457861678480213, "lr": 4.29490616621984e-06, "grad_norm": 1.3203125, "peak_allocated": 48806364160}
{"step": 802, "epoch": 1, "loss": 0.15012396814790624, "lr": 4.300268096514746e-06, "grad_norm": 1.0625, "peak_allocated": 48806364160}
{"step": 803, "epoch": 1, "loss": 0.17581115431051794, "lr": 4.305630026809652e-06, "grad_norm": 1.46875, "peak_allocated": 48806364160}
{"step": 804, "epoch": 1, "loss": 0.14395926520109215, "lr": 4.310991957104558e-06, "grad_norm": 1.109375, "peak_allocated": 48806364160}
{"step": 805, "epoch": 1, "loss": 0.11179521760641146, "lr": 4.316353887399464e-06, "grad_norm": 0.8515625, "peak_allocated": 48806364160}
{"step": 806, "epoch": 1, "loss": 0.1570301770093766, "lr": 4.32171581769437e-06, "grad_norm": 1.25, "peak_allocated": 48806364160}
{"step": 807, "epoch": 1, "loss": 0.1612684242689386, "lr": 4.327077747989276e-06, "grad_norm": 1.2734375, "peak_allocated": 48806364160}
{"step": 808, "epoch": 1, "loss": 0.13925000092246823, "lr": 4.3324396782841825e-06, "grad_norm": 1.2578125, "peak_allocated": 48806364160}
{"step": 809, "epoch": 1, "loss": 0.11990776621055657, "lr": 4.337801608579089e-06, "grad_norm": 1.09375, "peak_allocated": 48806364160}
{"step": 810, "epoch": 1, "loss": 0.1530578705604189, "lr": 4.343163538873995e-06, "grad_norm": 1.2578125, "peak_allocated": 48806364160}
{"step": 811, "epoch": 1, "loss": 0.16251382655232055, "lr": 4.348525469168901e-06, "grad_norm": 1.140625, "peak_allocated": 48806364160}
{"step": 812, "epoch": 1, "loss": 0.15291052719291062, "lr": 4.353887399463808e-06, "grad_norm": 1.203125, "peak_allocated": 48806364160}
{"step": 813, "epoch": 1, "loss": 0.17674631463994567, "lr": 4.359249329758714e-06, "grad_norm": 1.4140625, "peak_allocated": 48806364160}
{"step": 814, "epoch": 1, "loss": 0.18249246610886125, "lr": 4.364611260053619e-06, "grad_norm": 1.4609375, "peak_allocated": 48806364160}
{"step": 815, "epoch": 1, "loss": 0.14298977830967416, "lr": 4.369973190348526e-06, "grad_norm": 1.28125, "peak_allocated": 48806364160}
{"step": 816, "epoch": 1, "loss": 0.15633699382949906, "lr": 4.375335120643432e-06, "grad_norm": 1.2109375, "peak_allocated": 48806364160}
{"step": 817, "epoch": 1, "loss": 0.12249701632263885, "lr": 4.380697050938338e-06, "grad_norm": 1.078125, "peak_allocated": 48806364160}
{"step": 818, "epoch": 1, "loss": 0.19426683334775002, "lr": 4.3860589812332445e-06, "grad_norm": 1.3359375, "peak_allocated": 48806364160}
{"step": 819, "epoch": 1, "loss": 0.17098673938121584, "lr": 4.391420911528151e-06, "grad_norm": 1.359375, "peak_allocated": 48806364160}
{"step": 820, "epoch": 1, "loss": 0.17372805114717801, "lr": 4.396782841823057e-06, "grad_norm": 1.3125, "peak_allocated": 48806364160}
{"step": 821, "epoch": 1, "loss": 0.16074819512657074, "lr": 4.402144772117963e-06, "grad_norm": 1.171875, "peak_allocated": 48806364160}
{"step": 822, "epoch": 1, "loss": 0.1486065667077899, "lr": 4.407506702412869e-06, "grad_norm": 1.21875, "peak_allocated": 48806364160}
{"step": 823, "epoch": 1, "loss": 0.13834996195008184, "lr": 4.412868632707775e-06, "grad_norm": 1.0703125, "peak_allocated": 48806364160}
{"step": 824, "epoch": 1, "loss": 0.1807737873970938, "lr": 4.418230563002681e-06, "grad_norm": 1.3515625, "peak_allocated": 48806364160}
{"step": 825, "epoch": 1, "loss": 0.15716804051293887, "lr": 4.423592493297587e-06, "grad_norm": 1.4453125, "peak_allocated": 48806364160}
{"step": 826, "epoch": 1, "loss": 0.1567202812919547, "lr": 4.4289544235924934e-06, "grad_norm": 1.3046875, "peak_allocated": 48806364160}
{"step": 827, "epoch": 1, "loss": 0.18031516614629828, "lr": 4.4343163538873995e-06, "grad_norm": 1.328125, "peak_allocated": 48806364160}
{"step": 828, "epoch": 1, "loss": 0.130837860802024, "lr": 4.439678284182306e-06, "grad_norm": 1.1875, "peak_allocated": 48806364160}
{"step": 829, "epoch": 1, "loss": 0.167751088807269, "lr": 4.445040214477212e-06, "grad_norm": 1.515625, "peak_allocated": 48806364160}
{"step": 830, "epoch": 1, "loss": 0.15380667568416997, "lr": 4.450402144772119e-06, "grad_norm": 1.2578125, "peak_allocated": 48806364160}
{"step": 831, "epoch": 1, "loss": 0.149384406253319, "lr": 4.455764075067025e-06, "grad_norm": 1.328125, "peak_allocated": 48806364160}
{"step": 832, "epoch": 1, "loss": 0.1534991095577082, "lr": 4.46112600536193e-06, "grad_norm": 1.2421875, "peak_allocated": 48806364160}
{"step": 833, "epoch": 1, "loss": 0.15008714486179203, "lr": 4.466487935656837e-06, "grad_norm": 1.171875, "peak_allocated": 48806364160}
{"step": 834, "epoch": 1, "loss": 0.17168194268449954, "lr": 4.471849865951743e-06, "grad_norm": 1.28125, "peak_allocated": 48806364160}
{"step": 835, "epoch": 1, "loss": 0.15086716921318827, "lr": 4.477211796246649e-06, "grad_norm": 1.125, "peak_allocated": 48806364160}
{"step": 836, "epoch": 1, "loss": 0.15919967554152264, "lr": 4.4825737265415554e-06, "grad_norm": 1.1796875, "peak_allocated": 48806364160}
{"step": 837, "epoch": 1, "loss": 0.15412678702791702, "lr": 4.4879356568364616e-06, "grad_norm": 1.1875, "peak_allocated": 48806364160}
{"step": 838, "epoch": 1, "loss": 0.16179260439768162, "lr": 4.493297587131368e-06, "grad_norm": 1.1328125, "peak_allocated": 48806364160}
{"step": 839, "epoch": 1, "loss": 0.14468233131456995, "lr": 4.498659517426274e-06, "grad_norm": 1.234375, "peak_allocated": 48806364160}
{"step": 840, "epoch": 1, "loss": 0.1802544207243485, "lr": 4.50402144772118e-06, "grad_norm": 1.4609375, "peak_allocated": 48806364160}
{"step": 841, "epoch": 1, "loss": 0.1557098534196279, "lr": 4.509383378016086e-06, "grad_norm": 1.203125, "peak_allocated": 48806364160}
{"step": 842, "epoch": 1, "loss": 0.15501157537735433, "lr": 4.514745308310992e-06, "grad_norm": 1.2734375, "peak_allocated": 48806364160}
{"step": 843, "epoch": 1, "loss": 0.1744971640939225, "lr": 4.520107238605898e-06, "grad_norm": 1.3515625, "peak_allocated": 48806364160}
{"step": 844, "epoch": 1, "loss": 0.14427475369497883, "lr": 4.525469168900804e-06, "grad_norm": 1.2265625, "peak_allocated": 48806364160}
{"step": 845, "epoch": 1, "loss": 0.16154793791410504, "lr": 4.530831099195711e-06, "grad_norm": 1.328125, "peak_allocated": 48806364160}
{"step": 846, "epoch": 1, "loss": 0.17759920854255756, "lr": 4.536193029490617e-06, "grad_norm": 1.53125, "peak_allocated": 48806364160}
{"step": 847, "epoch": 1, "loss": 0.12758384208978665, "lr": 4.541554959785523e-06, "grad_norm": 0.97265625, "peak_allocated": 48806364160}
{"step": 848, "epoch": 1, "loss": 0.16561467554021544, "lr": 4.54691689008043e-06, "grad_norm": 1.265625, "peak_allocated": 48806364160}
{"step": 849, "epoch": 1, "loss": 0.16500260937770517, "lr": 4.552278820375336e-06, "grad_norm": 1.4296875, "peak_allocated": 48806364160}
{"step": 850, "epoch": 1, "loss": 0.17136883010803142, "lr": 4.557640750670242e-06, "grad_norm": 1.40625, "peak_allocated": 48806364160}
{"step": 851, "epoch": 1, "loss": 0.14078958802420197, "lr": 4.563002680965148e-06, "grad_norm": 1.171875, "peak_allocated": 48806364160}
{"step": 852, "epoch": 1, "loss": 0.19309180416740915, "lr": 4.568364611260054e-06, "grad_norm": 1.46875, "peak_allocated": 48806364160}
{"step": 853, "epoch": 1, "loss": 0.14572114946529946, "lr": 4.57372654155496e-06, "grad_norm": 1.2421875, "peak_allocated": 48806364160}
{"step": 854, "epoch": 1, "loss": 0.13173304700080654, "lr": 4.579088471849866e-06, "grad_norm": 1.078125, "peak_allocated": 48806364160}
{"step": 855, "epoch": 1, "loss": 0.1373263634379237, "lr": 4.5844504021447725e-06, "grad_norm": 1.078125, "peak_allocated": 48806364160}
{"step": 856, "epoch": 1, "loss": 0.1723465797906555, "lr": 4.589812332439679e-06, "grad_norm": 1.3125, "peak_allocated": 48806364160}
{"step": 857, "epoch": 1, "loss": 0.15620900105925772, "lr": 4.595174262734585e-06, "grad_norm": 1.234375, "peak_allocated": 48806364160}
{"step": 858, "epoch": 1, "loss": 0.1561028865597597, "lr": 4.600536193029491e-06, "grad_norm": 1.359375, "peak_allocated": 48806364160}
{"step": 859, "epoch": 1, "loss": 0.16333027342502363, "lr": 4.605898123324397e-06, "grad_norm": 1.2890625, "peak_allocated": 48806364160}
{"step": 860, "epoch": 1, "loss": 0.17166533050369398, "lr": 4.611260053619303e-06, "grad_norm": 1.390625, "peak_allocated": 48806364160}
{"step": 861, "epoch": 1, "loss": 0.1755041430717291, "lr": 4.616621983914209e-06, "grad_norm": 1.4140625, "peak_allocated": 48806364160}
{"step": 862, "epoch": 1, "loss": 0.16636238212149257, "lr": 4.621983914209115e-06, "grad_norm": 1.2734375, "peak_allocated": 48806364160}
{"step": 863, "epoch": 1, "loss": 0.1842863600878628, "lr": 4.627345844504022e-06, "grad_norm": 1.515625, "peak_allocated": 48806364160}
{"step": 864, "epoch": 1, "loss": 0.16036303996715856, "lr": 4.6327077747989276e-06, "grad_norm": 1.328125, "peak_allocated": 48806364160}
{"step": 865, "epoch": 1, "loss": 0.1500434032014652, "lr": 4.638069705093834e-06, "grad_norm": 1.234375, "peak_allocated": 48806364160}
{"step": 866, "epoch": 1, "loss": 0.17263475750591714, "lr": 4.643431635388741e-06, "grad_norm": 1.203125, "peak_allocated": 48806364160}
{"step": 867, "epoch": 1, "loss": 0.15871777823058714, "lr": 4.648793565683647e-06, "grad_norm": 1.28125, "peak_allocated": 48806364160}
{"step": 868, "epoch": 1, "loss": 0.1468033533093693, "lr": 4.654155495978553e-06, "grad_norm": 1.7109375, "peak_allocated": 48806364160}
{"step": 869, "epoch": 1, "loss": 0.17305179103665957, "lr": 4.659517426273459e-06, "grad_norm": 1.328125, "peak_allocated": 48806364160}
{"step": 870, "epoch": 1, "loss": 0.12613374538116232, "lr": 4.664879356568365e-06, "grad_norm": 1.171875, "peak_allocated": 48806364160}
{"step": 871, "epoch": 1, "loss": 0.16007078416059337, "lr": 4.670241286863271e-06, "grad_norm": 1.234375, "peak_allocated": 48806364160}
{"step": 872, "epoch": 1, "loss": 0.13449052385492435, "lr": 4.675603217158177e-06, "grad_norm": 1.0625, "peak_allocated": 48806364160}
{"step": 873, "epoch": 1, "loss": 0.14011456668778155, "lr": 4.6809651474530835e-06, "grad_norm": 1.2265625, "peak_allocated": 48806364160}
{"step": 874, "epoch": 1, "loss": 0.14282311017683658, "lr": 4.68632707774799e-06, "grad_norm": 1.140625, "peak_allocated": 48806364160}
{"step": 875, "epoch": 1, "loss": 0.17747013440055973, "lr": 4.691689008042896e-06, "grad_norm": 1.53125, "peak_allocated": 48806364160}
{"step": 876, "epoch": 1, "loss": 0.16535771580051675, "lr": 4.697050938337802e-06, "grad_norm": 1.2734375, "peak_allocated": 48806364160}
{"step": 877, "epoch": 1, "loss": 0.13743021765461808, "lr": 4.702412868632708e-06, "grad_norm": 1.234375, "peak_allocated": 48806364160}
{"step": 878, "epoch": 1, "loss": 0.18131600880301282, "lr": 4.707774798927615e-06, "grad_norm": 1.6640625, "peak_allocated": 48806364160}
{"step": 879, "epoch": 1, "loss": 0.14131204170571582, "lr": 4.71313672922252e-06, "grad_norm": 1.078125, "peak_allocated": 48806364160}
{"step": 880, "epoch": 1, "loss": 0.1383718234822304, "lr": 4.718498659517426e-06, "grad_norm": 1.4609375, "peak_allocated": 48806364160}
{"step": 881, "epoch": 1, "loss": 0.16721031168427763, "lr": 4.723860589812333e-06, "grad_norm": 1.40625, "peak_allocated": 48806364160}
{"step": 882, "epoch": 1, "loss": 0.16809822293976637, "lr": 4.7292225201072385e-06, "grad_norm": 1.3203125, "peak_allocated": 48806364160}
{"step": 883, "epoch": 1, "loss": 0.14853012555288853, "lr": 4.7345844504021455e-06, "grad_norm": 1.375, "peak_allocated": 48806364160}
{"step": 884, "epoch": 1, "loss": 0.1611598967259039, "lr": 4.739946380697052e-06, "grad_norm": 1.265625, "peak_allocated": 48806364160}
{"step": 885, "epoch": 1, "loss": 0.13071024782100663, "lr": 4.745308310991958e-06, "grad_norm": 1.09375, "peak_allocated": 48806364160}
{"step": 886, "epoch": 1, "loss": 0.12901387007541515, "lr": 4.750670241286864e-06, "grad_norm": 1.1171875, "peak_allocated": 48806364160}
{"step": 887, "epoch": 1, "loss": 0.12840111537054547, "lr": 4.75603217158177e-06, "grad_norm": 1.3828125, "peak_allocated": 48806364160}
{"step": 888, "epoch": 1, "loss": 0.13586136140150776, "lr": 4.761394101876676e-06, "grad_norm": 1.1640625, "peak_allocated": 48806364160}
{"step": 889, "epoch": 1, "loss": 0.15515204267511512, "lr": 4.766756032171582e-06, "grad_norm": 1.265625, "peak_allocated": 48806364160}
{"step": 890, "epoch": 1, "loss": 0.1645906721156159, "lr": 4.772117962466488e-06, "grad_norm": 1.5078125, "peak_allocated": 48806364160}
{"step": 891, "epoch": 1, "loss": 0.21236979367328096, "lr": 4.7774798927613944e-06, "grad_norm": 1.40625, "peak_allocated": 48806364160}
{"step": 892, "epoch": 1, "loss": 0.14643932173065566, "lr": 4.7828418230563005e-06, "grad_norm": 1.1484375, "peak_allocated": 48806364160}
{"step": 893, "epoch": 1, "loss": 0.16267672397662672, "lr": 4.788203753351207e-06, "grad_norm": 1.296875, "peak_allocated": 48806364160}
{"step": 894, "epoch": 1, "loss": 0.15923279029169307, "lr": 4.793565683646113e-06, "grad_norm": 1.3984375, "peak_allocated": 48806364160}
{"step": 895, "epoch": 1, "loss": 0.15502134054264516, "lr": 4.798927613941019e-06, "grad_norm": 1.3125, "peak_allocated": 48806364160}
{"step": 896, "epoch": 1, "loss": 0.1432014037611001, "lr": 4.804289544235926e-06, "grad_norm": 0.96484375, "peak_allocated": 48806364160}
{"step": 897, "epoch": 1, "loss": 0.15890897370599946, "lr": 4.809651474530831e-06, "grad_norm": 1.2890625, "peak_allocated": 48806364160}
{"step": 898, "epoch": 1, "loss": 0.14687020207469892, "lr": 4.815013404825737e-06, "grad_norm": 1.375, "peak_allocated": 48806364160}
{"step": 899, "epoch": 1, "loss": 0.14491112235022474, "lr": 4.820375335120644e-06, "grad_norm": 1.3359375, "peak_allocated": 48806364160}
{"step": 900, "epoch": 1, "loss": 0.13002437528935823, "lr": 4.8257372654155495e-06, "grad_norm": 1.109375, "peak_allocated": 48806364160}
{"step": 901, "epoch": 1, "loss": 0.16144854320193314, "lr": 4.8310991957104564e-06, "grad_norm": 1.2421875, "peak_allocated": 48806364160}
{"step": 902, "epoch": 1, "loss": 0.1503778080280898, "lr": 4.8364611260053626e-06, "grad_norm": 1.25, "peak_allocated": 48806364160}
{"step": 903, "epoch": 1, "loss": 0.1287254978062048, "lr": 4.841823056300269e-06, "grad_norm": 1.1796875, "peak_allocated": 48806364160}
{"step": 904, "epoch": 1, "loss": 0.16367281792471264, "lr": 4.847184986595175e-06, "grad_norm": 1.390625, "peak_allocated": 48806364160}
{"step": 905, "epoch": 1, "loss": 0.10824230012697914, "lr": 4.852546916890081e-06, "grad_norm": 1.0859375, "peak_allocated": 48806364160}
{"step": 906, "epoch": 1, "loss": 0.1575542015273459, "lr": 4.857908847184987e-06, "grad_norm": 1.2109375, "peak_allocated": 48806364160}
{"step": 907, "epoch": 1, "loss": 0.16936070916159357, "lr": 4.863270777479893e-06, "grad_norm": 1.3671875, "peak_allocated": 48806364160}
{"step": 908, "epoch": 1, "loss": 0.14827625118735907, "lr": 4.868632707774799e-06, "grad_norm": 1.46875, "peak_allocated": 48806364160}
{"step": 909, "epoch": 1, "loss": 0.15371917482031147, "lr": 4.873994638069705e-06, "grad_norm": 1.296875, "peak_allocated": 48806364160}
{"step": 910, "epoch": 1, "loss": 0.10106469242207265, "lr": 4.8793565683646115e-06, "grad_norm": 1.15625, "peak_allocated": 48806364160}
{"step": 911, "epoch": 1, "loss": 0.14606348368426897, "lr": 4.8847184986595185e-06, "grad_norm": 1.1640625, "peak_allocated": 48806364160}
{"step": 912, "epoch": 1, "loss": 0.13013672047231384, "lr": 4.890080428954424e-06, "grad_norm": 1.1328125, "peak_allocated": 48806364160}
{"step": 913, "epoch": 1, "loss": 0.14543354630273095, "lr": 4.89544235924933e-06, "grad_norm": 1.28125, "peak_allocated": 48806364160}
{"step": 914, "epoch": 1, "loss": 0.14710524633921276, "lr": 4.900804289544237e-06, "grad_norm": 1.1875, "peak_allocated": 48806364160}
{"step": 915, "epoch": 1, "loss": 0.13639302099379166, "lr": 4.906166219839142e-06, "grad_norm": 1.234375, "peak_allocated": 48806364160}
{"step": 916, "epoch": 1, "loss": 0.13332167031864325, "lr": 4.911528150134049e-06, "grad_norm": 1.2109375, "peak_allocated": 48806364160}
{"step": 917, "epoch": 1, "loss": 0.1377130598470784, "lr": 4.916890080428955e-06, "grad_norm": 1.125, "peak_allocated": 48806364160}
{"step": 918, "epoch": 1, "loss": 0.1786046467882782, "lr": 4.9222520107238604e-06, "grad_norm": 1.5078125, "peak_allocated": 48806364160}
{"step": 919, "epoch": 1, "loss": 0.1707949058671942, "lr": 4.927613941018767e-06, "grad_norm": 1.5078125, "peak_allocated": 48806364160}
{"step": 920, "epoch": 1, "loss": 0.1849743844534714, "lr": 4.9329758713136735e-06, "grad_norm": 1.4765625, "peak_allocated": 48806364160}
{"step": 921, "epoch": 1, "loss": 0.1563809213171, "lr": 4.93833780160858e-06, "grad_norm": 1.328125, "peak_allocated": 48806364160}
{"step": 922, "epoch": 1, "loss": 0.13948435054482083, "lr": 4.943699731903486e-06, "grad_norm": 1.078125, "peak_allocated": 48806364160}
{"step": 923, "epoch": 1, "loss": 0.1454134728873988, "lr": 4.949061662198392e-06, "grad_norm": 1.03125, "peak_allocated": 48806364160}
{"step": 924, "epoch": 1, "loss": 0.15315574215675276, "lr": 4.954423592493298e-06, "grad_norm": 1.265625, "peak_allocated": 48806364160}
{"step": 925, "epoch": 1, "loss": 0.17277075306706208, "lr": 4.959785522788204e-06, "grad_norm": 1.46875, "peak_allocated": 48806364160}
{"step": 926, "epoch": 1, "loss": 0.194170053530345, "lr": 4.96514745308311e-06, "grad_norm": 1.484375, "peak_allocated": 48806364160}
{"step": 927, "epoch": 1, "loss": 0.15918254700749, "lr": 4.970509383378016e-06, "grad_norm": 1.3203125, "peak_allocated": 48806364160}
{"step": 928, "epoch": 1, "loss": 0.14422113282263166, "lr": 4.9758713136729225e-06, "grad_norm": 1.2578125, "peak_allocated": 48806364160}
{"step": 929, "epoch": 1, "loss": 0.16067504900375904, "lr": 4.981233243967829e-06, "grad_norm": 1.375, "peak_allocated": 48806364160}
{"step": 930, "epoch": 1, "loss": 0.1424985054337484, "lr": 4.986595174262735e-06, "grad_norm": 1.3046875, "peak_allocated": 48806364160}
{"step": 931, "epoch": 1, "loss": 0.16783583327703072, "lr": 4.991957104557641e-06, "grad_norm": 1.3671875, "peak_allocated": 48806364160}
{"step": 932, "epoch": 1, "loss": 0.1283352724003623, "lr": 4.997319034852548e-06, "grad_norm": 1.1640625, "peak_allocated": 48806364160}
{"step": 933, "epoch": 1, "loss": 0.1416987036348197, "lr": 5.002680965147454e-06, "grad_norm": 1.3515625, "peak_allocated": 48806364160}
{"step": 934, "epoch": 1, "loss": 0.18860487942614373, "lr": 5.00804289544236e-06, "grad_norm": 1.34375, "peak_allocated": 48806364160}
{"step": 935, "epoch": 1, "loss": 0.1509864323269164, "lr": 5.013404825737266e-06, "grad_norm": 1.3203125, "peak_allocated": 48806364160}
{"step": 936, "epoch": 1, "loss": 0.1639870475170163, "lr": 5.018766756032171e-06, "grad_norm": 1.46875, "peak_allocated": 48806364160}
{"step": 937, "epoch": 1, "loss": 0.16949295299610606, "lr": 5.0241286863270775e-06, "grad_norm": 1.390625, "peak_allocated": 48806364160}
{"step": 938, "epoch": 1, "loss": 0.1593061729721391, "lr": 5.0294906166219845e-06, "grad_norm": 1.2578125, "peak_allocated": 48806364160}
{"step": 939, "epoch": 1, "loss": 0.12473670270624881, "lr": 5.034852546916891e-06, "grad_norm": 1.0546875, "peak_allocated": 48806364160}
{"step": 940, "epoch": 1, "loss": 0.1389764239081265, "lr": 5.040214477211797e-06, "grad_norm": 1.3203125, "peak_allocated": 48806364160}
{"step": 941, "epoch": 1, "loss": 0.1535274671217858, "lr": 5.045576407506703e-06, "grad_norm": 1.328125, "peak_allocated": 48806364160}
{"step": 942, "epoch": 1, "loss": 0.11739365680631447, "lr": 5.050938337801609e-06, "grad_norm": 1.046875, "peak_allocated": 48806364160}
{"step": 943, "epoch": 1, "loss": 0.15727018422214734, "lr": 5.056300268096516e-06, "grad_norm": 1.2578125, "peak_allocated": 48806364160}
{"step": 944, "epoch": 1, "loss": 0.16172501811286974, "lr": 5.061662198391421e-06, "grad_norm": 1.421875, "peak_allocated": 48806364160}
{"step": 945, "epoch": 1, "loss": 0.13120400222321718, "lr": 5.067024128686327e-06, "grad_norm": 1.21875, "peak_allocated": 48806364160}
{"step": 946, "epoch": 1, "loss": 0.15588922664427796, "lr": 5.072386058981233e-06, "grad_norm": 1.359375, "peak_allocated": 48806364160}
{"step": 947, "epoch": 1, "loss": 0.14240962450429082, "lr": 5.0777479892761395e-06, "grad_norm": 1.203125, "peak_allocated": 48806364160}
{"step": 948, "epoch": 1, "loss": 0.17723606686810625, "lr": 5.0831099195710465e-06, "grad_norm": 1.3046875, "peak_allocated": 48806364160}
{"step": 949, "epoch": 1, "loss": 0.14252951356014731, "lr": 5.088471849865953e-06, "grad_norm": 1.1328125, "peak_allocated": 48806364160}
{"step": 950, "epoch": 1, "loss": 0.1735119636611332, "lr": 5.093833780160859e-06, "grad_norm": 1.25, "peak_allocated": 48806364160}
{"step": 951, "epoch": 1, "loss": 0.15953856151669055, "lr": 5.099195710455764e-06, "grad_norm": 1.21875, "peak_allocated": 48806364160}
{"step": 952, "epoch": 1, "loss": 0.12216461240132422, "lr": 5.10455764075067e-06, "grad_norm": 1.203125, "peak_allocated": 48806364160}
{"step": 953, "epoch": 1, "loss": 0.12464089470516808, "lr": 5.109919571045577e-06, "grad_norm": 1.046875, "peak_allocated": 48806364160}
{"step": 954, "epoch": 1, "loss": 0.13294245386088538, "lr": 5.115281501340483e-06, "grad_norm": 1.09375, "peak_allocated": 48806364160}
{"step": 955, "epoch": 1, "loss": 0.1552833042664345, "lr": 5.120643431635389e-06, "grad_norm": 1.359375, "peak_allocated": 48806364160}
{"step": 956, "epoch": 1, "loss": 0.1882799751617985, "lr": 5.1260053619302954e-06, "grad_norm": 1.5390625, "peak_allocated": 48806364160}
{"step": 957, "epoch": 1, "loss": 0.20240085787354753, "lr": 5.1313672922252015e-06, "grad_norm": 1.5, "peak_allocated": 48806364160}
{"step": 958, "epoch": 1, "loss": 0.15865717630014953, "lr": 5.1367292225201085e-06, "grad_norm": 1.3125, "peak_allocated": 48806364160}
{"step": 959, "epoch": 1, "loss": 0.12654042192773263, "lr": 5.142091152815014e-06, "grad_norm": 1.390625, "peak_allocated": 48806364160}
{"step": 960, "epoch": 1, "loss": 0.13883806723184136, "lr": 5.14745308310992e-06, "grad_norm": 1.1953125, "peak_allocated": 48806364160}
{"step": 961, "epoch": 1, "loss": 0.15865468664397092, "lr": 5.152815013404826e-06, "grad_norm": 1.2421875, "peak_allocated": 48806364160}
{"step": 962, "epoch": 1, "loss": 0.16755135370933802, "lr": 5.158176943699732e-06, "grad_norm": 1.3828125, "peak_allocated": 48806364160}
{"step": 963, "epoch": 1, "loss": 0.2040009265861083, "lr": 5.163538873994639e-06, "grad_norm": 1.4140625, "peak_allocated": 48806364160}
{"step": 964, "epoch": 1, "loss": 0.17920460065247898, "lr": 5.168900804289545e-06, "grad_norm": 1.3984375, "peak_allocated": 48806364160}
{"step": 965, "epoch": 1, "loss": 0.13601026811441522, "lr": 5.174262734584451e-06, "grad_norm": 1.015625, "peak_allocated": 48806364160}
{"step": 966, "epoch": 1, "loss": 0.13215410746576228, "lr": 5.179624664879357e-06, "grad_norm": 1.140625, "peak_allocated": 48806364160}
{"step": 967, "epoch": 1, "loss": 0.14433772221778463, "lr": 5.184986595174263e-06, "grad_norm": 1.15625, "peak_allocated": 48806364160}
{"step": 968, "epoch": 1, "loss": 0.11949168168091619, "lr": 5.190348525469169e-06, "grad_norm": 1.03125, "peak_allocated": 48806364160}
{"step": 969, "epoch": 1, "loss": 0.1341644720799723, "lr": 5.195710455764076e-06, "grad_norm": 1.3125, "peak_allocated": 48806364160}
{"step": 970, "epoch": 1, "loss": 0.17317561098285597, "lr": 5.201072386058982e-06, "grad_norm": 1.1796875, "peak_allocated": 48806364160}
{"step": 971, "epoch": 1, "loss": 0.12478359349543962, "lr": 5.206434316353888e-06, "grad_norm": 1.1953125, "peak_allocated": 48806364160}
{"step": 972, "epoch": 1, "loss": 0.15806314140233166, "lr": 5.211796246648793e-06, "grad_norm": 1.2421875, "peak_allocated": 48806364160}
{"step": 973, "epoch": 1, "loss": 0.1549477585699891, "lr": 5.2171581769436994e-06, "grad_norm": 1.3671875, "peak_allocated": 48806364160}
{"step": 974, "epoch": 1, "loss": 0.1469051028542699, "lr": 5.222520107238606e-06, "grad_norm": 1.1640625, "peak_allocated": 48806364160}
{"step": 975, "epoch": 1, "loss": 0.14556257027143926, "lr": 5.2278820375335125e-06, "grad_norm": 1.53125, "peak_allocated": 48806364160}
{"step": 976, "epoch": 1, "loss": 0.16980497750862525, "lr": 5.233243967828419e-06, "grad_norm": 1.203125, "peak_allocated": 48806364160}
{"step": 977, "epoch": 1, "loss": 0.1428850069915182, "lr": 5.238605898123325e-06, "grad_norm": 1.2109375, "peak_allocated": 48806364160}
{"step": 978, "epoch": 1, "loss": 0.14386209214801696, "lr": 5.243967828418231e-06, "grad_norm": 1.25, "peak_allocated": 48806364160}
{"step": 979, "epoch": 1, "loss": 0.16965746621315617, "lr": 5.249329758713138e-06, "grad_norm": 1.3203125, "peak_allocated": 48806364160}
{"step": 980, "epoch": 1, "loss": 0.17266457960958337, "lr": 5.254691689008043e-06, "grad_norm": 1.4296875, "peak_allocated": 48806364160}
{"step": 981, "epoch": 1, "loss": 0.13679255857986689, "lr": 5.260053619302949e-06, "grad_norm": 1.0703125, "peak_allocated": 48806364160}
{"step": 982, "epoch": 1, "loss": 0.17019880252166844, "lr": 5.265415549597855e-06, "grad_norm": 1.3515625, "peak_allocated": 48806364160}
{"step": 983, "epoch": 1, "loss": 0.11439089121824166, "lr": 5.2707774798927614e-06, "grad_norm": 1.1171875, "peak_allocated": 48806364160}
{"step": 984, "epoch": 1, "loss": 0.1478251998719973, "lr": 5.276139410187668e-06, "grad_norm": 1.28125, "peak_allocated": 48806364160}
{"step": 985, "epoch": 1, "loss": 0.14595428371652105, "lr": 5.2815013404825745e-06, "grad_norm": 1.2109375, "peak_allocated": 48806364160}
{"step": 986, "epoch": 1, "loss": 0.10077588028464435, "lr": 5.286863270777481e-06, "grad_norm": 1.03125, "peak_allocated": 48806364160}
{"step": 987, "epoch": 1, "loss": 0.14873515200448426, "lr": 5.292225201072386e-06, "grad_norm": 1.3125, "peak_allocated": 48806364160}
{"step": 988, "epoch": 1, "loss": 0.1523489362987705, "lr": 5.297587131367292e-06, "grad_norm": 1.3125, "peak_allocated": 48806364160}
{"step": 989, "epoch": 1, "loss": 0.15499633237577232, "lr": 5.302949061662199e-06, "grad_norm": 1.203125, "peak_allocated": 48806364160}
{"step": 990, "epoch": 1, "loss": 0.1789972326618486, "lr": 5.308310991957105e-06, "grad_norm": 1.46875, "peak_allocated": 48806364160}
{"step": 991, "epoch": 1, "loss": 0.12167977535532684, "lr": 5.313672922252011e-06, "grad_norm": 1.1640625, "peak_allocated": 48806364160}
{"step": 992, "epoch": 1, "loss": 0.12843116085467265, "lr": 5.319034852546917e-06, "grad_norm": 1.140625, "peak_allocated": 48806364160}
{"step": 993, "epoch": 1, "loss": 0.15377057231344377, "lr": 5.3243967828418235e-06, "grad_norm": 1.265625, "peak_allocated": 48806364160}
{"step": 994, "epoch": 1, "loss": 0.1350372163718233, "lr": 5.3297587131367304e-06, "grad_norm": 1.09375, "peak_allocated": 48806364160}
{"step": 995, "epoch": 1, "loss": 0.13092843086674577, "lr": 5.335120643431636e-06, "grad_norm": 1.21875, "peak_allocated": 48806364160}
{"step": 996, "epoch": 1, "loss": 0.1874939195379338, "lr": 5.340482573726542e-06, "grad_norm": 1.3515625, "peak_allocated": 48806364160}
{"step": 997, "epoch": 1, "loss": 0.15195755328296134, "lr": 5.345844504021448e-06, "grad_norm": 1.140625, "peak_allocated": 48806364160}
{"step": 998, "epoch": 1, "loss": 0.15752086989488062, "lr": 5.351206434316354e-06, "grad_norm": 1.453125, "peak_allocated": 48806364160}
{"step": 999, "epoch": 1, "loss": 0.1825351616313596, "lr": 5.356568364611261e-06, "grad_norm": 1.40625, "peak_allocated": 48806364160}
{"step": 1000, "epoch": 1, "loss": 0.1664349151481139, "lr": 5.361930294906167e-06, "grad_norm": 1.4375, "peak_allocated": 48806364160}
{"step": 1001, "epoch": 1, "loss": 0.10684526197518861, "lr": 5.367292225201073e-06, "grad_norm": 0.984375, "peak_allocated": 48806364160}
{"step": 1002, "epoch": 1, "loss": 0.1684908701622538, "lr": 5.3726541554959785e-06, "grad_norm": 1.3828125, "peak_allocated": 48806364160}
{"step": 1003, "epoch": 1, "loss": 0.16707874753936228, "lr": 5.378016085790885e-06, "grad_norm": 1.2578125, "peak_allocated": 48806364160}
{"step": 1004, "epoch": 1, "loss": 0.14086436586126191, "lr": 5.383378016085792e-06, "grad_norm": 1.1171875, "peak_allocated": 48806364160}
{"step": 1005, "epoch": 1, "loss": 0.13769911748671795, "lr": 5.388739946380698e-06, "grad_norm": 1.328125, "peak_allocated": 48806364160}
{"step": 1006, "epoch": 1, "loss": 0.15611643618095603, "lr": 5.394101876675604e-06, "grad_norm": 1.3671875, "peak_allocated": 48806364160}
{"step": 1007, "epoch": 1, "loss": 0.1382603514451795, "lr": 5.39946380697051e-06, "grad_norm": 1.25, "peak_allocated": 48806364160}
{"step": 1008, "epoch": 1, "loss": 0.14245599665235137, "lr": 5.404825737265415e-06, "grad_norm": 1.34375, "peak_allocated": 48806364160}
{"step": 1009, "epoch": 1, "loss": 0.14680275281659935, "lr": 5.410187667560323e-06, "grad_norm": 1.2421875, "peak_allocated": 48806364160}
{"step": 1010, "epoch": 1, "loss": 0.15455866161011095, "lr": 5.415549597855228e-06, "grad_norm": 1.375, "peak_allocated": 48806364160}
{"step": 1011, "epoch": 1, "loss": 0.1426650330755247, "lr": 5.420911528150134e-06, "grad_norm": 1.3671875, "peak_allocated": 48806364160}
{"step": 1012, "epoch": 1, "loss": 0.16376324269940828, "lr": 5.4262734584450405e-06, "grad_norm": 1.1171875, "peak_allocated": 48806364160}
{"step": 1013, "epoch": 1, "loss": 0.14432559083379762, "lr": 5.431635388739947e-06, "grad_norm": 1.1953125, "peak_allocated": 48806364160}
{"step": 1014, "epoch": 1, "loss": 0.162300527315854, "lr": 5.436997319034854e-06, "grad_norm": 1.3671875, "peak_allocated": 48806364160}
{"step": 1015, "epoch": 1, "loss": 0.11580357943256643, "lr": 5.44235924932976e-06, "grad_norm": 1.15625, "peak_allocated": 48806364160}
{"step": 1016, "epoch": 1, "loss": 0.1359686986891669, "lr": 5.447721179624665e-06, "grad_norm": 1.2109375, "peak_allocated": 48806364160}
{"step": 1017, "epoch": 1, "loss": 0.17997423723827455, "lr": 5.453083109919571e-06, "grad_norm": 1.28125, "peak_allocated": 48806364160}
{"step": 1018, "epoch": 1, "loss": 0.17088692901002822, "lr": 5.458445040214477e-06, "grad_norm": 1.421875, "peak_allocated": 48806364160}
{"step": 1019, "epoch": 1, "loss": 0.15571660712074775, "lr": 5.463806970509384e-06, "grad_norm": 1.265625, "peak_allocated": 48806364160}
{"step": 1020, "epoch": 1, "loss": 0.12145867172567737, "lr": 5.46916890080429e-06, "grad_norm": 1.0546875, "peak_allocated": 48806364160}
{"step": 1021, "epoch": 1, "loss": 0.14888579897610205, "lr": 5.4745308310991964e-06, "grad_norm": 1.328125, "peak_allocated": 48806364160}
{"step": 1022, "epoch": 1, "loss": 0.16728708936677072, "lr": 5.4798927613941026e-06, "grad_norm": 1.265625, "peak_allocated": 48806364160}
{"step": 1023, "epoch": 1, "loss": 0.15198114068460342, "lr": 5.485254691689008e-06, "grad_norm": 1.109375, "peak_allocated": 48806364160}
{"step": 1024, "epoch": 1, "loss": 0.150216956670454, "lr": 5.490616621983915e-06, "grad_norm": 1.2109375, "peak_allocated": 48806364160}
{"step": 1025, "epoch": 1, "loss": 0.13380497483382933, "lr": 5.495978552278821e-06, "grad_norm": 1.15625, "peak_allocated": 48806364160}
{"step": 1026, "epoch": 1, "loss": 0.15192532505354855, "lr": 5.501340482573727e-06, "grad_norm": 1.3359375, "peak_allocated": 48806364160}
{"step": 1027, "epoch": 1, "loss": 0.16969012828701288, "lr": 5.506702412868633e-06, "grad_norm": 1.1953125, "peak_allocated": 48806364160}
{"step": 1028, "epoch": 1, "loss": 0.17099028020944163, "lr": 5.512064343163539e-06, "grad_norm": 1.265625, "peak_allocated": 48806364160}
{"step": 1029, "epoch": 1, "loss": 0.1541159786603797, "lr": 5.5174262734584445e-06, "grad_norm": 1.21875, "peak_allocated": 48806364160}
{"step": 1030, "epoch": 1, "loss": 0.1551158250304016, "lr": 5.522788203753352e-06, "grad_norm": 1.203125, "peak_allocated": 48806364160}
{"step": 1031, "epoch": 1, "loss": 0.12968819619141062, "lr": 5.528150134048258e-06, "grad_norm": 1.4765625, "peak_allocated": 48806364160}
{"step": 1032, "epoch": 1, "loss": 0.18303234094900894, "lr": 5.533512064343164e-06, "grad_norm": 1.4296875, "peak_allocated": 48806364160}
{"step": 1033, "epoch": 1, "loss": 0.16405472822244974, "lr": 5.53887399463807e-06, "grad_norm": 1.2734375, "peak_allocated": 48806364160}
{"step": 1034, "epoch": 1, "loss": 0.13933362504763422, "lr": 5.544235924932976e-06, "grad_norm": 1.203125, "peak_allocated": 48806364160}
{"step": 1035, "epoch": 1, "loss": 0.1788835825982614, "lr": 5.549597855227883e-06, "grad_norm": 1.3984375, "peak_allocated": 48806364160}
{"step": 1036, "epoch": 1, "loss": 0.15890046214270923, "lr": 5.554959785522789e-06, "grad_norm": 1.3203125, "peak_allocated": 48806364160}
{"step": 1037, "epoch": 1, "loss": 0.15486770440792802, "lr": 5.560321715817695e-06, "grad_norm": 1.171875, "peak_allocated": 48806364160}
{"step": 1038, "epoch": 1, "loss": 0.16236848177803445, "lr": 5.5656836461126004e-06, "grad_norm": 1.25, "peak_allocated": 48806364160}
{"step": 1039, "epoch": 1, "loss": 0.1185077999704178, "lr": 5.5710455764075065e-06, "grad_norm": 1.25, "peak_allocated": 48806364160}
{"step": 1040, "epoch": 1, "loss": 0.11269466626247385, "lr": 5.5764075067024135e-06, "grad_norm": 0.96875, "peak_allocated": 48806364160}
{"step": 1041, "epoch": 1, "loss": 0.16362668992659168, "lr": 5.58176943699732e-06, "grad_norm": 1.3828125, "peak_allocated": 48806364160}
{"step": 1042, "epoch": 1, "loss": 0.1275517618264587, "lr": 5.587131367292226e-06, "grad_norm": 1.3046875, "peak_allocated": 48806364160}
{"step": 1043, "epoch": 1, "loss": 0.1467207367699761, "lr": 5.592493297587132e-06, "grad_norm": 1.2265625, "peak_allocated": 48806364160}
{"step": 1044, "epoch": 1, "loss": 0.1785699493445597, "lr": 5.597855227882037e-06, "grad_norm": 1.2890625, "peak_allocated": 48806364160}
{"step": 1045, "epoch": 1, "loss": 0.1523623751060608, "lr": 5.603217158176945e-06, "grad_norm": 1.046875, "peak_allocated": 48806364160}
{"step": 1046, "epoch": 1, "loss": 0.1518555499533755, "lr": 5.60857908847185e-06, "grad_norm": 1.1875, "peak_allocated": 48806364160}
{"step": 1047, "epoch": 1, "loss": 0.1530163807832716, "lr": 5.613941018766756e-06, "grad_norm": 1.2578125, "peak_allocated": 48806364160}
{"step": 1048, "epoch": 1, "loss": 0.11181044583908095, "lr": 5.6193029490616624e-06, "grad_norm": 1.015625, "peak_allocated": 48806364160}
{"step": 1049, "epoch": 1, "loss": 0.1417377562894392, "lr": 5.6246648793565686e-06, "grad_norm": 1.2421875, "peak_allocated": 48806364160}
{"step": 1050, "epoch": 1, "loss": 0.1264665369609637, "lr": 5.6300268096514755e-06, "grad_norm": 1.0546875, "peak_allocated": 48806364160}
{"step": 1051, "epoch": 1, "loss": 0.14545450401063084, "lr": 5.635388739946382e-06, "grad_norm": 1.15625, "peak_allocated": 48806364160}
{"step": 1052, "epoch": 1, "loss": 0.1328812195196354, "lr": 5.640750670241287e-06, "grad_norm": 1.015625, "peak_allocated": 48806364160}
{"step": 1053, "epoch": 1, "loss": 0.13441687823960527, "lr": 5.646112600536193e-06, "grad_norm": 1.1328125, "peak_allocated": 48806364160}
{"step": 1054, "epoch": 1, "loss": 0.16366336624771358, "lr": 5.651474530831099e-06, "grad_norm": 1.359375, "peak_allocated": 48806364160}
{"step": 1055, "epoch": 1, "loss": 0.12522977762386317, "lr": 5.656836461126006e-06, "grad_norm": 1.296875, "peak_allocated": 48806364160}
{"step": 1056, "epoch": 1, "loss": 0.1547407582238729, "lr": 5.662198391420912e-06, "grad_norm": 1.1796875, "peak_allocated": 48806364160}
{"step": 1057, "epoch": 1, "loss": 0.1706552429690926, "lr": 5.667560321715818e-06, "grad_norm": 1.3515625, "peak_allocated": 48806364160}
{"step": 1058, "epoch": 1, "loss": 0.1109654939613275, "lr": 5.6729222520107245e-06, "grad_norm": 1.03125, "peak_allocated": 48806364160}
{"step": 1059, "epoch": 1, "loss": 0.12388176406941184, "lr": 5.67828418230563e-06, "grad_norm": 1.1796875, "peak_allocated": 48806364160}
{"step": 1060, "epoch": 1, "loss": 0.12138264203857797, "lr": 5.683646112600537e-06, "grad_norm": 1.1171875, "peak_allocated": 48806364160}
{"step": 1061, "epoch": 1, "loss": 0.15087710355170778, "lr": 5.689008042895443e-06, "grad_norm": 1.0078125, "peak_allocated": 48806364160}
{"step": 1062, "epoch": 1, "loss": 0.14559228511392838, "lr": 5.694369973190349e-06, "grad_norm": 1.2421875, "peak_allocated": 48806364160}
{"step": 1063, "epoch": 1, "loss": 0.15531752021539444, "lr": 5.699731903485255e-06, "grad_norm": 1.2578125, "peak_allocated": 48806364160}
{"step": 1064, "epoch": 1, "loss": 0.1634346241086072, "lr": 5.705093833780161e-06, "grad_norm": 1.3359375, "peak_allocated": 48806364160}
{"step": 1065, "epoch": 1, "loss": 0.1252192684458825, "lr": 5.710455764075068e-06, "grad_norm": 1.0390625, "peak_allocated": 48806364160}
{"step": 1066, "epoch": 1, "loss": 0.13909355354157524, "lr": 5.715817694369974e-06, "grad_norm": 1.203125, "peak_allocated": 48806364160}
{"step": 1067, "epoch": 1, "loss": 0.16148604681229253, "lr": 5.7211796246648795e-06, "grad_norm": 1.28125, "peak_allocated": 48806364160}
{"step": 1068, "epoch": 1, "loss": 0.1265903888207567, "lr": 5.726541554959786e-06, "grad_norm": 1.28125, "peak_allocated": 48806364160}
{"step": 1069, "epoch": 1, "loss": 0.12937252707795172, "lr": 5.731903485254692e-06, "grad_norm": 1.1796875, "peak_allocated": 48806364160}
{"step": 1070, "epoch": 1, "loss": 0.14720391894037696, "lr": 5.737265415549599e-06, "grad_norm": 1.203125, "peak_allocated": 48806364160}
{"step": 1071, "epoch": 1, "loss": 0.1456436198226678, "lr": 5.742627345844505e-06, "grad_norm": 1.1640625, "peak_allocated": 48806364160}
{"step": 1072, "epoch": 1, "loss": 0.14219936798757307, "lr": 5.747989276139411e-06, "grad_norm": 1.125, "peak_allocated": 48806364160}
{"step": 1073, "epoch": 1, "loss": 0.1700245397039125, "lr": 5.753351206434317e-06, "grad_norm": 1.40625, "peak_allocated": 48806364160}
{"step": 1074, "epoch": 1, "loss": 0.1744541086298542, "lr": 5.758713136729222e-06, "grad_norm": 1.2578125, "peak_allocated": 48806364160}
{"step": 1075, "epoch": 1, "loss": 0.15547122628500973, "lr": 5.764075067024129e-06, "grad_norm": 1.125, "peak_allocated": 48806364160}
{"step": 1076, "epoch": 1, "loss": 0.13330494484985003, "lr": 5.769436997319035e-06, "grad_norm": 1.1875, "peak_allocated": 48806364160}
{"step": 1077, "epoch": 1, "loss": 0.167022902050327, "lr": 5.7747989276139415e-06, "grad_norm": 1.3359375, "peak_allocated": 48806364160}
{"step": 1078, "epoch": 1, "loss": 0.14985159075076732, "lr": 5.780160857908848e-06, "grad_norm": 1.3046875, "peak_allocated": 48806364160}
{"step": 1079, "epoch": 1, "loss": 0.14638984247583853, "lr": 5.785522788203754e-06, "grad_norm": 1.171875, "peak_allocated": 48806364160}
{"step": 1080, "epoch": 1, "loss": 0.11723700324894425, "lr": 5.790884718498661e-06, "grad_norm": 1.203125, "peak_allocated": 48806364160}
{"step": 1081, "epoch": 1, "loss": 0.1403942694543398, "lr": 5.796246648793567e-06, "grad_norm": 1.203125, "peak_allocated": 48806364160}
{"step": 1082, "epoch": 1, "loss": 0.1562392296547389, "lr": 5.801608579088472e-06, "grad_norm": 1.2421875, "peak_allocated": 48806364160}
{"step": 1083, "epoch": 1, "loss": 0.12370386571844214, "lr": 5.806970509383378e-06, "grad_norm": 1.015625, "peak_allocated": 48806364160}
{"step": 1084, "epoch": 1, "loss": 0.14080212257032415, "lr": 5.812332439678284e-06, "grad_norm": 1.1875, "peak_allocated": 48806364160}
{"step": 1085, "epoch": 1, "loss": 0.15882324954308513, "lr": 5.817694369973191e-06, "grad_norm": 1.1796875, "peak_allocated": 48806364160}
{"step": 1086, "epoch": 1, "loss": 0.13836908569646506, "lr": 5.8230563002680974e-06, "grad_norm": 1.1640625, "peak_allocated": 48806364160}
{"step": 1087, "epoch": 1, "loss": 0.13082293108612852, "lr": 5.8284182305630036e-06, "grad_norm": 0.984375, "peak_allocated": 48806364160}
{"step": 1088, "epoch": 1, "loss": 0.1457482429907856, "lr": 5.833780160857909e-06, "grad_norm": 1.1640625, "peak_allocated": 48806364160}
{"step": 1089, "epoch": 1, "loss": 0.142248884098506, "lr": 5.839142091152815e-06, "grad_norm": 1.125, "peak_allocated": 48806364160}
{"step": 1090, "epoch": 1, "loss": 0.13752513332854635, "lr": 5.844504021447721e-06, "grad_norm": 1.1640625, "peak_allocated": 48806364160}
{"step": 1091, "epoch": 1, "loss": 0.13539218921900265, "lr": 5.849865951742628e-06, "grad_norm": 1.046875, "peak_allocated": 48806364160}
{"step": 1092, "epoch": 1, "loss": 0.16857363388955118, "lr": 5.855227882037534e-06, "grad_norm": 1.1953125, "peak_allocated": 48806364160}
{"step": 1093, "epoch": 1, "loss": 0.14004977776485075, "lr": 5.86058981233244e-06, "grad_norm": 1.0703125, "peak_allocated": 48806364160}
{"step": 1094, "epoch": 1, "loss": 0.1446853204833568, "lr": 5.865951742627346e-06, "grad_norm": 1.1875, "peak_allocated": 48806364160}
{"step": 1095, "epoch": 1, "loss": 0.11536286013294085, "lr": 5.871313672922252e-06, "grad_norm": 1.2109375, "peak_allocated": 48806364160}
{"step": 1096, "epoch": 1, "loss": 0.14056161697895403, "lr": 5.876675603217159e-06, "grad_norm": 1.0546875, "peak_allocated": 48806364160}
{"step": 1097, "epoch": 1, "loss": 0.13968707524334004, "lr": 5.882037533512065e-06, "grad_norm": 1.203125, "peak_allocated": 48806364160}
{"step": 1098, "epoch": 1, "loss": 0.16996232775092274, "lr": 5.887399463806971e-06, "grad_norm": 1.359375, "peak_allocated": 48806364160}
{"step": 1099, "epoch": 1, "loss": 0.13289620201837377, "lr": 5.892761394101877e-06, "grad_norm": 1.3046875, "peak_allocated": 48806364160}
{"step": 1100, "epoch": 1, "loss": 0.13789504143383347, "lr": 5.898123324396783e-06, "grad_norm": 1.3125, "peak_allocated": 48806364160}
{"step": 1101, "epoch": 1, "loss": 0.11614516524146222, "lr": 5.90348525469169e-06, "grad_norm": 0.92578125, "peak_allocated": 48806364160}
{"step": 1102, "epoch": 1, "loss": 0.17288278295107007, "lr": 5.908847184986596e-06, "grad_norm": 1.1484375, "peak_allocated": 48806364160}
{"step": 1103, "epoch": 1, "loss": 0.17496604831141638, "lr": 5.9142091152815014e-06, "grad_norm": 1.4765625, "peak_allocated": 48806364160}
{"step": 1104, "epoch": 1, "loss": 0.14795827280745996, "lr": 5.9195710455764075e-06, "grad_norm": 1.3046875, "peak_allocated": 48806364160}
{"step": 1105, "epoch": 1, "loss": 0.15113696969217724, "lr": 5.924932975871314e-06, "grad_norm": 1.28125, "peak_allocated": 48806364160}
{"step": 1106, "epoch": 1, "loss": 0.1440382345642288, "lr": 5.930294906166221e-06, "grad_norm": 1.28125, "peak_allocated": 48806364160}
{"step": 1107, "epoch": 1, "loss": 0.17297636937492678, "lr": 5.935656836461127e-06, "grad_norm": 1.734375, "peak_allocated": 48806364160}
{"step": 1108, "epoch": 1, "loss": 0.17225730738114595, "lr": 5.941018766756033e-06, "grad_norm": 1.46875, "peak_allocated": 48806364160}
{"step": 1109, "epoch": 1, "loss": 0.13543131251769258, "lr": 5.946380697050939e-06, "grad_norm": 1.203125, "peak_allocated": 48806364160}
{"step": 1110, "epoch": 1, "loss": 0.15417853238811408, "lr": 5.951742627345844e-06, "grad_norm": 1.46875, "peak_allocated": 48806364160}
{"step": 1111, "epoch": 1, "loss": 0.14865503561525187, "lr": 5.957104557640751e-06, "grad_norm": 1.1875, "peak_allocated": 48806364160}
{"step": 1112, "epoch": 1, "loss": 0.14154598497169577, "lr": 5.962466487935657e-06, "grad_norm": 1.0625, "peak_allocated": 48806364160}
{"step": 1113, "epoch": 1, "loss": 0.1343256198493825, "lr": 5.9678284182305634e-06, "grad_norm": 1.1953125, "peak_allocated": 48806364160}
{"step": 1114, "epoch": 1, "loss": 0.15010571497653435, "lr": 5.9731903485254696e-06, "grad_norm": 1.1640625, "peak_allocated": 48806364160}
{"step": 1115, "epoch": 1, "loss": 0.141071357271081, "lr": 5.978552278820376e-06, "grad_norm": 1.203125, "peak_allocated": 48806364160}
{"step": 1116, "epoch": 1, "loss": 0.1756787109190777, "lr": 5.983914209115283e-06, "grad_norm": 1.46875, "peak_allocated": 48806364160}
{"step": 1117, "epoch": 1, "loss": 0.14967651367376944, "lr": 5.989276139410189e-06, "grad_norm": 1.296875, "peak_allocated": 48806364160}
{"step": 1118, "epoch": 1, "loss": 0.13580536275476138, "lr": 5.994638069705094e-06, "grad_norm": 1.2734375, "peak_allocated": 48806364160}
{"step": 1119, "epoch": 1, "loss": 0.13973865627445764, "lr": 6e-06, "grad_norm": 1.2890625, "peak_allocated": 48806364160}
{"step": 1120, "epoch": 1, "loss": 0.17786470953364783, "lr": 6.005361930294906e-06, "grad_norm": 1.4453125, "peak_allocated": 48806364160}
{"step": 1121, "epoch": 1, "loss": 0.13998075862673612, "lr": 6.010723860589813e-06, "grad_norm": 1.171875, "peak_allocated": 48806364160}
{"step": 1122, "epoch": 1, "loss": 0.12942007519999232, "lr": 6.016085790884719e-06, "grad_norm": 1.0625, "peak_allocated": 48806364160}
{"step": 1123, "epoch": 1, "loss": 0.16777962044092878, "lr": 6.0214477211796255e-06, "grad_norm": 1.390625, "peak_allocated": 48806364160}
{"step": 1124, "epoch": 1, "loss": 0.1405033631504486, "lr": 6.026809651474531e-06, "grad_norm": 1.3203125, "peak_allocated": 48806364160}
{"step": 1125, "epoch": 1, "loss": 0.14198393531323572, "lr": 6.032171581769437e-06, "grad_norm": 1.25, "peak_allocated": 48806364160}
{"step": 1126, "epoch": 1, "loss": 0.150975993350927, "lr": 6.037533512064344e-06, "grad_norm": 1.25, "peak_allocated": 48806364160}
{"step": 1127, "epoch": 1, "loss": 0.13398385139335672, "lr": 6.04289544235925e-06, "grad_norm": 1.1640625, "peak_allocated": 48806364160}
{"step": 1128, "epoch": 1, "loss": 0.1244819382915804, "lr": 6.048257372654156e-06, "grad_norm": 1.09375, "peak_allocated": 48806364160}
{"step": 1129, "epoch": 1, "loss": 0.15804797424647904, "lr": 6.053619302949062e-06, "grad_norm": 1.296875, "peak_allocated": 48806364160}
{"step": 1130, "epoch": 1, "loss": 0.16517079840475213, "lr": 6.058981233243968e-06, "grad_norm": 1.5078125, "peak_allocated": 48806364160}
{"step": 1131, "epoch": 1, "loss": 0.1564605642984412, "lr": 6.064343163538875e-06, "grad_norm": 1.2578125, "peak_allocated": 48806364160}
{"step": 1132, "epoch": 1, "loss": 0.13231912820881894, "lr": 6.0697050938337805e-06, "grad_norm": 1.1171875, "peak_allocated": 48806364160}
{"step": 1133, "epoch": 1, "loss": 0.15538553950525494, "lr": 6.075067024128687e-06, "grad_norm": 1.34375, "peak_allocated": 48806364160}
{"step": 1134, "epoch": 1, "loss": 0.13810024907654575, "lr": 6.080428954423593e-06, "grad_norm": 1.3125, "peak_allocated": 48806364160}
{"step": 1135, "epoch": 1, "loss": 0.14285816792699751, "lr": 6.085790884718499e-06, "grad_norm": 1.140625, "peak_allocated": 48806364160}
{"step": 1136, "epoch": 1, "loss": 0.158722269743748, "lr": 6.091152815013406e-06, "grad_norm": 1.3359375, "peak_allocated": 48806364160}
{"step": 1137, "epoch": 1, "loss": 0.22394752088757808, "lr": 6.096514745308312e-06, "grad_norm": 1.9140625, "peak_allocated": 48806364160}
{"step": 1138, "epoch": 1, "loss": 0.10999098157609428, "lr": 6.101876675603218e-06, "grad_norm": 0.9765625, "peak_allocated": 48806364160}
{"step": 1139, "epoch": 1, "loss": 0.11495917743085213, "lr": 6.107238605898123e-06, "grad_norm": 1.0625, "peak_allocated": 48806364160}
{"step": 1140, "epoch": 1, "loss": 0.16709736756944824, "lr": 6.1126005361930295e-06, "grad_norm": 1.28125, "peak_allocated": 48806364160}
{"step": 1141, "epoch": 1, "loss": 0.18105256550942625, "lr": 6.117962466487936e-06, "grad_norm": 1.5, "peak_allocated": 48806364160}
{"step": 1142, "epoch": 1, "loss": 0.1590555934506456, "lr": 6.1233243967828425e-06, "grad_norm": 1.1640625, "peak_allocated": 48806364160}
{"step": 1143, "epoch": 1, "loss": 0.14624543259123238, "lr": 6.128686327077749e-06, "grad_norm": 1.234375, "peak_allocated": 48806364160}
{"step": 1144, "epoch": 1, "loss": 0.14001400030547861, "lr": 6.134048257372655e-06, "grad_norm": 1.1484375, "peak_allocated": 48806364160}
{"step": 1145, "epoch": 1, "loss": 0.15111668637789505, "lr": 6.139410187667561e-06, "grad_norm": 1.1875, "peak_allocated": 48806364160}
{"step": 1146, "epoch": 1, "loss": 0.16203793569702013, "lr": 6.144772117962468e-06, "grad_norm": 1.2734375, "peak_allocated": 48806364160}
{"step": 1147, "epoch": 1, "loss": 0.14502865477628887, "lr": 6.150134048257373e-06, "grad_norm": 1.1953125, "peak_allocated": 48806364160}
{"step": 1148, "epoch": 1, "loss": 0.1361986810775037, "lr": 6.155495978552279e-06, "grad_norm": 1.359375, "peak_allocated": 48806364160}
{"step": 1149, "epoch": 1, "loss": 0.15930694365077194, "lr": 6.160857908847185e-06, "grad_norm": 1.2890625, "peak_allocated": 48806364160}
{"step": 1150, "epoch": 1, "loss": 0.11635090816891243, "lr": 6.1662198391420915e-06, "grad_norm": 1.1015625, "peak_allocated": 48806364160}
{"step": 1151, "epoch": 1, "loss": 0.13073961860738356, "lr": 6.171581769436998e-06, "grad_norm": 1.1015625, "peak_allocated": 48806364160}
{"step": 1152, "epoch": 1, "loss": 0.13930645849444326, "lr": 6.1769436997319046e-06, "grad_norm": 1.1328125, "peak_allocated": 48806364160}
{"step": 1153, "epoch": 1, "loss": 0.12898552325788845, "lr": 6.182305630026811e-06, "grad_norm": 1.1796875, "peak_allocated": 48806364160}
{"step": 1154, "epoch": 1, "loss": 0.17977930669681713, "lr": 6.187667560321716e-06, "grad_norm": 1.46875, "peak_allocated": 48806364160}
{"step": 1155, "epoch": 1, "loss": 0.15072035530021416, "lr": 6.193029490616622e-06, "grad_norm": 1.234375, "peak_allocated": 48806364160}
{"step": 1156, "epoch": 1, "loss": 0.1193916060611414, "lr": 6.198391420911528e-06, "grad_norm": 1.0546875, "peak_allocated": 48806364160}
{"step": 1157, "epoch": 1, "loss": 0.17479512504655015, "lr": 6.203753351206435e-06, "grad_norm": 1.3984375, "peak_allocated": 48806364160}
{"step": 1158, "epoch": 1, "loss": 0.13808919111355017, "lr": 6.209115281501341e-06, "grad_norm": 1.125, "peak_allocated": 48806364160}
{"step": 1159, "epoch": 1, "loss": 0.13656651941697642, "lr": 6.214477211796247e-06, "grad_norm": 1.1328125, "peak_allocated": 48806364160}
{"step": 1160, "epoch": 1, "loss": 0.17940349797113933, "lr": 6.219839142091153e-06, "grad_norm": 1.3828125, "peak_allocated": 48806364160}
{"step": 1161, "epoch": 1, "loss": 0.11743584800092988, "lr": 6.225201072386059e-06, "grad_norm": 1.0, "peak_allocated": 48806364160}
{"step": 1162, "epoch": 1, "loss": 0.1479329670661352, "lr": 6.230563002680966e-06, "grad_norm": 1.3125, "peak_allocated": 48806364160}
{"step": 1163, "epoch": 1, "loss": 0.14120535756470937, "lr": 6.235924932975872e-06, "grad_norm": 1.2578125, "peak_allocated": 48806364160}
{"step": 1164, "epoch": 1, "loss": 0.1468435880283542, "lr": 6.241286863270778e-06, "grad_norm": 1.1640625, "peak_allocated": 48806364160}
{"step": 1165, "epoch": 1, "loss": 0.1403615068528711, "lr": 6.246648793565684e-06, "grad_norm": 1.2265625, "peak_allocated": 48806364160}
{"step": 1166, "epoch": 1, "loss": 0.1559253458637314, "lr": 6.25201072386059e-06, "grad_norm": 1.2421875, "peak_allocated": 48806364160}
{"step": 1167, "epoch": 1, "loss": 0.13269368047437716, "lr": 6.257372654155497e-06, "grad_norm": 1.203125, "peak_allocated": 48806364160}
{"step": 1168, "epoch": 1, "loss": 0.13057247733910313, "lr": 6.2627345844504024e-06, "grad_norm": 1.1640625, "peak_allocated": 48806364160}
{"step": 1169, "epoch": 1, "loss": 0.1541662560493153, "lr": 6.2680965147453086e-06, "grad_norm": 1.34375, "peak_allocated": 48806364160}
{"step": 1170, "epoch": 1, "loss": 0.17546033642617784, "lr": 6.273458445040215e-06, "grad_norm": 1.3984375, "peak_allocated": 48806364160}
{"step": 1171, "epoch": 1, "loss": 0.12958362631620277, "lr": 6.278820375335121e-06, "grad_norm": 1.171875, "peak_allocated": 48806364160}
{"step": 1172, "epoch": 1, "loss": 0.14468695625270667, "lr": 6.284182305630028e-06, "grad_norm": 1.203125, "peak_allocated": 48806364160}
{"step": 1173, "epoch": 1, "loss": 0.12144746269739042, "lr": 6.289544235924934e-06, "grad_norm": 1.203125, "peak_allocated": 48806364160}
{"step": 1174, "epoch": 1, "loss": 0.154793740708345, "lr": 6.29490616621984e-06, "grad_norm": 1.2578125, "peak_allocated": 48806364160}
{"step": 1175, "epoch": 1, "loss": 0.13710428647437953, "lr": 6.300268096514745e-06, "grad_norm": 1.171875, "peak_allocated": 48806364160}
{"step": 1176, "epoch": 1, "loss": 0.13973851235414694, "lr": 6.305630026809651e-06, "grad_norm": 1.171875, "peak_allocated": 48806364160}
{"step": 1177, "epoch": 1, "loss": 0.1357079338953962, "lr": 6.310991957104558e-06, "grad_norm": 1.21875, "peak_allocated": 48806364160}
{"step": 1178, "epoch": 1, "loss": 0.1326571500190256, "lr": 6.3163538873994645e-06, "grad_norm": 1.203125, "peak_allocated": 48806364160}
{"step": 1179, "epoch": 1, "loss": 0.2067353614570364, "lr": 6.3217158176943706e-06, "grad_norm": 1.5078125, "peak_allocated": 48806364160}
{"step": 1180, "epoch": 1, "loss": 0.15072486605396737, "lr": 6.327077747989277e-06, "grad_norm": 1.2265625, "peak_allocated": 48806364160}
{"step": 1181, "epoch": 1, "loss": 0.131769562002517, "lr": 6.332439678284182e-06, "grad_norm": 1.234375, "peak_allocated": 48806364160}
{"step": 1182, "epoch": 1, "loss": 0.15919860465825175, "lr": 6.33780160857909e-06, "grad_norm": 1.2109375, "peak_allocated": 48806364160}
{"step": 1183, "epoch": 1, "loss": 0.157223560875957, "lr": 6.343163538873995e-06, "grad_norm": 1.359375, "peak_allocated": 48806364160}
{"step": 1184, "epoch": 1, "loss": 0.15920828798724013, "lr": 6.348525469168901e-06, "grad_norm": 1.3984375, "peak_allocated": 48806364160}
{"step": 1185, "epoch": 1, "loss": 0.18544851644967292, "lr": 6.353887399463807e-06, "grad_norm": 1.2578125, "peak_allocated": 48806364160}
{"step": 1186, "epoch": 1, "loss": 0.14153572888097007, "lr": 6.359249329758713e-06, "grad_norm": 1.3125, "peak_allocated": 48806364160}
{"step": 1187, "epoch": 1, "loss": 0.0838842697297783, "lr": 6.36461126005362e-06, "grad_norm": 1.1171875, "peak_allocated": 48806364160}
{"step": 1188, "epoch": 1, "loss": 0.14354527934548816, "lr": 6.3699731903485265e-06, "grad_norm": 1.171875, "peak_allocated": 48806364160}
{"step": 1189, "epoch": 1, "loss": 0.15104093442080438, "lr": 6.375335120643433e-06, "grad_norm": 1.1875, "peak_allocated": 48806364160}
{"step": 1190, "epoch": 1, "loss": 0.17263048059949146, "lr": 6.380697050938338e-06, "grad_norm": 1.4453125, "peak_allocated": 48806364160}
{"step": 1191, "epoch": 1, "loss": 0.159047636987031, "lr": 6.386058981233244e-06, "grad_norm": 1.1796875, "peak_allocated": 48806364160}
{"step": 1192, "epoch": 1, "loss": 0.13163311409530823, "lr": 6.391420911528151e-06, "grad_norm": 1.171875, "peak_allocated": 48806364160}
{"step": 1193, "epoch": 1, "loss": 0.13400641162596377, "lr": 6.396782841823057e-06, "grad_norm": 1.1796875, "peak_allocated": 48806364160}
{"step": 1194, "epoch": 1, "loss": 0.13849896443599746, "lr": 6.402144772117963e-06, "grad_norm": 1.375, "peak_allocated": 48806364160}
{"step": 1195, "epoch": 1, "loss": 0.13414236941999721, "lr": 6.407506702412869e-06, "grad_norm": 1.3046875, "peak_allocated": 48806364160}
{"step": 1196, "epoch": 1, "loss": 0.14190956131490165, "lr": 6.4128686327077746e-06, "grad_norm": 1.234375, "peak_allocated": 48806364160}
{"step": 1197, "epoch": 1, "loss": 0.11915014382980445, "lr": 6.418230563002682e-06, "grad_norm": 1.078125, "peak_allocated": 48806364160}
{"step": 1198, "epoch": 1, "loss": 0.14720715915330962, "lr": 6.423592493297588e-06, "grad_norm": 1.140625, "peak_allocated": 48806364160}
{"step": 1199, "epoch": 1, "loss": 0.1334465142577219, "lr": 6.428954423592494e-06, "grad_norm": 1.5625, "peak_allocated": 48806364160}
{"step": 1200, "epoch": 1, "loss": 0.18237402613546547, "lr": 6.4343163538874e-06, "grad_norm": 1.40625, "peak_allocated": 48806364160}
{"step": 1201, "epoch": 1, "loss": 0.14827567344215117, "lr": 6.439678284182306e-06, "grad_norm": 1.2421875, "peak_allocated": 48806364160}
{"step": 1202, "epoch": 1, "loss": 0.15924293997608396, "lr": 6.445040214477213e-06, "grad_norm": 1.296875, "peak_allocated": 48806364160}
{"step": 1203, "epoch": 1, "loss": 0.144465821904061, "lr": 6.450402144772119e-06, "grad_norm": 1.3828125, "peak_allocated": 48806364160}
{"step": 1204, "epoch": 1, "loss": 0.15397776936508528, "lr": 6.455764075067024e-06, "grad_norm": 1.328125, "peak_allocated": 48806364160}
{"step": 1205, "epoch": 1, "loss": 0.1347385466818413, "lr": 6.4611260053619305e-06, "grad_norm": 1.0859375, "peak_allocated": 48806364160}
{"step": 1206, "epoch": 1, "loss": 0.132221730717158, "lr": 6.466487935656837e-06, "grad_norm": 1.1640625, "peak_allocated": 48806364160}
{"step": 1207, "epoch": 1, "loss": 0.13475209839688057, "lr": 6.4718498659517435e-06, "grad_norm": 1.1875, "peak_allocated": 48806364160}
{"step": 1208, "epoch": 1, "loss": 0.14586192013416258, "lr": 6.47721179624665e-06, "grad_norm": 1.1875, "peak_allocated": 48806364160}
{"step": 1209, "epoch": 1, "loss": 0.17372967431025274, "lr": 6.482573726541556e-06, "grad_norm": 1.3203125, "peak_allocated": 48806364160}
{"step": 1210, "epoch": 1, "loss": 0.1276666187061135, "lr": 6.487935656836462e-06, "grad_norm": 1.1796875, "peak_allocated": 48806364160}
{"step": 1211, "epoch": 1, "loss": 0.1156913975759112, "lr": 6.493297587131367e-06, "grad_norm": 1.1875, "peak_allocated": 48806364160}
{"step": 1212, "epoch": 1, "loss": 0.1104091695085585, "lr": 6.498659517426274e-06, "grad_norm": 1.0234375, "peak_allocated": 48806364160}
{"step": 1213, "epoch": 1, "loss": 0.12274796337638566, "lr": 6.50402144772118e-06, "grad_norm": 1.21875, "peak_allocated": 48806364160}
{"step": 1214, "epoch": 1, "loss": 0.14318762073251257, "lr": 6.509383378016086e-06, "grad_norm": 1.1640625, "peak_allocated": 48806364160}
{"step": 1215, "epoch": 1, "loss": 0.1342134047357335, "lr": 6.5147453083109925e-06, "grad_norm": 1.203125, "peak_allocated": 48806364160}
{"step": 1216, "epoch": 1, "loss": 0.14411140556100943, "lr": 6.520107238605899e-06, "grad_norm": 1.234375, "peak_allocated": 48806364160}
{"step": 1217, "epoch": 1, "loss": 0.17256805256243724, "lr": 6.525469168900804e-06, "grad_norm": 1.421875, "peak_allocated": 48806364160}
{"step": 1218, "epoch": 1, "loss": 0.14749795867063373, "lr": 6.530831099195712e-06, "grad_norm": 1.421875, "peak_allocated": 48806364160}
{"step": 1219, "epoch": 1, "loss": 0.11786261848827627, "lr": 6.536193029490617e-06, "grad_norm": 1.078125, "peak_allocated": 48806364160}
{"step": 1220, "epoch": 1, "loss": 0.11726996517519604, "lr": 6.541554959785523e-06, "grad_norm": 1.125, "peak_allocated": 48806364160}
{"step": 1221, "epoch": 1, "loss": 0.1318949202257401, "lr": 6.546916890080429e-06, "grad_norm": 1.078125, "peak_allocated": 48806364160}
{"step": 1222, "epoch": 1, "loss": 0.14716391194608605, "lr": 6.552278820375335e-06, "grad_norm": 1.2265625, "peak_allocated": 48806364160}
{"step": 1223, "epoch": 1, "loss": 0.12967970279057037, "lr": 6.557640750670242e-06, "grad_norm": 1.015625, "peak_allocated": 48806364160}
{"step": 1224, "epoch": 1, "loss": 0.14043780341318113, "lr": 6.563002680965148e-06, "grad_norm": 1.2421875, "peak_allocated": 48806364160}
{"step": 1225, "epoch": 1, "loss": 0.16688759564498176, "lr": 6.5683646112600545e-06, "grad_norm": 1.3828125, "peak_allocated": 48806364160}
{"step": 1226, "epoch": 1, "loss": 0.14966453461253898, "lr": 6.57372654155496e-06, "grad_norm": 1.1484375, "peak_allocated": 48806364160}
{"step": 1227, "epoch": 1, "loss": 0.13583460753714596, "lr": 6.579088471849866e-06, "grad_norm": 1.1953125, "peak_allocated": 48806364160}
{"step": 1228, "epoch": 1, "loss": 0.11998749399656843, "lr": 6.584450402144773e-06, "grad_norm": 1.1484375, "peak_allocated": 48806364160}
{"step": 1229, "epoch": 1, "loss": 0.1337657357808081, "lr": 6.589812332439679e-06, "grad_norm": 1.078125, "peak_allocated": 48806364160}
{"step": 1230, "epoch": 1, "loss": 0.15950497351275422, "lr": 6.595174262734585e-06, "grad_norm": 1.3515625, "peak_allocated": 48806364160}
{"step": 1231, "epoch": 1, "loss": 0.11508842007410172, "lr": 6.600536193029491e-06, "grad_norm": 1.0390625, "peak_allocated": 48806364160}
{"step": 1232, "epoch": 1, "loss": 0.16200621536746032, "lr": 6.6058981233243965e-06, "grad_norm": 1.5390625, "peak_allocated": 48806364160}
{"step": 1233, "epoch": 1, "loss": 0.14005378506169497, "lr": 6.611260053619304e-06, "grad_norm": 1.359375, "peak_allocated": 48806364160}
{"step": 1234, "epoch": 1, "loss": 0.155326941752395, "lr": 6.6166219839142096e-06, "grad_norm": 1.390625, "peak_allocated": 48806364160}
{"step": 1235, "epoch": 1, "loss": 0.14449176517926268, "lr": 6.621983914209116e-06, "grad_norm": 1.15625, "peak_allocated": 48806364160}
{"step": 1236, "epoch": 1, "loss": 0.10069963596330625, "lr": 6.627345844504022e-06, "grad_norm": 1.0, "peak_allocated": 48806364160}
{"step": 1237, "epoch": 1, "loss": 0.15807768105121672, "lr": 6.632707774798928e-06, "grad_norm": 1.46875, "peak_allocated": 48806364160}
{"step": 1238, "epoch": 1, "loss": 0.16831599662109512, "lr": 6.638069705093835e-06, "grad_norm": 1.3125, "peak_allocated": 48806364160}
{"step": 1239, "epoch": 1, "loss": 0.11189678045078194, "lr": 6.643431635388741e-06, "grad_norm": 1.203125, "peak_allocated": 48806364160}
{"step": 1240, "epoch": 1, "loss": 0.14747742839507227, "lr": 6.648793565683646e-06, "grad_norm": 1.4375, "peak_allocated": 48806364160}
{"step": 1241, "epoch": 1, "loss": 0.1550313404761255, "lr": 6.654155495978552e-06, "grad_norm": 1.3984375, "peak_allocated": 48806364160}
{"step": 1242, "epoch": 1, "loss": 0.13265808351692213, "lr": 6.6595174262734585e-06, "grad_norm": 1.21875, "peak_allocated": 48806364160}
{"step": 1243, "epoch": 1, "loss": 0.1985849919280662, "lr": 6.6648793565683655e-06, "grad_norm": 1.3828125, "peak_allocated": 48806364160}
{"step": 1244, "epoch": 1, "loss": 0.12365314885184674, "lr": 6.6702412868632716e-06, "grad_norm": 1.1015625, "peak_allocated": 48806364160}
{"step": 1245, "epoch": 2, "loss": 0.14245383452244123, "lr": 6.675603217158178e-06, "grad_norm": 1.2734375, "peak_allocated": 48806364160}
{"step": 1246, "epoch": 2, "loss": 0.14973112789874163, "lr": 6.680965147453084e-06, "grad_norm": 1.2578125, "peak_allocated": 48806364160}
{"step": 1247, "epoch": 2, "loss": 0.10689819380730381, "lr": 6.686327077747989e-06, "grad_norm": 1.09375, "peak_allocated": 48806364160}
{"step": 1248, "epoch": 2, "loss": 0.10108299391906271, "lr": 6.691689008042896e-06, "grad_norm": 1.15625, "peak_allocated": 48806364160}
{"step": 1249, "epoch": 2, "loss": 0.166970309603887, "lr": 6.697050938337802e-06, "grad_norm": 1.25, "peak_allocated": 48806364160}
{"step": 1250, "epoch": 2, "loss": 0.16636830170816802, "lr": 6.702412868632708e-06, "grad_norm": 1.2421875, "peak_allocated": 48806364160}
{"step": 1251, "epoch": 2, "loss": 0.14462732381205654, "lr": 6.707774798927614e-06, "grad_norm": 1.140625, "peak_allocated": 48806364160}
{"step": 1252, "epoch": 2, "loss": 0.1632522707932317, "lr": 6.7131367292225205e-06, "grad_norm": 1.234375, "peak_allocated": 48806364160}
{"step": 1253, "epoch": 2, "loss": 0.13666194812383475, "lr": 6.7184986595174275e-06, "grad_norm": 1.265625, "peak_allocated": 48806364160}
{"step": 1254, "epoch": 2, "loss": 0.1444336172013033, "lr": 6.723860589812334e-06, "grad_norm": 1.1953125, "peak_allocated": 48806364160}
{"step": 1255, "epoch": 2, "loss": 0.12423771144320239, "lr": 6.729222520107239e-06, "grad_norm": 1.1796875, "peak_allocated": 48806364160}
{"step": 1256, "epoch": 2, "loss": 0.1361146370785321, "lr": 6.734584450402145e-06, "grad_norm": 1.21875, "peak_allocated": 48806364160}
{"step": 1257, "epoch": 2, "loss": 0.15625890068662868, "lr": 6.739946380697051e-06, "grad_norm": 1.2421875, "peak_allocated": 48806364160}
{"step": 1258, "epoch": 2, "loss": 0.13454623262205473, "lr": 6.745308310991958e-06, "grad_norm": 1.1484375, "peak_allocated": 48806364160}
{"step": 1259, "epoch": 2, "loss": 0.11613400594053437, "lr": 6.750670241286864e-06, "grad_norm": 1.015625, "peak_allocated": 48806364160}
{"step": 1260, "epoch": 2, "loss": 0.14924802573599855, "lr": 6.75603217158177e-06, "grad_norm": 1.203125, "peak_allocated": 48806364160}
{"step": 1261, "epoch": 2, "loss": 0.1488050727279498, "lr": 6.761394101876676e-06, "grad_norm": 1.1640625, "peak_allocated": 48806364160}
{"step": 1262, "epoch": 2, "loss": 0.1569937143029779, "lr": 6.766756032171582e-06, "grad_norm": 1.2421875, "peak_allocated": 48806364160}
{"step": 1263, "epoch": 2, "loss": 0.1317781807626531, "lr": 6.772117962466489e-06, "grad_norm": 1.234375, "peak_allocated": 48806364160}
{"step": 1264, "epoch": 2, "loss": 0.11676941408164325, "lr": 6.777479892761395e-06, "grad_norm": 1.09375, "peak_allocated": 48806364160}
{"step": 1265, "epoch": 2, "loss": 0.13214489470900276, "lr": 6.782841823056301e-06, "grad_norm": 1.1484375, "peak_allocated": 48806364160}
{"step": 1266, "epoch": 2, "loss": 0.15800556971436885, "lr": 6.788203753351207e-06, "grad_norm": 1.2734375, "peak_allocated": 48806364160}
{"step": 1267, "epoch": 2, "loss": 0.1586520301217604, "lr": 6.793565683646113e-06, "grad_norm": 1.3828125, "peak_allocated": 48806364160}
{"step": 1268, "epoch": 2, "loss": 0.12247295733586169, "lr": 6.79892761394102e-06, "grad_norm": 1.2734375, "peak_allocated": 48806364160}
{"step": 1269, "epoch": 2, "loss": 0.16868239674428218, "lr": 6.804289544235926e-06, "grad_norm": 1.40625, "peak_allocated": 48806364160}
{"step": 1270, "epoch": 2, "loss": 0.1354104081084622, "lr": 6.8096514745308315e-06, "grad_norm": 1.25, "peak_allocated": 48806364160}
{"step": 1271, "epoch": 2, "loss": 0.12365551596395594, "lr": 6.815013404825738e-06, "grad_norm": 1.0234375, "peak_allocated": 48806364160}
{"step": 1272, "epoch": 2, "loss": 0.13243104701285707, "lr": 6.820375335120644e-06, "grad_norm": 1.21875, "peak_allocated": 48806364160}
{"step": 1273, "epoch": 2, "loss": 0.1573169853675234, "lr": 6.825737265415551e-06, "grad_norm": 1.203125, "peak_allocated": 48806364160}
{"step": 1274, "epoch": 2, "loss": 0.14115354115420722, "lr": 6.831099195710457e-06, "grad_norm": 1.234375, "peak_allocated": 48806364160}
{"step": 1275, "epoch": 2, "loss": 0.13370522636999144, "lr": 6.836461126005363e-06, "grad_norm": 1.078125, "peak_allocated": 48806364160}
{"step": 1276, "epoch": 2, "loss": 0.1549858228693573, "lr": 6.841823056300268e-06, "grad_norm": 1.234375, "peak_allocated": 48806364160}
{"step": 1277, "epoch": 2, "loss": 0.15243138403005513, "lr": 6.847184986595174e-06, "grad_norm": 1.1953125, "peak_allocated": 48806364160}
{"step": 1278, "epoch": 2, "loss": 0.1387381146753064, "lr": 6.85254691689008e-06, "grad_norm": 1.2421875, "peak_allocated": 48806364160}
{"step": 1279, "epoch": 2, "loss": 0.14286200547466316, "lr": 6.857908847184987e-06, "grad_norm": 1.1796875, "peak_allocated": 48806364160}
{"step": 1280, "epoch": 2, "loss": 0.16652127243026207, "lr": 6.8632707774798935e-06, "grad_norm": 1.34375, "peak_allocated": 48806364160}
{"step": 1281, "epoch": 2, "loss": 0.1436915258567906, "lr": 6.8686327077748e-06, "grad_norm": 1.2890625, "peak_allocated": 48806364160}
{"step": 1282, "epoch": 2, "loss": 0.17496753247381608, "lr": 6.873994638069706e-06, "grad_norm": 1.25, "peak_allocated": 48806364160}
{"step": 1283, "epoch": 2, "loss": 0.13937516213652457, "lr": 6.879356568364611e-06, "grad_norm": 1.3125, "peak_allocated": 48806364160}
{"step": 1284, "epoch": 2, "loss": 0.14781461200643234, "lr": 6.884718498659518e-06, "grad_norm": 1.21875, "peak_allocated": 48806364160}
{"step": 1285, "epoch": 2, "loss": 0.16745880465046675, "lr": 6.890080428954424e-06, "grad_norm": 1.390625, "peak_allocated": 48806364160}
{"step": 1286, "epoch": 2, "loss": 0.12128006289232378, "lr": 6.89544235924933e-06, "grad_norm": 1.21875, "peak_allocated": 48806364160}
{"step": 1287, "epoch": 2, "loss": 0.14433816836685662, "lr": 6.900804289544236e-06, "grad_norm": 1.1640625, "peak_allocated": 48806364160}
{"step": 1288, "epoch": 2, "loss": 0.13000715999297874, "lr": 6.906166219839142e-06, "grad_norm": 1.1640625, "peak_allocated": 48806364160}
{"step": 1289, "epoch": 2, "loss": 0.13318510187037338, "lr": 6.911528150134049e-06, "grad_norm": 1.28125, "peak_allocated": 48806364160}
{"step": 1290, "epoch": 2, "loss": 0.12946447043030737, "lr": 6.9168900804289555e-06, "grad_norm": 1.203125, "peak_allocated": 48806364160}
{"step": 1291, "epoch": 2, "loss": 0.12123365811016978, "lr": 6.922252010723861e-06, "grad_norm": 1.1640625, "peak_allocated": 48806364160}
{"step": 1292, "epoch": 2, "loss": 0.1570171898428993, "lr": 6.927613941018767e-06, "grad_norm": 1.359375, "peak_allocated": 48806364160}
{"step": 1293, "epoch": 2, "loss": 0.1342615971430242, "lr": 6.932975871313673e-06, "grad_norm": 1.1328125, "peak_allocated": 48806364160}
{"step": 1294, "epoch": 2, "loss": 0.1355493805599805, "lr": 6.93833780160858e-06, "grad_norm": 1.25, "peak_allocated": 48806364160}
{"step": 1295, "epoch": 2, "loss": 0.11653891992896236, "lr": 6.943699731903486e-06, "grad_norm": 1.0859375, "peak_allocated": 48806364160}
{"step": 1296, "epoch": 2, "loss": 0.15369353098517494, "lr": 6.949061662198392e-06, "grad_norm": 1.2578125, "peak_allocated": 48806364160}
{"step": 1297, "epoch": 2, "loss": 0.16256459609936968, "lr": 6.954423592493298e-06, "grad_norm": 1.4296875, "peak_allocated": 48806364160}
{"step": 1298, "epoch": 2, "loss": 0.14741683652038634, "lr": 6.959785522788204e-06, "grad_norm": 1.25, "peak_allocated": 48806364160}
{"step": 1299, "epoch": 2, "loss": 0.12239174452537963, "lr": 6.9651474530831106e-06, "grad_norm": 1.1484375, "peak_allocated": 48806364160}
{"step": 1300, "epoch": 2, "loss": 0.13670819633069112, "lr": 6.970509383378017e-06, "grad_norm": 1.15625, "peak_allocated": 48806364160}
{"step": 1301, "epoch": 2, "loss": 0.15341964823724022, "lr": 6.975871313672923e-06, "grad_norm": 1.3671875, "peak_allocated": 48806364160}
{"step": 1302, "epoch": 2, "loss": 0.13176625039352508, "lr": 6.981233243967829e-06, "grad_norm": 1.234375, "peak_allocated": 48806364160}
{"step": 1303, "epoch": 2, "loss": 0.11497149515526829, "lr": 6.986595174262735e-06, "grad_norm": 1.0859375, "peak_allocated": 48806364160}
{"step": 1304, "epoch": 2, "loss": 0.13741288744771535, "lr": 6.991957104557642e-06, "grad_norm": 1.265625, "peak_allocated": 48806364160}
{"step": 1305, "epoch": 2, "loss": 0.13632329813676825, "lr": 6.997319034852548e-06, "grad_norm": 1.2109375, "peak_allocated": 48806364160}
{"step": 1306, "epoch": 2, "loss": 0.11379076823128337, "lr": 7.002680965147453e-06, "grad_norm": 1.1953125, "peak_allocated": 48806364160}
{"step": 1307, "epoch": 2, "loss": 0.1401642968564221, "lr": 7.0080428954423595e-06, "grad_norm": 1.15625, "peak_allocated": 48806364160}
{"step": 1308, "epoch": 2, "loss": 0.13477567242912109, "lr": 7.013404825737266e-06, "grad_norm": 1.1015625, "peak_allocated": 48806364160}
{"step": 1309, "epoch": 2, "loss": 0.11329171509121197, "lr": 7.0187667560321726e-06, "grad_norm": 1.0078125, "peak_allocated": 48806364160}
{"step": 1310, "epoch": 2, "loss": 0.14832217294781086, "lr": 7.024128686327079e-06, "grad_norm": 1.6015625, "peak_allocated": 48806364160}
{"step": 1311, "epoch": 2, "loss": 0.15705290067222236, "lr": 7.029490616621985e-06, "grad_norm": 1.2578125, "peak_allocated": 48806364160}
{"step": 1312, "epoch": 2, "loss": 0.14150852095238917, "lr": 7.03485254691689e-06, "grad_norm": 1.2109375, "peak_allocated": 48806364160}
{"step": 1313, "epoch": 2, "loss": 0.12518530972065245, "lr": 7.040214477211796e-06, "grad_norm": 1.1875, "peak_allocated": 48806364160}
{"step": 1314, "epoch": 2, "loss": 0.14749123388303392, "lr": 7.045576407506703e-06, "grad_norm": 1.203125, "peak_allocated": 48806364160}
{"step": 1315, "epoch": 2, "loss": 0.16036580398850347, "lr": 7.050938337801609e-06, "grad_norm": 1.296875, "peak_allocated": 48806364160}
{"step": 1316, "epoch": 2, "loss": 0.12891098651955551, "lr": 7.056300268096515e-06, "grad_norm": 1.1015625, "peak_allocated": 48806364160}
{"step": 1317, "epoch": 2, "loss": 0.16231564298527096, "lr": 7.0616621983914215e-06, "grad_norm": 1.3125, "peak_allocated": 48806364160}
{"step": 1318, "epoch": 2, "loss": 0.156787878087783, "lr": 7.067024128686328e-06, "grad_norm": 1.234375, "peak_allocated": 48806364160}
{"step": 1319, "epoch": 2, "loss": 0.14841100050531444, "lr": 7.072386058981235e-06, "grad_norm": 1.390625, "peak_allocated": 48806364160}
{"step": 1320, "epoch": 2, "loss": 0.14282698497179183, "lr": 7.07774798927614e-06, "grad_norm": 1.28125, "peak_allocated": 48806364160}
{"step": 1321, "epoch": 2, "loss": 0.11944309817525806, "lr": 7.083109919571046e-06, "grad_norm": 1.0859375, "peak_allocated": 48806364160}
{"step": 1322, "epoch": 2, "loss": 0.15690152879352823, "lr": 7.088471849865952e-06, "grad_norm": 1.3203125, "peak_allocated": 48806364160}
{"step": 1323, "epoch": 2, "loss": 0.13556873799194843, "lr": 7.093833780160858e-06, "grad_norm": 1.296875, "peak_allocated": 48806364160}
{"step": 1324, "epoch": 2, "loss": 0.15354768125116824, "lr": 7.099195710455765e-06, "grad_norm": 1.3671875, "peak_allocated": 48806364160}
{"step": 1325, "epoch": 2, "loss": 0.14171319135236365, "lr": 7.104557640750671e-06, "grad_norm": 1.234375, "peak_allocated": 48806364160}
{"step": 1326, "epoch": 2, "loss": 0.15858070668042246, "lr": 7.109919571045577e-06, "grad_norm": 1.3359375, "peak_allocated": 48806364160}
{"step": 1327, "epoch": 2, "loss": 0.14434170373312932, "lr": 7.115281501340483e-06, "grad_norm": 1.3125, "peak_allocated": 48806364160}
{"step": 1328, "epoch": 2, "loss": 0.14087299553867885, "lr": 7.120643431635389e-06, "grad_norm": 1.1796875, "peak_allocated": 48806364160}
{"step": 1329, "epoch": 2, "loss": 0.16415234389974057, "lr": 7.126005361930296e-06, "grad_norm": 1.3203125, "peak_allocated": 48806364160}
{"step": 1330, "epoch": 2, "loss": 0.16059779058354842, "lr": 7.131367292225202e-06, "grad_norm": 1.296875, "peak_allocated": 48806364160}
{"step": 1331, "epoch": 2, "loss": 0.15185265147936827, "lr": 7.136729222520108e-06, "grad_norm": 1.265625, "peak_allocated": 48806364160}
{"step": 1332, "epoch": 2, "loss": 0.12845295206006904, "lr": 7.142091152815014e-06, "grad_norm": 1.2421875, "peak_allocated": 48806364160}
{"step": 1333, "epoch": 2, "loss": 0.11765228503639191, "lr": 7.147453083109919e-06, "grad_norm": 1.0390625, "peak_allocated": 48806364160}
{"step": 1334, "epoch": 2, "loss": 0.13130254267234306, "lr": 7.152815013404827e-06, "grad_norm": 1.15625, "peak_allocated": 48806364160}
{"step": 1335, "epoch": 2, "loss": 0.16505826234395773, "lr": 7.1581769436997325e-06, "grad_norm": 1.40625, "peak_allocated": 48806364160}
{"step": 1336, "epoch": 2, "loss": 0.1175502066126741, "lr": 7.163538873994639e-06, "grad_norm": 1.125, "peak_allocated": 48806364160}
{"step": 1337, "epoch": 2, "loss": 0.12639118330700155, "lr": 7.168900804289545e-06, "grad_norm": 1.15625, "peak_allocated": 48806364160}
{"step": 1338, "epoch": 2, "loss": 0.11128402649891381, "lr": 7.174262734584451e-06, "grad_norm": 1.046875, "peak_allocated": 48806364160}
{"step": 1339, "epoch": 2, "loss": 0.15486045739898044, "lr": 7.179624664879357e-06, "grad_norm": 1.328125, "peak_allocated": 48806364160}
{"step": 1340, "epoch": 2, "loss": 0.13801274088304533, "lr": 7.184986595174264e-06, "grad_norm": 1.3515625, "peak_allocated": 48806364160}
{"step": 1341, "epoch": 2, "loss": 0.12247211172660864, "lr": 7.19034852546917e-06, "grad_norm": 1.2265625, "peak_allocated": 48806364160}
{"step": 1342, "epoch": 2, "loss": 0.1320621532234354, "lr": 7.195710455764075e-06, "grad_norm": 1.2578125, "peak_allocated": 48806364160}
{"step": 1343, "epoch": 2, "loss": 0.13862633892385207, "lr": 7.201072386058981e-06, "grad_norm": 1.3203125, "peak_allocated": 48806364160}
{"step": 1344, "epoch": 2, "loss": 0.14200479216447479, "lr": 7.2064343163538875e-06, "grad_norm": 1.265625, "peak_allocated": 48806364160}
{"step": 1345, "epoch": 2, "loss": 0.16519535856179882, "lr": 7.2117962466487945e-06, "grad_norm": 1.2109375, "peak_allocated": 48806364160}
{"step": 1346, "epoch": 2, "loss": 0.15324582500970285, "lr": 7.217158176943701e-06, "grad_norm": 1.2421875, "peak_allocated": 48806364160}
{"step": 1347, "epoch": 2, "loss": 0.18975486341919556, "lr": 7.222520107238607e-06, "grad_norm": 1.5234375, "peak_allocated": 48806364160}
{"step": 1348, "epoch": 2, "loss": 0.15595414122914786, "lr": 7.227882037533512e-06, "grad_norm": 1.34375, "peak_allocated": 48806364160}
{"step": 1349, "epoch": 2, "loss": 0.14709607559774263, "lr": 7.233243967828418e-06, "grad_norm": 1.2421875, "peak_allocated": 48806364160}
{"step": 1350, "epoch": 2, "loss": 0.1390588667042122, "lr": 7.238605898123325e-06, "grad_norm": 1.21875, "peak_allocated": 48806364160}
{"step": 1351, "epoch": 2, "loss": 0.13333249973619113, "lr": 7.243967828418231e-06, "grad_norm": 1.15625, "peak_allocated": 48806364160}
{"step": 1352, "epoch": 2, "loss": 0.12924106446120287, "lr": 7.249329758713137e-06, "grad_norm": 1.1875, "peak_allocated": 48806364160}
{"step": 1353, "epoch": 2, "loss": 0.12859462573997496, "lr": 7.2546916890080434e-06, "grad_norm": 1.0625, "peak_allocated": 48806364160}
{"step": 1354, "epoch": 2, "loss": 0.13662775259964055, "lr": 7.2600536193029495e-06, "grad_norm": 1.28125, "peak_allocated": 48806364160}
{"step": 1355, "epoch": 2, "loss": 0.1419442911809495, "lr": 7.2654155495978565e-06, "grad_norm": 1.2734375, "peak_allocated": 48806364160}
{"step": 1356, "epoch": 2, "loss": 0.10289073811055807, "lr": 7.270777479892762e-06, "grad_norm": 1.0234375, "peak_allocated": 48806364160}
{"step": 1357, "epoch": 2, "loss": 0.13976829179023442, "lr": 7.276139410187668e-06, "grad_norm": 1.1484375, "peak_allocated": 48806364160}
{"step": 1358, "epoch": 2, "loss": 0.1311060590415819, "lr": 7.281501340482574e-06, "grad_norm": 1.203125, "peak_allocated": 48806364160}
{"step": 1359, "epoch": 2, "loss": 0.14240921499968712, "lr": 7.28686327077748e-06, "grad_norm": 1.1171875, "peak_allocated": 48806364160}
{"step": 1360, "epoch": 2, "loss": 0.15564472868693333, "lr": 7.292225201072387e-06, "grad_norm": 1.390625, "peak_allocated": 48806364160}
{"step": 1361, "epoch": 2, "loss": 0.16057748126128102, "lr": 7.297587131367293e-06, "grad_norm": 1.3984375, "peak_allocated": 48806364160}
{"step": 1362, "epoch": 2, "loss": 0.13518903092278425, "lr": 7.302949061662199e-06, "grad_norm": 1.140625, "peak_allocated": 48806364160}
{"step": 1363, "epoch": 2, "loss": 0.13220199649058048, "lr": 7.308310991957105e-06, "grad_norm": 1.0703125, "peak_allocated": 48806364160}
{"step": 1364, "epoch": 2, "loss": 0.1339098282626798, "lr": 7.313672922252011e-06, "grad_norm": 1.1640625, "peak_allocated": 48806364160}
{"step": 1365, "epoch": 2, "loss": 0.14434760125728824, "lr": 7.319034852546918e-06, "grad_norm": 1.25, "peak_allocated": 48806364160}
{"step": 1366, "epoch": 2, "loss": 0.14580199578634573, "lr": 7.324396782841824e-06, "grad_norm": 1.296875, "peak_allocated": 48806364160}
{"step": 1367, "epoch": 2, "loss": 0.15481056592169223, "lr": 7.32975871313673e-06, "grad_norm": 1.46875, "peak_allocated": 48806364160}
{"step": 1368, "epoch": 2, "loss": 0.16940691745300526, "lr": 7.335120643431636e-06, "grad_norm": 1.3515625, "peak_allocated": 48806364160}
{"step": 1369, "epoch": 2, "loss": 0.12197140246414147, "lr": 7.340482573726541e-06, "grad_norm": 1.1171875, "peak_allocated": 48806364160}
{"step": 1370, "epoch": 2, "loss": 0.1301692248346281, "lr": 7.345844504021449e-06, "grad_norm": 1.078125, "peak_allocated": 48806364160}
{"step": 1371, "epoch": 2, "loss": 0.1517484098727456, "lr": 7.351206434316354e-06, "grad_norm": 1.4921875, "peak_allocated": 48806364160}
{"step": 1372, "epoch": 2, "loss": 0.16529011630424947, "lr": 7.3565683646112605e-06, "grad_norm": 1.453125, "peak_allocated": 48806364160}
{"step": 1373, "epoch": 2, "loss": 0.13506979269334946, "lr": 7.361930294906167e-06, "grad_norm": 1.21875, "peak_allocated": 48806364160}
{"step": 1374, "epoch": 2, "loss": 0.13929387215174185, "lr": 7.367292225201073e-06, "grad_norm": 1.3203125, "peak_allocated": 48806364160}
{"step": 1375, "epoch": 2, "loss": 0.13975238169097412, "lr": 7.37265415549598e-06, "grad_norm": 1.28125, "peak_allocated": 48806364160}
{"step": 1376, "epoch": 2, "loss": 0.14315990339809476, "lr": 7.378016085790886e-06, "grad_norm": 1.34375, "peak_allocated": 48806364160}
{"step": 1377, "epoch": 2, "loss": 0.14484641824231242, "lr": 7.383378016085792e-06, "grad_norm": 1.25, "peak_allocated": 48806364160}
{"step": 1378, "epoch": 2, "loss": 0.15113132030668633, "lr": 7.388739946380697e-06, "grad_norm": 1.2109375, "peak_allocated": 48806364160}
{"step": 1379, "epoch": 2, "loss": 0.11022724891833208, "lr": 7.394101876675603e-06, "grad_norm": 1.1328125, "peak_allocated": 48806364160}
{"step": 1380, "epoch": 2, "loss": 0.11651541312917559, "lr": 7.39946380697051e-06, "grad_norm": 1.046875, "peak_allocated": 48806364160}
{"step": 1381, "epoch": 2, "loss": 0.1625170336626075, "lr": 7.404825737265416e-06, "grad_norm": 1.25, "peak_allocated": 48806364160}
{"step": 1382, "epoch": 2, "loss": 0.1211101947744922, "lr": 7.4101876675603225e-06, "grad_norm": 1.03125, "peak_allocated": 48806364160}
{"step": 1383, "epoch": 2, "loss": 0.1191050190966399, "lr": 7.415549597855229e-06, "grad_norm": 1.265625, "peak_allocated": 48806364160}
{"step": 1384, "epoch": 2, "loss": 0.1571959065351096, "lr": 7.420911528150134e-06, "grad_norm": 1.2734375, "peak_allocated": 48806364160}
{"step": 1385, "epoch": 2, "loss": 0.15511302054477488, "lr": 7.426273458445042e-06, "grad_norm": 1.484375, "peak_allocated": 48806364160}
{"step": 1386, "epoch": 2, "loss": 0.11853149910186954, "lr": 7.431635388739947e-06, "grad_norm": 1.1015625, "peak_allocated": 48806364160}
{"step": 1387, "epoch": 2, "loss": 0.17371097087964815, "lr": 7.436997319034853e-06, "grad_norm": 1.359375, "peak_allocated": 48806364160}
{"step": 1388, "epoch": 2, "loss": 0.13035816766986696, "lr": 7.442359249329759e-06, "grad_norm": 1.1953125, "peak_allocated": 48806364160}
{"step": 1389, "epoch": 2, "loss": 0.14848183677875187, "lr": 7.447721179624665e-06, "grad_norm": 1.2578125, "peak_allocated": 48806364160}
{"step": 1390, "epoch": 2, "loss": 0.1367311463528854, "lr": 7.453083109919572e-06, "grad_norm": 1.1640625, "peak_allocated": 48806364160}
{"step": 1391, "epoch": 2, "loss": 0.1317183560073774, "lr": 7.458445040214478e-06, "grad_norm": 1.1796875, "peak_allocated": 48806364160}
{"step": 1392, "epoch": 2, "loss": 0.15134841893324144, "lr": 7.463806970509384e-06, "grad_norm": 1.421875, "peak_allocated": 48806364160}
{"step": 1393, "epoch": 2, "loss": 0.14418557389082756, "lr": 7.46916890080429e-06, "grad_norm": 1.2890625, "peak_allocated": 48806364160}
{"step": 1394, "epoch": 2, "loss": 0.148779051492779, "lr": 7.474530831099196e-06, "grad_norm": 1.2265625, "peak_allocated": 48806364160}
{"step": 1395, "epoch": 2, "loss": 0.12921347133138322, "lr": 7.479892761394103e-06, "grad_norm": 1.2890625, "peak_allocated": 48806364160}
{"step": 1396, "epoch": 2, "loss": 0.14353723678906288, "lr": 7.485254691689009e-06, "grad_norm": 1.1875, "peak_allocated": 48806364160}
{"step": 1397, "epoch": 2, "loss": 0.11666534201776255, "lr": 7.490616621983915e-06, "grad_norm": 1.078125, "peak_allocated": 48806364160}
{"step": 1398, "epoch": 2, "loss": 0.1618780656426127, "lr": 7.495978552278821e-06, "grad_norm": 1.5234375, "peak_allocated": 48806364160}
{"step": 1399, "epoch": 2, "loss": 0.14505204842606892, "lr": 7.5013404825737265e-06, "grad_norm": 1.1484375, "peak_allocated": 48806364160}
{"step": 1400, "epoch": 2, "loss": 0.11075744054003342, "lr": 7.506702412868633e-06, "grad_norm": 1.0078125, "peak_allocated": 48806364160}
{"step": 1401, "epoch": 2, "loss": 0.12874488738266116, "lr": 7.51206434316354e-06, "grad_norm": 1.2109375, "peak_allocated": 48806364160}
{"step": 1402, "epoch": 2, "loss": 0.10521812697207958, "lr": 7.517426273458446e-06, "grad_norm": 1.4296875, "peak_allocated": 48806364160}
{"step": 1403, "epoch": 2, "loss": 0.14148456323926487, "lr": 7.522788203753352e-06, "grad_norm": 1.2890625, "peak_allocated": 48806364160}
{"step": 1404, "epoch": 2, "loss": 0.13538824194695648, "lr": 7.528150134048258e-06, "grad_norm": 1.296875, "peak_allocated": 48806364160}
{"step": 1405, "epoch": 2, "loss": 0.15410366314408677, "lr": 7.533512064343163e-06, "grad_norm": 1.359375, "peak_allocated": 48806364160}
{"step": 1406, "epoch": 2, "loss": 0.1537326003917268, "lr": 7.538873994638071e-06, "grad_norm": 1.25, "peak_allocated": 48806364160}
{"step": 1407, "epoch": 2, "loss": 0.11723230507882748, "lr": 7.544235924932976e-06, "grad_norm": 1.1171875, "peak_allocated": 48806364160}
{"step": 1408, "epoch": 2, "loss": 0.13056415930032186, "lr": 7.549597855227882e-06, "grad_norm": 1.3671875, "peak_allocated": 48806364160}
{"step": 1409, "epoch": 2, "loss": 0.12004136880181872, "lr": 7.5549597855227885e-06, "grad_norm": 1.09375, "peak_allocated": 48806364160}
{"step": 1410, "epoch": 2, "loss": 0.1300994645015913, "lr": 7.560321715817695e-06, "grad_norm": 1.3046875, "peak_allocated": 48806364160}
{"step": 1411, "epoch": 2, "loss": 0.13115725101809297, "lr": 7.565683646112602e-06, "grad_norm": 1.2265625, "peak_allocated": 48806364160}
{"step": 1412, "epoch": 2, "loss": 0.1313184146813229, "lr": 7.571045576407508e-06, "grad_norm": 1.234375, "peak_allocated": 48806364160}
{"step": 1413, "epoch": 2, "loss": 0.12206491785509412, "lr": 7.576407506702414e-06, "grad_norm": 1.0859375, "peak_allocated": 48806364160}
{"step": 1414, "epoch": 2, "loss": 0.1369206753264391, "lr": 7.581769436997319e-06, "grad_norm": 1.3828125, "peak_allocated": 48806364160}
{"step": 1415, "epoch": 2, "loss": 0.14286607993107128, "lr": 7.587131367292225e-06, "grad_norm": 1.2578125, "peak_allocated": 48806364160}
{"step": 1416, "epoch": 2, "loss": 0.13099437857882296, "lr": 7.592493297587132e-06, "grad_norm": 1.1640625, "peak_allocated": 48806364160}
{"step": 1417, "epoch": 2, "loss": 0.13297154009915094, "lr": 7.597855227882038e-06, "grad_norm": 1.2109375, "peak_allocated": 48806364160}
{"step": 1418, "epoch": 2, "loss": 0.1169709622900603, "lr": 7.6032171581769444e-06, "grad_norm": 0.97265625, "peak_allocated": 48806364160}
{"step": 1419, "epoch": 2, "loss": 0.1307096810047416, "lr": 7.6085790884718505e-06, "grad_norm": 1.0703125, "peak_allocated": 48806364160}
{"step": 1420, "epoch": 2, "loss": 0.1655404310858629, "lr": 7.613941018766756e-06, "grad_norm": 1.7890625, "peak_allocated": 48806364160}
{"step": 1421, "epoch": 2, "loss": 0.1503226880372068, "lr": 7.619302949061664e-06, "grad_norm": 1.28125, "peak_allocated": 48806364160}
{"step": 1422, "epoch": 2, "loss": 0.11635715263627107, "lr": 7.624664879356569e-06, "grad_norm": 1.234375, "peak_allocated": 48806364160}
{"step": 1423, "epoch": 2, "loss": 0.16645995752886678, "lr": 7.630026809651475e-06, "grad_norm": 1.4296875, "peak_allocated": 48806364160}
{"step": 1424, "epoch": 2, "loss": 0.11381196154019058, "lr": 7.63538873994638e-06, "grad_norm": 1.125, "peak_allocated": 48806364160}
{"step": 1425, "epoch": 2, "loss": 0.15700465559888985, "lr": 7.640750670241287e-06, "grad_norm": 1.484375, "peak_allocated": 48806364160}
{"step": 1426, "epoch": 2, "loss": 0.1210909551854963, "lr": 7.646112600536194e-06, "grad_norm": 1.0078125, "peak_allocated": 48806364160}
{"step": 1427, "epoch": 2, "loss": 0.11966692976122725, "lr": 7.6514745308311e-06, "grad_norm": 1.03125, "peak_allocated": 48806364160}
{"step": 1428, "epoch": 2, "loss": 0.16706537094051652, "lr": 7.656836461126006e-06, "grad_norm": 1.2578125, "peak_allocated": 48806364160}
{"step": 1429, "epoch": 2, "loss": 0.15466235097372957, "lr": 7.662198391420912e-06, "grad_norm": 1.2109375, "peak_allocated": 48806364160}
{"step": 1430, "epoch": 2, "loss": 0.13740339018728986, "lr": 7.667560321715819e-06, "grad_norm": 1.2109375, "peak_allocated": 48806364160}
{"step": 1431, "epoch": 2, "loss": 0.13128214740662025, "lr": 7.672922252010726e-06, "grad_norm": 1.1953125, "peak_allocated": 48806364160}
{"step": 1432, "epoch": 2, "loss": 0.12304479483071755, "lr": 7.678284182305631e-06, "grad_norm": 1.2109375, "peak_allocated": 48806364160}
{"step": 1433, "epoch": 2, "loss": 0.13826677904594212, "lr": 7.683646112600536e-06, "grad_norm": 1.2890625, "peak_allocated": 48806364160}
{"step": 1434, "epoch": 2, "loss": 0.14782579129150814, "lr": 7.689008042895443e-06, "grad_norm": 1.359375, "peak_allocated": 48806364160}
{"step": 1435, "epoch": 2, "loss": 0.14035535769100493, "lr": 7.694369973190348e-06, "grad_norm": 1.4140625, "peak_allocated": 48806364160}
{"step": 1436, "epoch": 2, "loss": 0.17036650853625665, "lr": 7.699731903485255e-06, "grad_norm": 1.734375, "peak_allocated": 48806364160}
{"step": 1437, "epoch": 2, "loss": 0.1448689928575698, "lr": 7.705093833780162e-06, "grad_norm": 1.375, "peak_allocated": 48806364160}
{"step": 1438, "epoch": 2, "loss": 0.15041731048111392, "lr": 7.710455764075068e-06, "grad_norm": 1.234375, "peak_allocated": 48806364160}
{"step": 1439, "epoch": 2, "loss": 0.11173073966688706, "lr": 7.715817694369973e-06, "grad_norm": 1.125, "peak_allocated": 48806364160}
{"step": 1440, "epoch": 2, "loss": 0.14247638956761055, "lr": 7.72117962466488e-06, "grad_norm": 1.078125, "peak_allocated": 48806364160}
{"step": 1441, "epoch": 2, "loss": 0.13096871991510406, "lr": 7.726541554959787e-06, "grad_norm": 1.1875, "peak_allocated": 48806364160}
{"step": 1442, "epoch": 2, "loss": 0.12473849665572188, "lr": 7.731903485254692e-06, "grad_norm": 1.1015625, "peak_allocated": 48806364160}
{"step": 1443, "epoch": 2, "loss": 0.13077198973004162, "lr": 7.737265415549599e-06, "grad_norm": 1.2578125, "peak_allocated": 48806364160}
{"step": 1444, "epoch": 2, "loss": 0.13290108534100648, "lr": 7.742627345844504e-06, "grad_norm": 1.140625, "peak_allocated": 48806364160}
{"step": 1445, "epoch": 2, "loss": 0.13406441113077977, "lr": 7.74798927613941e-06, "grad_norm": 1.09375, "peak_allocated": 48806364160}
{"step": 1446, "epoch": 2, "loss": 0.1395501561937586, "lr": 7.753351206434318e-06, "grad_norm": 1.2890625, "peak_allocated": 48806364160}
{"step": 1447, "epoch": 2, "loss": 0.14013292448848558, "lr": 7.758713136729224e-06, "grad_norm": 1.15625, "peak_allocated": 48806364160}
{"step": 1448, "epoch": 2, "loss": 0.13920936938232475, "lr": 7.764075067024129e-06, "grad_norm": 1.328125, "peak_allocated": 48806364160}
{"step": 1449, "epoch": 2, "loss": 0.15892667551858725, "lr": 7.769436997319036e-06, "grad_norm": 1.28125, "peak_allocated": 48806364160}
{"step": 1450, "epoch": 2, "loss": 0.13674716284703553, "lr": 7.774798927613941e-06, "grad_norm": 1.28125, "peak_allocated": 48806364160}
{"step": 1451, "epoch": 2, "loss": 0.13511088630854293, "lr": 7.780160857908848e-06, "grad_norm": 1.1796875, "peak_allocated": 48806364160}
{"step": 1452, "epoch": 2, "loss": 0.1418366928140098, "lr": 7.785522788203755e-06, "grad_norm": 1.25, "peak_allocated": 48806364160}
{"step": 1453, "epoch": 2, "loss": 0.15392841900543955, "lr": 7.79088471849866e-06, "grad_norm": 1.3203125, "peak_allocated": 48806364160}
{"step": 1454, "epoch": 2, "loss": 0.1284035629233378, "lr": 7.796246648793565e-06, "grad_norm": 1.2265625, "peak_allocated": 48806364160}
{"step": 1455, "epoch": 2, "loss": 0.159744712193359, "lr": 7.801608579088472e-06, "grad_norm": 1.3671875, "peak_allocated": 48806364160}
{"step": 1456, "epoch": 2, "loss": 0.15720632333839543, "lr": 7.80697050938338e-06, "grad_norm": 1.2421875, "peak_allocated": 48806364160}
{"step": 1457, "epoch": 2, "loss": 0.1254723784038229, "lr": 7.812332439678285e-06, "grad_norm": 1.125, "peak_allocated": 48806364160}
{"step": 1458, "epoch": 2, "loss": 0.10874341119729194, "lr": 7.817694369973192e-06, "grad_norm": 1.078125, "peak_allocated": 48806364160}
{"step": 1459, "epoch": 2, "loss": 0.15032193012796755, "lr": 7.823056300268097e-06, "grad_norm": 1.203125, "peak_allocated": 48806364160}
{"step": 1460, "epoch": 2, "loss": 0.12765260453410499, "lr": 7.828418230563002e-06, "grad_norm": 1.234375, "peak_allocated": 48806364160}
{"step": 1461, "epoch": 2, "loss": 0.12583879112537497, "lr": 7.83378016085791e-06, "grad_norm": 1.078125, "peak_allocated": 48806364160}
{"step": 1462, "epoch": 2, "loss": 0.13571457445053053, "lr": 7.839142091152816e-06, "grad_norm": 1.171875, "peak_allocated": 48806364160}
{"step": 1463, "epoch": 2, "loss": 0.15589857082679975, "lr": 7.844504021447721e-06, "grad_norm": 1.3359375, "peak_allocated": 48806364160}
{"step": 1464, "epoch": 2, "loss": 0.11382474852025444, "lr": 7.849865951742628e-06, "grad_norm": 1.0078125, "peak_allocated": 48806364160}
{"step": 1465, "epoch": 2, "loss": 0.1536589502914244, "lr": 7.855227882037534e-06, "grad_norm": 1.3828125, "peak_allocated": 48806364160}
{"step": 1466, "epoch": 2, "loss": 0.14193057831180048, "lr": 7.86058981233244e-06, "grad_norm": 1.2109375, "peak_allocated": 48806364160}
{"step": 1467, "epoch": 2, "loss": 0.14634510472399984, "lr": 7.865951742627348e-06, "grad_norm": 1.6484375, "peak_allocated": 48806364160}
{"step": 1468, "epoch": 2, "loss": 0.11480631667706336, "lr": 7.871313672922253e-06, "grad_norm": 1.375, "peak_allocated": 48806364160}
{"step": 1469, "epoch": 2, "loss": 0.14835755626219466, "lr": 7.876675603217158e-06, "grad_norm": 1.21875, "peak_allocated": 48806364160}
{"step": 1470, "epoch": 2, "loss": 0.17226191925433804, "lr": 7.882037533512065e-06, "grad_norm": 1.2890625, "peak_allocated": 48806364160}
{"step": 1471, "epoch": 2, "loss": 0.15649661771934067, "lr": 7.88739946380697e-06, "grad_norm": 1.390625, "peak_allocated": 48806364160}
{"step": 1472, "epoch": 2, "loss": 0.13971104188679942, "lr": 7.892761394101877e-06, "grad_norm": 1.453125, "peak_allocated": 48806364160}
{"step": 1473, "epoch": 2, "loss": 0.1587491597024703, "lr": 7.898123324396784e-06, "grad_norm": 1.25, "peak_allocated": 48806364160}
{"step": 1474, "epoch": 2, "loss": 0.10712478827581416, "lr": 7.90348525469169e-06, "grad_norm": 1.2109375, "peak_allocated": 48806364160}
{"step": 1475, "epoch": 2, "loss": 0.14295750107280364, "lr": 7.908847184986595e-06, "grad_norm": 1.2578125, "peak_allocated": 48806364160}
{"step": 1476, "epoch": 2, "loss": 0.15228274051956575, "lr": 7.914209115281502e-06, "grad_norm": 1.3046875, "peak_allocated": 48806364160}
{"step": 1477, "epoch": 2, "loss": 0.11691263087797228, "lr": 7.919571045576409e-06, "grad_norm": 1.2109375, "peak_allocated": 48806364160}
{"step": 1478, "epoch": 2, "loss": 0.1218631719351208, "lr": 7.924932975871314e-06, "grad_norm": 1.125, "peak_allocated": 48806364160}
{"step": 1479, "epoch": 2, "loss": 0.15385876242471552, "lr": 7.930294906166221e-06, "grad_norm": 1.234375, "peak_allocated": 48806364160}
{"step": 1480, "epoch": 2, "loss": 0.17531092666548576, "lr": 7.935656836461126e-06, "grad_norm": 1.421875, "peak_allocated": 48806364160}
{"step": 1481, "epoch": 2, "loss": 0.16723297099926906, "lr": 7.941018766756032e-06, "grad_norm": 1.4453125, "peak_allocated": 48806364160}
{"step": 1482, "epoch": 2, "loss": 0.128148180353349, "lr": 7.94638069705094e-06, "grad_norm": 1.15625, "peak_allocated": 48806364160}
{"step": 1483, "epoch": 2, "loss": 0.13135282684246824, "lr": 7.951742627345845e-06, "grad_norm": 1.1015625, "peak_allocated": 48806364160}
{"step": 1484, "epoch": 2, "loss": 0.13240062686740459, "lr": 7.95710455764075e-06, "grad_norm": 1.421875, "peak_allocated": 48806364160}
{"step": 1485, "epoch": 2, "loss": 0.12556581978910497, "lr": 7.962466487935658e-06, "grad_norm": 1.0390625, "peak_allocated": 48806364160}
{"step": 1486, "epoch": 2, "loss": 0.15229611953043729, "lr": 7.967828418230563e-06, "grad_norm": 1.2109375, "peak_allocated": 48806364160}
{"step": 1487, "epoch": 2, "loss": 0.11719591375268845, "lr": 7.97319034852547e-06, "grad_norm": 1.1640625, "peak_allocated": 48806364160}
{"step": 1488, "epoch": 2, "loss": 0.141200624767477, "lr": 7.978552278820377e-06, "grad_norm": 1.2265625, "peak_allocated": 48806364160}
{"step": 1489, "epoch": 2, "loss": 0.1276708714890627, "lr": 7.983914209115282e-06, "grad_norm": 1.1640625, "peak_allocated": 48806364160}
{"step": 1490, "epoch": 2, "loss": 0.11735985796341143, "lr": 7.989276139410187e-06, "grad_norm": 1.1640625, "peak_allocated": 48806364160}
{"step": 1491, "epoch": 2, "loss": 0.10308210189800684, "lr": 7.994638069705094e-06, "grad_norm": 1.1328125, "peak_allocated": 48806364160}
{"step": 1492, "epoch": 2, "loss": 0.14512822292201716, "lr": 8.000000000000001e-06, "grad_norm": 1.421875, "peak_allocated": 48806364160}
{"step": 1493, "epoch": 2, "loss": 0.13971213492021928, "lr": 8.005361930294907e-06, "grad_norm": 1.28125, "peak_allocated": 48806364160}
{"step": 1494, "epoch": 2, "loss": 0.13590091167904075, "lr": 8.010723860589814e-06, "grad_norm": 1.34375, "peak_allocated": 48806364160}
{"step": 1495, "epoch": 2, "loss": 0.14489545990142488, "lr": 8.016085790884719e-06, "grad_norm": 1.28125, "peak_allocated": 48806364160}
{"step": 1496, "epoch": 2, "loss": 0.1261532694236846, "lr": 8.021447721179624e-06, "grad_norm": 1.0546875, "peak_allocated": 48806364160}
{"step": 1497, "epoch": 2, "loss": 0.13443498969170323, "lr": 8.026809651474533e-06, "grad_norm": 1.2890625, "peak_allocated": 48806364160}
{"step": 1498, "epoch": 2, "loss": 0.15132495021542502, "lr": 8.032171581769438e-06, "grad_norm": 1.3203125, "peak_allocated": 48806364160}
{"step": 1499, "epoch": 2, "loss": 0.1428851324493936, "lr": 8.037533512064343e-06, "grad_norm": 1.3046875, "peak_allocated": 48806364160}
{"step": 1500, "epoch": 2, "loss": 0.11638497354177683, "lr": 8.04289544235925e-06, "grad_norm": 1.1796875, "peak_allocated": 48806364160}
{"step": 1501, "epoch": 2, "loss": 0.12723272168655633, "lr": 8.048257372654156e-06, "grad_norm": 1.2578125, "peak_allocated": 48806364160}
{"step": 1502, "epoch": 2, "loss": 0.12545772752809503, "lr": 8.053619302949063e-06, "grad_norm": 1.125, "peak_allocated": 48806364160}
{"step": 1503, "epoch": 2, "loss": 0.10201107245130506, "lr": 8.05898123324397e-06, "grad_norm": 1.2890625, "peak_allocated": 48806364160}
{"step": 1504, "epoch": 2, "loss": 0.14011402945127713, "lr": 8.064343163538875e-06, "grad_norm": 1.234375, "peak_allocated": 48806364160}
{"step": 1505, "epoch": 2, "loss": 0.14331250032326, "lr": 8.06970509383378e-06, "grad_norm": 1.375, "peak_allocated": 48806364160}
{"step": 1506, "epoch": 2, "loss": 0.13767234021406885, "lr": 8.075067024128687e-06, "grad_norm": 1.28125, "peak_allocated": 48806364160}
{"step": 1507, "epoch": 2, "loss": 0.14386879926021318, "lr": 8.080428954423594e-06, "grad_norm": 1.4375, "peak_allocated": 48806364160}
{"step": 1508, "epoch": 2, "loss": 0.1200722963542809, "lr": 8.0857908847185e-06, "grad_norm": 1.234375, "peak_allocated": 48806364160}
{"step": 1509, "epoch": 2, "loss": 0.1310315711066535, "lr": 8.091152815013406e-06, "grad_norm": 1.2734375, "peak_allocated": 48806364160}
{"step": 1510, "epoch": 2, "loss": 0.1449208419560908, "lr": 8.096514745308311e-06, "grad_norm": 1.6171875, "peak_allocated": 48806364160}
{"step": 1511, "epoch": 2, "loss": 0.1267901382292702, "lr": 8.101876675603217e-06, "grad_norm": 1.234375, "peak_allocated": 48806364160}
{"step": 1512, "epoch": 2, "loss": 0.1405687265757925, "lr": 8.107238605898124e-06, "grad_norm": 1.1640625, "peak_allocated": 48806364160}
{"step": 1513, "epoch": 2, "loss": 0.15395174360734545, "lr": 8.11260053619303e-06, "grad_norm": 1.4453125, "peak_allocated": 48806364160}
{"step": 1514, "epoch": 2, "loss": 0.15799056818652207, "lr": 8.117962466487936e-06, "grad_norm": 1.3671875, "peak_allocated": 48806364160}
{"step": 1515, "epoch": 2, "loss": 0.1598473148405552, "lr": 8.123324396782843e-06, "grad_norm": 1.3203125, "peak_allocated": 48806364160}
{"step": 1516, "epoch": 2, "loss": 0.15095858185993674, "lr": 8.128686327077748e-06, "grad_norm": 1.4453125, "peak_allocated": 48806364160}
{"step": 1517, "epoch": 2, "loss": 0.14071230982855412, "lr": 8.134048257372655e-06, "grad_norm": 1.203125, "peak_allocated": 48806364160}
{"step": 1518, "epoch": 2, "loss": 0.13691138436396003, "lr": 8.139410187667562e-06, "grad_norm": 1.1328125, "peak_allocated": 48806364160}
{"step": 1519, "epoch": 2, "loss": 0.1377780621395192, "lr": 8.144772117962467e-06, "grad_norm": 1.1484375, "peak_allocated": 48806364160}
{"step": 1520, "epoch": 2, "loss": 0.14502998487455326, "lr": 8.150134048257373e-06, "grad_norm": 1.28125, "peak_allocated": 48806364160}
{"step": 1521, "epoch": 2, "loss": 0.12337214180651558, "lr": 8.15549597855228e-06, "grad_norm": 1.09375, "peak_allocated": 48806364160}
{"step": 1522, "epoch": 2, "loss": 0.13168560604864454, "lr": 8.160857908847187e-06, "grad_norm": 1.078125, "peak_allocated": 48806364160}
{"step": 1523, "epoch": 2, "loss": 0.1322421760998226, "lr": 8.166219839142092e-06, "grad_norm": 1.1953125, "peak_allocated": 48806364160}
{"step": 1524, "epoch": 2, "loss": 0.13539414619081072, "lr": 8.171581769436999e-06, "grad_norm": 1.3203125, "peak_allocated": 48806364160}
{"step": 1525, "epoch": 2, "loss": 0.13743869971280553, "lr": 8.176943699731904e-06, "grad_norm": 1.2265625, "peak_allocated": 48806364160}
{"step": 1526, "epoch": 2, "loss": 0.10370468025066223, "lr": 8.18230563002681e-06, "grad_norm": 0.84375, "peak_allocated": 48806939648}
{"step": 1527, "epoch": 2, "loss": 0.10746516501165417, "lr": 8.187667560321716e-06, "grad_norm": 1.0, "peak_allocated": 48806939648}
{"step": 1528, "epoch": 2, "loss": 0.11779293231244516, "lr": 8.193029490616623e-06, "grad_norm": 1.1796875, "peak_allocated": 48806939648}
{"step": 1529, "epoch": 2, "loss": 0.13333794757888406, "lr": 8.198391420911529e-06, "grad_norm": 1.1328125, "peak_allocated": 48806939648}
{"step": 1530, "epoch": 2, "loss": 0.15594825807217616, "lr": 8.203753351206435e-06, "grad_norm": 1.578125, "peak_allocated": 48806939648}
{"step": 1531, "epoch": 2, "loss": 0.14958269820879583, "lr": 8.20911528150134e-06, "grad_norm": 1.2890625, "peak_allocated": 48806939648}
{"step": 1532, "epoch": 2, "loss": 0.15935267255847818, "lr": 8.214477211796246e-06, "grad_norm": 1.3203125, "peak_allocated": 48806939648}
{"step": 1533, "epoch": 2, "loss": 0.14534062748657853, "lr": 8.219839142091155e-06, "grad_norm": 1.3515625, "peak_allocated": 48806939648}
{"step": 1534, "epoch": 2, "loss": 0.1372150138404597, "lr": 8.22520107238606e-06, "grad_norm": 1.34375, "peak_allocated": 48806939648}
{"step": 1535, "epoch": 2, "loss": 0.1354053306854198, "lr": 8.230563002680965e-06, "grad_norm": 1.3125, "peak_allocated": 48806939648}
{"step": 1536, "epoch": 2, "loss": 0.1346007969604835, "lr": 8.235924932975872e-06, "grad_norm": 1.171875, "peak_allocated": 48806939648}
{"step": 1537, "epoch": 2, "loss": 0.10828910375971838, "lr": 8.241286863270777e-06, "grad_norm": 1.0234375, "peak_allocated": 48806939648}
{"step": 1538, "epoch": 2, "loss": 0.12148822997459921, "lr": 8.246648793565684e-06, "grad_norm": 1.2109375, "peak_allocated": 48806939648}
{"step": 1539, "epoch": 2, "loss": 0.1574239692816863, "lr": 8.252010723860591e-06, "grad_norm": 1.328125, "peak_allocated": 48806939648}
{"step": 1540, "epoch": 2, "loss": 0.13149098252534455, "lr": 8.257372654155497e-06, "grad_norm": 1.3203125, "peak_allocated": 48806939648}
{"step": 1541, "epoch": 2, "loss": 0.1571562476013807, "lr": 8.262734584450402e-06, "grad_norm": 1.453125, "peak_allocated": 48806939648}
{"step": 1542, "epoch": 2, "loss": 0.1207546477710275, "lr": 8.268096514745309e-06, "grad_norm": 1.15625, "peak_allocated": 48806939648}
{"step": 1543, "epoch": 2, "loss": 0.13391144997294543, "lr": 8.273458445040216e-06, "grad_norm": 1.171875, "peak_allocated": 48806939648}
{"step": 1544, "epoch": 2, "loss": 0.13953256978595568, "lr": 8.278820375335121e-06, "grad_norm": 1.3671875, "peak_allocated": 48806939648}
{"step": 1545, "epoch": 2, "loss": 0.14212016265796187, "lr": 8.284182305630028e-06, "grad_norm": 1.3125, "peak_allocated": 48806939648}
{"step": 1546, "epoch": 2, "loss": 0.14409673437674386, "lr": 8.289544235924933e-06, "grad_norm": 1.3515625, "peak_allocated": 48806939648}
{"step": 1547, "epoch": 2, "loss": 0.1538728253480996, "lr": 8.294906166219839e-06, "grad_norm": 1.4921875, "peak_allocated": 48806939648}
{"step": 1548, "epoch": 2, "loss": 0.12630310966193828, "lr": 8.300268096514746e-06, "grad_norm": 1.1015625, "peak_allocated": 48806939648}
{"step": 1549, "epoch": 2, "loss": 0.15358893142185656, "lr": 8.305630026809653e-06, "grad_norm": 1.2734375, "peak_allocated": 48806939648}
{"step": 1550, "epoch": 2, "loss": 0.1349251511233787, "lr": 8.310991957104558e-06, "grad_norm": 1.046875, "peak_allocated": 48806939648}
{"step": 1551, "epoch": 2, "loss": 0.1336098677840647, "lr": 8.316353887399465e-06, "grad_norm": 1.40625, "peak_allocated": 48806939648}
{"step": 1552, "epoch": 2, "loss": 0.14578325991119484, "lr": 8.32171581769437e-06, "grad_norm": 1.21875, "peak_allocated": 48806939648}
{"step": 1553, "epoch": 2, "loss": 0.13329900641675427, "lr": 8.327077747989277e-06, "grad_norm": 1.203125, "peak_allocated": 48806939648}
{"step": 1554, "epoch": 2, "loss": 0.14086291033323023, "lr": 8.332439678284184e-06, "grad_norm": 1.1875, "peak_allocated": 48806939648}
{"step": 1555, "epoch": 2, "loss": 0.11753075898017191, "lr": 8.33780160857909e-06, "grad_norm": 1.1171875, "peak_allocated": 48806939648}
{"step": 1556, "epoch": 2, "loss": 0.18726577457595694, "lr": 8.343163538873995e-06, "grad_norm": 1.34375, "peak_allocated": 48806939648}
{"step": 1557, "epoch": 2, "loss": 0.1259064500353166, "lr": 8.348525469168901e-06, "grad_norm": 1.140625, "peak_allocated": 48806939648}
{"step": 1558, "epoch": 2, "loss": 0.13069108249818012, "lr": 8.353887399463808e-06, "grad_norm": 1.1640625, "peak_allocated": 48806939648}
{"step": 1559, "epoch": 2, "loss": 0.14231350087770117, "lr": 8.359249329758714e-06, "grad_norm": 1.3984375, "peak_allocated": 48806939648}
{"step": 1560, "epoch": 2, "loss": 0.1587424499032359, "lr": 8.36461126005362e-06, "grad_norm": 1.2890625, "peak_allocated": 48806939648}
{"step": 1561, "epoch": 2, "loss": 0.15267632447594046, "lr": 8.369973190348526e-06, "grad_norm": 1.4296875, "peak_allocated": 48806939648}
{"step": 1562, "epoch": 2, "loss": 0.11681485408873617, "lr": 8.375335120643431e-06, "grad_norm": 1.015625, "peak_allocated": 48806939648}
{"step": 1563, "epoch": 2, "loss": 0.1487675975596455, "lr": 8.380697050938338e-06, "grad_norm": 1.21875, "peak_allocated": 48806939648}
{"step": 1564, "epoch": 2, "loss": 0.12641046121621466, "lr": 8.386058981233245e-06, "grad_norm": 1.21875, "peak_allocated": 48806939648}
{"step": 1565, "epoch": 2, "loss": 0.13429705536650827, "lr": 8.39142091152815e-06, "grad_norm": 1.34375, "peak_allocated": 48806939648}
{"step": 1566, "epoch": 2, "loss": 0.15549793057307318, "lr": 8.396782841823057e-06, "grad_norm": 1.2109375, "peak_allocated": 48806939648}
{"step": 1567, "epoch": 2, "loss": 0.11118354430915466, "lr": 8.402144772117963e-06, "grad_norm": 0.921875, "peak_allocated": 48806939648}
{"step": 1568, "epoch": 2, "loss": 0.14230068931744533, "lr": 8.40750670241287e-06, "grad_norm": 1.2421875, "peak_allocated": 48806939648}
{"step": 1569, "epoch": 2, "loss": 0.11895531798765453, "lr": 8.412868632707777e-06, "grad_norm": 1.21875, "peak_allocated": 48806939648}
{"step": 1570, "epoch": 2, "loss": 0.13144545792961185, "lr": 8.418230563002682e-06, "grad_norm": 1.1796875, "peak_allocated": 48806939648}
{"step": 1571, "epoch": 2, "loss": 0.11266342626497608, "lr": 8.423592493297587e-06, "grad_norm": 1.0859375, "peak_allocated": 48806939648}
{"step": 1572, "epoch": 2, "loss": 0.1623562586856351, "lr": 8.428954423592494e-06, "grad_norm": 1.2890625, "peak_allocated": 48806939648}
{"step": 1573, "epoch": 2, "loss": 0.133169783935815, "lr": 8.434316353887401e-06, "grad_norm": 1.1640625, "peak_allocated": 48806939648}
{"step": 1574, "epoch": 2, "loss": 0.1466585003758316, "lr": 8.439678284182306e-06, "grad_norm": 1.265625, "peak_allocated": 48806939648}
{"step": 1575, "epoch": 2, "loss": 0.14530805716610917, "lr": 8.445040214477213e-06, "grad_norm": 1.3046875, "peak_allocated": 48806939648}
{"step": 1576, "epoch": 2, "loss": 0.15648606992923927, "lr": 8.450402144772119e-06, "grad_norm": 1.25, "peak_allocated": 48806939648}
{"step": 1577, "epoch": 2, "loss": 0.17034524292557615, "lr": 8.455764075067024e-06, "grad_norm": 1.40625, "peak_allocated": 48806939648}
{"step": 1578, "epoch": 2, "loss": 0.1401783438080449, "lr": 8.46112600536193e-06, "grad_norm": 1.078125, "peak_allocated": 48806939648}
{"step": 1579, "epoch": 2, "loss": 0.13398765086236855, "lr": 8.466487935656838e-06, "grad_norm": 1.28125, "peak_allocated": 48806939648}
{"step": 1580, "epoch": 2, "loss": 0.1307688276595889, "lr": 8.471849865951743e-06, "grad_norm": 1.1640625, "peak_allocated": 48806939648}
{"step": 1581, "epoch": 2, "loss": 0.10487256079360789, "lr": 8.47721179624665e-06, "grad_norm": 0.95703125, "peak_allocated": 48806939648}
{"step": 1582, "epoch": 2, "loss": 0.1306344682842038, "lr": 8.482573726541555e-06, "grad_norm": 1.15625, "peak_allocated": 48806939648}
{"step": 1583, "epoch": 2, "loss": 0.1462482990007133, "lr": 8.487935656836462e-06, "grad_norm": 1.3046875, "peak_allocated": 48806939648}
{"step": 1584, "epoch": 2, "loss": 0.13326783937219813, "lr": 8.493297587131367e-06, "grad_norm": 1.2109375, "peak_allocated": 48806939648}
{"step": 1585, "epoch": 2, "loss": 0.10696580394736703, "lr": 8.498659517426274e-06, "grad_norm": 0.98046875, "peak_allocated": 48806939648}
{"step": 1586, "epoch": 2, "loss": 0.14237497019155926, "lr": 8.50402144772118e-06, "grad_norm": 1.078125, "peak_allocated": 48806939648}
{"step": 1587, "epoch": 2, "loss": 0.1212833219943185, "lr": 8.509383378016087e-06, "grad_norm": 1.2109375, "peak_allocated": 48806939648}
{"step": 1588, "epoch": 2, "loss": 0.13087474447122324, "lr": 8.514745308310992e-06, "grad_norm": 1.21875, "peak_allocated": 48806939648}
{"step": 1589, "epoch": 2, "loss": 0.11919026511386648, "lr": 8.520107238605899e-06, "grad_norm": 1.1796875, "peak_allocated": 48806939648}
{"step": 1590, "epoch": 2, "loss": 0.12943858690253396, "lr": 8.525469168900806e-06, "grad_norm": 1.4375, "peak_allocated": 48806939648}
{"step": 1591, "epoch": 2, "loss": 0.10600739738035997, "lr": 8.530831099195711e-06, "grad_norm": 0.98828125, "peak_allocated": 48806939648}
{"step": 1592, "epoch": 2, "loss": 0.15945932646588565, "lr": 8.536193029490616e-06, "grad_norm": 1.390625, "peak_allocated": 48806939648}
{"step": 1593, "epoch": 2, "loss": 0.16586836538154562, "lr": 8.541554959785523e-06, "grad_norm": 1.6015625, "peak_allocated": 48806939648}
{"step": 1594, "epoch": 2, "loss": 0.10953398984942012, "lr": 8.54691689008043e-06, "grad_norm": 0.9921875, "peak_allocated": 48806939648}
{"step": 1595, "epoch": 2, "loss": 0.0893532611167073, "lr": 8.552278820375336e-06, "grad_norm": 1.1484375, "peak_allocated": 48806939648}
{"step": 1596, "epoch": 2, "loss": 0.13173181272169388, "lr": 8.557640750670243e-06, "grad_norm": 1.21875, "peak_allocated": 48806939648}
{"step": 1597, "epoch": 2, "loss": 0.12474590151508293, "lr": 8.563002680965148e-06, "grad_norm": 1.1640625, "peak_allocated": 48806939648}
{"step": 1598, "epoch": 2, "loss": 0.14432448436668432, "lr": 8.568364611260053e-06, "grad_norm": 1.4453125, "peak_allocated": 48806939648}
{"step": 1599, "epoch": 2, "loss": 0.12592675315076216, "lr": 8.57372654155496e-06, "grad_norm": 1.2265625, "peak_allocated": 48806939648}
{"step": 1600, "epoch": 2, "loss": 0.1435424419245008, "lr": 8.579088471849867e-06, "grad_norm": 1.265625, "peak_allocated": 48806939648}
{"step": 1601, "epoch": 2, "loss": 0.12785118267456602, "lr": 8.584450402144772e-06, "grad_norm": 1.2265625, "peak_allocated": 48806939648}
{"step": 1602, "epoch": 2, "loss": 0.13766844653362245, "lr": 8.58981233243968e-06, "grad_norm": 1.1796875, "peak_allocated": 48806939648}
{"step": 1603, "epoch": 2, "loss": 0.13909090039771863, "lr": 8.595174262734585e-06, "grad_norm": 1.3203125, "peak_allocated": 48806939648}
{"step": 1604, "epoch": 2, "loss": 0.13316397999135796, "lr": 8.600536193029492e-06, "grad_norm": 1.1796875, "peak_allocated": 48806939648}
{"step": 1605, "epoch": 2, "loss": 0.11572985805177514, "lr": 8.605898123324398e-06, "grad_norm": 1.234375, "peak_allocated": 48806939648}
{"step": 1606, "epoch": 2, "loss": 0.123840769181451, "lr": 8.611260053619304e-06, "grad_norm": 1.2265625, "peak_allocated": 48806939648}
{"step": 1607, "epoch": 2, "loss": 0.16852321004431314, "lr": 8.616621983914209e-06, "grad_norm": 1.390625, "peak_allocated": 48806939648}
{"step": 1608, "epoch": 2, "loss": 0.105449845694081, "lr": 8.621983914209116e-06, "grad_norm": 0.97265625, "peak_allocated": 48806939648}
{"step": 1609, "epoch": 2, "loss": 0.14922603598858597, "lr": 8.627345844504023e-06, "grad_norm": 1.1796875, "peak_allocated": 48806939648}
{"step": 1610, "epoch": 2, "loss": 0.1402100162912126, "lr": 8.632707774798928e-06, "grad_norm": 1.3125, "peak_allocated": 48806939648}
{"step": 1611, "epoch": 2, "loss": 0.14570068864984836, "lr": 8.638069705093835e-06, "grad_norm": 1.46875, "peak_allocated": 48806939648}
{"step": 1612, "epoch": 2, "loss": 0.14012700985040014, "lr": 8.64343163538874e-06, "grad_norm": 1.1796875, "peak_allocated": 48806939648}
{"step": 1613, "epoch": 2, "loss": 0.11708898817557582, "lr": 8.648793565683646e-06, "grad_norm": 1.078125, "peak_allocated": 48806939648}
{"step": 1614, "epoch": 2, "loss": 0.13508935701277977, "lr": 8.654155495978553e-06, "grad_norm": 1.1484375, "peak_allocated": 48806939648}
{"step": 1615, "epoch": 2, "loss": 0.1573671780178653, "lr": 8.65951742627346e-06, "grad_norm": 1.390625, "peak_allocated": 48806939648}
{"step": 1616, "epoch": 2, "loss": 0.13583866036842998, "lr": 8.664879356568365e-06, "grad_norm": 1.21875, "peak_allocated": 48806939648}
{"step": 1617, "epoch": 2, "loss": 0.12313300265105609, "lr": 8.670241286863272e-06, "grad_norm": 1.234375, "peak_allocated": 48806939648}
{"step": 1618, "epoch": 2, "loss": 0.16522791546835439, "lr": 8.675603217158177e-06, "grad_norm": 1.3828125, "peak_allocated": 48806939648}
{"step": 1619, "epoch": 2, "loss": 0.14197886816235697, "lr": 8.680965147453084e-06, "grad_norm": 1.421875, "peak_allocated": 48806939648}
{"step": 1620, "epoch": 2, "loss": 0.11966444858489009, "lr": 8.68632707774799e-06, "grad_norm": 0.9609375, "peak_allocated": 48806939648}
{"step": 1621, "epoch": 2, "loss": 0.12476623679154439, "lr": 8.691689008042896e-06, "grad_norm": 1.171875, "peak_allocated": 48806939648}
{"step": 1622, "epoch": 2, "loss": 0.1182103380179771, "lr": 8.697050938337802e-06, "grad_norm": 1.0625, "peak_allocated": 48806939648}
{"step": 1623, "epoch": 2, "loss": 0.11431647846014759, "lr": 8.702412868632709e-06, "grad_norm": 1.1015625, "peak_allocated": 48806939648}
{"step": 1624, "epoch": 2, "loss": 0.1479950027630746, "lr": 8.707774798927616e-06, "grad_norm": 1.3984375, "peak_allocated": 48806939648}
{"step": 1625, "epoch": 2, "loss": 0.127504189039574, "lr": 8.71313672922252e-06, "grad_norm": 1.140625, "peak_allocated": 48806939648}
{"step": 1626, "epoch": 2, "loss": 0.15158228828994524, "lr": 8.718498659517428e-06, "grad_norm": 1.25, "peak_allocated": 48806939648}
{"step": 1627, "epoch": 2, "loss": 0.1534341109844195, "lr": 8.723860589812333e-06, "grad_norm": 1.421875, "peak_allocated": 48806939648}
{"step": 1628, "epoch": 2, "loss": 0.11476252867327297, "lr": 8.729222520107238e-06, "grad_norm": 1.2578125, "peak_allocated": 48806939648}
{"step": 1629, "epoch": 2, "loss": 0.13297070428368754, "lr": 8.734584450402145e-06, "grad_norm": 1.2109375, "peak_allocated": 48806939648}
{"step": 1630, "epoch": 2, "loss": 0.13969292387445073, "lr": 8.739946380697052e-06, "grad_norm": 1.328125, "peak_allocated": 48806939648}
{"step": 1631, "epoch": 2, "loss": 0.13477594538047658, "lr": 8.745308310991958e-06, "grad_norm": 1.203125, "peak_allocated": 48806939648}
{"step": 1632, "epoch": 2, "loss": 0.10591390525752847, "lr": 8.750670241286865e-06, "grad_norm": 1.2265625, "peak_allocated": 48806939648}
{"step": 1633, "epoch": 2, "loss": 0.11709650579828235, "lr": 8.75603217158177e-06, "grad_norm": 1.046875, "peak_allocated": 48806939648}
{"step": 1634, "epoch": 2, "loss": 0.11337720925065829, "lr": 8.761394101876677e-06, "grad_norm": 1.3671875, "peak_allocated": 48806939648}
{"step": 1635, "epoch": 2, "loss": 0.09863447972741689, "lr": 8.766756032171582e-06, "grad_norm": 1.03125, "peak_allocated": 48806939648}
{"step": 1636, "epoch": 2, "loss": 0.0998431685348413, "lr": 8.772117962466489e-06, "grad_norm": 1.140625, "peak_allocated": 48806939648}
{"step": 1637, "epoch": 2, "loss": 0.11858505426040852, "lr": 8.777479892761394e-06, "grad_norm": 1.2265625, "peak_allocated": 48806939648}
{"step": 1638, "epoch": 2, "loss": 0.09299842252285075, "lr": 8.782841823056301e-06, "grad_norm": 1.1875, "peak_allocated": 48806939648}
{"step": 1639, "epoch": 2, "loss": 0.13787864417639728, "lr": 8.788203753351208e-06, "grad_norm": 1.3046875, "peak_allocated": 48806939648}
{"step": 1640, "epoch": 2, "loss": 0.12643780369413868, "lr": 8.793565683646113e-06, "grad_norm": 1.2265625, "peak_allocated": 48806939648}
{"step": 1641, "epoch": 2, "loss": 0.15164325430211073, "lr": 8.79892761394102e-06, "grad_norm": 1.453125, "peak_allocated": 48806939648}
{"step": 1642, "epoch": 2, "loss": 0.13413015647801896, "lr": 8.804289544235926e-06, "grad_norm": 1.4453125, "peak_allocated": 48806939648}
{"step": 1643, "epoch": 2, "loss": 0.14146656620956904, "lr": 8.809651474530831e-06, "grad_norm": 1.4375, "peak_allocated": 48806939648}
{"step": 1644, "epoch": 2, "loss": 0.13742701106925032, "lr": 8.815013404825738e-06, "grad_norm": 1.21875, "peak_allocated": 48806939648}
{"step": 1645, "epoch": 2, "loss": 0.14125402755385486, "lr": 8.820375335120645e-06, "grad_norm": 1.2734375, "peak_allocated": 48806939648}
{"step": 1646, "epoch": 2, "loss": 0.10848966587636769, "lr": 8.82573726541555e-06, "grad_norm": 1.140625, "peak_allocated": 48806939648}
{"step": 1647, "epoch": 2, "loss": 0.12769546479058716, "lr": 8.831099195710457e-06, "grad_norm": 1.0625, "peak_allocated": 48806939648}
{"step": 1648, "epoch": 2, "loss": 0.12984277920711643, "lr": 8.836461126005362e-06, "grad_norm": 1.09375, "peak_allocated": 48806939648}
{"step": 1649, "epoch": 2, "loss": 0.11908999369502542, "lr": 8.841823056300268e-06, "grad_norm": 1.1015625, "peak_allocated": 48806939648}
{"step": 1650, "epoch": 2, "loss": 0.12212556591949422, "lr": 8.847184986595175e-06, "grad_norm": 1.265625, "peak_allocated": 48806939648}
{"step": 1651, "epoch": 2, "loss": 0.1336430603042272, "lr": 8.852546916890082e-06, "grad_norm": 1.2109375, "peak_allocated": 48806939648}
{"step": 1652, "epoch": 2, "loss": 0.15091853557902335, "lr": 8.857908847184987e-06, "grad_norm": 1.4453125, "peak_allocated": 48806939648}
{"step": 1653, "epoch": 2, "loss": 0.13808289933733123, "lr": 8.863270777479894e-06, "grad_norm": 1.59375, "peak_allocated": 48806939648}
{"step": 1654, "epoch": 2, "loss": 0.1215891124223208, "lr": 8.868632707774799e-06, "grad_norm": 1.15625, "peak_allocated": 48806939648}
{"step": 1655, "epoch": 2, "loss": 0.1249644211094805, "lr": 8.873994638069706e-06, "grad_norm": 1.3515625, "peak_allocated": 48806939648}
{"step": 1656, "epoch": 2, "loss": 0.1071837241890613, "lr": 8.879356568364611e-06, "grad_norm": 0.98046875, "peak_allocated": 48806939648}
{"step": 1657, "epoch": 2, "loss": 0.1319006978352457, "lr": 8.884718498659518e-06, "grad_norm": 1.1328125, "peak_allocated": 48806939648}
{"step": 1658, "epoch": 2, "loss": 0.1485762981246517, "lr": 8.890080428954424e-06, "grad_norm": 1.2421875, "peak_allocated": 48806939648}
{"step": 1659, "epoch": 2, "loss": 0.14742228344649025, "lr": 8.89544235924933e-06, "grad_norm": 1.2578125, "peak_allocated": 48806939648}
{"step": 1660, "epoch": 2, "loss": 0.13307716828611124, "lr": 8.900804289544237e-06, "grad_norm": 1.171875, "peak_allocated": 48806939648}
{"step": 1661, "epoch": 2, "loss": 0.1584177225545833, "lr": 8.906166219839143e-06, "grad_norm": 1.3359375, "peak_allocated": 48806939648}
{"step": 1662, "epoch": 2, "loss": 0.14895115862008707, "lr": 8.91152815013405e-06, "grad_norm": 1.2265625, "peak_allocated": 48806939648}
{"step": 1663, "epoch": 2, "loss": 0.11321233988195567, "lr": 8.916890080428955e-06, "grad_norm": 1.1484375, "peak_allocated": 48806939648}
{"step": 1664, "epoch": 2, "loss": 0.11632817437028421, "lr": 8.92225201072386e-06, "grad_norm": 1.1953125, "peak_allocated": 48806939648}
{"step": 1665, "epoch": 2, "loss": 0.13448519074303172, "lr": 8.927613941018767e-06, "grad_norm": 1.203125, "peak_allocated": 48806939648}
{"step": 1666, "epoch": 2, "loss": 0.1446894102111608, "lr": 8.932975871313674e-06, "grad_norm": 1.3125, "peak_allocated": 48806939648}
{"step": 1667, "epoch": 2, "loss": 0.11999186566616926, "lr": 8.93833780160858e-06, "grad_norm": 1.125, "peak_allocated": 48806939648}
{"step": 1668, "epoch": 2, "loss": 0.12457205931484548, "lr": 8.943699731903486e-06, "grad_norm": 1.078125, "peak_allocated": 48806939648}
{"step": 1669, "epoch": 2, "loss": 0.13083534026001253, "lr": 8.949061662198392e-06, "grad_norm": 1.203125, "peak_allocated": 48806939648}
{"step": 1670, "epoch": 2, "loss": 0.1340288076478613, "lr": 8.954423592493299e-06, "grad_norm": 1.2109375, "peak_allocated": 48806939648}
{"step": 1671, "epoch": 2, "loss": 0.14123475526121443, "lr": 8.959785522788204e-06, "grad_norm": 1.203125, "peak_allocated": 48806939648}
{"step": 1672, "epoch": 2, "loss": 0.11094613449191688, "lr": 8.965147453083111e-06, "grad_norm": 1.15625, "peak_allocated": 48806939648}
{"step": 1673, "epoch": 2, "loss": 0.1319956422759839, "lr": 8.970509383378016e-06, "grad_norm": 1.1796875, "peak_allocated": 48806939648}
{"step": 1674, "epoch": 2, "loss": 0.14109146583494533, "lr": 8.975871313672923e-06, "grad_norm": 1.3359375, "peak_allocated": 48806939648}
{"step": 1675, "epoch": 2, "loss": 0.11357291372811676, "lr": 8.98123324396783e-06, "grad_norm": 1.0078125, "peak_allocated": 48806939648}
{"step": 1676, "epoch": 2, "loss": 0.12087124984048042, "lr": 8.986595174262735e-06, "grad_norm": 1.109375, "peak_allocated": 48806939648}
{"step": 1677, "epoch": 2, "loss": 0.1391681748395408, "lr": 8.991957104557642e-06, "grad_norm": 1.15625, "peak_allocated": 48806939648}
{"step": 1678, "epoch": 2, "loss": 0.16921996733127181, "lr": 8.997319034852548e-06, "grad_norm": 1.75, "peak_allocated": 48806939648}
{"step": 1679, "epoch": 2, "loss": 0.14989118881864485, "lr": 9.002680965147453e-06, "grad_norm": 1.2890625, "peak_allocated": 48806939648}
{"step": 1680, "epoch": 2, "loss": 0.12169743164374719, "lr": 9.00804289544236e-06, "grad_norm": 1.21875, "peak_allocated": 48806939648}
{"step": 1681, "epoch": 2, "loss": 0.12857919800672343, "lr": 9.013404825737267e-06, "grad_norm": 1.265625, "peak_allocated": 48806939648}
{"step": 1682, "epoch": 2, "loss": 0.11987411271747826, "lr": 9.018766756032172e-06, "grad_norm": 1.0546875, "peak_allocated": 48806939648}
{"step": 1683, "epoch": 2, "loss": 0.12119065479324136, "lr": 9.024128686327079e-06, "grad_norm": 1.25, "peak_allocated": 48806939648}
{"step": 1684, "epoch": 2, "loss": 0.11117572454292282, "lr": 9.029490616621984e-06, "grad_norm": 1.0703125, "peak_allocated": 48806939648}
{"step": 1685, "epoch": 2, "loss": 0.14850078674630737, "lr": 9.034852546916891e-06, "grad_norm": 1.3515625, "peak_allocated": 48806939648}
{"step": 1686, "epoch": 2, "loss": 0.13488348358063765, "lr": 9.040214477211797e-06, "grad_norm": 1.109375, "peak_allocated": 48806939648}
{"step": 1687, "epoch": 2, "loss": 0.1342223043668421, "lr": 9.045576407506703e-06, "grad_norm": 1.4453125, "peak_allocated": 48806939648}
{"step": 1688, "epoch": 2, "loss": 0.10863267023530625, "lr": 9.050938337801609e-06, "grad_norm": 1.2109375, "peak_allocated": 48806939648}
{"step": 1689, "epoch": 2, "loss": 0.15487506869087556, "lr": 9.056300268096516e-06, "grad_norm": 1.296875, "peak_allocated": 48806939648}
{"step": 1690, "epoch": 2, "loss": 0.13425820078444808, "lr": 9.061662198391423e-06, "grad_norm": 1.078125, "peak_allocated": 48806939648}
{"step": 1691, "epoch": 2, "loss": 0.13376833996822068, "lr": 9.067024128686328e-06, "grad_norm": 1.1640625, "peak_allocated": 48806939648}
{"step": 1692, "epoch": 2, "loss": 0.10649301676364901, "lr": 9.072386058981233e-06, "grad_norm": 1.1640625, "peak_allocated": 48806939648}
{"step": 1693, "epoch": 2, "loss": 0.12213955663930938, "lr": 9.07774798927614e-06, "grad_norm": 1.2265625, "peak_allocated": 48806939648}
{"step": 1694, "epoch": 2, "loss": 0.10201573625443276, "lr": 9.083109919571045e-06, "grad_norm": 1.0, "peak_allocated": 48806939648}
{"step": 1695, "epoch": 2, "loss": 0.14752073414093242, "lr": 9.088471849865952e-06, "grad_norm": 1.3125, "peak_allocated": 48806939648}
{"step": 1696, "epoch": 2, "loss": 0.10021118587150742, "lr": 9.09383378016086e-06, "grad_norm": 1.296875, "peak_allocated": 48806939648}
{"step": 1697, "epoch": 2, "loss": 0.1387532743410735, "lr": 9.099195710455765e-06, "grad_norm": 1.25, "peak_allocated": 48806939648}
{"step": 1698, "epoch": 2, "loss": 0.1203822522863275, "lr": 9.104557640750672e-06, "grad_norm": 1.21875, "peak_allocated": 48806939648}
{"step": 1699, "epoch": 2, "loss": 0.14571100736723439, "lr": 9.109919571045577e-06, "grad_norm": 1.40625, "peak_allocated": 48806939648}
{"step": 1700, "epoch": 2, "loss": 0.13512768245049966, "lr": 9.115281501340484e-06, "grad_norm": 1.40625, "peak_allocated": 48806939648}
{"step": 1701, "epoch": 2, "loss": 0.14260190647691842, "lr": 9.120643431635389e-06, "grad_norm": 1.265625, "peak_allocated": 48806939648}
{"step": 1702, "epoch": 2, "loss": 0.14048664313150172, "lr": 9.126005361930296e-06, "grad_norm": 1.4921875, "peak_allocated": 48806939648}
{"step": 1703, "epoch": 2, "loss": 0.17588630963996088, "lr": 9.131367292225201e-06, "grad_norm": 1.546875, "peak_allocated": 48806939648}
{"step": 1704, "epoch": 2, "loss": 0.15108577861621447, "lr": 9.136729222520108e-06, "grad_norm": 1.28125, "peak_allocated": 48806939648}
{"step": 1705, "epoch": 2, "loss": 0.1252020209380919, "lr": 9.142091152815015e-06, "grad_norm": 1.171875, "peak_allocated": 48806939648}
{"step": 1706, "epoch": 2, "loss": 0.11684145115008283, "lr": 9.14745308310992e-06, "grad_norm": 1.140625, "peak_allocated": 48806939648}
{"step": 1707, "epoch": 2, "loss": 0.11657130493034869, "lr": 9.152815013404826e-06, "grad_norm": 1.15625, "peak_allocated": 48806939648}
{"step": 1708, "epoch": 2, "loss": 0.1327483088455417, "lr": 9.158176943699733e-06, "grad_norm": 1.3359375, "peak_allocated": 48806939648}
{"step": 1709, "epoch": 2, "loss": 0.1440891141913914, "lr": 9.163538873994638e-06, "grad_norm": 1.2421875, "peak_allocated": 48806939648}
{"step": 1710, "epoch": 2, "loss": 0.10755007634138113, "lr": 9.168900804289545e-06, "grad_norm": 1.15625, "peak_allocated": 48806939648}
{"step": 1711, "epoch": 2, "loss": 0.1236558814870044, "lr": 9.174262734584452e-06, "grad_norm": 1.15625, "peak_allocated": 48806939648}
{"step": 1712, "epoch": 2, "loss": 0.1749883297294839, "lr": 9.179624664879357e-06, "grad_norm": 1.3671875, "peak_allocated": 48806939648}
{"step": 1713, "epoch": 2, "loss": 0.13367504464122565, "lr": 9.184986595174263e-06, "grad_norm": 1.40625, "peak_allocated": 48806939648}
{"step": 1714, "epoch": 2, "loss": 0.10686898221286865, "lr": 9.19034852546917e-06, "grad_norm": 1.1171875, "peak_allocated": 48806939648}
{"step": 1715, "epoch": 2, "loss": 0.13627375825157823, "lr": 9.195710455764075e-06, "grad_norm": 1.2265625, "peak_allocated": 48806939648}
{"step": 1716, "epoch": 2, "loss": 0.13620303161649736, "lr": 9.201072386058982e-06, "grad_norm": 1.2578125, "peak_allocated": 48806939648}
{"step": 1717, "epoch": 2, "loss": 0.1387633003254404, "lr": 9.206434316353889e-06, "grad_norm": 1.1953125, "peak_allocated": 48806939648}
{"step": 1718, "epoch": 2, "loss": 0.14025399188717172, "lr": 9.211796246648794e-06, "grad_norm": 1.125, "peak_allocated": 48806939648}
{"step": 1719, "epoch": 2, "loss": 0.12342811376890792, "lr": 9.217158176943701e-06, "grad_norm": 1.1640625, "peak_allocated": 48806939648}
{"step": 1720, "epoch": 2, "loss": 0.1453807361392589, "lr": 9.222520107238606e-06, "grad_norm": 1.390625, "peak_allocated": 48806939648}
{"step": 1721, "epoch": 2, "loss": 0.15181017479958792, "lr": 9.227882037533513e-06, "grad_norm": 1.2578125, "peak_allocated": 48806939648}
{"step": 1722, "epoch": 2, "loss": 0.11981810514714365, "lr": 9.233243967828418e-06, "grad_norm": 1.1796875, "peak_allocated": 48806939648}
{"step": 1723, "epoch": 2, "loss": 0.12016311623462296, "lr": 9.238605898123325e-06, "grad_norm": 1.0703125, "peak_allocated": 48806939648}
{"step": 1724, "epoch": 2, "loss": 0.13573415625868324, "lr": 9.24396782841823e-06, "grad_norm": 1.34375, "peak_allocated": 48806939648}
{"step": 1725, "epoch": 2, "loss": 0.1238390744537219, "lr": 9.249329758713138e-06, "grad_norm": 1.140625, "peak_allocated": 48806939648}
{"step": 1726, "epoch": 2, "loss": 0.1582052489030883, "lr": 9.254691689008045e-06, "grad_norm": 1.3671875, "peak_allocated": 48806939648}
{"step": 1727, "epoch": 2, "loss": 0.10848960824508669, "lr": 9.26005361930295e-06, "grad_norm": 1.1484375, "peak_allocated": 48806939648}
{"step": 1728, "epoch": 2, "loss": 0.14716391864978717, "lr": 9.265415549597855e-06, "grad_norm": 1.2578125, "peak_allocated": 48806939648}
{"step": 1729, "epoch": 2, "loss": 0.09844164375206266, "lr": 9.270777479892762e-06, "grad_norm": 1.125, "peak_allocated": 48806939648}
{"step": 1730, "epoch": 2, "loss": 0.15518479157492696, "lr": 9.276139410187667e-06, "grad_norm": 1.28125, "peak_allocated": 48806939648}
{"step": 1731, "epoch": 2, "loss": 0.10331708278671226, "lr": 9.281501340482574e-06, "grad_norm": 1.0703125, "peak_allocated": 48806939648}
{"step": 1732, "epoch": 2, "loss": 0.11762945688535253, "lr": 9.286863270777481e-06, "grad_norm": 1.1328125, "peak_allocated": 48806939648}
{"step": 1733, "epoch": 2, "loss": 0.12584042397690598, "lr": 9.292225201072387e-06, "grad_norm": 1.171875, "peak_allocated": 48806939648}
{"step": 1734, "epoch": 2, "loss": 0.1372223401357437, "lr": 9.297587131367294e-06, "grad_norm": 1.1875, "peak_allocated": 48806939648}
{"step": 1735, "epoch": 2, "loss": 0.12361462601818221, "lr": 9.302949061662199e-06, "grad_norm": 1.25, "peak_allocated": 48806939648}
{"step": 1736, "epoch": 2, "loss": 0.15097504676711992, "lr": 9.308310991957106e-06, "grad_norm": 1.2109375, "peak_allocated": 48806939648}
{"step": 1737, "epoch": 2, "loss": 0.10547561927011957, "lr": 9.313672922252011e-06, "grad_norm": 1.0, "peak_allocated": 48806939648}
{"step": 1738, "epoch": 2, "loss": 0.1762680321959477, "lr": 9.319034852546918e-06, "grad_norm": 1.5390625, "peak_allocated": 48806939648}
{"step": 1739, "epoch": 2, "loss": 0.1333082304475583, "lr": 9.324396782841823e-06, "grad_norm": 1.0703125, "peak_allocated": 48806939648}
{"step": 1740, "epoch": 2, "loss": 0.15171395872145405, "lr": 9.32975871313673e-06, "grad_norm": 1.3984375, "peak_allocated": 48806939648}
{"step": 1741, "epoch": 2, "loss": 0.14238393872901298, "lr": 9.335120643431637e-06, "grad_norm": 1.2109375, "peak_allocated": 48806939648}
{"step": 1742, "epoch": 2, "loss": 0.12382122562393266, "lr": 9.340482573726542e-06, "grad_norm": 1.234375, "peak_allocated": 48806939648}
{"step": 1743, "epoch": 2, "loss": 0.12833999958429407, "lr": 9.345844504021448e-06, "grad_norm": 1.234375, "peak_allocated": 48806939648}
{"step": 1744, "epoch": 2, "loss": 0.13117741070480723, "lr": 9.351206434316355e-06, "grad_norm": 1.40625, "peak_allocated": 48806939648}
{"step": 1745, "epoch": 2, "loss": 0.1387470205544193, "lr": 9.35656836461126e-06, "grad_norm": 1.21875, "peak_allocated": 48806939648}
{"step": 1746, "epoch": 2, "loss": 0.11360626615838404, "lr": 9.361930294906167e-06, "grad_norm": 1.0546875, "peak_allocated": 48806939648}
{"step": 1747, "epoch": 2, "loss": 0.09147888172928118, "lr": 9.367292225201074e-06, "grad_norm": 0.984375, "peak_allocated": 48806939648}
{"step": 1748, "epoch": 2, "loss": 0.13284599252342472, "lr": 9.37265415549598e-06, "grad_norm": 1.453125, "peak_allocated": 48806939648}
{"step": 1749, "epoch": 2, "loss": 0.12794822654707616, "lr": 9.378016085790884e-06, "grad_norm": 1.21875, "peak_allocated": 48806939648}
{"step": 1750, "epoch": 2, "loss": 0.13820453399384647, "lr": 9.383378016085791e-06, "grad_norm": 1.203125, "peak_allocated": 48806939648}
{"step": 1751, "epoch": 2, "loss": 0.1419412654995597, "lr": 9.388739946380698e-06, "grad_norm": 1.6640625, "peak_allocated": 48806939648}
{"step": 1752, "epoch": 2, "loss": 0.129886300448921, "lr": 9.394101876675604e-06, "grad_norm": 1.375, "peak_allocated": 48806939648}
{"step": 1753, "epoch": 2, "loss": 0.14897507206370453, "lr": 9.39946380697051e-06, "grad_norm": 1.2421875, "peak_allocated": 48806939648}
{"step": 1754, "epoch": 2, "loss": 0.14125144834557976, "lr": 9.404825737265416e-06, "grad_norm": 1.4140625, "peak_allocated": 48806939648}
{"step": 1755, "epoch": 2, "loss": 0.12975008640819274, "lr": 9.410187667560323e-06, "grad_norm": 1.0625, "peak_allocated": 48806939648}
{"step": 1756, "epoch": 2, "loss": 0.1041875590255043, "lr": 9.41554959785523e-06, "grad_norm": 1.1171875, "peak_allocated": 48806939648}
{"step": 1757, "epoch": 2, "loss": 0.12295572554049766, "lr": 9.420911528150135e-06, "grad_norm": 1.15625, "peak_allocated": 48806939648}
{"step": 1758, "epoch": 2, "loss": 0.12368585064903087, "lr": 9.42627345844504e-06, "grad_norm": 1.25, "peak_allocated": 48806939648}
{"step": 1759, "epoch": 2, "loss": 0.10905485372518334, "lr": 9.431635388739947e-06, "grad_norm": 1.1171875, "peak_allocated": 48806939648}
{"step": 1760, "epoch": 2, "loss": 0.1646026696226422, "lr": 9.436997319034853e-06, "grad_norm": 1.359375, "peak_allocated": 48806939648}
{"step": 1761, "epoch": 2, "loss": 0.11084218071991846, "lr": 9.44235924932976e-06, "grad_norm": 1.2265625, "peak_allocated": 48806939648}
{"step": 1762, "epoch": 2, "loss": 0.10346633465324895, "lr": 9.447721179624667e-06, "grad_norm": 1.1953125, "peak_allocated": 48806939648}
{"step": 1763, "epoch": 2, "loss": 0.11379609840837612, "lr": 9.453083109919572e-06, "grad_norm": 1.0546875, "peak_allocated": 48806939648}
{"step": 1764, "epoch": 2, "loss": 0.1440734391721456, "lr": 9.458445040214477e-06, "grad_norm": 1.3828125, "peak_allocated": 48806939648}
{"step": 1765, "epoch": 2, "loss": 0.12074828749501157, "lr": 9.463806970509384e-06, "grad_norm": 1.046875, "peak_allocated": 48806939648}
{"step": 1766, "epoch": 2, "loss": 0.10970919375709691, "lr": 9.469168900804291e-06, "grad_norm": 0.9453125, "peak_allocated": 48806939648}
{"step": 1767, "epoch": 2, "loss": 0.13340637806745045, "lr": 9.474530831099196e-06, "grad_norm": 1.0859375, "peak_allocated": 48806939648}
{"step": 1768, "epoch": 2, "loss": 0.13188317448375347, "lr": 9.479892761394103e-06, "grad_norm": 1.125, "peak_allocated": 48806939648}
{"step": 1769, "epoch": 2, "loss": 0.11640294215977284, "lr": 9.485254691689008e-06, "grad_norm": 1.0078125, "peak_allocated": 48806939648}
{"step": 1770, "epoch": 2, "loss": 0.16287434196234724, "lr": 9.490616621983915e-06, "grad_norm": 1.3515625, "peak_allocated": 48806939648}
{"step": 1771, "epoch": 2, "loss": 0.15518989982660367, "lr": 9.495978552278822e-06, "grad_norm": 1.421875, "peak_allocated": 48806939648}
{"step": 1772, "epoch": 2, "loss": 0.1373806286380616, "lr": 9.501340482573728e-06, "grad_norm": 1.265625, "peak_allocated": 48806939648}
{"step": 1773, "epoch": 2, "loss": 0.14801453100646383, "lr": 9.506702412868633e-06, "grad_norm": 1.2890625, "peak_allocated": 48806939648}
{"step": 1774, "epoch": 2, "loss": 0.13639252276292868, "lr": 9.51206434316354e-06, "grad_norm": 1.3515625, "peak_allocated": 48806939648}
{"step": 1775, "epoch": 2, "loss": 0.10545591327144627, "lr": 9.517426273458445e-06, "grad_norm": 1.203125, "peak_allocated": 48806939648}
{"step": 1776, "epoch": 2, "loss": 0.14045294011137574, "lr": 9.522788203753352e-06, "grad_norm": 1.3125, "peak_allocated": 48806939648}
{"step": 1777, "epoch": 2, "loss": 0.12622928791993918, "lr": 9.528150134048259e-06, "grad_norm": 1.1953125, "peak_allocated": 48806939648}
{"step": 1778, "epoch": 2, "loss": 0.12798170046609883, "lr": 9.533512064343164e-06, "grad_norm": 1.25, "peak_allocated": 48806939648}
{"step": 1779, "epoch": 2, "loss": 0.1408543193677076, "lr": 9.53887399463807e-06, "grad_norm": 1.453125, "peak_allocated": 48806939648}
{"step": 1780, "epoch": 2, "loss": 0.1330154569751642, "lr": 9.544235924932977e-06, "grad_norm": 1.3671875, "peak_allocated": 48806939648}
{"step": 1781, "epoch": 2, "loss": 0.12010724709085015, "lr": 9.549597855227882e-06, "grad_norm": 1.2265625, "peak_allocated": 48806939648}
{"step": 1782, "epoch": 2, "loss": 0.1483064379415127, "lr": 9.554959785522789e-06, "grad_norm": 1.5, "peak_allocated": 48806939648}
{"step": 1783, "epoch": 2, "loss": 0.1593398465444442, "lr": 9.560321715817696e-06, "grad_norm": 1.3515625, "peak_allocated": 48806939648}
{"step": 1784, "epoch": 2, "loss": 0.12607000429741125, "lr": 9.565683646112601e-06, "grad_norm": 1.1796875, "peak_allocated": 48806939648}
{"step": 1785, "epoch": 2, "loss": 0.1173962820693986, "lr": 9.571045576407506e-06, "grad_norm": 1.203125, "peak_allocated": 48806939648}
{"step": 1786, "epoch": 2, "loss": 0.11991613330051731, "lr": 9.576407506702413e-06, "grad_norm": 0.984375, "peak_allocated": 48806939648}
{"step": 1787, "epoch": 2, "loss": 0.1550039872482526, "lr": 9.58176943699732e-06, "grad_norm": 1.3984375, "peak_allocated": 48806939648}
{"step": 1788, "epoch": 2, "loss": 0.13218213440224713, "lr": 9.587131367292226e-06, "grad_norm": 1.3671875, "peak_allocated": 48806939648}
{"step": 1789, "epoch": 2, "loss": 0.1041202545043188, "lr": 9.592493297587133e-06, "grad_norm": 1.140625, "peak_allocated": 48806939648}
{"step": 1790, "epoch": 2, "loss": 0.15779433074766203, "lr": 9.597855227882038e-06, "grad_norm": 1.3359375, "peak_allocated": 48806939648}
{"step": 1791, "epoch": 2, "loss": 0.12677355534303222, "lr": 9.603217158176945e-06, "grad_norm": 1.0546875, "peak_allocated": 48806939648}
{"step": 1792, "epoch": 2, "loss": 0.11080820700534127, "lr": 9.608579088471852e-06, "grad_norm": 1.5078125, "peak_allocated": 48806939648}
{"step": 1793, "epoch": 2, "loss": 0.14030140235383895, "lr": 9.613941018766757e-06, "grad_norm": 1.1796875, "peak_allocated": 48806939648}
{"step": 1794, "epoch": 2, "loss": 0.11875642826216239, "lr": 9.619302949061662e-06, "grad_norm": 1.078125, "peak_allocated": 48806939648}
{"step": 1795, "epoch": 2, "loss": 0.1101037079581454, "lr": 9.62466487935657e-06, "grad_norm": 1.03125, "peak_allocated": 48806939648}
{"step": 1796, "epoch": 2, "loss": 0.11162283088903403, "lr": 9.630026809651474e-06, "grad_norm": 1.296875, "peak_allocated": 48806939648}
{"step": 1797, "epoch": 2, "loss": 0.11294235167250127, "lr": 9.635388739946381e-06, "grad_norm": 1.203125, "peak_allocated": 48806939648}
{"step": 1798, "epoch": 2, "loss": 0.12791923683784912, "lr": 9.640750670241288e-06, "grad_norm": 1.2578125, "peak_allocated": 48806939648}
{"step": 1799, "epoch": 2, "loss": 0.1347524246455732, "lr": 9.646112600536194e-06, "grad_norm": 1.3203125, "peak_allocated": 48806939648}
{"step": 1800, "epoch": 2, "loss": 0.14412485098669275, "lr": 9.651474530831099e-06, "grad_norm": 1.1875, "peak_allocated": 48806939648}
{"step": 1801, "epoch": 2, "loss": 0.11539781749028774, "lr": 9.656836461126006e-06, "grad_norm": 1.171875, "peak_allocated": 48806939648}
{"step": 1802, "epoch": 2, "loss": 0.14062216326505694, "lr": 9.662198391420913e-06, "grad_norm": 1.34375, "peak_allocated": 48806939648}
{"step": 1803, "epoch": 2, "loss": 0.1302483490425702, "lr": 9.667560321715818e-06, "grad_norm": 1.1171875, "peak_allocated": 48806939648}
{"step": 1804, "epoch": 2, "loss": 0.11821753266338701, "lr": 9.672922252010725e-06, "grad_norm": 1.1640625, "peak_allocated": 48806939648}
{"step": 1805, "epoch": 2, "loss": 0.14465821457388836, "lr": 9.67828418230563e-06, "grad_norm": 1.1328125, "peak_allocated": 48806939648}
{"step": 1806, "epoch": 2, "loss": 0.13886010735067766, "lr": 9.683646112600537e-06, "grad_norm": 1.203125, "peak_allocated": 48806939648}
{"step": 1807, "epoch": 2, "loss": 0.15633392113596722, "lr": 9.689008042895444e-06, "grad_norm": 1.3046875, "peak_allocated": 48806939648}
{"step": 1808, "epoch": 2, "loss": 0.14227713288889904, "lr": 9.69436997319035e-06, "grad_norm": 1.1875, "peak_allocated": 48806939648}
{"step": 1809, "epoch": 2, "loss": 0.1067678682978706, "lr": 9.699731903485255e-06, "grad_norm": 1.03125, "peak_allocated": 48806939648}
{"step": 1810, "epoch": 2, "loss": 0.1106285092044903, "lr": 9.705093833780162e-06, "grad_norm": 1.28125, "peak_allocated": 48806939648}
{"step": 1811, "epoch": 2, "loss": 0.12157991553601755, "lr": 9.710455764075067e-06, "grad_norm": 1.1171875, "peak_allocated": 48806939648}
{"step": 1812, "epoch": 2, "loss": 0.11947640066341654, "lr": 9.715817694369974e-06, "grad_norm": 1.453125, "peak_allocated": 48806939648}
{"step": 1813, "epoch": 2, "loss": 0.144333017976364, "lr": 9.721179624664881e-06, "grad_norm": 1.34375, "peak_allocated": 48806939648}
{"step": 1814, "epoch": 2, "loss": 0.1397583950446707, "lr": 9.726541554959786e-06, "grad_norm": 1.2578125, "peak_allocated": 48806939648}
{"step": 1815, "epoch": 2, "loss": 0.15011643138374864, "lr": 9.731903485254692e-06, "grad_norm": 1.234375, "peak_allocated": 48806939648}
{"step": 1816, "epoch": 2, "loss": 0.09809158223943462, "lr": 9.737265415549599e-06, "grad_norm": 0.9375, "peak_allocated": 48806939648}
{"step": 1817, "epoch": 2, "loss": 0.10766481542620436, "lr": 9.742627345844506e-06, "grad_norm": 1.03125, "peak_allocated": 48806939648}
{"step": 1818, "epoch": 2, "loss": 0.18394799946399087, "lr": 9.74798927613941e-06, "grad_norm": 1.578125, "peak_allocated": 48806939648}
{"step": 1819, "epoch": 2, "loss": 0.14286152084095918, "lr": 9.753351206434318e-06, "grad_norm": 1.4453125, "peak_allocated": 48806939648}
{"step": 1820, "epoch": 2, "loss": 0.14409785551380988, "lr": 9.758713136729223e-06, "grad_norm": 1.359375, "peak_allocated": 48806939648}
{"step": 1821, "epoch": 2, "loss": 0.123313103156905, "lr": 9.764075067024128e-06, "grad_norm": 1.1796875, "peak_allocated": 48806939648}
{"step": 1822, "epoch": 2, "loss": 0.13041996678805057, "lr": 9.769436997319037e-06, "grad_norm": 1.2734375, "peak_allocated": 48806939648}
{"step": 1823, "epoch": 2, "loss": 0.15982327115390838, "lr": 9.774798927613942e-06, "grad_norm": 1.453125, "peak_allocated": 48806939648}
{"step": 1824, "epoch": 2, "loss": 0.16239035619593628, "lr": 9.780160857908847e-06, "grad_norm": 1.21875, "peak_allocated": 48806939648}
{"step": 1825, "epoch": 2, "loss": 0.1362196654973468, "lr": 9.785522788203754e-06, "grad_norm": 1.2578125, "peak_allocated": 48806939648}
{"step": 1826, "epoch": 2, "loss": 0.13756636479836806, "lr": 9.79088471849866e-06, "grad_norm": 1.2265625, "peak_allocated": 48806939648}
{"step": 1827, "epoch": 2, "loss": 0.11073626642220481, "lr": 9.796246648793567e-06, "grad_norm": 1.1015625, "peak_allocated": 48806939648}
{"step": 1828, "epoch": 2, "loss": 0.1349669750219837, "lr": 9.801608579088474e-06, "grad_norm": 1.21875, "peak_allocated": 48806939648}
{"step": 1829, "epoch": 2, "loss": 0.12846638375250036, "lr": 9.806970509383379e-06, "grad_norm": 1.2109375, "peak_allocated": 48806939648}
{"step": 1830, "epoch": 2, "loss": 0.12544411587817916, "lr": 9.812332439678284e-06, "grad_norm": 1.078125, "peak_allocated": 48806939648}
{"step": 1831, "epoch": 2, "loss": 0.16270453914883318, "lr": 9.817694369973191e-06, "grad_norm": 1.265625, "peak_allocated": 48806939648}
{"step": 1832, "epoch": 2, "loss": 0.13173073420118017, "lr": 9.823056300268098e-06, "grad_norm": 1.1484375, "peak_allocated": 48806939648}
{"step": 1833, "epoch": 2, "loss": 0.13751723805667254, "lr": 9.828418230563003e-06, "grad_norm": 1.359375, "peak_allocated": 48806939648}
{"step": 1834, "epoch": 2, "loss": 0.10491508405141789, "lr": 9.83378016085791e-06, "grad_norm": 1.140625, "peak_allocated": 48806939648}
{"step": 1835, "epoch": 2, "loss": 0.15060029898162658, "lr": 9.839142091152816e-06, "grad_norm": 1.21875, "peak_allocated": 48806939648}
{"step": 1836, "epoch": 2, "loss": 0.1550205337978179, "lr": 9.844504021447721e-06, "grad_norm": 1.40625, "peak_allocated": 48806939648}
{"step": 1837, "epoch": 2, "loss": 0.12604688066875105, "lr": 9.849865951742628e-06, "grad_norm": 1.1875, "peak_allocated": 48806939648}
{"step": 1838, "epoch": 2, "loss": 0.12002461702871135, "lr": 9.855227882037535e-06, "grad_norm": 1.109375, "peak_allocated": 48806939648}
{"step": 1839, "epoch": 2, "loss": 0.14163140632451596, "lr": 9.86058981233244e-06, "grad_norm": 1.296875, "peak_allocated": 48806939648}
{"step": 1840, "epoch": 2, "loss": 0.12043232318431385, "lr": 9.865951742627347e-06, "grad_norm": 1.2421875, "peak_allocated": 48806939648}
{"step": 1841, "epoch": 2, "loss": 0.1038663652511589, "lr": 9.871313672922252e-06, "grad_norm": 0.91015625, "peak_allocated": 48806939648}
{"step": 1842, "epoch": 2, "loss": 0.1373736089609585, "lr": 9.87667560321716e-06, "grad_norm": 1.0859375, "peak_allocated": 48806939648}
{"step": 1843, "epoch": 2, "loss": 0.10971940299449917, "lr": 9.882037533512066e-06, "grad_norm": 1.0546875, "peak_allocated": 48806939648}
{"step": 1844, "epoch": 2, "loss": 0.15022282780889068, "lr": 9.887399463806972e-06, "grad_norm": 1.25, "peak_allocated": 48806939648}
{"step": 1845, "epoch": 2, "loss": 0.15359891004817705, "lr": 9.892761394101877e-06, "grad_norm": 1.390625, "peak_allocated": 48806939648}
{"step": 1846, "epoch": 2, "loss": 0.1176615957636869, "lr": 9.898123324396784e-06, "grad_norm": 1.078125, "peak_allocated": 48806939648}
{"step": 1847, "epoch": 2, "loss": 0.15815525152767548, "lr": 9.903485254691689e-06, "grad_norm": 1.34375, "peak_allocated": 48806939648}
{"step": 1848, "epoch": 2, "loss": 0.09746329904246623, "lr": 9.908847184986596e-06, "grad_norm": 1.125, "peak_allocated": 48806939648}
{"step": 1849, "epoch": 2, "loss": 0.11734621614722432, "lr": 9.914209115281503e-06, "grad_norm": 1.0390625, "peak_allocated": 48806939648}
{"step": 1850, "epoch": 2, "loss": 0.10632624965086628, "lr": 9.919571045576408e-06, "grad_norm": 0.96484375, "peak_allocated": 48806939648}
{"step": 1851, "epoch": 2, "loss": 0.13834631762871838, "lr": 9.924932975871313e-06, "grad_norm": 1.40625, "peak_allocated": 48806939648}
{"step": 1852, "epoch": 2, "loss": 0.11701982025718831, "lr": 9.93029490616622e-06, "grad_norm": 1.109375, "peak_allocated": 48806939648}
{"step": 1853, "epoch": 2, "loss": 0.1347591828845238, "lr": 9.935656836461127e-06, "grad_norm": 1.2265625, "peak_allocated": 48806939648}
{"step": 1854, "epoch": 2, "loss": 0.1217482623658767, "lr": 9.941018766756033e-06, "grad_norm": 1.046875, "peak_allocated": 48806939648}
{"step": 1855, "epoch": 2, "loss": 0.15334554229002176, "lr": 9.94638069705094e-06, "grad_norm": 1.453125, "peak_allocated": 48806939648}
{"step": 1856, "epoch": 2, "loss": 0.1315640866350328, "lr": 9.951742627345845e-06, "grad_norm": 1.25, "peak_allocated": 48806939648}
{"step": 1857, "epoch": 2, "loss": 0.10991471670353432, "lr": 9.95710455764075e-06, "grad_norm": 1.0625, "peak_allocated": 48806939648}
{"step": 1858, "epoch": 2, "loss": 0.1307933403119918, "lr": 9.962466487935659e-06, "grad_norm": 1.234375, "peak_allocated": 48806939648}
{"step": 1859, "epoch": 2, "loss": 0.154627745453088, "lr": 9.967828418230564e-06, "grad_norm": 1.6015625, "peak_allocated": 48806939648}
{"step": 1860, "epoch": 2, "loss": 0.13914988142214396, "lr": 9.97319034852547e-06, "grad_norm": 1.234375, "peak_allocated": 48806939648}
{"step": 1861, "epoch": 2, "loss": 0.14501847483893734, "lr": 9.978552278820376e-06, "grad_norm": 1.3125, "peak_allocated": 48806939648}
{"step": 1862, "epoch": 2, "loss": 0.11289494103977656, "lr": 9.983914209115282e-06, "grad_norm": 1.0703125, "peak_allocated": 48806939648}
{"step": 1863, "epoch": 2, "loss": 0.14299098980991848, "lr": 9.989276139410189e-06, "grad_norm": 1.2890625, "peak_allocated": 48806939648}
{"step": 1864, "epoch": 2, "loss": 0.1393197517813731, "lr": 9.994638069705096e-06, "grad_norm": 1.2578125, "peak_allocated": 48806939648}
{"step": 1865, "epoch": 2, "loss": 0.11935936162638752, "lr": 1e-05, "grad_norm": 1.0859375, "peak_allocated": 48806939648}
{"step": 1866, "epoch": 2, "loss": 0.12592078249185418, "lr": 1e-05, "grad_norm": 1.53125, "peak_allocated": 48806939648}
End Time: 2026-09-18T13:09:03+09:00
Elapsed Seconds: 5508
Exit Code: 0
