==========================================
SLURM_JOB_ID = 918371
SLURM_NODELIST = gpu39
==========================================
Job ID: 918371
Node: gpu39
Start Time: 2026-09-29T21:10:18+09:00
Submit Dir: /scratch/r984a02/phdq3
Partition: amd_a100nv_8
CUDA_VISIBLE_DEVICES: 0,1,2,3
CPUs per task: 32
{
  "schema_version": 1,
  "created_at": "2026-09-29T12:10:22.274084+00:00",
  "hostname": "gpu39",
  "platform": "Linux-5.14.0-427.13.1.el9_4.x86_64-x86_64-with-glibc2.34",
  "python": "3.11.16",
  "python_executable": "/home01/r984a02/.conda/envs/phdq_blt_hf/bin/python",
  "scope": "gpu_runtime",
  "torch": "2.11.0+cu128",
  "transformers": "5.16.1",
  "xformers": null,
  "safetensors": "0.8.0",
  "huggingface_hub": "1.31.0",
  "devices": [
    {
      "index": 0,
      "name": "NVIDIA A100-SXM4-80GB",
      "capability": [
        8,
        0
      ],
      "total_memory": 85094825984,
      "bf16_supported": true,
      "bf16_smoke": true
    },
    {
      "index": 1,
      "name": "NVIDIA A100-SXM4-80GB",
      "capability": [
        8,
        0
      ],
      "total_memory": 85094825984,
      "bf16_supported": true,
      "bf16_smoke": true
    },
    {
      "index": 2,
      "name": "NVIDIA A100-SXM4-80GB",
      "capability": [
        8,
        0
      ],
      "total_memory": 85094825984,
      "bf16_supported": true,
      "bf16_smoke": true
    },
    {
      "index": 3,
      "name": "NVIDIA A100-SXM4-80GB",
      "capability": [
        8,
        0
      ],
      "total_memory": 85094825984,
      "bf16_supported": true,
      "bf16_smoke": true
    }
  ],
  "errors": [],
  "nvidia_smi": [
    "NVIDIA A100-SXM4-80GB, 580.105.08, 81920 MiB",
    "NVIDIA A100-SXM4-80GB, 580.105.08, 81920 MiB",
    "NVIDIA A100-SXM4-80GB, 580.105.08, 81920 MiB",
    "NVIDIA A100-SXM4-80GB, 580.105.08, 81920 MiB"
  ],
  "cuda_runtime": "12.8",
  "blt_import": true,
  "cuda_available": true,
  "cuda_smoke": true,
  "loaded_libcudart": [
    "/scratch/r984a02/.conda/envs/phdq_blt_hf/lib/python3.11/site-packages/nvidia/cuda_runtime/lib/libcudart.so.12"
  ],
  "status": "pass"
}
{
  "schema_version": 1,
  "created_at": "2026-09-29T12:12:38.751744+00:00",
  "check": "raw_utf8_lengths_and_m2_source_alignment",
  "model_executed": false,
  "tokenizer_executed": false,
  "status": "pass",
  "max_allowed": 2048,
  "splits": {
    "native/train": {
      "rows": 12292,
      "blank_lines": 0,
      "tsv_sha256": "a1080e12f528212f25858b1c0093f497d9ffa62f5717848088c4010bad2ea871",
      "max_sequence_bytes": 398,
      "max_prompt_bytes": 207,
      "max_target_bytes": 190,
      "over_1024": 0,
      "over_limit": 0
    },
    "native/val": {
      "rows": 2634,
      "blank_lines": 0,
      "tsv_sha256": "002645a47593a88735fe7b13fdc7c9fe2e4c1a92191f90ec7fb95449758ecd98",
      "max_sequence_bytes": 401,
      "max_prompt_bytes": 209,
      "max_target_bytes": 191,
      "over_1024": 0,
      "over_limit": 0,
      "evaluation_identity": {
        "dataset": "native",
        "split": "val",
        "sample_count": 2634,
        "source_hash": "e63fe872699d99b0ccec7dc04e98fb9bfde1f6b6c7119d90a9070daec279a4c3",
        "target_hash": "4c13345e12a1b4cd8097edd3b3cbb05fb0e71cef3d3e9f21c237ef9536461feb",
        "m2_hash": "17558a819658a14031ed8d36032b2f33f2f0094f50da695e818c488037fabb8a",
        "tsv_hash": "002645a47593a88735fe7b13fdc7c9fe2e4c1a92191f90ec7fb95449758ecd98",
        "reader": "utf8-universal-newlines-two-columns-blank-lines-skipped-v1"
      }
    },
    "native/test": {
      "rows": 2634,
      "blank_lines": 0,
      "tsv_sha256": "6c2d6e1551fdd12dd51b764b0daa3de57befedca47c21ed07fb5538d7c33ccc8",
      "max_sequence_bytes": 399,
      "max_prompt_bytes": 208,
      "max_target_bytes": 190,
      "over_1024": 0,
      "over_limit": 0,
      "evaluation_identity": {
        "dataset": "native",
        "split": "test",
        "sample_count": 2634,
        "source_hash": "37ec4cb176690066bd411d4dee23001ee77a3cf7825f28b2555390db349ba1c7",
        "target_hash": "c1b96b70deb626920be67f05d1b371bd16b38ccc9abd941a3f98bd11776d3563",
        "m2_hash": "a4579825f6fc5e9ee7fbb1ae722cf260518b9305a07f5191ba423bc0f8b0a04c",
        "tsv_hash": "6c2d6e1551fdd12dd51b764b0daa3de57befedca47c21ed07fb5538d7c33ccc8",
        "reader": "utf8-universal-newlines-two-columns-blank-lines-skipped-v1"
      }
    },
    "korean_learner/train": {
      "rows": 19898,
      "blank_lines": 0,
      "tsv_sha256": "163ab6419d259f477b5ab3c913dca6068dd1beaace2f4858d5416ac41bbe1888",
      "max_sequence_bytes": 1380,
      "max_prompt_bytes": 694,
      "max_target_bytes": 685,
      "over_1024": 4,
      "over_limit": 0
    },
    "korean_learner/val": {
      "rows": 4264,
      "blank_lines": 0,
      "tsv_sha256": "c5b62d189af42807a6dd0679f2a43b5d07dfaae282aeef812724f90a19fc1e1b",
      "max_sequence_bytes": 845,
      "max_prompt_bytes": 430,
      "max_target_bytes": 414,
      "over_1024": 0,
      "over_limit": 0,
      "evaluation_identity": {
        "dataset": "korean_learner",
        "split": "val",
        "sample_count": 4264,
        "source_hash": "46384ab2684f369e36aa0fc787b0447796d3760ff7ebfcca2d8e973e93222a08",
        "target_hash": "25cbe312b4d391f7a32b75100f6c8c2daa0eb6cd9de241775062eef69b17ea14",
        "m2_hash": "26aa7b334b71ae3d6e0b06acd45cc81cc219d75ad1ff2b573f496b30284b839c",
        "tsv_hash": "c5b62d189af42807a6dd0679f2a43b5d07dfaae282aeef812724f90a19fc1e1b",
        "reader": "utf8-universal-newlines-two-columns-blank-lines-skipped-v1"
      }
    },
    "korean_learner/test": {
      "rows": 4265,
      "blank_lines": 0,
      "tsv_sha256": "cb49c2806cedd8b71d1b5dbbc31ef5c74f0aca3a6ab6dc92a94c9e5ffe52044d",
      "max_sequence_bytes": 633,
      "max_prompt_bytes": 324,
      "max_target_bytes": 320,
      "over_1024": 0,
      "over_limit": 0,
      "evaluation_identity": {
        "dataset": "korean_learner",
        "split": "test",
        "sample_count": 4265,
        "source_hash": "4438468750166634cce0e4b03e72f7b82f45e352e7de230e9492c5a9cc4bb1c5",
        "target_hash": "93878d24629be44430507a067a2ab645e2bf4fc65dc0cd0ba1177c2ff9640933",
        "m2_hash": "4be33bbc4adf618da33074b9a97525c4d24c08162b9df44db60e69424f51ec01",
        "tsv_hash": "cb49c2806cedd8b71d1b5dbbc31ef5c74f0aca3a6ab6dc92a94c9e5ffe52044d",
        "reader": "utf8-universal-newlines-two-columns-blank-lines-skipped-v1"
      }
    },
    "union/train": {
      "rows": 108882,
      "blank_lines": 1,
      "tsv_sha256": "90a55cac5d37cd3557f6f958b973b6f6a037872c87edade462ac05324843a54a",
      "max_sequence_bytes": 1380,
      "max_prompt_bytes": 694,
      "max_target_bytes": 685,
      "over_1024": 5,
      "over_limit": 0
    },
    "union/val": {
      "rows": 23332,
      "blank_lines": 1,
      "tsv_sha256": "22b90eee85aa2edd5557cd3009893dd1b1dcff22584b7f96e713878fcbeb5f8b",
      "max_sequence_bytes": 931,
      "max_prompt_bytes": 470,
      "max_target_bytes": 460,
      "over_1024": 0,
      "over_limit": 0,
      "evaluation_identity": {
        "dataset": "union",
        "split": "val",
        "sample_count": 23332,
        "source_hash": "a0063540f10386703cf635a5c77922af237d45357202cc5da5420f2c4ebb5a7b",
        "target_hash": "864380fdab4b860b906a6836f9bb6a61230c40f071332fc1abcae2c4fb990d45",
        "m2_hash": "22e1cdeed3702fe905b429c872f188b19b70c52e949c3eed1a8b4df5a90def20",
        "tsv_hash": "22b90eee85aa2edd5557cd3009893dd1b1dcff22584b7f96e713878fcbeb5f8b",
        "reader": "utf8-universal-newlines-two-columns-blank-lines-skipped-v1"
      }
    },
    "union/test": {
      "rows": 23333,
      "blank_lines": 1,
      "tsv_sha256": "65b1bd0039ae58c136ee44ebbb6876ee69a5353bb8c00046ec235e7e79592f28",
      "max_sequence_bytes": 886,
      "max_prompt_bytes": 451,
      "max_target_bytes": 434,
      "over_1024": 0,
      "over_limit": 0,
      "evaluation_identity": {
        "dataset": "union",
        "split": "test",
        "sample_count": 23333,
        "source_hash": "eb476f3f20ea1abdd1fbb42e0ca006672a744e353bcd836d470569d7ea9e2ea7",
        "target_hash": "fb2c7f1b332c75a69a4677a09a3f48134469cf40d9cf7f7cb4906696dbd0a176",
        "m2_hash": "e79ae3c01c211bb58c2a0213f6b9e39bed8d9e4eb2011d7e7ae22a33c1042db7",
        "tsv_hash": "65b1bd0039ae58c136ee44ebbb6876ee69a5353bb8c00046ec235e7e79592f28",
        "reader": "utf8-universal-newlines-two-columns-blank-lines-skipped-v1"
      }
    }
  },
  "total": {
    "rows": 201534,
    "max_sequence_bytes": 1380,
    "max_prompt_bytes": 694,
    "max_target_bytes": 685,
    "over_1024": 9,
    "over_limit": 0
  }
}
{"event": "train_stage", "stage": "distributed_initialized", "rank": 0, "local_rank": 0, "world_size": 4, "device": "cuda:0"}
{"event": "train_stage", "stage": "distributed_initialized", "rank": 1, "local_rank": 1, "world_size": 4, "device": "cuda:1"}
{"event": "train_stage", "stage": "distributed_initialized", "rank": 2, "local_rank": 2, "world_size": 4, "device": "cuda:2"}
{"event": "train_stage", "stage": "distributed_initialized", "rank": 3, "local_rank": 3, "world_size": 4, "device": "cuda:3"}
{"event": "train_stage", "stage": "manifest_verified", "rank": 0, "local_rank": 0, "world_size": 4, "resume": false, "code_hash": "d24a7a975d2a6313a208236120ac389f446745e1230d7b225e13bfe7e62e651f"}
{"event": "train_stage", "stage": "manifest_verified", "rank": 1, "local_rank": 1, "world_size": 4, "resume": false, "code_hash": "d24a7a975d2a6313a208236120ac389f446745e1230d7b225e13bfe7e62e651f"}
{"event": "train_stage", "stage": "manifest_verified", "rank": 2, "local_rank": 2, "world_size": 4, "resume": false, "code_hash": "d24a7a975d2a6313a208236120ac389f446745e1230d7b225e13bfe7e62e651f"}
{"event": "train_stage", "stage": "manifest_verified", "rank": 3, "local_rank": 3, "world_size": 4, "resume": false, "code_hash": "d24a7a975d2a6313a208236120ac389f446745e1230d7b225e13bfe7e62e651f"}
{"event": "train_stage", "stage": "model_moved_to_device", "rank": 0, "local_rank": 0, "world_size": 4}
{"event": "train_stage", "stage": "model_moved_to_device", "rank": 1, "local_rank": 1, "world_size": 4}
{"event": "train_stage", "stage": "model_moved_to_device", "rank": 2, "local_rank": 2, "world_size": 4}
{"event": "train_stage", "stage": "model_moved_to_device", "rank": 3, "local_rank": 3, "world_size": 4}
{"event": "train_stage", "stage": "training_loop_entered", "rank": 3, "local_rank": 3, "world_size": 4, "global_step": 0, "epoch": 0, "next_batch": 0}
{"event": "train_stage", "stage": "training_loop_entered", "rank": 1, "local_rank": 1, "world_size": 4, "global_step": 0, "epoch": 0, "next_batch": 0}
{"event": "train_stage", "stage": "training_loop_entered", "rank": 2, "local_rank": 2, "world_size": 4, "global_step": 0, "epoch": 0, "next_batch": 0}
{"event": "train_stage", "stage": "training_loop_entered", "rank": 0, "local_rank": 0, "world_size": 4, "global_step": 0, "epoch": 0, "next_batch": 0}
{"step": 1, "epoch": 0, "loss": 0.3304329680485858, "lr": 3.2154340836012864e-08, "grad_norm": 4.40625, "peak_allocated": 36514714624}
{"step": 2, "epoch": 0, "loss": 0.3098743051391537, "lr": 6.430868167202573e-08, "grad_norm": 3.625, "peak_allocated": 48804809216}
{"step": 3, "epoch": 0, "loss": 0.35187210009313147, "lr": 9.64630225080386e-08, "grad_norm": 4.3125, "peak_allocated": 48804809216}
{"step": 4, "epoch": 0, "loss": 0.36218138608958694, "lr": 1.2861736334405146e-07, "grad_norm": 4.78125, "peak_allocated": 48804809216}
{"step": 5, "epoch": 0, "loss": 0.4065749800194162, "lr": 1.6077170418006432e-07, "grad_norm": 5.125, "peak_allocated": 48804809216}
{"step": 6, "epoch": 0, "loss": 0.3459222628725, "lr": 1.929260450160772e-07, "grad_norm": 4.5625, "peak_allocated": 48804809216}
{"step": 7, "epoch": 0, "loss": 0.3274250909819243, "lr": 2.2508038585209005e-07, "grad_norm": 4.3125, "peak_allocated": 48804829696}
{"step": 8, "epoch": 0, "loss": 0.33558886132466714, "lr": 2.572347266881029e-07, "grad_norm": 3.890625, "peak_allocated": 48804829696}
{"step": 9, "epoch": 0, "loss": 0.3809299538184923, "lr": 2.8938906752411575e-07, "grad_norm": 4.75, "peak_allocated": 48804829696}
{"step": 10, "epoch": 0, "loss": 0.32773015160036534, "lr": 3.2154340836012864e-07, "grad_norm": 3.6875, "peak_allocated": 48804829696}
{"step": 11, "epoch": 0, "loss": 0.34230478549445115, "lr": 3.5369774919614153e-07, "grad_norm": 4.3125, "peak_allocated": 48804829696}
{"step": 12, "epoch": 0, "loss": 0.3430839990820629, "lr": 3.858520900321544e-07, "grad_norm": 3.890625, "peak_allocated": 48804829696}
{"step": 13, "epoch": 0, "loss": 0.30892601829406846, "lr": 4.180064308681672e-07, "grad_norm": 3.75, "peak_allocated": 48804829696}
{"step": 14, "epoch": 0, "loss": 0.3321062720860234, "lr": 4.501607717041801e-07, "grad_norm": 4.28125, "peak_allocated": 48804829696}
{"step": 15, "epoch": 0, "loss": 0.36405085983912017, "lr": 4.823151125401929e-07, "grad_norm": 4.8125, "peak_allocated": 48804829696}
{"step": 16, "epoch": 0, "loss": 0.3425562589298357, "lr": 5.144694533762058e-07, "grad_norm": 4.40625, "peak_allocated": 48804829696}
{"step": 17, "epoch": 0, "loss": 0.3405045687326736, "lr": 5.466237942122187e-07, "grad_norm": 3.859375, "peak_allocated": 48805540352}
{"step": 18, "epoch": 0, "loss": 0.3790167684849152, "lr": 5.787781350482315e-07, "grad_norm": 5.0, "peak_allocated": 48805540352}
{"step": 19, "epoch": 0, "loss": 0.3302187945436074, "lr": 6.109324758842444e-07, "grad_norm": 3.859375, "peak_allocated": 48805540352}
{"step": 20, "epoch": 0, "loss": 0.38436025319217176, "lr": 6.430868167202573e-07, "grad_norm": 5.0625, "peak_allocated": 48805540352}
{"step": 21, "epoch": 0, "loss": 0.336624947191384, "lr": 6.752411575562702e-07, "grad_norm": 3.921875, "peak_allocated": 48805540352}
{"step": 22, "epoch": 0, "loss": 0.36851718097122066, "lr": 7.073954983922831e-07, "grad_norm": 4.1875, "peak_allocated": 48805540352}
{"step": 23, "epoch": 0, "loss": 0.34685970472556116, "lr": 7.395498392282958e-07, "grad_norm": 4.3125, "peak_allocated": 48805540352}
{"step": 24, "epoch": 0, "loss": 0.3250855431943315, "lr": 7.717041800643088e-07, "grad_norm": 3.859375, "peak_allocated": 48805540352}
{"step": 25, "epoch": 0, "loss": 0.30849484901709945, "lr": 8.038585209003216e-07, "grad_norm": 3.765625, "peak_allocated": 48805540352}
{"step": 26, "epoch": 0, "loss": 0.30982392553564425, "lr": 8.360128617363344e-07, "grad_norm": 3.65625, "peak_allocated": 48805540352}
{"step": 27, "epoch": 0, "loss": 0.3267254732102967, "lr": 8.681672025723474e-07, "grad_norm": 3.96875, "peak_allocated": 48805540352}
{"step": 28, "epoch": 0, "loss": 0.36668699398383303, "lr": 9.003215434083602e-07, "grad_norm": 3.96875, "peak_allocated": 48805540352}
{"step": 29, "epoch": 0, "loss": 0.28857771097710366, "lr": 9.324758842443731e-07, "grad_norm": 3.265625, "peak_allocated": 48805540352}
{"step": 30, "epoch": 0, "loss": 0.30424016629393597, "lr": 9.646302250803859e-07, "grad_norm": 3.984375, "peak_allocated": 48805540352}
{"step": 31, "epoch": 0, "loss": 0.3513213869128019, "lr": 9.967845659163988e-07, "grad_norm": 4.53125, "peak_allocated": 48805540352}
{"step": 32, "epoch": 0, "loss": 0.33684855509908873, "lr": 1.0289389067524116e-06, "grad_norm": 4.1875, "peak_allocated": 48805540352}
{"step": 33, "epoch": 0, "loss": 0.3115143136221381, "lr": 1.0610932475884245e-06, "grad_norm": 3.90625, "peak_allocated": 48805540352}
{"step": 34, "epoch": 0, "loss": 0.35155466633080956, "lr": 1.0932475884244374e-06, "grad_norm": 3.71875, "peak_allocated": 48805540352}
{"step": 35, "epoch": 0, "loss": 0.3239414143658313, "lr": 1.1254019292604503e-06, "grad_norm": 4.03125, "peak_allocated": 48805540352}
{"step": 36, "epoch": 0, "loss": 0.33455087601335276, "lr": 1.157556270096463e-06, "grad_norm": 3.578125, "peak_allocated": 48805540352}
{"step": 37, "epoch": 0, "loss": 0.33626744349272153, "lr": 1.189710610932476e-06, "grad_norm": 3.96875, "peak_allocated": 48805540352}
{"step": 38, "epoch": 0, "loss": 0.364632740257585, "lr": 1.2218649517684888e-06, "grad_norm": 4.53125, "peak_allocated": 48805540352}
{"step": 39, "epoch": 0, "loss": 0.3361171687390722, "lr": 1.2540192926045017e-06, "grad_norm": 4.1875, "peak_allocated": 48805540352}
{"step": 40, "epoch": 0, "loss": 0.3152927614534721, "lr": 1.2861736334405146e-06, "grad_norm": 3.84375, "peak_allocated": 48805540352}
{"step": 41, "epoch": 0, "loss": 0.30046870361172384, "lr": 1.3183279742765272e-06, "grad_norm": 3.671875, "peak_allocated": 48805540352}
{"step": 42, "epoch": 0, "loss": 0.2938303870720163, "lr": 1.3504823151125403e-06, "grad_norm": 4.21875, "peak_allocated": 48805540352}
{"step": 43, "epoch": 0, "loss": 0.3232807082528426, "lr": 1.3826366559485532e-06, "grad_norm": 4.34375, "peak_allocated": 48805540352}
{"step": 44, "epoch": 0, "loss": 0.32572866880821993, "lr": 1.4147909967845661e-06, "grad_norm": 4.03125, "peak_allocated": 48805540352}
{"step": 45, "epoch": 0, "loss": 0.32643510989599656, "lr": 1.4469453376205788e-06, "grad_norm": 4.5, "peak_allocated": 48805540352}
{"step": 46, "epoch": 0, "loss": 0.3222444195421938, "lr": 1.4790996784565917e-06, "grad_norm": 3.859375, "peak_allocated": 48805540352}
{"step": 47, "epoch": 0, "loss": 0.3243438845245791, "lr": 1.5112540192926046e-06, "grad_norm": 3.703125, "peak_allocated": 48805540352}
{"step": 48, "epoch": 0, "loss": 0.28261857297039106, "lr": 1.5434083601286177e-06, "grad_norm": 3.984375, "peak_allocated": 48805540352}
{"step": 49, "epoch": 0, "loss": 0.2867752045319065, "lr": 1.5755627009646304e-06, "grad_norm": 3.625, "peak_allocated": 48805540352}
{"step": 50, "epoch": 0, "loss": 0.3072609011255871, "lr": 1.6077170418006432e-06, "grad_norm": 4.25, "peak_allocated": 48805540352}
{"step": 51, "epoch": 0, "loss": 0.32247494018351713, "lr": 1.6398713826366561e-06, "grad_norm": 4.25, "peak_allocated": 48805540352}
{"step": 52, "epoch": 0, "loss": 0.3287767837731982, "lr": 1.6720257234726688e-06, "grad_norm": 4.4375, "peak_allocated": 48805540352}
{"step": 53, "epoch": 0, "loss": 0.33696684177366837, "lr": 1.7041800643086817e-06, "grad_norm": 4.75, "peak_allocated": 48805540352}
{"step": 54, "epoch": 0, "loss": 0.2802362758732469, "lr": 1.7363344051446948e-06, "grad_norm": 3.5625, "peak_allocated": 48805540352}
{"step": 55, "epoch": 0, "loss": 0.31477136988333126, "lr": 1.7684887459807077e-06, "grad_norm": 3.84375, "peak_allocated": 48805540352}
{"step": 56, "epoch": 0, "loss": 0.3412660178211, "lr": 1.8006430868167204e-06, "grad_norm": 4.375, "peak_allocated": 48805540352}
{"step": 57, "epoch": 0, "loss": 0.34562803569462164, "lr": 1.8327974276527333e-06, "grad_norm": 4.0625, "peak_allocated": 48805540352}
{"step": 58, "epoch": 0, "loss": 0.32744095484984903, "lr": 1.8649517684887462e-06, "grad_norm": 4.625, "peak_allocated": 48805540352}
{"step": 59, "epoch": 0, "loss": 0.3355294827886614, "lr": 1.8971061093247588e-06, "grad_norm": 4.21875, "peak_allocated": 48805540352}
{"step": 60, "epoch": 0, "loss": 0.2582728927408285, "lr": 1.9292604501607717e-06, "grad_norm": 3.34375, "peak_allocated": 48805540352}
{"step": 61, "epoch": 0, "loss": 0.2637379822485587, "lr": 1.961414790996785e-06, "grad_norm": 3.609375, "peak_allocated": 48805540352}
{"step": 62, "epoch": 0, "loss": 0.29567041981324477, "lr": 1.9935691318327975e-06, "grad_norm": 4.21875, "peak_allocated": 48805540352}
{"step": 63, "epoch": 0, "loss": 0.2951844248123374, "lr": 2.0257234726688104e-06, "grad_norm": 3.671875, "peak_allocated": 48805540352}
{"step": 64, "epoch": 0, "loss": 0.29637781187338375, "lr": 2.0578778135048233e-06, "grad_norm": 3.609375, "peak_allocated": 48805540352}
{"step": 65, "epoch": 0, "loss": 0.28497644050265697, "lr": 2.090032154340836e-06, "grad_norm": 3.625, "peak_allocated": 48805540352}
{"step": 66, "epoch": 0, "loss": 0.35255385630333047, "lr": 2.122186495176849e-06, "grad_norm": 4.25, "peak_allocated": 48805540352}
{"step": 67, "epoch": 0, "loss": 0.2509848409372027, "lr": 2.154340836012862e-06, "grad_norm": 3.0625, "peak_allocated": 48805540352}
{"step": 68, "epoch": 0, "loss": 0.2722861179649115, "lr": 2.186495176848875e-06, "grad_norm": 3.8125, "peak_allocated": 48805540352}
{"step": 69, "epoch": 0, "loss": 0.26016490591958, "lr": 2.2186495176848877e-06, "grad_norm": 3.453125, "peak_allocated": 48805540352}
{"step": 70, "epoch": 0, "loss": 0.2733533628386572, "lr": 2.2508038585209006e-06, "grad_norm": 3.875, "peak_allocated": 48805540352}
{"step": 71, "epoch": 0, "loss": 0.22487930992991684, "lr": 2.2829581993569135e-06, "grad_norm": 2.859375, "peak_allocated": 48805540352}
{"step": 72, "epoch": 0, "loss": 0.32175379848689206, "lr": 2.315112540192926e-06, "grad_norm": 3.671875, "peak_allocated": 48805540352}
{"step": 73, "epoch": 0, "loss": 0.29164806892898437, "lr": 2.3472668810289393e-06, "grad_norm": 3.640625, "peak_allocated": 48805540352}
{"step": 74, "epoch": 0, "loss": 0.2652175274138834, "lr": 2.379421221864952e-06, "grad_norm": 3.828125, "peak_allocated": 48805540352}
{"step": 75, "epoch": 0, "loss": 0.27297548373883285, "lr": 2.411575562700965e-06, "grad_norm": 3.265625, "peak_allocated": 48805540352}
{"step": 76, "epoch": 0, "loss": 0.2800999342620603, "lr": 2.4437299035369775e-06, "grad_norm": 3.234375, "peak_allocated": 48805540352}
{"step": 77, "epoch": 0, "loss": 0.24434882828767052, "lr": 2.4758842443729904e-06, "grad_norm": 3.234375, "peak_allocated": 48805540352}
{"step": 78, "epoch": 0, "loss": 0.2517099978335569, "lr": 2.5080385852090033e-06, "grad_norm": 3.328125, "peak_allocated": 48805540352}
{"step": 79, "epoch": 0, "loss": 0.22730833606023298, "lr": 2.5401929260450166e-06, "grad_norm": 3.296875, "peak_allocated": 48805540352}
{"step": 80, "epoch": 0, "loss": 0.24558354144972216, "lr": 2.572347266881029e-06, "grad_norm": 3.234375, "peak_allocated": 48805540352}
{"step": 81, "epoch": 0, "loss": 0.28599999062731396, "lr": 2.604501607717042e-06, "grad_norm": 3.546875, "peak_allocated": 48805540352}
{"step": 82, "epoch": 0, "loss": 0.23706578848633303, "lr": 2.6366559485530545e-06, "grad_norm": 3.109375, "peak_allocated": 48805540352}
{"step": 83, "epoch": 0, "loss": 0.1943132076565324, "lr": 2.6688102893890678e-06, "grad_norm": 2.625, "peak_allocated": 48805540352}
{"step": 84, "epoch": 0, "loss": 0.21931074421265714, "lr": 2.7009646302250807e-06, "grad_norm": 3.3125, "peak_allocated": 48805540352}
{"step": 85, "epoch": 0, "loss": 0.21148168450032034, "lr": 2.7331189710610936e-06, "grad_norm": 2.984375, "peak_allocated": 48805540352}
{"step": 86, "epoch": 0, "loss": 0.26613956206095424, "lr": 2.7652733118971064e-06, "grad_norm": 3.515625, "peak_allocated": 48805540352}
{"step": 87, "epoch": 0, "loss": 0.20606205615485973, "lr": 2.797427652733119e-06, "grad_norm": 2.71875, "peak_allocated": 48805540352}
{"step": 88, "epoch": 0, "loss": 0.24188274977577418, "lr": 2.8295819935691322e-06, "grad_norm": 2.46875, "peak_allocated": 48805540352}
{"step": 89, "epoch": 0, "loss": 0.2061075725215749, "lr": 2.861736334405145e-06, "grad_norm": 2.578125, "peak_allocated": 48805540352}
{"step": 90, "epoch": 0, "loss": 0.2013472505892166, "lr": 2.8938906752411576e-06, "grad_norm": 2.1875, "peak_allocated": 48805540352}
{"step": 91, "epoch": 0, "loss": 0.17895107617157424, "lr": 2.926045016077171e-06, "grad_norm": 2.6875, "peak_allocated": 48805540352}
{"step": 92, "epoch": 0, "loss": 0.2248546987439945, "lr": 2.9581993569131834e-06, "grad_norm": 2.4375, "peak_allocated": 48805540352}
{"step": 93, "epoch": 0, "loss": 0.17887117232749605, "lr": 2.9903536977491967e-06, "grad_norm": 2.71875, "peak_allocated": 48805540352}
{"step": 94, "epoch": 0, "loss": 0.20170507810206662, "lr": 3.022508038585209e-06, "grad_norm": 2.203125, "peak_allocated": 48805540352}
{"step": 95, "epoch": 0, "loss": 0.19911506221435227, "lr": 3.054662379421222e-06, "grad_norm": 2.40625, "peak_allocated": 48805540352}
{"step": 96, "epoch": 0, "loss": 0.19562013177471307, "lr": 3.0868167202572353e-06, "grad_norm": 1.8359375, "peak_allocated": 48805540352}
{"step": 97, "epoch": 0, "loss": 0.21819661155327152, "lr": 3.118971061093248e-06, "grad_norm": 1.859375, "peak_allocated": 48805540352}
{"step": 98, "epoch": 0, "loss": 0.19201001605667697, "lr": 3.1511254019292607e-06, "grad_norm": 2.53125, "peak_allocated": 48805540352}
{"step": 99, "epoch": 0, "loss": 0.20392492508496543, "lr": 3.1832797427652736e-06, "grad_norm": 1.9921875, "peak_allocated": 48805540352}
{"step": 100, "epoch": 0, "loss": 0.21033768228962457, "lr": 3.2154340836012865e-06, "grad_norm": 1.9765625, "peak_allocated": 48805540352}
{"step": 101, "epoch": 0, "loss": 0.19857584038804837, "lr": 3.247588424437299e-06, "grad_norm": 1.7890625, "peak_allocated": 48805540352}
{"step": 102, "epoch": 0, "loss": 0.2347526658675593, "lr": 3.2797427652733123e-06, "grad_norm": 1.7734375, "peak_allocated": 48805540352}
{"step": 103, "epoch": 0, "loss": 0.17527213903274994, "lr": 3.311897106109325e-06, "grad_norm": 1.625, "peak_allocated": 48805540352}
{"step": 104, "epoch": 0, "loss": 0.17548165539083438, "lr": 3.3440514469453376e-06, "grad_norm": 1.8046875, "peak_allocated": 48805540352}
{"step": 105, "epoch": 0, "loss": 0.19241811663280867, "lr": 3.376205787781351e-06, "grad_norm": 1.8828125, "peak_allocated": 48805540352}
{"step": 106, "epoch": 0, "loss": 0.19393941470466042, "lr": 3.4083601286173634e-06, "grad_norm": 1.578125, "peak_allocated": 48805540352}
{"step": 107, "epoch": 0, "loss": 0.1633766435054192, "lr": 3.4405144694533767e-06, "grad_norm": 1.4609375, "peak_allocated": 48805540352}
{"step": 108, "epoch": 0, "loss": 0.2073442429463664, "lr": 3.4726688102893896e-06, "grad_norm": 1.828125, "peak_allocated": 48805540352}
{"step": 109, "epoch": 0, "loss": 0.1888059988067912, "lr": 3.504823151125402e-06, "grad_norm": 1.625, "peak_allocated": 48805540352}
{"step": 110, "epoch": 0, "loss": 0.1643472434872707, "lr": 3.5369774919614154e-06, "grad_norm": 1.59375, "peak_allocated": 48805540352}
{"step": 111, "epoch": 0, "loss": 0.16727699479998503, "lr": 3.569131832797428e-06, "grad_norm": 1.640625, "peak_allocated": 48805540352}
{"step": 112, "epoch": 0, "loss": 0.17456015407301895, "lr": 3.6012861736334407e-06, "grad_norm": 1.5859375, "peak_allocated": 48805540352}
{"step": 113, "epoch": 0, "loss": 0.1667787549972889, "lr": 3.6334405144694536e-06, "grad_norm": 1.421875, "peak_allocated": 48805540352}
{"step": 114, "epoch": 0, "loss": 0.19430814549494324, "lr": 3.6655948553054665e-06, "grad_norm": 1.671875, "peak_allocated": 48805540352}
{"step": 115, "epoch": 0, "loss": 0.2189206212032902, "lr": 3.69774919614148e-06, "grad_norm": 1.71875, "peak_allocated": 48805540352}
{"step": 116, "epoch": 0, "loss": 0.19270585592827114, "lr": 3.7299035369774923e-06, "grad_norm": 1.5390625, "peak_allocated": 48805540352}
{"step": 117, "epoch": 0, "loss": 0.1498713276603005, "lr": 3.762057877813505e-06, "grad_norm": 1.46875, "peak_allocated": 48805540352}
{"step": 118, "epoch": 0, "loss": 0.25768389167472977, "lr": 3.7942122186495177e-06, "grad_norm": 1.921875, "peak_allocated": 48805540352}
{"step": 119, "epoch": 0, "loss": 0.1657901311205192, "lr": 3.826366559485531e-06, "grad_norm": 1.5703125, "peak_allocated": 48805540352}
{"step": 120, "epoch": 0, "loss": 0.1989076512786541, "lr": 3.8585209003215434e-06, "grad_norm": 1.8984375, "peak_allocated": 48805540352}
{"step": 121, "epoch": 0, "loss": 0.1896593303475687, "lr": 3.890675241157557e-06, "grad_norm": 1.5703125, "peak_allocated": 48805540352}
{"step": 122, "epoch": 0, "loss": 0.15531710943454038, "lr": 3.92282958199357e-06, "grad_norm": 1.4921875, "peak_allocated": 48805540352}
{"step": 123, "epoch": 0, "loss": 0.19176321421279133, "lr": 3.9549839228295825e-06, "grad_norm": 1.6953125, "peak_allocated": 48805540352}
{"step": 124, "epoch": 0, "loss": 0.12983103163117765, "lr": 3.987138263665595e-06, "grad_norm": 1.234375, "peak_allocated": 48805540352}
{"step": 125, "epoch": 0, "loss": 0.17706770986888273, "lr": 4.0192926045016075e-06, "grad_norm": 1.46875, "peak_allocated": 48805540352}
{"step": 126, "epoch": 0, "loss": 0.16210931467949025, "lr": 4.051446945337621e-06, "grad_norm": 1.3984375, "peak_allocated": 48805540352}
{"step": 127, "epoch": 0, "loss": 0.1982142329778828, "lr": 4.083601286173634e-06, "grad_norm": 1.71875, "peak_allocated": 48805540352}
{"step": 128, "epoch": 0, "loss": 0.1591879651046044, "lr": 4.1157556270096466e-06, "grad_norm": 1.3515625, "peak_allocated": 48805540352}
{"step": 129, "epoch": 0, "loss": 0.15936277377623506, "lr": 4.14790996784566e-06, "grad_norm": 1.4140625, "peak_allocated": 48805540352}
{"step": 130, "epoch": 0, "loss": 0.17145611232884597, "lr": 4.180064308681672e-06, "grad_norm": 1.515625, "peak_allocated": 48805540352}
{"step": 131, "epoch": 0, "loss": 0.22032447276601533, "lr": 4.212218649517686e-06, "grad_norm": 1.8984375, "peak_allocated": 48805540352}
{"step": 132, "epoch": 0, "loss": 0.20491348519592256, "lr": 4.244372990353698e-06, "grad_norm": 1.703125, "peak_allocated": 48805540352}
{"step": 133, "epoch": 0, "loss": 0.16429588186994953, "lr": 4.276527331189711e-06, "grad_norm": 1.4921875, "peak_allocated": 48805540352}
{"step": 134, "epoch": 0, "loss": 0.13720427677593428, "lr": 4.308681672025724e-06, "grad_norm": 1.2734375, "peak_allocated": 48805540352}
{"step": 135, "epoch": 0, "loss": 0.17176065325415615, "lr": 4.340836012861736e-06, "grad_norm": 1.6015625, "peak_allocated": 48805540352}
{"step": 136, "epoch": 0, "loss": 0.18127849508127344, "lr": 4.37299035369775e-06, "grad_norm": 1.6796875, "peak_allocated": 48805540352}
{"step": 137, "epoch": 0, "loss": 0.17620132026212637, "lr": 4.405144694533762e-06, "grad_norm": 1.4375, "peak_allocated": 48805540352}
{"step": 138, "epoch": 0, "loss": 0.1693670687195615, "lr": 4.4372990353697755e-06, "grad_norm": 1.4140625, "peak_allocated": 48805540352}
{"step": 139, "epoch": 0, "loss": 0.16462083689963272, "lr": 4.469453376205788e-06, "grad_norm": 1.2578125, "peak_allocated": 48806146560}
{"step": 140, "epoch": 0, "loss": 0.18502795490720914, "lr": 4.501607717041801e-06, "grad_norm": 1.5234375, "peak_allocated": 48806146560}
{"step": 141, "epoch": 0, "loss": 0.1936141825649357, "lr": 4.533762057877814e-06, "grad_norm": 1.4765625, "peak_allocated": 48806146560}
{"step": 142, "epoch": 0, "loss": 0.15914813794782703, "lr": 4.565916398713827e-06, "grad_norm": 1.5625, "peak_allocated": 48806146560}
{"step": 143, "epoch": 0, "loss": 0.17756269501382368, "lr": 4.5980707395498395e-06, "grad_norm": 1.3828125, "peak_allocated": 48806146560}
{"step": 144, "epoch": 0, "loss": 0.16296488004406606, "lr": 4.630225080385852e-06, "grad_norm": 1.6328125, "peak_allocated": 48806146560}
{"step": 145, "epoch": 0, "loss": 0.1731230360575578, "lr": 4.662379421221865e-06, "grad_norm": 1.390625, "peak_allocated": 48806146560}
{"step": 146, "epoch": 0, "loss": 0.15240679015805694, "lr": 4.694533762057879e-06, "grad_norm": 1.203125, "peak_allocated": 48806146560}
{"step": 147, "epoch": 0, "loss": 0.14683962262405623, "lr": 4.726688102893891e-06, "grad_norm": 1.171875, "peak_allocated": 48806146560}
{"step": 148, "epoch": 0, "loss": 0.13781523338816778, "lr": 4.758842443729904e-06, "grad_norm": 1.1875, "peak_allocated": 48806146560}
{"step": 149, "epoch": 0, "loss": 0.2041453000222672, "lr": 4.790996784565917e-06, "grad_norm": 1.65625, "peak_allocated": 48806146560}
{"step": 150, "epoch": 0, "loss": 0.15562168337738377, "lr": 4.82315112540193e-06, "grad_norm": 1.328125, "peak_allocated": 48806146560}
{"step": 151, "epoch": 0, "loss": 0.15638530234874454, "lr": 4.855305466237943e-06, "grad_norm": 1.265625, "peak_allocated": 48806146560}
{"step": 152, "epoch": 0, "loss": 0.18965115450282732, "lr": 4.887459807073955e-06, "grad_norm": 1.3984375, "peak_allocated": 48806146560}
{"step": 153, "epoch": 0, "loss": 0.16130217127878918, "lr": 4.919614147909968e-06, "grad_norm": 1.46875, "peak_allocated": 48806146560}
{"step": 154, "epoch": 0, "loss": 0.14434496931060634, "lr": 4.951768488745981e-06, "grad_norm": 1.3046875, "peak_allocated": 48806146560}
{"step": 155, "epoch": 0, "loss": 0.17893249050825114, "lr": 4.983922829581994e-06, "grad_norm": 1.5625, "peak_allocated": 48806146560}
{"step": 156, "epoch": 0, "loss": 0.19104782601456613, "lr": 5.016077170418007e-06, "grad_norm": 1.5, "peak_allocated": 48806146560}
{"step": 157, "epoch": 0, "loss": 0.1952335448745094, "lr": 5.048231511254019e-06, "grad_norm": 1.453125, "peak_allocated": 48806146560}
{"step": 158, "epoch": 0, "loss": 0.1444666801373696, "lr": 5.080385852090033e-06, "grad_norm": 1.3828125, "peak_allocated": 48806146560}
{"step": 159, "epoch": 0, "loss": 0.1433844197749642, "lr": 5.112540192926046e-06, "grad_norm": 1.3046875, "peak_allocated": 48806146560}
{"step": 160, "epoch": 0, "loss": 0.1906952979588615, "lr": 5.144694533762058e-06, "grad_norm": 1.3671875, "peak_allocated": 48806146560}
{"step": 161, "epoch": 0, "loss": 0.16550815426496945, "lr": 5.1768488745980715e-06, "grad_norm": 1.3359375, "peak_allocated": 48806146560}
{"step": 162, "epoch": 0, "loss": 0.15162655624850216, "lr": 5.209003215434084e-06, "grad_norm": 1.1796875, "peak_allocated": 48806146560}
{"step": 163, "epoch": 0, "loss": 0.18262532089001351, "lr": 5.2411575562700965e-06, "grad_norm": 1.296875, "peak_allocated": 48806146560}
{"step": 164, "epoch": 0, "loss": 0.1607642536550578, "lr": 5.273311897106109e-06, "grad_norm": 1.3515625, "peak_allocated": 48806146560}
{"step": 165, "epoch": 0, "loss": 0.15879102961953276, "lr": 5.305466237942123e-06, "grad_norm": 1.3828125, "peak_allocated": 48806146560}
{"step": 166, "epoch": 0, "loss": 0.1596592657511624, "lr": 5.3376205787781355e-06, "grad_norm": 1.3203125, "peak_allocated": 48806146560}
{"step": 167, "epoch": 0, "loss": 0.15468980883295114, "lr": 5.369774919614148e-06, "grad_norm": 1.5390625, "peak_allocated": 48806146560}
{"step": 168, "epoch": 0, "loss": 0.14377121905015697, "lr": 5.401929260450161e-06, "grad_norm": 1.2734375, "peak_allocated": 48806146560}
{"step": 169, "epoch": 0, "loss": 0.2138597395256221, "lr": 5.434083601286174e-06, "grad_norm": 1.5703125, "peak_allocated": 48806146560}
{"step": 170, "epoch": 0, "loss": 0.1623284202142089, "lr": 5.466237942122187e-06, "grad_norm": 1.40625, "peak_allocated": 48806146560}
{"step": 171, "epoch": 0, "loss": 0.1621444454317678, "lr": 5.4983922829581996e-06, "grad_norm": 1.125, "peak_allocated": 48806146560}
{"step": 172, "epoch": 0, "loss": 0.19875184595024675, "lr": 5.530546623794213e-06, "grad_norm": 1.5703125, "peak_allocated": 48806146560}
{"step": 173, "epoch": 0, "loss": 0.14745637531580133, "lr": 5.562700964630225e-06, "grad_norm": 1.171875, "peak_allocated": 48806146560}
{"step": 174, "epoch": 0, "loss": 0.17991312718590738, "lr": 5.594855305466238e-06, "grad_norm": 1.3515625, "peak_allocated": 48806146560}
{"step": 175, "epoch": 0, "loss": 0.1548940022316362, "lr": 5.627009646302252e-06, "grad_norm": 1.1875, "peak_allocated": 48806146560}
{"step": 176, "epoch": 0, "loss": 0.14735456277418324, "lr": 5.6591639871382644e-06, "grad_norm": 1.34375, "peak_allocated": 48806146560}
{"step": 177, "epoch": 0, "loss": 0.17914984751717594, "lr": 5.691318327974277e-06, "grad_norm": 1.5078125, "peak_allocated": 48806146560}
{"step": 178, "epoch": 0, "loss": 0.15060033940810255, "lr": 5.72347266881029e-06, "grad_norm": 1.25, "peak_allocated": 48806146560}
{"step": 179, "epoch": 0, "loss": 0.1924648898865895, "lr": 5.755627009646303e-06, "grad_norm": 1.4609375, "peak_allocated": 48806146560}
{"step": 180, "epoch": 0, "loss": 0.2019036597537712, "lr": 5.787781350482315e-06, "grad_norm": 1.5859375, "peak_allocated": 48806146560}
{"step": 181, "epoch": 0, "loss": 0.16641439272188682, "lr": 5.819935691318328e-06, "grad_norm": 1.265625, "peak_allocated": 48806146560}
{"step": 182, "epoch": 0, "loss": 0.16070118833046693, "lr": 5.852090032154342e-06, "grad_norm": 1.375, "peak_allocated": 48806146560}
{"step": 183, "epoch": 0, "loss": 0.16869959798821232, "lr": 5.884244372990354e-06, "grad_norm": 1.328125, "peak_allocated": 48806146560}
{"step": 184, "epoch": 0, "loss": 0.17521376859717416, "lr": 5.916398713826367e-06, "grad_norm": 1.3671875, "peak_allocated": 48806146560}
{"step": 185, "epoch": 0, "loss": 0.14477393072896672, "lr": 5.94855305466238e-06, "grad_norm": 1.296875, "peak_allocated": 48806146560}
{"step": 186, "epoch": 0, "loss": 0.1308548698231538, "lr": 5.980707395498393e-06, "grad_norm": 1.046875, "peak_allocated": 48806146560}
{"step": 187, "epoch": 0, "loss": 0.1427898006151514, "lr": 6.012861736334406e-06, "grad_norm": 1.234375, "peak_allocated": 48806146560}
{"step": 188, "epoch": 0, "loss": 0.1801816144637381, "lr": 6.045016077170418e-06, "grad_norm": 1.453125, "peak_allocated": 48806146560}
{"step": 189, "epoch": 0, "loss": 0.15477466880358273, "lr": 6.077170418006432e-06, "grad_norm": 1.2421875, "peak_allocated": 48806146560}
{"step": 190, "epoch": 0, "loss": 0.14679419877337455, "lr": 6.109324758842444e-06, "grad_norm": 1.296875, "peak_allocated": 48806146560}
{"step": 191, "epoch": 0, "loss": 0.1746328514374026, "lr": 6.1414790996784565e-06, "grad_norm": 1.3828125, "peak_allocated": 48806146560}
{"step": 192, "epoch": 0, "loss": 0.1367357029613797, "lr": 6.173633440514471e-06, "grad_norm": 1.109375, "peak_allocated": 48806146560}
{"step": 193, "epoch": 0, "loss": 0.15786793560009404, "lr": 6.205787781350483e-06, "grad_norm": 1.3515625, "peak_allocated": 48806146560}
{"step": 194, "epoch": 0, "loss": 0.14083911168269286, "lr": 6.237942122186496e-06, "grad_norm": 1.4140625, "peak_allocated": 48806146560}
{"step": 195, "epoch": 0, "loss": 0.16202980377801152, "lr": 6.270096463022508e-06, "grad_norm": 1.25, "peak_allocated": 48806146560}
{"step": 196, "epoch": 0, "loss": 0.15169694698003974, "lr": 6.302250803858521e-06, "grad_norm": 1.1640625, "peak_allocated": 48806146560}
{"step": 197, "epoch": 0, "loss": 0.17153228841396082, "lr": 6.334405144694534e-06, "grad_norm": 1.2734375, "peak_allocated": 48806146560}
{"step": 198, "epoch": 0, "loss": 0.11923866897688248, "lr": 6.366559485530547e-06, "grad_norm": 0.99609375, "peak_allocated": 48806146560}
{"step": 199, "epoch": 0, "loss": 0.16509087271864079, "lr": 6.3987138263665605e-06, "grad_norm": 1.1796875, "peak_allocated": 48806146560}
{"step": 200, "epoch": 0, "loss": 0.13591392084172052, "lr": 6.430868167202573e-06, "grad_norm": 1.2265625, "peak_allocated": 48806146560}
{"step": 201, "epoch": 0, "loss": 0.1456548969344424, "lr": 6.4630225080385854e-06, "grad_norm": 1.15625, "peak_allocated": 48806146560}
{"step": 202, "epoch": 0, "loss": 0.17483556763523198, "lr": 6.495176848874598e-06, "grad_norm": 1.3515625, "peak_allocated": 48806146560}
{"step": 203, "epoch": 0, "loss": 0.18955887882438904, "lr": 6.527331189710612e-06, "grad_norm": 1.5, "peak_allocated": 48806146560}
{"step": 204, "epoch": 0, "loss": 0.15521390854843717, "lr": 6.5594855305466245e-06, "grad_norm": 1.4921875, "peak_allocated": 48806146560}
{"step": 205, "epoch": 0, "loss": 0.1599192966049337, "lr": 6.591639871382637e-06, "grad_norm": 1.3828125, "peak_allocated": 48806146560}
{"step": 206, "epoch": 0, "loss": 0.1736880206591457, "lr": 6.62379421221865e-06, "grad_norm": 1.3046875, "peak_allocated": 48806146560}
{"step": 207, "epoch": 0, "loss": 0.13544015978063856, "lr": 6.655948553054663e-06, "grad_norm": 1.0546875, "peak_allocated": 48806146560}
{"step": 208, "epoch": 0, "loss": 0.16493865277372566, "lr": 6.688102893890675e-06, "grad_norm": 1.421875, "peak_allocated": 48806146560}
{"step": 209, "epoch": 0, "loss": 0.15902969323801072, "lr": 6.720257234726688e-06, "grad_norm": 1.1953125, "peak_allocated": 48806146560}
{"step": 210, "epoch": 0, "loss": 0.15551567386986992, "lr": 6.752411575562702e-06, "grad_norm": 1.1484375, "peak_allocated": 48806146560}
{"step": 211, "epoch": 0, "loss": 0.17098779322919827, "lr": 6.784565916398714e-06, "grad_norm": 1.2734375, "peak_allocated": 48806146560}
{"step": 212, "epoch": 0, "loss": 0.19982182231800524, "lr": 6.816720257234727e-06, "grad_norm": 1.5078125, "peak_allocated": 48806146560}
{"step": 213, "epoch": 0, "loss": 0.1952477980012887, "lr": 6.84887459807074e-06, "grad_norm": 1.5390625, "peak_allocated": 48806146560}
{"step": 214, "epoch": 0, "loss": 0.14721945780350035, "lr": 6.8810289389067534e-06, "grad_norm": 1.21875, "peak_allocated": 48806146560}
{"step": 215, "epoch": 0, "loss": 0.14297946404305198, "lr": 6.913183279742766e-06, "grad_norm": 1.1484375, "peak_allocated": 48806146560}
{"step": 216, "epoch": 0, "loss": 0.19941089782443283, "lr": 6.945337620578779e-06, "grad_norm": 1.5078125, "peak_allocated": 48806146560}
{"step": 217, "epoch": 0, "loss": 0.15963697931704707, "lr": 6.977491961414792e-06, "grad_norm": 1.234375, "peak_allocated": 48806146560}
{"step": 218, "epoch": 0, "loss": 0.1509114660785284, "lr": 7.009646302250804e-06, "grad_norm": 1.546875, "peak_allocated": 48806146560}
{"step": 219, "epoch": 0, "loss": 0.15502698031436948, "lr": 7.041800643086817e-06, "grad_norm": 1.234375, "peak_allocated": 48806146560}
{"step": 220, "epoch": 0, "loss": 0.13030599850417357, "lr": 7.073954983922831e-06, "grad_norm": 1.2109375, "peak_allocated": 48806146560}
{"step": 221, "epoch": 0, "loss": 0.1669702988557889, "lr": 7.106109324758843e-06, "grad_norm": 1.2421875, "peak_allocated": 48806146560}
{"step": 222, "epoch": 0, "loss": 0.15847330669821844, "lr": 7.138263665594856e-06, "grad_norm": 1.421875, "peak_allocated": 48806146560}
{"step": 223, "epoch": 0, "loss": 0.16202729597030407, "lr": 7.170418006430869e-06, "grad_norm": 1.34375, "peak_allocated": 48806146560}
{"step": 224, "epoch": 0, "loss": 0.1572598532120218, "lr": 7.2025723472668815e-06, "grad_norm": 1.359375, "peak_allocated": 48806146560}
{"step": 225, "epoch": 0, "loss": 0.151816360003565, "lr": 7.234726688102894e-06, "grad_norm": 1.328125, "peak_allocated": 48806146560}
{"step": 226, "epoch": 0, "loss": 0.20456882537598545, "lr": 7.266881028938907e-06, "grad_norm": 1.5703125, "peak_allocated": 48806146560}
{"step": 227, "epoch": 0, "loss": 0.16434455116387606, "lr": 7.299035369774921e-06, "grad_norm": 1.328125, "peak_allocated": 48806146560}
{"step": 228, "epoch": 0, "loss": 0.1319032839641271, "lr": 7.331189710610933e-06, "grad_norm": 1.0859375, "peak_allocated": 48806146560}
{"step": 229, "epoch": 0, "loss": 0.16764818664648293, "lr": 7.3633440514469455e-06, "grad_norm": 1.34375, "peak_allocated": 48806146560}
{"step": 230, "epoch": 0, "loss": 0.17072315299227184, "lr": 7.39549839228296e-06, "grad_norm": 1.3203125, "peak_allocated": 48806146560}
{"step": 231, "epoch": 0, "loss": 0.16029848870737193, "lr": 7.427652733118972e-06, "grad_norm": 1.234375, "peak_allocated": 48806146560}
{"step": 232, "epoch": 0, "loss": 0.12850998042516373, "lr": 7.459807073954985e-06, "grad_norm": 1.0859375, "peak_allocated": 48806146560}
{"step": 233, "epoch": 0, "loss": 0.16061245615640346, "lr": 7.491961414790997e-06, "grad_norm": 1.0703125, "peak_allocated": 48806146560}
{"step": 234, "epoch": 0, "loss": 0.14904273195775922, "lr": 7.52411575562701e-06, "grad_norm": 1.40625, "peak_allocated": 48806146560}
{"step": 235, "epoch": 0, "loss": 0.21783693711723912, "lr": 7.556270096463023e-06, "grad_norm": 1.5546875, "peak_allocated": 48806146560}
{"step": 236, "epoch": 0, "loss": 0.19024854637161226, "lr": 7.588424437299035e-06, "grad_norm": 1.609375, "peak_allocated": 48806146560}
{"step": 237, "epoch": 0, "loss": 0.16443311997534685, "lr": 7.6205787781350495e-06, "grad_norm": 1.296875, "peak_allocated": 48806146560}
{"step": 238, "epoch": 0, "loss": 0.13139553656356653, "lr": 7.652733118971062e-06, "grad_norm": 1.078125, "peak_allocated": 48806146560}
{"step": 239, "epoch": 0, "loss": 0.13329197956781008, "lr": 7.684887459807074e-06, "grad_norm": 1.09375, "peak_allocated": 48806146560}
{"step": 240, "epoch": 0, "loss": 0.16085394411220752, "lr": 7.717041800643087e-06, "grad_norm": 1.2421875, "peak_allocated": 48806146560}
{"step": 241, "epoch": 0, "loss": 0.139679914689821, "lr": 7.749196141479101e-06, "grad_norm": 1.1875, "peak_allocated": 48806146560}
{"step": 242, "epoch": 0, "loss": 0.1411510568132381, "lr": 7.781350482315114e-06, "grad_norm": 0.8984375, "peak_allocated": 48806146560}
{"step": 243, "epoch": 0, "loss": 0.14424394510638835, "lr": 7.813504823151126e-06, "grad_norm": 1.140625, "peak_allocated": 48806146560}
{"step": 244, "epoch": 0, "loss": 0.15155181935646256, "lr": 7.84565916398714e-06, "grad_norm": 1.171875, "peak_allocated": 48806146560}
{"step": 245, "epoch": 0, "loss": 0.15108648410047446, "lr": 7.877813504823153e-06, "grad_norm": 1.3203125, "peak_allocated": 48806146560}
{"step": 246, "epoch": 0, "loss": 0.1333365615161301, "lr": 7.909967845659165e-06, "grad_norm": 1.15625, "peak_allocated": 48806146560}
{"step": 247, "epoch": 0, "loss": 0.14784953009277538, "lr": 7.942122186495178e-06, "grad_norm": 1.140625, "peak_allocated": 48806146560}
{"step": 248, "epoch": 0, "loss": 0.13438382965191703, "lr": 7.97427652733119e-06, "grad_norm": 1.0859375, "peak_allocated": 48806146560}
{"step": 249, "epoch": 0, "loss": 0.18386422005521197, "lr": 8.006430868167202e-06, "grad_norm": 1.3984375, "peak_allocated": 48806146560}
{"step": 250, "epoch": 0, "loss": 0.15912222934877734, "lr": 8.038585209003215e-06, "grad_norm": 1.3203125, "peak_allocated": 48806146560}
{"step": 251, "epoch": 0, "loss": 0.16852683945818095, "lr": 8.070739549839229e-06, "grad_norm": 1.171875, "peak_allocated": 48806146560}
{"step": 252, "epoch": 0, "loss": 0.1719783934913375, "lr": 8.102893890675242e-06, "grad_norm": 1.375, "peak_allocated": 48806146560}
{"step": 253, "epoch": 0, "loss": 0.19011005325871314, "lr": 8.135048231511254e-06, "grad_norm": 1.5234375, "peak_allocated": 48806146560}
{"step": 254, "epoch": 0, "loss": 0.17112241318243082, "lr": 8.167202572347268e-06, "grad_norm": 1.3515625, "peak_allocated": 48806146560}
{"step": 255, "epoch": 0, "loss": 0.14538619496333585, "lr": 8.19935691318328e-06, "grad_norm": 1.1953125, "peak_allocated": 48806146560}
{"step": 256, "epoch": 0, "loss": 0.11460877110600615, "lr": 8.231511254019293e-06, "grad_norm": 1.125, "peak_allocated": 48806146560}
{"step": 257, "epoch": 0, "loss": 0.13464021948006052, "lr": 8.263665594855306e-06, "grad_norm": 1.1015625, "peak_allocated": 48806146560}
{"step": 258, "epoch": 0, "loss": 0.13634322045736488, "lr": 8.29581993569132e-06, "grad_norm": 1.1484375, "peak_allocated": 48806146560}
{"step": 259, "epoch": 0, "loss": 0.15150309061669062, "lr": 8.327974276527332e-06, "grad_norm": 1.2109375, "peak_allocated": 48806146560}
{"step": 260, "epoch": 0, "loss": 0.16269219908026658, "lr": 8.360128617363345e-06, "grad_norm": 1.4921875, "peak_allocated": 48806146560}
{"step": 261, "epoch": 0, "loss": 0.14242896204959835, "lr": 8.392282958199359e-06, "grad_norm": 1.21875, "peak_allocated": 48806146560}
{"step": 262, "epoch": 0, "loss": 0.16355524946886457, "lr": 8.424437299035371e-06, "grad_norm": 1.3828125, "peak_allocated": 48806146560}
{"step": 263, "epoch": 0, "loss": 0.17063977680395065, "lr": 8.456591639871384e-06, "grad_norm": 1.2109375, "peak_allocated": 48806146560}
{"step": 264, "epoch": 0, "loss": 0.13670573763375798, "lr": 8.488745980707396e-06, "grad_norm": 1.125, "peak_allocated": 48806146560}
{"step": 265, "epoch": 0, "loss": 0.18100049200621396, "lr": 8.520900321543409e-06, "grad_norm": 1.2890625, "peak_allocated": 48806146560}
{"step": 266, "epoch": 0, "loss": 0.15817634567546152, "lr": 8.553054662379421e-06, "grad_norm": 1.453125, "peak_allocated": 48806146560}
{"step": 267, "epoch": 0, "loss": 0.12864716625281705, "lr": 8.585209003215434e-06, "grad_norm": 1.0859375, "peak_allocated": 48806146560}
{"step": 268, "epoch": 0, "loss": 0.1733097898293854, "lr": 8.617363344051448e-06, "grad_norm": 1.2890625, "peak_allocated": 48806146560}
{"step": 269, "epoch": 0, "loss": 0.16552574992522426, "lr": 8.64951768488746e-06, "grad_norm": 1.2890625, "peak_allocated": 48806146560}
{"step": 270, "epoch": 0, "loss": 0.14101791032431152, "lr": 8.681672025723473e-06, "grad_norm": 1.140625, "peak_allocated": 48806146560}
{"step": 271, "epoch": 0, "loss": 0.16569591724616975, "lr": 8.713826366559485e-06, "grad_norm": 1.1171875, "peak_allocated": 48806146560}
{"step": 272, "epoch": 0, "loss": 0.15564012705478966, "lr": 8.7459807073955e-06, "grad_norm": 1.2109375, "peak_allocated": 48806146560}
{"step": 273, "epoch": 0, "loss": 0.16780784447758104, "lr": 8.778135048231512e-06, "grad_norm": 1.1328125, "peak_allocated": 48806146560}
{"step": 274, "epoch": 0, "loss": 0.15301660882573645, "lr": 8.810289389067524e-06, "grad_norm": 1.1875, "peak_allocated": 48806146560}
{"step": 275, "epoch": 0, "loss": 0.16172245961410087, "lr": 8.842443729903538e-06, "grad_norm": 1.1875, "peak_allocated": 48806146560}
{"step": 276, "epoch": 0, "loss": 0.18447636517259894, "lr": 8.874598070739551e-06, "grad_norm": 1.5078125, "peak_allocated": 48806146560}
{"step": 277, "epoch": 0, "loss": 0.1269025021387885, "lr": 8.906752411575563e-06, "grad_norm": 1.078125, "peak_allocated": 48806146560}
{"step": 278, "epoch": 0, "loss": 0.1398261032598968, "lr": 8.938906752411576e-06, "grad_norm": 1.1953125, "peak_allocated": 48806146560}
{"step": 279, "epoch": 0, "loss": 0.13798511901072094, "lr": 8.97106109324759e-06, "grad_norm": 1.1875, "peak_allocated": 48806146560}
{"step": 280, "epoch": 0, "loss": 0.17869511103260347, "lr": 9.003215434083602e-06, "grad_norm": 1.25, "peak_allocated": 48806146560}
{"step": 281, "epoch": 0, "loss": 0.17372762347207257, "lr": 9.035369774919615e-06, "grad_norm": 1.2734375, "peak_allocated": 48806146560}
{"step": 282, "epoch": 0, "loss": 0.15475334009210864, "lr": 9.067524115755627e-06, "grad_norm": 1.1875, "peak_allocated": 48806146560}
{"step": 283, "epoch": 0, "loss": 0.15224897323788267, "lr": 9.09967845659164e-06, "grad_norm": 1.2265625, "peak_allocated": 48806146560}
{"step": 284, "epoch": 0, "loss": 0.15063302001962772, "lr": 9.131832797427654e-06, "grad_norm": 1.0859375, "peak_allocated": 48806146560}
{"step": 285, "epoch": 0, "loss": 0.14194995624785478, "lr": 9.163987138263667e-06, "grad_norm": 1.2109375, "peak_allocated": 48806146560}
{"step": 286, "epoch": 0, "loss": 0.14562038791805115, "lr": 9.196141479099679e-06, "grad_norm": 1.1328125, "peak_allocated": 48806146560}
{"step": 287, "epoch": 0, "loss": 0.13582985698956637, "lr": 9.228295819935691e-06, "grad_norm": 1.1328125, "peak_allocated": 48806146560}
{"step": 288, "epoch": 0, "loss": 0.15150304948550092, "lr": 9.260450160771704e-06, "grad_norm": 1.2578125, "peak_allocated": 48806146560}
{"step": 289, "epoch": 0, "loss": 0.15757271248671753, "lr": 9.292604501607718e-06, "grad_norm": 1.265625, "peak_allocated": 48806146560}
{"step": 290, "epoch": 0, "loss": 0.12784087997433724, "lr": 9.32475884244373e-06, "grad_norm": 1.0, "peak_allocated": 48806146560}
{"step": 291, "epoch": 0, "loss": 0.17015812510253103, "lr": 9.356913183279743e-06, "grad_norm": 1.3515625, "peak_allocated": 48806146560}
{"step": 292, "epoch": 0, "loss": 0.13460464271841815, "lr": 9.389067524115757e-06, "grad_norm": 1.2578125, "peak_allocated": 48806146560}
{"step": 293, "epoch": 0, "loss": 0.15374687857242075, "lr": 9.42122186495177e-06, "grad_norm": 1.25, "peak_allocated": 48806146560}
{"step": 294, "epoch": 0, "loss": 0.19996506006283735, "lr": 9.453376205787782e-06, "grad_norm": 1.2890625, "peak_allocated": 48806146560}
{"step": 295, "epoch": 0, "loss": 0.14397382696265265, "lr": 9.485530546623795e-06, "grad_norm": 1.21875, "peak_allocated": 48806146560}
{"step": 296, "epoch": 0, "loss": 0.1587909101520695, "lr": 9.517684887459809e-06, "grad_norm": 1.5390625, "peak_allocated": 48806146560}
{"step": 297, "epoch": 0, "loss": 0.16577116756230775, "lr": 9.549839228295821e-06, "grad_norm": 1.2734375, "peak_allocated": 48806146560}
{"step": 298, "epoch": 0, "loss": 0.15832135982623757, "lr": 9.581993569131834e-06, "grad_norm": 1.2265625, "peak_allocated": 48806146560}
{"step": 299, "epoch": 0, "loss": 0.18042624577874025, "lr": 9.614147909967846e-06, "grad_norm": 1.3359375, "peak_allocated": 48806146560}
{"step": 300, "epoch": 0, "loss": 0.15516069663900786, "lr": 9.64630225080386e-06, "grad_norm": 1.140625, "peak_allocated": 48806146560}
{"step": 301, "epoch": 0, "loss": 0.15954916528182544, "lr": 9.678456591639873e-06, "grad_norm": 1.1875, "peak_allocated": 48806146560}
{"step": 302, "epoch": 0, "loss": 0.1425405534900214, "lr": 9.710610932475885e-06, "grad_norm": 1.21875, "peak_allocated": 48806146560}
{"step": 303, "epoch": 0, "loss": 0.1034724566621193, "lr": 9.742765273311898e-06, "grad_norm": 0.9375, "peak_allocated": 48806146560}
{"step": 304, "epoch": 0, "loss": 0.16869919419240875, "lr": 9.77491961414791e-06, "grad_norm": 1.1875, "peak_allocated": 48806146560}
{"step": 305, "epoch": 0, "loss": 0.15274396203755095, "lr": 9.807073954983923e-06, "grad_norm": 1.1875, "peak_allocated": 48806146560}
{"step": 306, "epoch": 0, "loss": 0.12323939815808485, "lr": 9.839228295819937e-06, "grad_norm": 1.2421875, "peak_allocated": 48806146560}
{"step": 307, "epoch": 0, "loss": 0.11953435944423367, "lr": 9.87138263665595e-06, "grad_norm": 1.078125, "peak_allocated": 48806363648}
{"step": 308, "epoch": 0, "loss": 0.14811757310173698, "lr": 9.903536977491962e-06, "grad_norm": 1.296875, "peak_allocated": 48806363648}
{"step": 309, "epoch": 0, "loss": 0.1642951070963921, "lr": 9.935691318327974e-06, "grad_norm": 1.234375, "peak_allocated": 48806363648}
{"step": 310, "epoch": 0, "loss": 0.12936200514636315, "lr": 9.967845659163988e-06, "grad_norm": 1.1640625, "peak_allocated": 48806363648}
{"step": 311, "epoch": 0, "loss": 0.1905509678441514, "lr": 1e-05, "grad_norm": 1.46875, "peak_allocated": 48806363648}
{"step": 312, "epoch": 0, "loss": 0.17866694947115952, "lr": 1e-05, "grad_norm": 1.5546875, "peak_allocated": 48806363648}
{"step": 313, "epoch": 0, "loss": 0.12252030260691055, "lr": 9.999999293337958e-06, "grad_norm": 1.1484375, "peak_allocated": 48806363648}
{"step": 314, "epoch": 0, "loss": 0.12897068123312433, "lr": 9.999997173352034e-06, "grad_norm": 1.09375, "peak_allocated": 48806363648}
{"step": 315, "epoch": 0, "loss": 0.1693756761620993, "lr": 9.999993640042825e-06, "grad_norm": 1.3828125, "peak_allocated": 48806363648}
{"step": 316, "epoch": 0, "loss": 0.18120143985750334, "lr": 9.999988693411328e-06, "grad_norm": 1.375, "peak_allocated": 48806363648}
{"step": 317, "epoch": 0, "loss": 0.15573756445025533, "lr": 9.999982333458945e-06, "grad_norm": 1.3125, "peak_allocated": 48806363648}
{"step": 318, "epoch": 0, "loss": 0.16372006938798125, "lr": 9.99997456018747e-06, "grad_norm": 1.5703125, "peak_allocated": 48806363648}
{"step": 319, "epoch": 0, "loss": 0.14939466568265436, "lr": 9.999965373599106e-06, "grad_norm": 1.296875, "peak_allocated": 48806363648}
{"step": 320, "epoch": 0, "loss": 0.13803494255177487, "lr": 9.999954773696445e-06, "grad_norm": 1.1953125, "peak_allocated": 48806363648}
{"step": 321, "epoch": 0, "loss": 0.1658168111500967, "lr": 9.999942760482484e-06, "grad_norm": 1.4375, "peak_allocated": 48806363648}
{"step": 322, "epoch": 0, "loss": 0.1270002979234833, "lr": 9.999929333960619e-06, "grad_norm": 1.078125, "peak_allocated": 48806363648}
{"step": 323, "epoch": 0, "loss": 0.1635676732697101, "lr": 9.999914494134646e-06, "grad_norm": 1.28125, "peak_allocated": 48806363648}
{"step": 324, "epoch": 0, "loss": 0.13754051018140423, "lr": 9.999898241008758e-06, "grad_norm": 1.171875, "peak_allocated": 48806363648}
{"step": 325, "epoch": 0, "loss": 0.11769404400805619, "lr": 9.99988057458755e-06, "grad_norm": 1.0546875, "peak_allocated": 48806363648}
{"step": 326, "epoch": 0, "loss": 0.14418704919337075, "lr": 9.999861494876017e-06, "grad_norm": 1.296875, "peak_allocated": 48806363648}
{"step": 327, "epoch": 0, "loss": 0.17729874174232332, "lr": 9.999841001879552e-06, "grad_norm": 1.359375, "peak_allocated": 48806363648}
{"step": 328, "epoch": 0, "loss": 0.11493942139556616, "lr": 9.999819095603944e-06, "grad_norm": 1.0703125, "peak_allocated": 48806363648}
{"step": 329, "epoch": 0, "loss": 0.18579497725393537, "lr": 9.99979577605539e-06, "grad_norm": 1.4296875, "peak_allocated": 48806363648}
{"step": 330, "epoch": 0, "loss": 0.16290621780250195, "lr": 9.999771043240477e-06, "grad_norm": 1.265625, "peak_allocated": 48806363648}
{"step": 331, "epoch": 0, "loss": 0.16816141261122944, "lr": 9.999744897166202e-06, "grad_norm": 1.5, "peak_allocated": 48806363648}
{"step": 332, "epoch": 0, "loss": 0.13582315766757663, "lr": 9.99971733783995e-06, "grad_norm": 1.078125, "peak_allocated": 48806363648}
{"step": 333, "epoch": 0, "loss": 0.16159085713364227, "lr": 9.999688365269512e-06, "grad_norm": 1.28125, "peak_allocated": 48806363648}
{"step": 334, "epoch": 0, "loss": 0.20108682250023865, "lr": 9.99965797946308e-06, "grad_norm": 1.3671875, "peak_allocated": 48806363648}
{"step": 335, "epoch": 0, "loss": 0.12412914576558658, "lr": 9.999626180429242e-06, "grad_norm": 1.0234375, "peak_allocated": 48806363648}
{"step": 336, "epoch": 0, "loss": 0.15881130390734188, "lr": 9.999592968176985e-06, "grad_norm": 1.28125, "peak_allocated": 48806363648}
{"step": 337, "epoch": 0, "loss": 0.16638146599698855, "lr": 9.9995583427157e-06, "grad_norm": 1.3125, "peak_allocated": 48806363648}
{"step": 338, "epoch": 0, "loss": 0.12775794778107083, "lr": 9.999522304055172e-06, "grad_norm": 1.09375, "peak_allocated": 48806363648}
{"step": 339, "epoch": 0, "loss": 0.1461317531071055, "lr": 9.999484852205587e-06, "grad_norm": 1.1484375, "peak_allocated": 48806363648}
{"step": 340, "epoch": 0, "loss": 0.1589695839486517, "lr": 9.999445987177534e-06, "grad_norm": 1.3046875, "peak_allocated": 48806363648}
{"step": 341, "epoch": 0, "loss": 0.1199186991182863, "lr": 9.999405708981998e-06, "grad_norm": 1.1875, "peak_allocated": 48806363648}
{"step": 342, "epoch": 0, "loss": 0.15967035728669227, "lr": 9.999364017630362e-06, "grad_norm": 1.1875, "peak_allocated": 48806363648}
{"step": 343, "epoch": 0, "loss": 0.15797003520801856, "lr": 9.999320913134411e-06, "grad_norm": 1.2265625, "peak_allocated": 48806363648}
{"step": 344, "epoch": 0, "loss": 0.17979583395537443, "lr": 9.999276395506334e-06, "grad_norm": 1.4453125, "peak_allocated": 48806363648}
{"step": 345, "epoch": 0, "loss": 0.12080139016405281, "lr": 9.999230464758709e-06, "grad_norm": 1.0859375, "peak_allocated": 48806363648}
{"step": 346, "epoch": 0, "loss": 0.17823572426710174, "lr": 9.999183120904522e-06, "grad_norm": 1.46875, "peak_allocated": 48806363648}
{"step": 347, "epoch": 0, "loss": 0.14132014942616553, "lr": 9.999134363957154e-06, "grad_norm": 1.2265625, "peak_allocated": 48806363648}
{"step": 348, "epoch": 0, "loss": 0.1369761041967098, "lr": 9.999084193930387e-06, "grad_norm": 1.203125, "peak_allocated": 48806363648}
{"step": 349, "epoch": 0, "loss": 0.18061164480219905, "lr": 9.999032610838404e-06, "grad_norm": 1.2421875, "peak_allocated": 48806363648}
{"step": 350, "epoch": 0, "loss": 0.13312367456769547, "lr": 9.998979614695784e-06, "grad_norm": 1.1015625, "peak_allocated": 48806363648}
{"step": 351, "epoch": 0, "loss": 0.12465276505699521, "lr": 9.998925205517505e-06, "grad_norm": 1.1328125, "peak_allocated": 48806363648}
{"step": 352, "epoch": 0, "loss": 0.14842151317219363, "lr": 9.998869383318952e-06, "grad_norm": 1.2265625, "peak_allocated": 48806363648}
{"step": 353, "epoch": 0, "loss": 0.138834006913399, "lr": 9.998812148115899e-06, "grad_norm": 1.0546875, "peak_allocated": 48806363648}
{"step": 354, "epoch": 0, "loss": 0.16957979698551937, "lr": 9.998753499924529e-06, "grad_norm": 1.2578125, "peak_allocated": 48806363648}
{"step": 355, "epoch": 0, "loss": 0.15076266446092584, "lr": 9.998693438761415e-06, "grad_norm": 1.3125, "peak_allocated": 48806363648}
{"step": 356, "epoch": 0, "loss": 0.15360971544772634, "lr": 9.998631964643537e-06, "grad_norm": 1.578125, "peak_allocated": 48806363648}
{"step": 357, "epoch": 0, "loss": 0.14207638847770251, "lr": 9.998569077588272e-06, "grad_norm": 1.140625, "peak_allocated": 48806363648}
{"step": 358, "epoch": 0, "loss": 0.16152554088493828, "lr": 9.998504777613393e-06, "grad_norm": 1.359375, "peak_allocated": 48806363648}
{"step": 359, "epoch": 0, "loss": 0.16561709530283603, "lr": 9.99843906473708e-06, "grad_norm": 1.375, "peak_allocated": 48806363648}
{"step": 360, "epoch": 0, "loss": 0.13169501096219918, "lr": 9.998371938977902e-06, "grad_norm": 1.1171875, "peak_allocated": 48806363648}
{"step": 361, "epoch": 0, "loss": 0.12605870898328894, "lr": 9.998303400354839e-06, "grad_norm": 0.87109375, "peak_allocated": 48806363648}
{"step": 362, "epoch": 0, "loss": 0.15033661972955437, "lr": 9.99823344888726e-06, "grad_norm": 1.0078125, "peak_allocated": 48806363648}
{"step": 363, "epoch": 0, "loss": 0.13486202697208274, "lr": 9.998162084594939e-06, "grad_norm": 1.1484375, "peak_allocated": 48806363648}
{"step": 364, "epoch": 0, "loss": 0.13533608777911896, "lr": 9.998089307498049e-06, "grad_norm": 1.0703125, "peak_allocated": 48806363648}
{"step": 365, "epoch": 0, "loss": 0.15405193146894797, "lr": 9.998015117617161e-06, "grad_norm": 1.25, "peak_allocated": 48806363648}
{"step": 366, "epoch": 0, "loss": 0.133395763502312, "lr": 9.997939514973246e-06, "grad_norm": 1.140625, "peak_allocated": 48806363648}
{"step": 367, "epoch": 0, "loss": 0.13297608384136403, "lr": 9.997862499587673e-06, "grad_norm": 1.125, "peak_allocated": 48806363648}
{"step": 368, "epoch": 0, "loss": 0.1286811073600224, "lr": 9.997784071482216e-06, "grad_norm": 0.93359375, "peak_allocated": 48806363648}
{"step": 369, "epoch": 0, "loss": 0.1474773455150321, "lr": 9.997704230679037e-06, "grad_norm": 1.265625, "peak_allocated": 48806363648}
{"step": 370, "epoch": 0, "loss": 0.15690910391554844, "lr": 9.997622977200709e-06, "grad_norm": 1.3203125, "peak_allocated": 48806363648}
{"step": 371, "epoch": 0, "loss": 0.1390011539030484, "lr": 9.997540311070198e-06, "grad_norm": 1.1328125, "peak_allocated": 48806363648}
{"step": 372, "epoch": 0, "loss": 0.1431569370593655, "lr": 9.997456232310871e-06, "grad_norm": 1.21875, "peak_allocated": 48806363648}
{"step": 373, "epoch": 0, "loss": 0.115489292905525, "lr": 9.997370740946495e-06, "grad_norm": 1.0234375, "peak_allocated": 48806363648}
{"step": 374, "epoch": 0, "loss": 0.14911025934292113, "lr": 9.997283837001235e-06, "grad_norm": 1.2578125, "peak_allocated": 48806363648}
{"step": 375, "epoch": 0, "loss": 0.12292098367998729, "lr": 9.997195520499653e-06, "grad_norm": 1.171875, "peak_allocated": 48806363648}
{"step": 376, "epoch": 0, "loss": 0.11532024352934524, "lr": 9.997105791466717e-06, "grad_norm": 1.109375, "peak_allocated": 48806363648}
{"step": 377, "epoch": 0, "loss": 0.13912181956503597, "lr": 9.997014649927787e-06, "grad_norm": 1.2734375, "peak_allocated": 48806363648}
{"step": 378, "epoch": 0, "loss": 0.11549421274983367, "lr": 9.996922095908628e-06, "grad_norm": 1.09375, "peak_allocated": 48806363648}
{"step": 379, "epoch": 0, "loss": 0.15661696694631863, "lr": 9.996828129435402e-06, "grad_norm": 1.40625, "peak_allocated": 48806363648}
{"step": 380, "epoch": 0, "loss": 0.1496323148400905, "lr": 9.996732750534667e-06, "grad_norm": 1.21875, "peak_allocated": 48806363648}
{"step": 381, "epoch": 0, "loss": 0.12678356932153326, "lr": 9.996635959233385e-06, "grad_norm": 1.28125, "peak_allocated": 48806363648}
{"step": 382, "epoch": 0, "loss": 0.1507461179219286, "lr": 9.996537755558914e-06, "grad_norm": 1.2421875, "peak_allocated": 48806363648}
{"step": 383, "epoch": 0, "loss": 0.12657770068594612, "lr": 9.996438139539017e-06, "grad_norm": 1.0546875, "peak_allocated": 48806363648}
{"step": 384, "epoch": 0, "loss": 0.13863336048160801, "lr": 9.996337111201849e-06, "grad_norm": 1.078125, "peak_allocated": 48806363648}
{"step": 385, "epoch": 0, "loss": 0.12748446919986287, "lr": 9.996234670575966e-06, "grad_norm": 1.2265625, "peak_allocated": 48806363648}
{"step": 386, "epoch": 0, "loss": 0.12263179926363671, "lr": 9.996130817690326e-06, "grad_norm": 0.9921875, "peak_allocated": 48806363648}
{"step": 387, "epoch": 0, "loss": 0.15641637737979033, "lr": 9.996025552574285e-06, "grad_norm": 1.265625, "peak_allocated": 48806363648}
{"step": 388, "epoch": 0, "loss": 0.11947357095926052, "lr": 9.995918875257596e-06, "grad_norm": 1.1484375, "peak_allocated": 48806363648}
{"step": 389, "epoch": 0, "loss": 0.1308965027904481, "lr": 9.995810785770414e-06, "grad_norm": 1.109375, "peak_allocated": 48806363648}
{"step": 390, "epoch": 0, "loss": 0.1371610660865126, "lr": 9.995701284143292e-06, "grad_norm": 1.015625, "peak_allocated": 48806363648}
{"step": 391, "epoch": 0, "loss": 0.15507148472449464, "lr": 9.995590370407182e-06, "grad_norm": 1.234375, "peak_allocated": 48806363648}
{"step": 392, "epoch": 0, "loss": 0.1499342459112739, "lr": 9.995478044593436e-06, "grad_norm": 1.2265625, "peak_allocated": 48806363648}
{"step": 393, "epoch": 0, "loss": 0.12783271034096383, "lr": 9.995364306733804e-06, "grad_norm": 1.0234375, "peak_allocated": 48806363648}
{"step": 394, "epoch": 0, "loss": 0.14534582073447314, "lr": 9.995249156860435e-06, "grad_norm": 1.0546875, "peak_allocated": 48806363648}
{"step": 395, "epoch": 0, "loss": 0.14560484277604294, "lr": 9.995132595005881e-06, "grad_norm": 1.1328125, "peak_allocated": 48806363648}
{"step": 396, "epoch": 0, "loss": 0.15426224663381463, "lr": 9.995014621203088e-06, "grad_norm": 1.1015625, "peak_allocated": 48806363648}
{"step": 397, "epoch": 0, "loss": 0.13115048167630602, "lr": 9.9948952354854e-06, "grad_norm": 1.2421875, "peak_allocated": 48806363648}
{"step": 398, "epoch": 0, "loss": 0.15651646908615988, "lr": 9.994774437886567e-06, "grad_norm": 1.1953125, "peak_allocated": 48806363648}
{"step": 399, "epoch": 0, "loss": 0.11586276217576291, "lr": 9.994652228440733e-06, "grad_norm": 1.1953125, "peak_allocated": 48806363648}
{"step": 400, "epoch": 0, "loss": 0.1436375355072922, "lr": 9.994528607182443e-06, "grad_norm": 1.15625, "peak_allocated": 48806363648}
{"step": 401, "epoch": 0, "loss": 0.14301687525187884, "lr": 9.99440357414664e-06, "grad_norm": 1.15625, "peak_allocated": 48806363648}
{"step": 402, "epoch": 0, "loss": 0.1287654736589023, "lr": 9.994277129368664e-06, "grad_norm": 1.1328125, "peak_allocated": 48806363648}
{"step": 403, "epoch": 0, "loss": 0.1312971199311181, "lr": 9.994149272884261e-06, "grad_norm": 1.328125, "peak_allocated": 48806363648}
{"step": 404, "epoch": 0, "loss": 0.15169466478242793, "lr": 9.994020004729567e-06, "grad_norm": 1.40625, "peak_allocated": 48806363648}
{"step": 405, "epoch": 0, "loss": 0.1489372889834425, "lr": 9.993889324941126e-06, "grad_norm": 1.171875, "peak_allocated": 48806363648}
{"step": 406, "epoch": 0, "loss": 0.17013344927204735, "lr": 9.993757233555874e-06, "grad_norm": 1.5078125, "peak_allocated": 48806363648}
{"step": 407, "epoch": 0, "loss": 0.13171079479215422, "lr": 9.993623730611148e-06, "grad_norm": 1.1796875, "peak_allocated": 48806363648}
{"step": 408, "epoch": 0, "loss": 0.16333046217270245, "lr": 9.993488816144687e-06, "grad_norm": 1.328125, "peak_allocated": 48806363648}
{"step": 409, "epoch": 0, "loss": 0.15883164211616835, "lr": 9.993352490194623e-06, "grad_norm": 1.1796875, "peak_allocated": 48806363648}
{"step": 410, "epoch": 0, "loss": 0.16973755356989748, "lr": 9.993214752799495e-06, "grad_norm": 1.265625, "peak_allocated": 48806363648}
{"step": 411, "epoch": 0, "loss": 0.12814810374436966, "lr": 9.993075603998233e-06, "grad_norm": 0.99609375, "peak_allocated": 48806363648}
{"step": 412, "epoch": 0, "loss": 0.1379419523986086, "lr": 9.99293504383017e-06, "grad_norm": 1.34375, "peak_allocated": 48806363648}
{"step": 413, "epoch": 0, "loss": 0.1327599159974544, "lr": 9.99279307233504e-06, "grad_norm": 1.046875, "peak_allocated": 48806363648}
{"step": 414, "epoch": 0, "loss": 0.1432433790461259, "lr": 9.992649689552969e-06, "grad_norm": 1.234375, "peak_allocated": 48806363648}
{"step": 415, "epoch": 0, "loss": 0.1354623202352733, "lr": 9.99250489552449e-06, "grad_norm": 1.375, "peak_allocated": 48806363648}
{"step": 416, "epoch": 0, "loss": 0.13592746181371876, "lr": 9.992358690290528e-06, "grad_norm": 0.99609375, "peak_allocated": 48806363648}
{"step": 417, "epoch": 0, "loss": 0.14645186343435213, "lr": 9.992211073892416e-06, "grad_norm": 1.2578125, "peak_allocated": 48806363648}
{"step": 418, "epoch": 0, "loss": 0.12771134194107825, "lr": 9.992062046371872e-06, "grad_norm": 1.0234375, "peak_allocated": 48806363648}
{"step": 419, "epoch": 0, "loss": 0.14406093907339934, "lr": 9.991911607771026e-06, "grad_norm": 1.2734375, "peak_allocated": 48806363648}
{"step": 420, "epoch": 0, "loss": 0.1350670597559732, "lr": 9.9917597581324e-06, "grad_norm": 1.1171875, "peak_allocated": 48806363648}
{"step": 421, "epoch": 0, "loss": 0.1696415036064978, "lr": 9.991606497498917e-06, "grad_norm": 1.2265625, "peak_allocated": 48806363648}
{"step": 422, "epoch": 0, "loss": 0.15614998691906298, "lr": 9.9914518259139e-06, "grad_norm": 1.1484375, "peak_allocated": 48806363648}
{"step": 423, "epoch": 0, "loss": 0.13172490594116407, "lr": 9.991295743421065e-06, "grad_norm": 1.0, "peak_allocated": 48806363648}
{"step": 424, "epoch": 0, "loss": 0.14874602062820094, "lr": 9.991138250064537e-06, "grad_norm": 1.1953125, "peak_allocated": 48806363648}
{"step": 425, "epoch": 0, "loss": 0.13826053404392943, "lr": 9.990979345888827e-06, "grad_norm": 1.2265625, "peak_allocated": 48806363648}
{"step": 426, "epoch": 0, "loss": 0.13665228838368157, "lr": 9.990819030938857e-06, "grad_norm": 1.0859375, "peak_allocated": 48806363648}
{"step": 427, "epoch": 0, "loss": 0.14718787318354185, "lr": 9.99065730525994e-06, "grad_norm": 1.1484375, "peak_allocated": 48806363648}
{"step": 428, "epoch": 0, "loss": 0.1582599974470379, "lr": 9.990494168897791e-06, "grad_norm": 1.234375, "peak_allocated": 48806363648}
{"step": 429, "epoch": 0, "loss": 0.12697638248840354, "lr": 9.990329621898523e-06, "grad_norm": 1.109375, "peak_allocated": 48806363648}
{"step": 430, "epoch": 0, "loss": 0.12189482068703104, "lr": 9.990163664308645e-06, "grad_norm": 1.0234375, "peak_allocated": 48806363648}
{"step": 431, "epoch": 0, "loss": 0.14040163979644996, "lr": 9.98999629617507e-06, "grad_norm": 1.2265625, "peak_allocated": 48806363648}
{"step": 432, "epoch": 0, "loss": 0.14136094452444842, "lr": 9.989827517545107e-06, "grad_norm": 1.265625, "peak_allocated": 48806363648}
{"step": 433, "epoch": 0, "loss": 0.12026658735140311, "lr": 9.989657328466464e-06, "grad_norm": 1.0546875, "peak_allocated": 48806363648}
{"step": 434, "epoch": 0, "loss": 0.14751824495857055, "lr": 9.989485728987248e-06, "grad_norm": 1.28125, "peak_allocated": 48806363648}
{"step": 435, "epoch": 0, "loss": 0.16340594969772076, "lr": 9.989312719155962e-06, "grad_norm": 1.3515625, "peak_allocated": 48806363648}
{"step": 436, "epoch": 0, "loss": 0.13724810708608393, "lr": 9.98913829902151e-06, "grad_norm": 1.09375, "peak_allocated": 48806363648}
{"step": 437, "epoch": 0, "loss": 0.1501807776323908, "lr": 9.988962468633197e-06, "grad_norm": 1.2265625, "peak_allocated": 48806363648}
{"step": 438, "epoch": 0, "loss": 0.16551056042183124, "lr": 9.988785228040721e-06, "grad_norm": 1.203125, "peak_allocated": 48806363648}
{"step": 439, "epoch": 0, "loss": 0.13280607814258744, "lr": 9.988606577294181e-06, "grad_norm": 1.15625, "peak_allocated": 48806363648}
{"step": 440, "epoch": 0, "loss": 0.11979718796183089, "lr": 9.98842651644408e-06, "grad_norm": 1.1171875, "peak_allocated": 48806363648}
{"step": 441, "epoch": 0, "loss": 0.14110193440194527, "lr": 9.988245045541311e-06, "grad_norm": 1.1953125, "peak_allocated": 48806363648}
{"step": 442, "epoch": 0, "loss": 0.12784993562478808, "lr": 9.988062164637172e-06, "grad_norm": 1.1796875, "peak_allocated": 48806363648}
{"step": 443, "epoch": 0, "loss": 0.12565468556989204, "lr": 9.987877873783354e-06, "grad_norm": 1.0546875, "peak_allocated": 48806363648}
{"step": 444, "epoch": 0, "loss": 0.11886365496942897, "lr": 9.98769217303195e-06, "grad_norm": 1.0234375, "peak_allocated": 48806363648}
{"step": 445, "epoch": 0, "loss": 0.14596536598150814, "lr": 9.987505062435455e-06, "grad_norm": 1.1796875, "peak_allocated": 48806363648}
{"step": 446, "epoch": 0, "loss": 0.14929470150121327, "lr": 9.987316542046755e-06, "grad_norm": 1.2109375, "peak_allocated": 48806363648}
{"step": 447, "epoch": 0, "loss": 0.15266550282142552, "lr": 9.987126611919138e-06, "grad_norm": 1.2734375, "peak_allocated": 48806363648}
{"step": 448, "epoch": 0, "loss": 0.11441421438733825, "lr": 9.986935272106292e-06, "grad_norm": 1.1328125, "peak_allocated": 48806363648}
{"step": 449, "epoch": 0, "loss": 0.13628394465243387, "lr": 9.9867425226623e-06, "grad_norm": 1.2890625, "peak_allocated": 48806363648}
{"step": 450, "epoch": 0, "loss": 0.12087019976858296, "lr": 9.986548363641649e-06, "grad_norm": 1.203125, "peak_allocated": 48806363648}
{"step": 451, "epoch": 0, "loss": 0.13860597255917775, "lr": 9.98635279509922e-06, "grad_norm": 1.2890625, "peak_allocated": 48806363648}
{"step": 452, "epoch": 0, "loss": 0.11341621587573404, "lr": 9.986155817090288e-06, "grad_norm": 1.03125, "peak_allocated": 48806363648}
{"step": 453, "epoch": 0, "loss": 0.13734427516029696, "lr": 9.985957429670539e-06, "grad_norm": 1.1953125, "peak_allocated": 48806363648}
{"step": 454, "epoch": 0, "loss": 0.13032822247094267, "lr": 9.985757632896045e-06, "grad_norm": 1.1328125, "peak_allocated": 48806363648}
{"step": 455, "epoch": 0, "loss": 0.12672472999646725, "lr": 9.985556426823285e-06, "grad_norm": 1.0, "peak_allocated": 48806363648}
{"step": 456, "epoch": 0, "loss": 0.1696475835136994, "lr": 9.985353811509132e-06, "grad_norm": 1.5234375, "peak_allocated": 48806363648}
{"step": 457, "epoch": 0, "loss": 0.13553515128837915, "lr": 9.985149787010857e-06, "grad_norm": 1.1328125, "peak_allocated": 48806363648}
{"step": 458, "epoch": 0, "loss": 0.10541676304659917, "lr": 9.98494435338613e-06, "grad_norm": 1.0, "peak_allocated": 48806363648}
{"step": 459, "epoch": 0, "loss": 0.14818606864202458, "lr": 9.984737510693024e-06, "grad_norm": 1.1875, "peak_allocated": 48806363648}
{"step": 460, "epoch": 0, "loss": 0.13554496772630295, "lr": 9.984529258990002e-06, "grad_norm": 1.171875, "peak_allocated": 48806363648}
{"step": 461, "epoch": 0, "loss": 0.1282847951544355, "lr": 9.98431959833593e-06, "grad_norm": 1.40625, "peak_allocated": 48806363648}
{"step": 462, "epoch": 0, "loss": 0.1565510214317995, "lr": 9.98410852879007e-06, "grad_norm": 1.3828125, "peak_allocated": 48806363648}
{"step": 463, "epoch": 0, "loss": 0.13799696067064784, "lr": 9.98389605041209e-06, "grad_norm": 1.265625, "peak_allocated": 48806363648}
{"step": 464, "epoch": 0, "loss": 0.1362169424081347, "lr": 9.983682163262044e-06, "grad_norm": 1.1953125, "peak_allocated": 48806363648}
{"step": 465, "epoch": 0, "loss": 0.1471590768263432, "lr": 9.983466867400395e-06, "grad_norm": 1.28125, "peak_allocated": 48806363648}
{"step": 466, "epoch": 0, "loss": 0.12567691235515252, "lr": 9.983250162887998e-06, "grad_norm": 1.0078125, "peak_allocated": 48806363648}
{"step": 467, "epoch": 0, "loss": 0.1360935792689339, "lr": 9.983032049786106e-06, "grad_norm": 1.2734375, "peak_allocated": 48806363648}
{"step": 468, "epoch": 0, "loss": 0.17465990206511767, "lr": 9.98281252815637e-06, "grad_norm": 1.4296875, "peak_allocated": 48806363648}
{"step": 469, "epoch": 0, "loss": 0.15580198163192135, "lr": 9.982591598060848e-06, "grad_norm": 1.375, "peak_allocated": 48806363648}
{"step": 470, "epoch": 0, "loss": 0.13336209676242833, "lr": 9.982369259561986e-06, "grad_norm": 1.1640625, "peak_allocated": 48806363648}
{"step": 471, "epoch": 0, "loss": 0.1454911900547516, "lr": 9.982145512722628e-06, "grad_norm": 1.3671875, "peak_allocated": 48806363648}
{"step": 472, "epoch": 0, "loss": 0.12988836797182463, "lr": 9.981920357606023e-06, "grad_norm": 1.0234375, "peak_allocated": 48806363648}
{"step": 473, "epoch": 0, "loss": 0.13222328762816327, "lr": 9.981693794275812e-06, "grad_norm": 1.2578125, "peak_allocated": 48806363648}
{"step": 474, "epoch": 0, "loss": 0.1428829636366442, "lr": 9.98146582279604e-06, "grad_norm": 1.3359375, "peak_allocated": 48806363648}
{"step": 475, "epoch": 0, "loss": 0.15195288408769417, "lr": 9.981236443231142e-06, "grad_norm": 1.140625, "peak_allocated": 48806363648}
{"step": 476, "epoch": 0, "loss": 0.13933890401057453, "lr": 9.98100565564596e-06, "grad_norm": 1.140625, "peak_allocated": 48806363648}
{"step": 477, "epoch": 0, "loss": 0.15515840133571357, "lr": 9.980773460105726e-06, "grad_norm": 1.3125, "peak_allocated": 48806363648}
{"step": 478, "epoch": 0, "loss": 0.1205382741555981, "lr": 9.980539856676074e-06, "grad_norm": 1.0234375, "peak_allocated": 48806363648}
{"step": 479, "epoch": 0, "loss": 0.13867154334422568, "lr": 9.980304845423038e-06, "grad_norm": 1.078125, "peak_allocated": 48806363648}
{"step": 480, "epoch": 0, "loss": 0.15185183997869806, "lr": 9.980068426413045e-06, "grad_norm": 1.25, "peak_allocated": 48806363648}
{"step": 481, "epoch": 0, "loss": 0.11448446615948173, "lr": 9.979830599712924e-06, "grad_norm": 0.984375, "peak_allocated": 48806363648}
{"step": 482, "epoch": 0, "loss": 0.12775998945357797, "lr": 9.979591365389899e-06, "grad_norm": 1.09375, "peak_allocated": 48806363648}
{"step": 483, "epoch": 0, "loss": 0.13622787127061156, "lr": 9.979350723511594e-06, "grad_norm": 1.3515625, "peak_allocated": 48806363648}
{"step": 484, "epoch": 0, "loss": 0.13575573863123683, "lr": 9.979108674146027e-06, "grad_norm": 1.1328125, "peak_allocated": 48806363648}
{"step": 485, "epoch": 0, "loss": 0.14076483337066664, "lr": 9.978865217361622e-06, "grad_norm": 1.4609375, "peak_allocated": 48806363648}
{"step": 486, "epoch": 0, "loss": 0.17192925413265508, "lr": 9.978620353227192e-06, "grad_norm": 1.46875, "peak_allocated": 48806363648}
{"step": 487, "epoch": 0, "loss": 0.12870544629770503, "lr": 9.978374081811953e-06, "grad_norm": 1.0703125, "peak_allocated": 48806363648}
{"step": 488, "epoch": 0, "loss": 0.12633790320548766, "lr": 9.978126403185516e-06, "grad_norm": 1.0625, "peak_allocated": 48806363648}
{"step": 489, "epoch": 0, "loss": 0.17349818735441555, "lr": 9.977877317417891e-06, "grad_norm": 1.3515625, "peak_allocated": 48806363648}
{"step": 490, "epoch": 0, "loss": 0.15421819431744252, "lr": 9.977626824579486e-06, "grad_norm": 1.2421875, "peak_allocated": 48806363648}
{"step": 491, "epoch": 0, "loss": 0.13997534389818805, "lr": 9.97737492474111e-06, "grad_norm": 1.265625, "peak_allocated": 48806363648}
{"step": 492, "epoch": 0, "loss": 0.12102066886883603, "lr": 9.977121617973961e-06, "grad_norm": 1.1875, "peak_allocated": 48806363648}
{"step": 493, "epoch": 0, "loss": 0.1483685446104833, "lr": 9.976866904349645e-06, "grad_norm": 1.1875, "peak_allocated": 48806363648}
{"step": 494, "epoch": 0, "loss": 0.13945753888750773, "lr": 9.976610783940154e-06, "grad_norm": 1.171875, "peak_allocated": 48806363648}
{"step": 495, "epoch": 0, "loss": 0.11342394857259835, "lr": 9.97635325681789e-06, "grad_norm": 0.9921875, "peak_allocated": 48806363648}
{"step": 496, "epoch": 0, "loss": 0.13817898757714045, "lr": 9.976094323055645e-06, "grad_norm": 1.2265625, "peak_allocated": 48806363648}
{"step": 497, "epoch": 0, "loss": 0.1545711720073727, "lr": 9.975833982726611e-06, "grad_norm": 1.15625, "peak_allocated": 48806363648}
{"step": 498, "epoch": 0, "loss": 0.1489423907587825, "lr": 9.975572235904375e-06, "grad_norm": 1.0546875, "peak_allocated": 48806363648}
{"step": 499, "epoch": 0, "loss": 0.09795109114441519, "lr": 9.975309082662923e-06, "grad_norm": 1.0859375, "peak_allocated": 48806363648}
{"step": 500, "epoch": 0, "loss": 0.13914151075534584, "lr": 9.975044523076644e-06, "grad_norm": 1.28125, "peak_allocated": 48806363648}
{"event": "train_stage", "stage": "checkpoint_published", "rank": 0, "local_rank": 0, "world_size": 4, "checkpoint": "step-00000500-e563952a", "best": false}
{"step": 501, "epoch": 0, "loss": 0.15844262112879862, "lr": 9.974778557220317e-06, "grad_norm": 1.234375, "peak_allocated": 48806363648}
{"step": 502, "epoch": 0, "loss": 0.14793616946059998, "lr": 9.97451118516912e-06, "grad_norm": 1.0625, "peak_allocated": 48806363648}
{"step": 503, "epoch": 0, "loss": 0.13913203453606873, "lr": 9.974242406998632e-06, "grad_norm": 1.0703125, "peak_allocated": 48806363648}
{"step": 504, "epoch": 0, "loss": 0.1541652510330871, "lr": 9.973972222784822e-06, "grad_norm": 1.5390625, "peak_allocated": 48806363648}
{"step": 505, "epoch": 0, "loss": 0.15391234547922988, "lr": 9.973700632604069e-06, "grad_norm": 1.3046875, "peak_allocated": 48806363648}
{"step": 506, "epoch": 0, "loss": 0.12774909454352487, "lr": 9.973427636533138e-06, "grad_norm": 1.1171875, "peak_allocated": 48806363648}
{"step": 507, "epoch": 0, "loss": 0.1614935670043173, "lr": 9.973153234649195e-06, "grad_norm": 1.375, "peak_allocated": 48806363648}
{"step": 508, "epoch": 0, "loss": 0.12273892812369028, "lr": 9.972877427029803e-06, "grad_norm": 1.15625, "peak_allocated": 48806363648}
{"step": 509, "epoch": 0, "loss": 0.14482315218574357, "lr": 9.972600213752928e-06, "grad_norm": 1.0859375, "peak_allocated": 48806363648}
{"step": 510, "epoch": 0, "loss": 0.135839873266981, "lr": 9.972321594896923e-06, "grad_norm": 1.1796875, "peak_allocated": 48806363648}
{"step": 511, "epoch": 0, "loss": 0.1527688899112699, "lr": 9.972041570540545e-06, "grad_norm": 1.2578125, "peak_allocated": 48806363648}
{"step": 512, "epoch": 0, "loss": 0.13406860435447562, "lr": 9.97176014076295e-06, "grad_norm": 1.2890625, "peak_allocated": 48806363648}
{"step": 513, "epoch": 0, "loss": 0.16379638990521656, "lr": 9.971477305643685e-06, "grad_norm": 1.40625, "peak_allocated": 48806363648}
{"step": 514, "epoch": 0, "loss": 0.12534306104862197, "lr": 9.971193065262699e-06, "grad_norm": 1.171875, "peak_allocated": 48806363648}
{"step": 515, "epoch": 0, "loss": 0.1539305912120978, "lr": 9.970907419700337e-06, "grad_norm": 1.2578125, "peak_allocated": 48806363648}
{"step": 516, "epoch": 0, "loss": 0.15730763083428195, "lr": 9.97062036903734e-06, "grad_norm": 1.140625, "peak_allocated": 48806363648}
{"step": 517, "epoch": 0, "loss": 0.14303530671133113, "lr": 9.970331913354848e-06, "grad_norm": 1.1328125, "peak_allocated": 48806363648}
{"step": 518, "epoch": 0, "loss": 0.11399173991831468, "lr": 9.970042052734394e-06, "grad_norm": 1.2109375, "peak_allocated": 48806363648}
{"step": 519, "epoch": 0, "loss": 0.14102175818837207, "lr": 9.969750787257917e-06, "grad_norm": 1.2578125, "peak_allocated": 48806363648}
{"step": 520, "epoch": 0, "loss": 0.13835826457143166, "lr": 9.969458117007744e-06, "grad_norm": 1.3359375, "peak_allocated": 48806363648}
{"step": 521, "epoch": 0, "loss": 0.130392466329541, "lr": 9.969164042066603e-06, "grad_norm": 1.1171875, "peak_allocated": 48806363648}
{"step": 522, "epoch": 0, "loss": 0.15383893840583657, "lr": 9.968868562517619e-06, "grad_norm": 1.4375, "peak_allocated": 48806363648}
{"step": 523, "epoch": 0, "loss": 0.1625652367968665, "lr": 9.968571678444314e-06, "grad_norm": 1.4375, "peak_allocated": 48806363648}
{"step": 524, "epoch": 0, "loss": 0.12799000943389005, "lr": 9.968273389930604e-06, "grad_norm": 1.125, "peak_allocated": 48806363648}
{"step": 525, "epoch": 0, "loss": 0.1406668297997799, "lr": 9.967973697060812e-06, "grad_norm": 1.171875, "peak_allocated": 48806363648}
{"step": 526, "epoch": 0, "loss": 0.14168844752565699, "lr": 9.967672599919641e-06, "grad_norm": 1.3515625, "peak_allocated": 48806363648}
{"step": 527, "epoch": 0, "loss": 0.13708478988830558, "lr": 9.967370098592206e-06, "grad_norm": 1.0859375, "peak_allocated": 48806363648}
{"step": 528, "epoch": 0, "loss": 0.15050448082117918, "lr": 9.967066193164014e-06, "grad_norm": 1.2109375, "peak_allocated": 48806363648}
{"step": 529, "epoch": 0, "loss": 0.16129027406127672, "lr": 9.966760883720966e-06, "grad_norm": 1.2421875, "peak_allocated": 48806363648}
{"step": 530, "epoch": 0, "loss": 0.1370553540410033, "lr": 9.966454170349364e-06, "grad_norm": 1.2734375, "peak_allocated": 48806363648}
{"step": 531, "epoch": 0, "loss": 0.13505114339213045, "lr": 9.966146053135903e-06, "grad_norm": 1.359375, "peak_allocated": 48806363648}
{"step": 532, "epoch": 0, "loss": 0.15137600440541596, "lr": 9.965836532167679e-06, "grad_norm": 1.3046875, "peak_allocated": 48806363648}
{"step": 533, "epoch": 0, "loss": 0.14363217440730566, "lr": 9.965525607532182e-06, "grad_norm": 1.3125, "peak_allocated": 48806363648}
{"step": 534, "epoch": 0, "loss": 0.13832843491835145, "lr": 9.965213279317298e-06, "grad_norm": 1.28125, "peak_allocated": 48806363648}
{"step": 535, "epoch": 0, "loss": 0.1386584764561946, "lr": 9.964899547611316e-06, "grad_norm": 1.1015625, "peak_allocated": 48806363648}
{"step": 536, "epoch": 0, "loss": 0.13957231244895346, "lr": 9.96458441250291e-06, "grad_norm": 1.2109375, "peak_allocated": 48806363648}
{"step": 537, "epoch": 0, "loss": 0.11924457444642719, "lr": 9.96426787408116e-06, "grad_norm": 1.1796875, "peak_allocated": 48806363648}
{"step": 538, "epoch": 0, "loss": 0.1445122186863806, "lr": 9.963949932435546e-06, "grad_norm": 1.140625, "peak_allocated": 48806363648}
{"step": 539, "epoch": 0, "loss": 0.132510215467798, "lr": 9.963630587655932e-06, "grad_norm": 1.2109375, "peak_allocated": 48806363648}
{"step": 540, "epoch": 0, "loss": 0.1707281104766396, "lr": 9.963309839832587e-06, "grad_norm": 1.515625, "peak_allocated": 48806363648}
{"step": 541, "epoch": 0, "loss": 0.1220437370554633, "lr": 9.962987689056177e-06, "grad_norm": 1.1953125, "peak_allocated": 48806363648}
{"step": 542, "epoch": 0, "loss": 0.12798270470539913, "lr": 9.962664135417761e-06, "grad_norm": 1.171875, "peak_allocated": 48806363648}
{"step": 543, "epoch": 0, "loss": 0.12132329944749368, "lr": 9.962339179008797e-06, "grad_norm": 1.15625, "peak_allocated": 48806363648}
{"step": 544, "epoch": 0, "loss": 0.10737955232729626, "lr": 9.962012819921139e-06, "grad_norm": 1.1171875, "peak_allocated": 48806363648}
{"step": 545, "epoch": 0, "loss": 0.12887237033285967, "lr": 9.961685058247034e-06, "grad_norm": 1.1796875, "peak_allocated": 48806363648}
{"step": 546, "epoch": 0, "loss": 0.10920775265063926, "lr": 9.961355894079134e-06, "grad_norm": 0.96875, "peak_allocated": 48806363648}
{"step": 547, "epoch": 0, "loss": 0.13702117912265854, "lr": 9.961025327510481e-06, "grad_norm": 1.3828125, "peak_allocated": 48806363648}
{"step": 548, "epoch": 0, "loss": 0.1487841377404696, "lr": 9.96069335863451e-06, "grad_norm": 1.3828125, "peak_allocated": 48806363648}
{"step": 549, "epoch": 0, "loss": 0.13393804948973892, "lr": 9.960359987545062e-06, "grad_norm": 1.4140625, "peak_allocated": 48806363648}
{"step": 550, "epoch": 0, "loss": 0.13598776899694479, "lr": 9.96002521433637e-06, "grad_norm": 1.2734375, "peak_allocated": 48806363648}
{"step": 551, "epoch": 0, "loss": 0.13470845275642632, "lr": 9.959689039103056e-06, "grad_norm": 1.375, "peak_allocated": 48806363648}
{"step": 552, "epoch": 0, "loss": 0.11092612405933333, "lr": 9.95935146194015e-06, "grad_norm": 1.09375, "peak_allocated": 48806363648}
{"step": 553, "epoch": 0, "loss": 0.11850804020496084, "lr": 9.95901248294307e-06, "grad_norm": 1.09375, "peak_allocated": 48806363648}
{"step": 554, "epoch": 0, "loss": 0.15121918754275668, "lr": 9.958672102207639e-06, "grad_norm": 1.390625, "peak_allocated": 48806363648}
{"step": 555, "epoch": 0, "loss": 0.13369966393834237, "lr": 9.958330319830066e-06, "grad_norm": 1.2578125, "peak_allocated": 48806363648}
{"step": 556, "epoch": 0, "loss": 0.14840089631521314, "lr": 9.957987135906961e-06, "grad_norm": 1.328125, "peak_allocated": 48806363648}
{"step": 557, "epoch": 0, "loss": 0.17462761390726178, "lr": 9.957642550535331e-06, "grad_norm": 1.4140625, "peak_allocated": 48806363648}
{"step": 558, "epoch": 0, "loss": 0.13272193764543502, "lr": 9.95729656381258e-06, "grad_norm": 1.1875, "peak_allocated": 48806363648}
{"step": 559, "epoch": 0, "loss": 0.12618368692622395, "lr": 9.956949175836503e-06, "grad_norm": 1.3125, "peak_allocated": 48806363648}
{"step": 560, "epoch": 0, "loss": 0.11425137390981245, "lr": 9.956600386705298e-06, "grad_norm": 1.0390625, "peak_allocated": 48806363648}
{"step": 561, "epoch": 0, "loss": 0.148817089228383, "lr": 9.956250196517549e-06, "grad_norm": 1.1484375, "peak_allocated": 48806363648}
{"step": 562, "epoch": 0, "loss": 0.1366605664821988, "lr": 9.955898605372249e-06, "grad_norm": 1.0625, "peak_allocated": 48806363648}
{"step": 563, "epoch": 0, "loss": 0.11271206487038292, "lr": 9.95554561336878e-06, "grad_norm": 1.2109375, "peak_allocated": 48806363648}
{"step": 564, "epoch": 0, "loss": 0.13691007257490195, "lr": 9.955191220606917e-06, "grad_norm": 1.328125, "peak_allocated": 48806363648}
{"step": 565, "epoch": 0, "loss": 0.12310144600023218, "lr": 9.954835427186836e-06, "grad_norm": 1.2109375, "peak_allocated": 48806363648}
{"step": 566, "epoch": 0, "loss": 0.11938551759472892, "lr": 9.954478233209106e-06, "grad_norm": 1.0859375, "peak_allocated": 48806363648}
{"step": 567, "epoch": 0, "loss": 0.15368454672829293, "lr": 9.954119638774695e-06, "grad_norm": 1.296875, "peak_allocated": 48806363648}
{"step": 568, "epoch": 0, "loss": 0.14488610709585173, "lr": 9.953759643984966e-06, "grad_norm": 1.40625, "peak_allocated": 48806363648}
{"step": 569, "epoch": 0, "loss": 0.15461415695826028, "lr": 9.953398248941675e-06, "grad_norm": 1.484375, "peak_allocated": 48806363648}
{"step": 570, "epoch": 0, "loss": 0.11989397679743193, "lr": 9.953035453746975e-06, "grad_norm": 1.109375, "peak_allocated": 48806363648}
{"step": 571, "epoch": 0, "loss": 0.10139932795242482, "lr": 9.952671258503416e-06, "grad_norm": 1.0703125, "peak_allocated": 48806363648}
{"step": 572, "epoch": 0, "loss": 0.14021190764156596, "lr": 9.952305663313944e-06, "grad_norm": 1.46875, "peak_allocated": 48806363648}
{"step": 573, "epoch": 0, "loss": 0.12868406714833514, "lr": 9.9519386682819e-06, "grad_norm": 1.265625, "peak_allocated": 48806363648}
{"step": 574, "epoch": 0, "loss": 0.15341583449481935, "lr": 9.951570273511019e-06, "grad_norm": 1.3515625, "peak_allocated": 48806363648}
{"step": 575, "epoch": 0, "loss": 0.17338088291083895, "lr": 9.951200479105434e-06, "grad_norm": 1.46875, "peak_allocated": 48806363648}
{"step": 576, "epoch": 0, "loss": 0.12787956049981106, "lr": 9.950829285169675e-06, "grad_norm": 1.234375, "peak_allocated": 48806363648}
{"step": 577, "epoch": 0, "loss": 0.13986862389328827, "lr": 9.950456691808661e-06, "grad_norm": 1.3515625, "peak_allocated": 48806363648}
{"step": 578, "epoch": 0, "loss": 0.15556250738874733, "lr": 9.950082699127717e-06, "grad_norm": 1.484375, "peak_allocated": 48806363648}
{"step": 579, "epoch": 0, "loss": 0.14509728735119015, "lr": 9.949707307232551e-06, "grad_norm": 1.2421875, "peak_allocated": 48806363648}
{"step": 580, "epoch": 0, "loss": 0.14004675133407635, "lr": 9.949330516229278e-06, "grad_norm": 1.1953125, "peak_allocated": 48806363648}
{"step": 581, "epoch": 0, "loss": 0.1590708704539849, "lr": 9.948952326224402e-06, "grad_norm": 1.3671875, "peak_allocated": 48806363648}
{"step": 582, "epoch": 0, "loss": 0.12999161481320182, "lr": 9.948572737324823e-06, "grad_norm": 1.125, "peak_allocated": 48806363648}
{"step": 583, "epoch": 0, "loss": 0.1299982894702748, "lr": 9.948191749637839e-06, "grad_norm": 1.1484375, "peak_allocated": 48806363648}
{"step": 584, "epoch": 0, "loss": 0.1256342445451002, "lr": 9.94780936327114e-06, "grad_norm": 1.0625, "peak_allocated": 48806363648}
{"step": 585, "epoch": 0, "loss": 0.14118990140026894, "lr": 9.947425578332816e-06, "grad_norm": 1.2890625, "peak_allocated": 48806363648}
{"step": 586, "epoch": 0, "loss": 0.12134118496141179, "lr": 9.947040394931347e-06, "grad_norm": 1.0625, "peak_allocated": 48806363648}
{"step": 587, "epoch": 0, "loss": 0.13838937912530294, "lr": 9.946653813175611e-06, "grad_norm": 1.3125, "peak_allocated": 48806363648}
{"step": 588, "epoch": 0, "loss": 0.13629065122741713, "lr": 9.946265833174881e-06, "grad_norm": 1.03125, "peak_allocated": 48806363648}
{"step": 589, "epoch": 0, "loss": 0.11145964073291019, "lr": 9.945876455038827e-06, "grad_norm": 0.91796875, "peak_allocated": 48806363648}
{"step": 590, "epoch": 0, "loss": 0.0972450791558964, "lr": 9.945485678877512e-06, "grad_norm": 1.1015625, "peak_allocated": 48806363648}
{"step": 591, "epoch": 0, "loss": 0.1536433423912476, "lr": 9.945093504801392e-06, "grad_norm": 1.328125, "peak_allocated": 48806363648}
{"step": 592, "epoch": 0, "loss": 0.12113921848248761, "lr": 9.944699932921326e-06, "grad_norm": 1.0703125, "peak_allocated": 48806363648}
{"step": 593, "epoch": 0, "loss": 0.14560699738635152, "lr": 9.944304963348558e-06, "grad_norm": 1.328125, "peak_allocated": 48806363648}
{"step": 594, "epoch": 0, "loss": 0.11747524423755687, "lr": 9.943908596194735e-06, "grad_norm": 0.98046875, "peak_allocated": 48806363648}
{"step": 595, "epoch": 0, "loss": 0.1730775564519658, "lr": 9.943510831571894e-06, "grad_norm": 1.4296875, "peak_allocated": 48806363648}
{"step": 596, "epoch": 0, "loss": 0.1389093378358097, "lr": 9.943111669592469e-06, "grad_norm": 1.140625, "peak_allocated": 48806363648}
{"step": 597, "epoch": 0, "loss": 0.1502083184807758, "lr": 9.942711110369292e-06, "grad_norm": 1.2109375, "peak_allocated": 48806363648}
{"step": 598, "epoch": 0, "loss": 0.12619177824198174, "lr": 9.942309154015583e-06, "grad_norm": 0.9453125, "peak_allocated": 48806363648}
{"step": 599, "epoch": 0, "loss": 0.14445113687605196, "lr": 9.941905800644963e-06, "grad_norm": 1.25, "peak_allocated": 48806363648}
{"step": 600, "epoch": 0, "loss": 0.14923501711982814, "lr": 9.941501050371447e-06, "grad_norm": 1.2109375, "peak_allocated": 48806363648}
{"step": 601, "epoch": 0, "loss": 0.15596444789657538, "lr": 9.941094903309443e-06, "grad_norm": 1.328125, "peak_allocated": 48806363648}
{"step": 602, "epoch": 0, "loss": 0.10235497679822894, "lr": 9.940687359573754e-06, "grad_norm": 0.9453125, "peak_allocated": 48806363648}
{"step": 603, "epoch": 0, "loss": 0.1358022889104428, "lr": 9.940278419279576e-06, "grad_norm": 1.1875, "peak_allocated": 48806363648}
{"step": 604, "epoch": 0, "loss": 0.13631848702440122, "lr": 9.939868082542505e-06, "grad_norm": 1.1640625, "peak_allocated": 48806363648}
{"step": 605, "epoch": 0, "loss": 0.12136225691113293, "lr": 9.93945634947853e-06, "grad_norm": 1.1328125, "peak_allocated": 48806363648}
{"step": 606, "epoch": 0, "loss": 0.10972721928962516, "lr": 9.939043220204028e-06, "grad_norm": 1.0703125, "peak_allocated": 48806363648}
{"step": 607, "epoch": 0, "loss": 0.1325557750569524, "lr": 9.938628694835782e-06, "grad_norm": 1.125, "peak_allocated": 48806363648}
{"step": 608, "epoch": 0, "loss": 0.14902054778222096, "lr": 9.938212773490959e-06, "grad_norm": 1.1953125, "peak_allocated": 48806363648}
{"step": 609, "epoch": 0, "loss": 0.10388219278884785, "lr": 9.93779545628713e-06, "grad_norm": 1.078125, "peak_allocated": 48806363648}
{"step": 610, "epoch": 0, "loss": 0.11288096571955253, "lr": 9.93737674334225e-06, "grad_norm": 0.98828125, "peak_allocated": 48806363648}
{"step": 611, "epoch": 0, "loss": 0.1393675401747495, "lr": 9.936956634774681e-06, "grad_norm": 1.078125, "peak_allocated": 48806363648}
{"step": 612, "epoch": 0, "loss": 0.15051058257053945, "lr": 9.936535130703168e-06, "grad_norm": 1.1171875, "peak_allocated": 48806363648}
{"step": 613, "epoch": 0, "loss": 0.12927129497073306, "lr": 9.93611223124686e-06, "grad_norm": 1.1015625, "peak_allocated": 48806363648}
{"step": 614, "epoch": 0, "loss": 0.12753388277396804, "lr": 9.935687936525292e-06, "grad_norm": 1.125, "peak_allocated": 48806363648}
{"step": 615, "epoch": 0, "loss": 0.1500371142100499, "lr": 9.935262246658395e-06, "grad_norm": 1.390625, "peak_allocated": 48806363648}
{"step": 616, "epoch": 0, "loss": 0.16770023913266238, "lr": 9.934835161766502e-06, "grad_norm": 1.3046875, "peak_allocated": 48806363648}
{"step": 617, "epoch": 0, "loss": 0.12731837324212547, "lr": 9.934406681970333e-06, "grad_norm": 1.078125, "peak_allocated": 48806363648}
{"step": 618, "epoch": 0, "loss": 0.16052648693717836, "lr": 9.933976807391003e-06, "grad_norm": 1.296875, "peak_allocated": 48806363648}
{"step": 619, "epoch": 0, "loss": 0.15667398309354133, "lr": 9.933545538150025e-06, "grad_norm": 1.46875, "peak_allocated": 48806363648}
{"step": 620, "epoch": 0, "loss": 0.12055822866203386, "lr": 9.9331128743693e-06, "grad_norm": 1.1015625, "peak_allocated": 48806363648}
{"step": 621, "epoch": 0, "loss": 0.10264982016696611, "lr": 9.932678816171128e-06, "grad_norm": 0.984375, "peak_allocated": 48806363648}
{"step": 622, "epoch": 0, "loss": 0.09492502103618983, "lr": 9.932243363678203e-06, "grad_norm": 1.1015625, "peak_allocated": 48806363648}
{"event": "train_stage", "stage": "validation_loss_complete", "rank": 0, "local_rank": 0, "world_size": 4, "epoch": 1, "val_loss": 0.13407720707878953, "training_seconds": 1605.37, "validation_loss_seconds": 47.44}
{"event": "train_stage", "stage": "validation_gleu_complete", "rank": 0, "local_rank": 0, "world_size": 4, "epoch": 1, "elapsed_seconds": 2963.09, "gleu": 33.115, "invalid_utf8": 4, "budget_exhausted": 9, "generation_backend": "global-prefix-guarded-greedy-v1", "cache_preliminary_skips": 247455, "cache_guard_refreshes": 5810, "max_rank_peak_allocated_bytes": 48806939648}
{"event": "train_stage", "stage": "checkpoint_published", "rank": 0, "local_rank": 0, "world_size": 4, "checkpoint": "step-00000622-f7deb653", "best": true}
{"event": "train_stage", "stage": "epoch_complete", "rank": 0, "local_rank": 0, "world_size": 4, "epoch": 1, "global_step": 622, "selection_metric": "val_gleu", "best": true, "val_loss": 0.13407720707878953, "val_gleu": 33.115, "elapsed_seconds": 4698.2}
{"step": 623, "epoch": 1, "loss": 0.17301322343248748, "lr": 9.931806517013612e-06, "grad_norm": 1.28125, "peak_allocated": 48806363648}
{"step": 624, "epoch": 1, "loss": 0.11917972459762305, "lr": 9.931368276300836e-06, "grad_norm": 1.1953125, "peak_allocated": 48806363648}
{"step": 625, "epoch": 1, "loss": 0.10562001782391794, "lr": 9.930928641663751e-06, "grad_norm": 0.9609375, "peak_allocated": 48806363648}
{"step": 626, "epoch": 1, "loss": 0.1301463165994618, "lr": 9.930487613226624e-06, "grad_norm": 1.0234375, "peak_allocated": 48806363648}
{"step": 627, "epoch": 1, "loss": 0.12753279515782107, "lr": 9.93004519111412e-06, "grad_norm": 1.0859375, "peak_allocated": 48806363648}
{"step": 628, "epoch": 1, "loss": 0.1540834845603239, "lr": 9.929601375451296e-06, "grad_norm": 1.1953125, "peak_allocated": 48806363648}
{"step": 629, "epoch": 1, "loss": 0.1340679255747786, "lr": 9.929156166363603e-06, "grad_norm": 1.265625, "peak_allocated": 48806363648}
{"step": 630, "epoch": 1, "loss": 0.09407017771248243, "lr": 9.928709563976884e-06, "grad_norm": 1.1328125, "peak_allocated": 48806363648}
{"step": 631, "epoch": 1, "loss": 0.11758228110957353, "lr": 9.928261568417383e-06, "grad_norm": 0.98828125, "peak_allocated": 48806363648}
{"step": 632, "epoch": 1, "loss": 0.13559781117460448, "lr": 9.927812179811726e-06, "grad_norm": 1.2578125, "peak_allocated": 48806363648}
{"step": 633, "epoch": 1, "loss": 0.1298682068277937, "lr": 9.927361398286943e-06, "grad_norm": 1.15625, "peak_allocated": 48806363648}
{"step": 634, "epoch": 1, "loss": 0.12449625139136171, "lr": 9.926909223970454e-06, "grad_norm": 1.1953125, "peak_allocated": 48806363648}
{"step": 635, "epoch": 1, "loss": 0.10931718360986227, "lr": 9.926455656990073e-06, "grad_norm": 1.015625, "peak_allocated": 48806363648}
{"step": 636, "epoch": 1, "loss": 0.11973876883304611, "lr": 9.926000697474006e-06, "grad_norm": 1.1015625, "peak_allocated": 48806363648}
{"step": 637, "epoch": 1, "loss": 0.10670739128479614, "lr": 9.925544345550856e-06, "grad_norm": 1.015625, "peak_allocated": 48806363648}
{"step": 638, "epoch": 1, "loss": 0.12570509665135632, "lr": 9.925086601349614e-06, "grad_norm": 1.109375, "peak_allocated": 48806363648}
{"step": 639, "epoch": 1, "loss": 0.14050892103293627, "lr": 9.924627464999672e-06, "grad_norm": 1.4609375, "peak_allocated": 48806363648}
{"step": 640, "epoch": 1, "loss": 0.13671141313907273, "lr": 9.924166936630811e-06, "grad_norm": 1.1796875, "peak_allocated": 48806363648}
{"step": 641, "epoch": 1, "loss": 0.16031502989252275, "lr": 9.923705016373204e-06, "grad_norm": 1.3828125, "peak_allocated": 48806363648}
{"step": 642, "epoch": 1, "loss": 0.14957391984121393, "lr": 9.923241704357422e-06, "grad_norm": 1.15625, "peak_allocated": 48806363648}
{"step": 643, "epoch": 1, "loss": 0.16853579842338842, "lr": 9.922777000714426e-06, "grad_norm": 1.2890625, "peak_allocated": 48806363648}
{"step": 644, "epoch": 1, "loss": 0.1275298950340323, "lr": 9.922310905575572e-06, "grad_norm": 1.21875, "peak_allocated": 48806363648}
{"step": 645, "epoch": 1, "loss": 0.11716839652320352, "lr": 9.921843419072608e-06, "grad_norm": 1.2265625, "peak_allocated": 48806363648}
{"step": 646, "epoch": 1, "loss": 0.14766857952986234, "lr": 9.921374541337674e-06, "grad_norm": 1.2734375, "peak_allocated": 48806363648}
{"step": 647, "epoch": 1, "loss": 0.11891566363210193, "lr": 9.92090427250331e-06, "grad_norm": 1.125, "peak_allocated": 48806363648}
{"step": 648, "epoch": 1, "loss": 0.12586419165914195, "lr": 9.920432612702441e-06, "grad_norm": 1.0546875, "peak_allocated": 48806363648}
{"step": 649, "epoch": 1, "loss": 0.13024525427199232, "lr": 9.919959562068388e-06, "grad_norm": 1.1640625, "peak_allocated": 48806363648}
{"step": 650, "epoch": 1, "loss": 0.09418119836649057, "lr": 9.919485120734871e-06, "grad_norm": 1.1953125, "peak_allocated": 48806363648}
{"step": 651, "epoch": 1, "loss": 0.1291381232794054, "lr": 9.91900928883599e-06, "grad_norm": 1.1171875, "peak_allocated": 48806363648}
{"step": 652, "epoch": 1, "loss": 0.12306494455311705, "lr": 9.918532066506253e-06, "grad_norm": 1.0625, "peak_allocated": 48806363648}
{"step": 653, "epoch": 1, "loss": 0.14479592025703208, "lr": 9.918053453880549e-06, "grad_norm": 1.21875, "peak_allocated": 48806363648}
{"step": 654, "epoch": 1, "loss": 0.1276903203841884, "lr": 9.917573451094168e-06, "grad_norm": 1.3046875, "peak_allocated": 48806363648}
{"step": 655, "epoch": 1, "loss": 0.11542291756645028, "lr": 9.917092058282789e-06, "grad_norm": 1.234375, "peak_allocated": 48806363648}
{"step": 656, "epoch": 1, "loss": 0.15232794327018975, "lr": 9.916609275582483e-06, "grad_norm": 1.1953125, "peak_allocated": 48806363648}
{"step": 657, "epoch": 1, "loss": 0.15059681374560668, "lr": 9.916125103129719e-06, "grad_norm": 1.5078125, "peak_allocated": 48806363648}
{"step": 658, "epoch": 1, "loss": 0.11959092913253885, "lr": 9.915639541061352e-06, "grad_norm": 1.3359375, "peak_allocated": 48806363648}
{"step": 659, "epoch": 1, "loss": 0.11884620185720525, "lr": 9.915152589514638e-06, "grad_norm": 1.109375, "peak_allocated": 48806363648}
{"step": 660, "epoch": 1, "loss": 0.11947723524434264, "lr": 9.914664248627218e-06, "grad_norm": 1.1640625, "peak_allocated": 48806363648}
{"step": 661, "epoch": 1, "loss": 0.12153492165147665, "lr": 9.914174518537127e-06, "grad_norm": 1.203125, "peak_allocated": 48806363648}
{"step": 662, "epoch": 1, "loss": 0.12499209247107776, "lr": 9.913683399382797e-06, "grad_norm": 1.125, "peak_allocated": 48806363648}
{"step": 663, "epoch": 1, "loss": 0.12792379052605457, "lr": 9.913190891303051e-06, "grad_norm": 1.234375, "peak_allocated": 48806363648}
{"step": 664, "epoch": 1, "loss": 0.13104128917792507, "lr": 9.9126969944371e-06, "grad_norm": 1.359375, "peak_allocated": 48806363648}
{"step": 665, "epoch": 1, "loss": 0.10695704054229586, "lr": 9.912201708924556e-06, "grad_norm": 1.2265625, "peak_allocated": 48806363648}
{"step": 666, "epoch": 1, "loss": 0.10770384628364944, "lr": 9.911705034905415e-06, "grad_norm": 1.015625, "peak_allocated": 48806363648}
{"step": 667, "epoch": 1, "loss": 0.11178858553555801, "lr": 9.91120697252007e-06, "grad_norm": 1.03125, "peak_allocated": 48806363648}
{"step": 668, "epoch": 1, "loss": 0.15476814217906437, "lr": 9.910707521909307e-06, "grad_norm": 1.2578125, "peak_allocated": 48806363648}
{"step": 669, "epoch": 1, "loss": 0.10202274542461964, "lr": 9.910206683214302e-06, "grad_norm": 0.93359375, "peak_allocated": 48806363648}
{"step": 670, "epoch": 1, "loss": 0.12076806518349945, "lr": 9.909704456576627e-06, "grad_norm": 1.2265625, "peak_allocated": 48806363648}
{"step": 671, "epoch": 1, "loss": 0.13353006739121076, "lr": 9.90920084213824e-06, "grad_norm": 1.375, "peak_allocated": 48806363648}
{"step": 672, "epoch": 1, "loss": 0.13653147845904168, "lr": 9.908695840041499e-06, "grad_norm": 1.0546875, "peak_allocated": 48806363648}
{"step": 673, "epoch": 1, "loss": 0.11963200753253768, "lr": 9.908189450429144e-06, "grad_norm": 1.0390625, "peak_allocated": 48806363648}
{"step": 674, "epoch": 1, "loss": 0.10068529316059283, "lr": 9.90768167344432e-06, "grad_norm": 1.046875, "peak_allocated": 48806363648}
{"step": 675, "epoch": 1, "loss": 0.11676043356952175, "lr": 9.907172509230555e-06, "grad_norm": 1.109375, "peak_allocated": 48806363648}
{"step": 676, "epoch": 1, "loss": 0.1329548510943616, "lr": 9.906661957931774e-06, "grad_norm": 1.2734375, "peak_allocated": 48806363648}
{"step": 677, "epoch": 1, "loss": 0.1244761783358669, "lr": 9.90615001969229e-06, "grad_norm": 1.2578125, "peak_allocated": 48806363648}
{"step": 678, "epoch": 1, "loss": 0.15276206697440342, "lr": 9.905636694656806e-06, "grad_norm": 1.2421875, "peak_allocated": 48806363648}
{"step": 679, "epoch": 1, "loss": 0.10472811747210994, "lr": 9.90512198297043e-06, "grad_norm": 1.1015625, "peak_allocated": 48806363648}
{"step": 680, "epoch": 1, "loss": 0.1439375845992324, "lr": 9.904605884778645e-06, "grad_norm": 1.34375, "peak_allocated": 48806363648}
{"step": 681, "epoch": 1, "loss": 0.1359573493250328, "lr": 9.904088400227336e-06, "grad_norm": 1.234375, "peak_allocated": 48806363648}
{"step": 682, "epoch": 1, "loss": 0.14757185420270177, "lr": 9.90356952946278e-06, "grad_norm": 1.2109375, "peak_allocated": 48806363648}
{"step": 683, "epoch": 1, "loss": 0.13851359606412622, "lr": 9.903049272631639e-06, "grad_norm": 1.140625, "peak_allocated": 48806363648}
{"step": 684, "epoch": 1, "loss": 0.13194794201244106, "lr": 9.902527629880978e-06, "grad_norm": 1.2265625, "peak_allocated": 48806363648}
{"step": 685, "epoch": 1, "loss": 0.12826761056891114, "lr": 9.902004601358241e-06, "grad_norm": 1.21875, "peak_allocated": 48806363648}
{"step": 686, "epoch": 1, "loss": 0.1390570143434947, "lr": 9.901480187211271e-06, "grad_norm": 1.21875, "peak_allocated": 48806363648}
{"step": 687, "epoch": 1, "loss": 0.12192285973094556, "lr": 9.900954387588304e-06, "grad_norm": 1.359375, "peak_allocated": 48806363648}
{"step": 688, "epoch": 1, "loss": 0.13836117239426013, "lr": 9.900427202637964e-06, "grad_norm": 1.2109375, "peak_allocated": 48806363648}
{"step": 689, "epoch": 1, "loss": 0.13956073486357928, "lr": 9.899898632509266e-06, "grad_norm": 1.1953125, "peak_allocated": 48806363648}
{"step": 690, "epoch": 1, "loss": 0.10844120933186441, "lr": 9.899368677351619e-06, "grad_norm": 1.0390625, "peak_allocated": 48806363648}
{"step": 691, "epoch": 1, "loss": 0.12023512588795991, "lr": 9.898837337314822e-06, "grad_norm": 1.1484375, "peak_allocated": 48806363648}
{"step": 692, "epoch": 1, "loss": 0.144190433990979, "lr": 9.898304612549068e-06, "grad_norm": 1.2265625, "peak_allocated": 48806363648}
{"step": 693, "epoch": 1, "loss": 0.12982364336026112, "lr": 9.89777050320494e-06, "grad_norm": 1.1328125, "peak_allocated": 48806363648}
{"step": 694, "epoch": 1, "loss": 0.11483243329391477, "lr": 9.897235009433407e-06, "grad_norm": 1.15625, "peak_allocated": 48806363648}
{"step": 695, "epoch": 1, "loss": 0.13019285462935173, "lr": 9.896698131385841e-06, "grad_norm": 1.2265625, "peak_allocated": 48806363648}
{"step": 696, "epoch": 1, "loss": 0.12292464519119504, "lr": 9.896159869213995e-06, "grad_norm": 1.078125, "peak_allocated": 48806363648}
{"step": 697, "epoch": 1, "loss": 0.15121974628965387, "lr": 9.895620223070015e-06, "grad_norm": 1.265625, "peak_allocated": 48806363648}
{"step": 698, "epoch": 1, "loss": 0.13542156936336477, "lr": 9.895079193106445e-06, "grad_norm": 1.15625, "peak_allocated": 48806363648}
{"step": 699, "epoch": 1, "loss": 0.12539208782337347, "lr": 9.89453677947621e-06, "grad_norm": 1.21875, "peak_allocated": 48806363648}
{"step": 700, "epoch": 1, "loss": 0.13243680933866186, "lr": 9.893992982332634e-06, "grad_norm": 1.3671875, "peak_allocated": 48806363648}
{"step": 701, "epoch": 1, "loss": 0.10496559481553137, "lr": 9.893447801829427e-06, "grad_norm": 1.046875, "peak_allocated": 48806363648}
{"step": 702, "epoch": 1, "loss": 0.12516804251896396, "lr": 9.892901238120696e-06, "grad_norm": 1.2890625, "peak_allocated": 48806363648}
{"step": 703, "epoch": 1, "loss": 0.10407810600222768, "lr": 9.892353291360933e-06, "grad_norm": 1.078125, "peak_allocated": 48806363648}
{"step": 704, "epoch": 1, "loss": 0.12940766667672407, "lr": 9.891803961705024e-06, "grad_norm": 1.3046875, "peak_allocated": 48806363648}
{"step": 705, "epoch": 1, "loss": 0.10909935478589167, "lr": 9.891253249308244e-06, "grad_norm": 1.0390625, "peak_allocated": 48806363648}
{"step": 706, "epoch": 1, "loss": 0.16196428313076935, "lr": 9.890701154326262e-06, "grad_norm": 1.4375, "peak_allocated": 48806363648}
{"step": 707, "epoch": 1, "loss": 0.1281062456124186, "lr": 9.890147676915134e-06, "grad_norm": 1.25, "peak_allocated": 48806363648}
{"step": 708, "epoch": 1, "loss": 0.11015448698920936, "lr": 9.88959281723131e-06, "grad_norm": 1.15625, "peak_allocated": 48806363648}
{"step": 709, "epoch": 1, "loss": 0.12438749133667099, "lr": 9.889036575431628e-06, "grad_norm": 1.296875, "peak_allocated": 48806363648}
{"step": 710, "epoch": 1, "loss": 0.11954339327785227, "lr": 9.888478951673317e-06, "grad_norm": 1.109375, "peak_allocated": 48806363648}
{"step": 711, "epoch": 1, "loss": 0.12243610162128186, "lr": 9.887919946114002e-06, "grad_norm": 1.1015625, "peak_allocated": 48806363648}
{"step": 712, "epoch": 1, "loss": 0.12819691166022928, "lr": 9.887359558911689e-06, "grad_norm": 1.0625, "peak_allocated": 48806363648}
{"step": 713, "epoch": 1, "loss": 0.11352195462844891, "lr": 9.886797790224785e-06, "grad_norm": 1.0234375, "peak_allocated": 48806363648}
{"step": 714, "epoch": 1, "loss": 0.12483781802473214, "lr": 9.886234640212077e-06, "grad_norm": 1.1875, "peak_allocated": 48806363648}
{"step": 715, "epoch": 1, "loss": 0.1357782452449564, "lr": 9.88567010903275e-06, "grad_norm": 1.359375, "peak_allocated": 48806363648}
{"step": 716, "epoch": 1, "loss": 0.10380127058074315, "lr": 9.885104196846378e-06, "grad_norm": 1.015625, "peak_allocated": 48806363648}
{"step": 717, "epoch": 1, "loss": 0.1033369230884468, "lr": 9.884536903812925e-06, "grad_norm": 1.0078125, "peak_allocated": 48806363648}
{"step": 718, "epoch": 1, "loss": 0.11316463703450924, "lr": 9.88396823009274e-06, "grad_norm": 1.140625, "peak_allocated": 48806363648}
{"step": 719, "epoch": 1, "loss": 0.1188097707203284, "lr": 9.883398175846573e-06, "grad_norm": 1.3203125, "peak_allocated": 48806363648}
{"step": 720, "epoch": 1, "loss": 0.14857085826022226, "lr": 9.882826741235556e-06, "grad_norm": 1.2578125, "peak_allocated": 48806363648}
{"step": 721, "epoch": 1, "loss": 0.14147362563984123, "lr": 9.882253926421212e-06, "grad_norm": 1.171875, "peak_allocated": 48806363648}
{"step": 722, "epoch": 1, "loss": 0.12955102352263734, "lr": 9.881679731565458e-06, "grad_norm": 1.1171875, "peak_allocated": 48806363648}
{"step": 723, "epoch": 1, "loss": 0.11949340512085949, "lr": 9.881104156830597e-06, "grad_norm": 1.203125, "peak_allocated": 48806363648}
{"step": 724, "epoch": 1, "loss": 0.13020468748592098, "lr": 9.880527202379324e-06, "grad_norm": 1.1640625, "peak_allocated": 48806363648}
{"step": 725, "epoch": 1, "loss": 0.12627519697317138, "lr": 9.879948868374723e-06, "grad_norm": 1.171875, "peak_allocated": 48806363648}
{"step": 726, "epoch": 1, "loss": 0.11770051744413162, "lr": 9.879369154980272e-06, "grad_norm": 1.1484375, "peak_allocated": 48806363648}
{"step": 727, "epoch": 1, "loss": 0.13296277109771568, "lr": 9.878788062359833e-06, "grad_norm": 1.2421875, "peak_allocated": 48806363648}
{"step": 728, "epoch": 1, "loss": 0.12442457520045482, "lr": 9.878205590677658e-06, "grad_norm": 1.0625, "peak_allocated": 48806363648}
{"step": 729, "epoch": 1, "loss": 0.13067124242727252, "lr": 9.877621740098396e-06, "grad_norm": 1.2890625, "peak_allocated": 48806363648}
{"step": 730, "epoch": 1, "loss": 0.11400919234646219, "lr": 9.877036510787077e-06, "grad_norm": 1.109375, "peak_allocated": 48806363648}
{"step": 731, "epoch": 1, "loss": 0.1276329587983889, "lr": 9.876449902909129e-06, "grad_norm": 1.3359375, "peak_allocated": 48806363648}
{"step": 732, "epoch": 1, "loss": 0.10063060630744128, "lr": 9.875861916630361e-06, "grad_norm": 1.125, "peak_allocated": 48806363648}
{"step": 733, "epoch": 1, "loss": 0.132720771846857, "lr": 9.87527255211698e-06, "grad_norm": 1.2265625, "peak_allocated": 48806363648}
{"step": 734, "epoch": 1, "loss": 0.11838310220752095, "lr": 9.874681809535576e-06, "grad_norm": 1.1015625, "peak_allocated": 48806363648}
{"step": 735, "epoch": 1, "loss": 0.11215509423687134, "lr": 9.874089689053131e-06, "grad_norm": 1.1875, "peak_allocated": 48806363648}
{"step": 736, "epoch": 1, "loss": 0.16499442216008903, "lr": 9.873496190837018e-06, "grad_norm": 1.5625, "peak_allocated": 48806363648}
{"step": 737, "epoch": 1, "loss": 0.15181022111633882, "lr": 9.872901315054998e-06, "grad_norm": 1.203125, "peak_allocated": 48806363648}
{"step": 738, "epoch": 1, "loss": 0.11840426318787341, "lr": 9.872305061875222e-06, "grad_norm": 1.15625, "peak_allocated": 48806363648}
{"step": 739, "epoch": 1, "loss": 0.13731045988438267, "lr": 9.871707431466227e-06, "grad_norm": 1.296875, "peak_allocated": 48806363648}
{"step": 740, "epoch": 1, "loss": 0.14615988145802597, "lr": 9.871108423996944e-06, "grad_norm": 1.3125, "peak_allocated": 48806363648}
{"step": 741, "epoch": 1, "loss": 0.1347796482584469, "lr": 9.870508039636693e-06, "grad_norm": 1.390625, "peak_allocated": 48806363648}
{"step": 742, "epoch": 1, "loss": 0.11232231654953881, "lr": 9.869906278555177e-06, "grad_norm": 1.2109375, "peak_allocated": 48806363648}
{"step": 743, "epoch": 1, "loss": 0.14171246067577115, "lr": 9.869303140922496e-06, "grad_norm": 1.3203125, "peak_allocated": 48806363648}
{"step": 744, "epoch": 1, "loss": 0.1475591253286344, "lr": 9.868698626909137e-06, "grad_norm": 1.296875, "peak_allocated": 48806363648}
{"step": 745, "epoch": 1, "loss": 0.11656604166573709, "lr": 9.868092736685972e-06, "grad_norm": 1.0546875, "peak_allocated": 48806363648}
{"step": 746, "epoch": 1, "loss": 0.11535320476242253, "lr": 9.867485470424266e-06, "grad_norm": 1.421875, "peak_allocated": 48806363648}
{"step": 747, "epoch": 1, "loss": 0.11413230944854462, "lr": 9.866876828295674e-06, "grad_norm": 1.171875, "peak_allocated": 48806363648}
{"step": 748, "epoch": 1, "loss": 0.12803104813321833, "lr": 9.866266810472231e-06, "grad_norm": 1.3984375, "peak_allocated": 48806363648}
{"step": 749, "epoch": 1, "loss": 0.12645886117566438, "lr": 9.865655417126374e-06, "grad_norm": 1.2421875, "peak_allocated": 48806363648}
{"step": 750, "epoch": 1, "loss": 0.12072561583878481, "lr": 9.865042648430922e-06, "grad_norm": 1.453125, "peak_allocated": 48806363648}
{"step": 751, "epoch": 1, "loss": 0.15462469525581815, "lr": 9.86442850455908e-06, "grad_norm": 1.34375, "peak_allocated": 48806363648}
{"step": 752, "epoch": 1, "loss": 0.11765262137775509, "lr": 9.863812985684446e-06, "grad_norm": 1.234375, "peak_allocated": 48806363648}
{"step": 753, "epoch": 1, "loss": 0.10935153018091219, "lr": 9.863196091981007e-06, "grad_norm": 1.34375, "peak_allocated": 48806363648}
{"step": 754, "epoch": 1, "loss": 0.12948144173100964, "lr": 9.862577823623135e-06, "grad_norm": 1.2109375, "peak_allocated": 48806363648}
{"step": 755, "epoch": 1, "loss": 0.11526115422396838, "lr": 9.861958180785594e-06, "grad_norm": 1.1796875, "peak_allocated": 48806363648}
{"step": 756, "epoch": 1, "loss": 0.13804729059248946, "lr": 9.861337163643536e-06, "grad_norm": 1.3203125, "peak_allocated": 48806363648}
{"step": 757, "epoch": 1, "loss": 0.14059310991817753, "lr": 9.860714772372499e-06, "grad_norm": 1.2734375, "peak_allocated": 48806363648}
{"step": 758, "epoch": 1, "loss": 0.15583491248928213, "lr": 9.860091007148412e-06, "grad_norm": 1.5859375, "peak_allocated": 48806363648}
{"step": 759, "epoch": 1, "loss": 0.11197546825667874, "lr": 9.859465868147592e-06, "grad_norm": 1.046875, "peak_allocated": 48806363648}
{"step": 760, "epoch": 1, "loss": 0.12140543469548469, "lr": 9.858839355546743e-06, "grad_norm": 1.1640625, "peak_allocated": 48806363648}
{"step": 761, "epoch": 1, "loss": 0.11260500595228069, "lr": 9.858211469522958e-06, "grad_norm": 1.125, "peak_allocated": 48806363648}
{"step": 762, "epoch": 1, "loss": 0.09508799215967498, "lr": 9.857582210253718e-06, "grad_norm": 1.1484375, "peak_allocated": 48806363648}
{"step": 763, "epoch": 1, "loss": 0.1390660625396105, "lr": 9.856951577916893e-06, "grad_norm": 1.2421875, "peak_allocated": 48806363648}
{"step": 764, "epoch": 1, "loss": 0.1045693869792855, "lr": 9.85631957269074e-06, "grad_norm": 1.234375, "peak_allocated": 48806363648}
{"step": 765, "epoch": 1, "loss": 0.10606405719850863, "lr": 9.855686194753906e-06, "grad_norm": 0.97265625, "peak_allocated": 48806363648}
{"step": 766, "epoch": 1, "loss": 0.10468284086798105, "lr": 9.855051444285424e-06, "grad_norm": 1.1015625, "peak_allocated": 48806363648}
{"step": 767, "epoch": 1, "loss": 0.15250277264595363, "lr": 9.854415321464715e-06, "grad_norm": 1.5390625, "peak_allocated": 48806363648}
{"step": 768, "epoch": 1, "loss": 0.13037008606807057, "lr": 9.85377782647159e-06, "grad_norm": 1.234375, "peak_allocated": 48806363648}
{"step": 769, "epoch": 1, "loss": 0.1336809541202749, "lr": 9.853138959486244e-06, "grad_norm": 1.3828125, "peak_allocated": 48806363648}
{"step": 770, "epoch": 1, "loss": 0.1397360182518719, "lr": 9.852498720689266e-06, "grad_norm": 1.359375, "peak_allocated": 48806363648}
{"step": 771, "epoch": 1, "loss": 0.12176455254165268, "lr": 9.851857110261623e-06, "grad_norm": 1.3515625, "peak_allocated": 48806363648}
{"step": 772, "epoch": 1, "loss": 0.10108427352719929, "lr": 9.85121412838468e-06, "grad_norm": 1.1875, "peak_allocated": 48806363648}
{"step": 773, "epoch": 1, "loss": 0.14897137542440522, "lr": 9.850569775240187e-06, "grad_norm": 1.296875, "peak_allocated": 48806363648}
{"step": 774, "epoch": 1, "loss": 0.13096027080001282, "lr": 9.849924051010275e-06, "grad_norm": 1.2421875, "peak_allocated": 48806363648}
{"step": 775, "epoch": 1, "loss": 0.12514517270096176, "lr": 9.849276955877472e-06, "grad_norm": 1.140625, "peak_allocated": 48806363648}
{"step": 776, "epoch": 1, "loss": 0.1216075130437669, "lr": 9.848628490024688e-06, "grad_norm": 1.09375, "peak_allocated": 48806363648}
{"step": 777, "epoch": 1, "loss": 0.1120775952577688, "lr": 9.847978653635218e-06, "grad_norm": 1.25, "peak_allocated": 48806363648}
{"step": 778, "epoch": 1, "loss": 0.1652585030214634, "lr": 9.847327446892752e-06, "grad_norm": 1.3046875, "peak_allocated": 48806363648}
{"step": 779, "epoch": 1, "loss": 0.14844405804067215, "lr": 9.846674869981363e-06, "grad_norm": 1.4296875, "peak_allocated": 48806363648}
{"step": 780, "epoch": 1, "loss": 0.11749162851588395, "lr": 9.846020923085508e-06, "grad_norm": 1.0859375, "peak_allocated": 48806363648}
{"step": 781, "epoch": 1, "loss": 0.09900972519535571, "lr": 9.845365606390038e-06, "grad_norm": 1.1484375, "peak_allocated": 48806363648}
{"step": 782, "epoch": 1, "loss": 0.11603682661142918, "lr": 9.844708920080185e-06, "grad_norm": 1.28125, "peak_allocated": 48806363648}
{"step": 783, "epoch": 1, "loss": 0.14739753299903485, "lr": 9.844050864341577e-06, "grad_norm": 1.3984375, "peak_allocated": 48806363648}
{"step": 784, "epoch": 1, "loss": 0.13301237058759788, "lr": 9.843391439360216e-06, "grad_norm": 1.1640625, "peak_allocated": 48806363648}
{"step": 785, "epoch": 1, "loss": 0.15245145409165248, "lr": 9.842730645322503e-06, "grad_norm": 1.28125, "peak_allocated": 48806363648}
{"step": 786, "epoch": 1, "loss": 0.1392287117305504, "lr": 9.84206848241522e-06, "grad_norm": 1.421875, "peak_allocated": 48806363648}
{"step": 787, "epoch": 1, "loss": 0.12478864981478441, "lr": 9.841404950825537e-06, "grad_norm": 1.234375, "peak_allocated": 48806363648}
{"step": 788, "epoch": 1, "loss": 0.10868072256868114, "lr": 9.84074005074101e-06, "grad_norm": 1.3203125, "peak_allocated": 48806363648}
{"step": 789, "epoch": 1, "loss": 0.12269143664319818, "lr": 9.840073782349587e-06, "grad_norm": 1.203125, "peak_allocated": 48806363648}
{"step": 790, "epoch": 1, "loss": 0.1394373077757939, "lr": 9.839406145839593e-06, "grad_norm": 1.2890625, "peak_allocated": 48806363648}
{"step": 791, "epoch": 1, "loss": 0.12133166228604925, "lr": 9.838737141399747e-06, "grad_norm": 1.28125, "peak_allocated": 48806363648}
{"step": 792, "epoch": 1, "loss": 0.12544317536106708, "lr": 9.838066769219154e-06, "grad_norm": 1.2109375, "peak_allocated": 48806363648}
{"step": 793, "epoch": 1, "loss": 0.1288232892343737, "lr": 9.837395029487307e-06, "grad_norm": 1.15625, "peak_allocated": 48806363648}
{"step": 794, "epoch": 1, "loss": 0.140950194819748, "lr": 9.83672192239408e-06, "grad_norm": 1.140625, "peak_allocated": 48806363648}
{"step": 795, "epoch": 1, "loss": 0.10225409386216765, "lr": 9.836047448129735e-06, "grad_norm": 0.9921875, "peak_allocated": 48806363648}
{"step": 796, "epoch": 1, "loss": 0.15029459069864673, "lr": 9.835371606884927e-06, "grad_norm": 1.3828125, "peak_allocated": 48806363648}
{"step": 797, "epoch": 1, "loss": 0.13262403673603523, "lr": 9.834694398850689e-06, "grad_norm": 1.265625, "peak_allocated": 48806363648}
{"step": 798, "epoch": 1, "loss": 0.1319195851254271, "lr": 9.834015824218444e-06, "grad_norm": 1.2734375, "peak_allocated": 48806363648}
{"step": 799, "epoch": 1, "loss": 0.16013012011397446, "lr": 9.833335883180004e-06, "grad_norm": 1.46875, "peak_allocated": 48806363648}
{"step": 800, "epoch": 1, "loss": 0.13582329873362897, "lr": 9.832654575927563e-06, "grad_norm": 1.3046875, "peak_allocated": 48806363648}
{"step": 801, "epoch": 1, "loss": 0.14259347753915336, "lr": 9.8319719026537e-06, "grad_norm": 1.2734375, "peak_allocated": 48806363648}
{"step": 802, "epoch": 1, "loss": 0.12918836092796165, "lr": 9.831287863551387e-06, "grad_norm": 1.046875, "peak_allocated": 48806363648}
{"step": 803, "epoch": 1, "loss": 0.1374310642075721, "lr": 9.830602458813974e-06, "grad_norm": 1.390625, "peak_allocated": 48806363648}
{"step": 804, "epoch": 1, "loss": 0.11833219197522121, "lr": 9.829915688635203e-06, "grad_norm": 1.0703125, "peak_allocated": 48806363648}
{"step": 805, "epoch": 1, "loss": 0.09429974135846086, "lr": 9.829227553209198e-06, "grad_norm": 0.8515625, "peak_allocated": 48806363648}
{"step": 806, "epoch": 1, "loss": 0.1262077936922962, "lr": 9.828538052730472e-06, "grad_norm": 1.2421875, "peak_allocated": 48806363648}
{"step": 807, "epoch": 1, "loss": 0.13263110898874755, "lr": 9.827847187393925e-06, "grad_norm": 1.2265625, "peak_allocated": 48806363648}
{"step": 808, "epoch": 1, "loss": 0.1124987107177124, "lr": 9.827154957394836e-06, "grad_norm": 1.2109375, "peak_allocated": 48806363648}
{"step": 809, "epoch": 1, "loss": 0.09419207599103073, "lr": 9.826461362928876e-06, "grad_norm": 1.0078125, "peak_allocated": 48806363648}
{"step": 810, "epoch": 1, "loss": 0.12761382618350672, "lr": 9.825766404192098e-06, "grad_norm": 1.1796875, "peak_allocated": 48806363648}
{"step": 811, "epoch": 1, "loss": 0.13219765425347213, "lr": 9.825070081380947e-06, "grad_norm": 1.0625, "peak_allocated": 48806363648}
{"step": 812, "epoch": 1, "loss": 0.1252384246326983, "lr": 9.824372394692243e-06, "grad_norm": 1.125, "peak_allocated": 48806363648}
{"step": 813, "epoch": 1, "loss": 0.1413233952723985, "lr": 9.823673344323203e-06, "grad_norm": 1.2421875, "peak_allocated": 48806363648}
{"step": 814, "epoch": 1, "loss": 0.14766103202801836, "lr": 9.82297293047142e-06, "grad_norm": 1.390625, "peak_allocated": 48806363648}
{"step": 815, "epoch": 1, "loss": 0.10644013752579302, "lr": 9.822271153334878e-06, "grad_norm": 1.0234375, "peak_allocated": 48806363648}
{"step": 816, "epoch": 1, "loss": 0.12479875294275743, "lr": 9.821568013111945e-06, "grad_norm": 1.1953125, "peak_allocated": 48806363648}
{"step": 817, "epoch": 1, "loss": 0.09759472570034419, "lr": 9.82086351000137e-06, "grad_norm": 0.96875, "peak_allocated": 48806363648}
{"step": 818, "epoch": 1, "loss": 0.16135729354163247, "lr": 9.820157644202297e-06, "grad_norm": 1.421875, "peak_allocated": 48806363648}
{"step": 819, "epoch": 1, "loss": 0.13988389977189464, "lr": 9.819450415914248e-06, "grad_norm": 1.2578125, "peak_allocated": 48806363648}
{"step": 820, "epoch": 1, "loss": 0.14855281362641248, "lr": 9.81874182533713e-06, "grad_norm": 1.2109375, "peak_allocated": 48806363648}
{"step": 821, "epoch": 1, "loss": 0.13265857476158913, "lr": 9.818031872671237e-06, "grad_norm": 1.0546875, "peak_allocated": 48806363648}
{"step": 822, "epoch": 1, "loss": 0.11802385723292827, "lr": 9.817320558117247e-06, "grad_norm": 1.1796875, "peak_allocated": 48806363648}
{"step": 823, "epoch": 1, "loss": 0.10861302249110344, "lr": 9.816607881876226e-06, "grad_norm": 0.98828125, "peak_allocated": 48806363648}
{"step": 824, "epoch": 1, "loss": 0.1485416918999239, "lr": 9.81589384414962e-06, "grad_norm": 1.375, "peak_allocated": 48806363648}
{"step": 825, "epoch": 1, "loss": 0.1266965569559441, "lr": 9.815178445139263e-06, "grad_norm": 1.2734375, "peak_allocated": 48806363648}
{"step": 826, "epoch": 1, "loss": 0.12370955282016405, "lr": 9.814461685047373e-06, "grad_norm": 1.1796875, "peak_allocated": 48806363648}
{"step": 827, "epoch": 1, "loss": 0.14634655939461044, "lr": 9.813743564076556e-06, "grad_norm": 1.2578125, "peak_allocated": 48806363648}
{"step": 828, "epoch": 1, "loss": 0.10581283427658536, "lr": 9.813024082429795e-06, "grad_norm": 1.1171875, "peak_allocated": 48806363648}
{"step": 829, "epoch": 1, "loss": 0.12992845342033546, "lr": 9.812303240310465e-06, "grad_norm": 1.390625, "peak_allocated": 48806363648}
{"step": 830, "epoch": 1, "loss": 0.12161968217853768, "lr": 9.81158103792232e-06, "grad_norm": 1.109375, "peak_allocated": 48806363648}
{"step": 831, "epoch": 1, "loss": 0.11786901104827917, "lr": 9.810857475469504e-06, "grad_norm": 1.2265625, "peak_allocated": 48806363648}
{"step": 832, "epoch": 1, "loss": 0.12418330101001324, "lr": 9.810132553156542e-06, "grad_norm": 1.3203125, "peak_allocated": 48806363648}
{"step": 833, "epoch": 1, "loss": 0.12179762655826729, "lr": 9.809406271188341e-06, "grad_norm": 1.1640625, "peak_allocated": 48806363648}
{"step": 834, "epoch": 1, "loss": 0.13418734738729401, "lr": 9.8086786297702e-06, "grad_norm": 1.171875, "peak_allocated": 48806363648}
{"step": 835, "epoch": 1, "loss": 0.12828571782819995, "lr": 9.807949629107796e-06, "grad_norm": 1.125, "peak_allocated": 48806363648}
{"step": 836, "epoch": 1, "loss": 0.1255841276087353, "lr": 9.807219269407191e-06, "grad_norm": 1.140625, "peak_allocated": 48806363648}
{"step": 837, "epoch": 1, "loss": 0.12689781526719168, "lr": 9.806487550874833e-06, "grad_norm": 1.140625, "peak_allocated": 48806363648}
{"step": 838, "epoch": 1, "loss": 0.12983416301794723, "lr": 9.805754473717551e-06, "grad_norm": 1.15625, "peak_allocated": 48806363648}
{"step": 839, "epoch": 1, "loss": 0.11907177128150691, "lr": 9.805020038142561e-06, "grad_norm": 1.296875, "peak_allocated": 48806363648}
{"step": 840, "epoch": 1, "loss": 0.13889238382703392, "lr": 9.804284244357465e-06, "grad_norm": 1.3984375, "peak_allocated": 48806363648}
{"step": 841, "epoch": 1, "loss": 0.12435818573501997, "lr": 9.803547092570242e-06, "grad_norm": 1.1796875, "peak_allocated": 48806363648}
{"step": 842, "epoch": 1, "loss": 0.12546685640310146, "lr": 9.802808582989261e-06, "grad_norm": 1.2890625, "peak_allocated": 48806363648}
{"step": 843, "epoch": 1, "loss": 0.14848122480299192, "lr": 9.802068715823273e-06, "grad_norm": 1.40625, "peak_allocated": 48806363648}
{"step": 844, "epoch": 1, "loss": 0.11880047517303602, "lr": 9.801327491281411e-06, "grad_norm": 1.2421875, "peak_allocated": 48806363648}
{"step": 845, "epoch": 1, "loss": 0.13073301321308406, "lr": 9.800584909573195e-06, "grad_norm": 1.1875, "peak_allocated": 48806363648}
{"step": 846, "epoch": 1, "loss": 0.1428740872140882, "lr": 9.799840970908522e-06, "grad_norm": 1.53125, "peak_allocated": 48806363648}
{"step": 847, "epoch": 1, "loss": 0.10408400779148991, "lr": 9.799095675497685e-06, "grad_norm": 0.9296875, "peak_allocated": 48806363648}
{"step": 848, "epoch": 1, "loss": 0.1342646178264497, "lr": 9.798349023551346e-06, "grad_norm": 1.2890625, "peak_allocated": 48806363648}
{"step": 849, "epoch": 1, "loss": 0.13361108927599766, "lr": 9.79760101528056e-06, "grad_norm": 1.28125, "peak_allocated": 48806363648}
{"step": 850, "epoch": 1, "loss": 0.13268664916232523, "lr": 9.796851650896763e-06, "grad_norm": 1.2734375, "peak_allocated": 48806363648}
{"step": 851, "epoch": 1, "loss": 0.11836793369548539, "lr": 9.796100930611775e-06, "grad_norm": 1.1953125, "peak_allocated": 48806363648}
{"step": 852, "epoch": 1, "loss": 0.1608761018851566, "lr": 9.795348854637794e-06, "grad_norm": 1.5078125, "peak_allocated": 48806363648}
{"step": 853, "epoch": 1, "loss": 0.11200574075271877, "lr": 9.794595423187409e-06, "grad_norm": 1.1171875, "peak_allocated": 48806363648}
{"step": 854, "epoch": 1, "loss": 0.10392078721450827, "lr": 9.793840636473588e-06, "grad_norm": 1.0703125, "peak_allocated": 48806363648}
{"step": 855, "epoch": 1, "loss": 0.11079293539140124, "lr": 9.793084494709682e-06, "grad_norm": 1.1015625, "peak_allocated": 48806363648}
{"step": 856, "epoch": 1, "loss": 0.13773699041226156, "lr": 9.792326998109424e-06, "grad_norm": 1.1875, "peak_allocated": 48806363648}
{"step": 857, "epoch": 1, "loss": 0.12448220398377143, "lr": 9.791568146886937e-06, "grad_norm": 1.234375, "peak_allocated": 48806363648}
{"step": 858, "epoch": 1, "loss": 0.12884422981841026, "lr": 9.790807941256715e-06, "grad_norm": 1.21875, "peak_allocated": 48806363648}
{"step": 859, "epoch": 1, "loss": 0.13050951062401156, "lr": 9.790046381433646e-06, "grad_norm": 1.2734375, "peak_allocated": 48806363648}
{"step": 860, "epoch": 1, "loss": 0.14422967403555742, "lr": 9.789283467632994e-06, "grad_norm": 1.3671875, "peak_allocated": 48806363648}
{"step": 861, "epoch": 1, "loss": 0.14590101567291935, "lr": 9.788519200070408e-06, "grad_norm": 1.4140625, "peak_allocated": 48806363648}
{"step": 862, "epoch": 1, "loss": 0.13124726826398636, "lr": 9.787753578961922e-06, "grad_norm": 1.2734375, "peak_allocated": 48806363648}
{"step": 863, "epoch": 1, "loss": 0.14827092873851772, "lr": 9.786986604523946e-06, "grad_norm": 1.4296875, "peak_allocated": 48806363648}
{"step": 864, "epoch": 1, "loss": 0.13013745436849802, "lr": 9.786218276973281e-06, "grad_norm": 1.2890625, "peak_allocated": 48806363648}
{"step": 865, "epoch": 1, "loss": 0.12245886090740694, "lr": 9.785448596527103e-06, "grad_norm": 1.1875, "peak_allocated": 48806363648}
{"step": 866, "epoch": 1, "loss": 0.13795603517424207, "lr": 9.784677563402974e-06, "grad_norm": 1.1875, "peak_allocated": 48806363648}
{"step": 867, "epoch": 1, "loss": 0.12964677778876663, "lr": 9.78390517781884e-06, "grad_norm": 1.2421875, "peak_allocated": 48806363648}
{"step": 868, "epoch": 1, "loss": 0.1224347187643893, "lr": 9.783131439993026e-06, "grad_norm": 1.71875, "peak_allocated": 48806363648}
{"step": 869, "epoch": 1, "loss": 0.14054896478980855, "lr": 9.782356350144238e-06, "grad_norm": 1.2734375, "peak_allocated": 48806363648}
{"step": 870, "epoch": 1, "loss": 0.097069852611446, "lr": 9.78157990849157e-06, "grad_norm": 1.078125, "peak_allocated": 48806363648}
{"step": 871, "epoch": 1, "loss": 0.13391307919880524, "lr": 9.780802115254494e-06, "grad_norm": 1.2890625, "peak_allocated": 48806363648}
{"step": 872, "epoch": 1, "loss": 0.11054817681595536, "lr": 9.780022970652866e-06, "grad_norm": 1.0546875, "peak_allocated": 48806363648}
{"step": 873, "epoch": 1, "loss": 0.11115801246650055, "lr": 9.779242474906917e-06, "grad_norm": 1.140625, "peak_allocated": 48806363648}
{"step": 874, "epoch": 1, "loss": 0.11915608227741285, "lr": 9.778460628237275e-06, "grad_norm": 1.21875, "peak_allocated": 48806363648}
{"step": 875, "epoch": 1, "loss": 0.1451079201016337, "lr": 9.777677430864932e-06, "grad_norm": 1.421875, "peak_allocated": 48806363648}
{"step": 876, "epoch": 1, "loss": 0.13102249491675305, "lr": 9.776892883011274e-06, "grad_norm": 1.171875, "peak_allocated": 48806363648}
{"step": 877, "epoch": 1, "loss": 0.11211084781371504, "lr": 9.776106984898067e-06, "grad_norm": 1.171875, "peak_allocated": 48806363648}
{"step": 878, "epoch": 1, "loss": 0.14771140289046136, "lr": 9.775319736747451e-06, "grad_norm": 1.6171875, "peak_allocated": 48806363648}
{"step": 879, "epoch": 1, "loss": 0.1181479750688233, "lr": 9.77453113878196e-06, "grad_norm": 0.98046875, "peak_allocated": 48806363648}
{"step": 880, "epoch": 1, "loss": 0.1083729138496656, "lr": 9.773741191224498e-06, "grad_norm": 1.15625, "peak_allocated": 48806363648}
{"step": 881, "epoch": 1, "loss": 0.13351749964320128, "lr": 9.772949894298358e-06, "grad_norm": 1.484375, "peak_allocated": 48806363648}
{"step": 882, "epoch": 1, "loss": 0.1313841035548971, "lr": 9.772157248227212e-06, "grad_norm": 1.2734375, "peak_allocated": 48806363648}
{"step": 883, "epoch": 1, "loss": 0.12259876066451646, "lr": 9.77136325323511e-06, "grad_norm": 1.3984375, "peak_allocated": 48806363648}
{"step": 884, "epoch": 1, "loss": 0.13143082722567742, "lr": 9.770567909546492e-06, "grad_norm": 1.2421875, "peak_allocated": 48806363648}
{"step": 885, "epoch": 1, "loss": 0.1076773216386066, "lr": 9.769771217386168e-06, "grad_norm": 0.953125, "peak_allocated": 48806363648}
{"step": 886, "epoch": 1, "loss": 0.10348760991004266, "lr": 9.768973176979335e-06, "grad_norm": 1.046875, "peak_allocated": 48806363648}
{"step": 887, "epoch": 1, "loss": 0.10686273823009039, "lr": 9.768173788551575e-06, "grad_norm": 1.3203125, "peak_allocated": 48806363648}
{"step": 888, "epoch": 1, "loss": 0.11316192800417584, "lr": 9.767373052328849e-06, "grad_norm": 1.078125, "peak_allocated": 48806363648}
{"step": 889, "epoch": 1, "loss": 0.1246065708534174, "lr": 9.766570968537488e-06, "grad_norm": 1.2578125, "peak_allocated": 48806363648}
{"step": 890, "epoch": 1, "loss": 0.12949046260974317, "lr": 9.76576753740422e-06, "grad_norm": 1.40625, "peak_allocated": 48806363648}
{"step": 891, "epoch": 1, "loss": 0.1807638223670013, "lr": 9.764962759156144e-06, "grad_norm": 1.4609375, "peak_allocated": 48806363648}
{"step": 892, "epoch": 1, "loss": 0.12146679188442769, "lr": 9.764156634020743e-06, "grad_norm": 1.1328125, "peak_allocated": 48806363648}
{"step": 893, "epoch": 1, "loss": 0.13871327112191922, "lr": 9.76334916222588e-06, "grad_norm": 1.2421875, "peak_allocated": 48806363648}
{"step": 894, "epoch": 1, "loss": 0.13035871913664587, "lr": 9.7625403439998e-06, "grad_norm": 1.34375, "peak_allocated": 48806363648}
{"step": 895, "epoch": 1, "loss": 0.1277427119034945, "lr": 9.761730179571126e-06, "grad_norm": 1.2734375, "peak_allocated": 48806363648}
{"step": 896, "epoch": 1, "loss": 0.12162342194735694, "lr": 9.760918669168864e-06, "grad_norm": 1.0234375, "peak_allocated": 48806363648}
{"step": 897, "epoch": 1, "loss": 0.12996483718223548, "lr": 9.7601058130224e-06, "grad_norm": 1.2265625, "peak_allocated": 48806363648}
{"step": 898, "epoch": 1, "loss": 0.11442188642314474, "lr": 9.759291611361497e-06, "grad_norm": 1.1640625, "peak_allocated": 48806363648}
{"step": 899, "epoch": 1, "loss": 0.11404915400437843, "lr": 9.758476064416304e-06, "grad_norm": 1.2109375, "peak_allocated": 48806363648}
{"step": 900, "epoch": 1, "loss": 0.10216811115384598, "lr": 9.757659172417347e-06, "grad_norm": 1.046875, "peak_allocated": 48806363648}
{"step": 901, "epoch": 1, "loss": 0.12974656952472133, "lr": 9.756840935595531e-06, "grad_norm": 1.1953125, "peak_allocated": 48806363648}
{"step": 902, "epoch": 1, "loss": 0.12391351809080942, "lr": 9.756021354182146e-06, "grad_norm": 1.28125, "peak_allocated": 48806363648}
{"step": 903, "epoch": 1, "loss": 0.11540092554954602, "lr": 9.755200428408854e-06, "grad_norm": 1.234375, "peak_allocated": 48806363648}
{"step": 904, "epoch": 1, "loss": 0.12207488803861806, "lr": 9.754378158507707e-06, "grad_norm": 1.3671875, "peak_allocated": 48806363648}
{"step": 905, "epoch": 1, "loss": 0.08404514587628607, "lr": 9.753554544711129e-06, "grad_norm": 0.94140625, "peak_allocated": 48806363648}
{"step": 906, "epoch": 1, "loss": 0.12698311818279095, "lr": 9.752729587251925e-06, "grad_norm": 1.21875, "peak_allocated": 48806363648}
{"step": 907, "epoch": 1, "loss": 0.14301751616899777, "lr": 9.751903286363285e-06, "grad_norm": 1.484375, "peak_allocated": 48806363648}
{"step": 908, "epoch": 1, "loss": 0.12518973166974082, "lr": 9.75107564227877e-06, "grad_norm": 1.3203125, "peak_allocated": 48806363648}
{"step": 909, "epoch": 1, "loss": 0.11565126444432747, "lr": 9.750246655232334e-06, "grad_norm": 1.2265625, "peak_allocated": 48806363648}
{"step": 910, "epoch": 1, "loss": 0.08394934912682722, "lr": 9.749416325458296e-06, "grad_norm": 1.125, "peak_allocated": 48806363648}
{"step": 911, "epoch": 1, "loss": 0.12213872685320042, "lr": 9.748584653191364e-06, "grad_norm": 1.203125, "peak_allocated": 48806363648}
{"step": 912, "epoch": 1, "loss": 0.10574319882300294, "lr": 9.747751638666621e-06, "grad_norm": 1.140625, "peak_allocated": 48806363648}
{"step": 913, "epoch": 1, "loss": 0.11516625900525733, "lr": 9.746917282119532e-06, "grad_norm": 1.21875, "peak_allocated": 48806363648}
{"step": 914, "epoch": 1, "loss": 0.11386199183914864, "lr": 9.746081583785939e-06, "grad_norm": 1.109375, "peak_allocated": 48806363648}
{"step": 915, "epoch": 1, "loss": 0.10352660721987662, "lr": 9.745244543902064e-06, "grad_norm": 1.1796875, "peak_allocated": 48806363648}
{"step": 916, "epoch": 1, "loss": 0.09908408511013903, "lr": 9.74440616270451e-06, "grad_norm": 1.1171875, "peak_allocated": 48806363648}
{"step": 917, "epoch": 1, "loss": 0.11156472245696612, "lr": 9.74356644043026e-06, "grad_norm": 1.125, "peak_allocated": 48806363648}
{"step": 918, "epoch": 1, "loss": 0.14743017839789152, "lr": 9.742725377316668e-06, "grad_norm": 1.4921875, "peak_allocated": 48806363648}
{"step": 919, "epoch": 1, "loss": 0.1381313705478605, "lr": 9.74188297360148e-06, "grad_norm": 1.40625, "peak_allocated": 48806363648}
{"step": 920, "epoch": 1, "loss": 0.15181447438445148, "lr": 9.741039229522809e-06, "grad_norm": 1.4375, "peak_allocated": 48806363648}
{"step": 921, "epoch": 1, "loss": 0.12477109017780148, "lr": 9.740194145319153e-06, "grad_norm": 1.3515625, "peak_allocated": 48806363648}
{"step": 922, "epoch": 1, "loss": 0.11062008757426789, "lr": 9.739347721229388e-06, "grad_norm": 1.09375, "peak_allocated": 48806363648}
{"step": 923, "epoch": 1, "loss": 0.11586025326861152, "lr": 9.738499957492768e-06, "grad_norm": 1.0234375, "peak_allocated": 48806363648}
{"step": 924, "epoch": 1, "loss": 0.12194046888239798, "lr": 9.737650854348925e-06, "grad_norm": 1.2265625, "peak_allocated": 48806363648}
{"step": 925, "epoch": 1, "loss": 0.14496127339736953, "lr": 9.736800412037874e-06, "grad_norm": 1.4609375, "peak_allocated": 48806363648}
{"step": 926, "epoch": 1, "loss": 0.1595005451987759, "lr": 9.735948630800002e-06, "grad_norm": 1.5078125, "peak_allocated": 48806363648}
{"step": 927, "epoch": 1, "loss": 0.128985001289916, "lr": 9.735095510876078e-06, "grad_norm": 1.21875, "peak_allocated": 48806363648}
{"step": 928, "epoch": 1, "loss": 0.1176249391358678, "lr": 9.73424105250725e-06, "grad_norm": 1.1953125, "peak_allocated": 48806363648}
{"step": 929, "epoch": 1, "loss": 0.13605139088085902, "lr": 9.733385255935042e-06, "grad_norm": 1.421875, "peak_allocated": 48806363648}
{"step": 930, "epoch": 1, "loss": 0.1170792813051414, "lr": 9.732528121401358e-06, "grad_norm": 1.25, "peak_allocated": 48806363648}
{"step": 931, "epoch": 1, "loss": 0.13188834443258013, "lr": 9.73166964914848e-06, "grad_norm": 1.359375, "peak_allocated": 48806363648}
{"step": 932, "epoch": 1, "loss": 0.10632468957792193, "lr": 9.73080983941907e-06, "grad_norm": 1.03125, "peak_allocated": 48806363648}
{"step": 933, "epoch": 1, "loss": 0.1174158263930283, "lr": 9.729948692456161e-06, "grad_norm": 1.296875, "peak_allocated": 48806363648}
{"step": 934, "epoch": 1, "loss": 0.15551411015925096, "lr": 9.729086208503174e-06, "grad_norm": 1.2734375, "peak_allocated": 48806363648}
{"step": 935, "epoch": 1, "loss": 0.12476891521874849, "lr": 9.7282223878039e-06, "grad_norm": 1.2421875, "peak_allocated": 48806363648}
{"step": 936, "epoch": 1, "loss": 0.12676530761762816, "lr": 9.727357230602513e-06, "grad_norm": 1.359375, "peak_allocated": 48806363648}
{"step": 937, "epoch": 1, "loss": 0.13546720265859255, "lr": 9.726490737143558e-06, "grad_norm": 1.296875, "peak_allocated": 48806363648}
{"step": 938, "epoch": 1, "loss": 0.1321167266362359, "lr": 9.725622907671967e-06, "grad_norm": 1.2265625, "peak_allocated": 48806363648}
{"step": 939, "epoch": 1, "loss": 0.09569697473311144, "lr": 9.724753742433042e-06, "grad_norm": 1.015625, "peak_allocated": 48806363648}
{"step": 940, "epoch": 1, "loss": 0.1092530578771343, "lr": 9.723883241672468e-06, "grad_norm": 1.1328125, "peak_allocated": 48806363648}
{"step": 941, "epoch": 1, "loss": 0.12418109027041603, "lr": 9.723011405636303e-06, "grad_norm": 1.2421875, "peak_allocated": 48806363648}
{"step": 942, "epoch": 1, "loss": 0.09618017625859684, "lr": 9.722138234570984e-06, "grad_norm": 1.0078125, "peak_allocated": 48806363648}
{"step": 943, "epoch": 1, "loss": 0.13264689988772682, "lr": 9.721263728723326e-06, "grad_norm": 1.1875, "peak_allocated": 48806363648}
{"step": 944, "epoch": 1, "loss": 0.12664534013758758, "lr": 9.720387888340522e-06, "grad_norm": 1.3671875, "peak_allocated": 48806363648}
{"step": 945, "epoch": 1, "loss": 0.10598406547872477, "lr": 9.719510713670142e-06, "grad_norm": 1.3046875, "peak_allocated": 48806363648}
{"step": 946, "epoch": 1, "loss": 0.1234021976482911, "lr": 9.71863220496013e-06, "grad_norm": 1.25, "peak_allocated": 48806363648}
{"step": 947, "epoch": 1, "loss": 0.11607372209010611, "lr": 9.717752362458809e-06, "grad_norm": 1.15625, "peak_allocated": 48806363648}
{"step": 948, "epoch": 1, "loss": 0.14672986191488835, "lr": 9.716871186414885e-06, "grad_norm": 1.3203125, "peak_allocated": 48806363648}
{"step": 949, "epoch": 1, "loss": 0.11572460148389832, "lr": 9.71598867707743e-06, "grad_norm": 1.1484375, "peak_allocated": 48806363648}
{"step": 950, "epoch": 1, "loss": 0.14161428882682628, "lr": 9.7151048346959e-06, "grad_norm": 1.25, "peak_allocated": 48806363648}
{"step": 951, "epoch": 1, "loss": 0.12897921957394043, "lr": 9.714219659520125e-06, "grad_norm": 1.234375, "peak_allocated": 48806363648}
{"step": 952, "epoch": 1, "loss": 0.09869192913633221, "lr": 9.713333151800316e-06, "grad_norm": 1.140625, "peak_allocated": 48806363648}
{"step": 953, "epoch": 1, "loss": 0.1001127787211724, "lr": 9.712445311787055e-06, "grad_norm": 0.9921875, "peak_allocated": 48806363648}
{"step": 954, "epoch": 1, "loss": 0.1089939754518997, "lr": 9.711556139731303e-06, "grad_norm": 1.078125, "peak_allocated": 48806363648}
{"step": 955, "epoch": 1, "loss": 0.13246184589449692, "lr": 9.710665635884399e-06, "grad_norm": 1.3828125, "peak_allocated": 48806363648}
{"step": 956, "epoch": 1, "loss": 0.16059763255869763, "lr": 9.709773800498058e-06, "grad_norm": 1.484375, "peak_allocated": 48806363648}
{"step": 957, "epoch": 1, "loss": 0.167374156017143, "lr": 9.708880633824366e-06, "grad_norm": 1.4921875, "peak_allocated": 48806363648}
{"step": 958, "epoch": 1, "loss": 0.1297269678152533, "lr": 9.707986136115795e-06, "grad_norm": 1.1953125, "peak_allocated": 48806363648}
{"step": 959, "epoch": 1, "loss": 0.09719899155907641, "lr": 9.707090307625185e-06, "grad_norm": 1.1171875, "peak_allocated": 48806363648}
{"step": 960, "epoch": 1, "loss": 0.11154003268798479, "lr": 9.706193148605755e-06, "grad_norm": 1.1640625, "peak_allocated": 48806363648}
{"step": 961, "epoch": 1, "loss": 0.1316831403992703, "lr": 9.705294659311104e-06, "grad_norm": 1.2421875, "peak_allocated": 48806363648}
{"step": 962, "epoch": 1, "loss": 0.13820203949630358, "lr": 9.7043948399952e-06, "grad_norm": 1.4296875, "peak_allocated": 48806363648}
{"step": 963, "epoch": 1, "loss": 0.16124568323879498, "lr": 9.703493690912388e-06, "grad_norm": 1.390625, "peak_allocated": 48806363648}
{"step": 964, "epoch": 1, "loss": 0.14418593488444612, "lr": 9.702591212317397e-06, "grad_norm": 1.390625, "peak_allocated": 48806363648}
{"step": 965, "epoch": 1, "loss": 0.11315304113747437, "lr": 9.701687404465322e-06, "grad_norm": 0.94921875, "peak_allocated": 48806363648}
{"step": 966, "epoch": 1, "loss": 0.10765463275384965, "lr": 9.70078226761164e-06, "grad_norm": 1.1796875, "peak_allocated": 48806363648}
{"step": 967, "epoch": 1, "loss": 0.11626744440702548, "lr": 9.699875802012197e-06, "grad_norm": 1.1640625, "peak_allocated": 48806363648}
{"step": 968, "epoch": 1, "loss": 0.10179367604784015, "lr": 9.698968007923225e-06, "grad_norm": 1.109375, "peak_allocated": 48806363648}
{"step": 969, "epoch": 1, "loss": 0.10436062591034202, "lr": 9.69805888560132e-06, "grad_norm": 1.34375, "peak_allocated": 48806363648}
{"step": 970, "epoch": 1, "loss": 0.14860125494097068, "lr": 9.697148435303461e-06, "grad_norm": 1.1875, "peak_allocated": 48806363648}
{"step": 971, "epoch": 1, "loss": 0.10643226218966101, "lr": 9.696236657287002e-06, "grad_norm": 1.171875, "peak_allocated": 48806363648}
{"step": 972, "epoch": 1, "loss": 0.12786675767250816, "lr": 9.69532355180967e-06, "grad_norm": 1.2109375, "peak_allocated": 48806363648}
{"step": 973, "epoch": 1, "loss": 0.12825633384998072, "lr": 9.694409119129564e-06, "grad_norm": 1.40625, "peak_allocated": 48806363648}
{"step": 974, "epoch": 1, "loss": 0.12292774817382023, "lr": 9.693493359505168e-06, "grad_norm": 1.2109375, "peak_allocated": 48806363648}
{"step": 975, "epoch": 1, "loss": 0.11958560047736116, "lr": 9.69257627319533e-06, "grad_norm": 1.4921875, "peak_allocated": 48806363648}
{"step": 976, "epoch": 1, "loss": 0.14484777738391308, "lr": 9.69165786045928e-06, "grad_norm": 1.2109375, "peak_allocated": 48806363648}
{"step": 977, "epoch": 1, "loss": 0.11278734023578989, "lr": 9.690738121556622e-06, "grad_norm": 1.140625, "peak_allocated": 48806363648}
{"step": 978, "epoch": 1, "loss": 0.12230790846545425, "lr": 9.689817056747331e-06, "grad_norm": 1.2890625, "peak_allocated": 48806363648}
{"step": 979, "epoch": 1, "loss": 0.13890190520279022, "lr": 9.688894666291763e-06, "grad_norm": 1.25, "peak_allocated": 48806363648}
{"step": 980, "epoch": 1, "loss": 0.14575538067112254, "lr": 9.687970950450643e-06, "grad_norm": 1.4609375, "peak_allocated": 48806363648}
{"step": 981, "epoch": 1, "loss": 0.1093481506042914, "lr": 9.687045909485073e-06, "grad_norm": 1.03125, "peak_allocated": 48806363648}
{"step": 982, "epoch": 1, "loss": 0.1383186403492635, "lr": 9.68611954365653e-06, "grad_norm": 1.4609375, "peak_allocated": 48806363648}
{"step": 983, "epoch": 1, "loss": 0.09612724303285468, "lr": 9.685191853226866e-06, "grad_norm": 1.125, "peak_allocated": 48806363648}
{"step": 984, "epoch": 1, "loss": 0.12116405853590408, "lr": 9.684262838458307e-06, "grad_norm": 1.34375, "peak_allocated": 48806363648}
{"step": 985, "epoch": 1, "loss": 0.1201922289670313, "lr": 9.68333249961345e-06, "grad_norm": 1.171875, "peak_allocated": 48806363648}
{"step": 986, "epoch": 1, "loss": 0.08305671965576729, "lr": 9.682400836955268e-06, "grad_norm": 1.0, "peak_allocated": 48806363648}
{"step": 987, "epoch": 1, "loss": 0.12231065393750491, "lr": 9.681467850747116e-06, "grad_norm": 1.2890625, "peak_allocated": 48806363648}
{"step": 988, "epoch": 1, "loss": 0.12819148307472794, "lr": 9.680533541252708e-06, "grad_norm": 1.3046875, "peak_allocated": 48806363648}
{"step": 989, "epoch": 1, "loss": 0.12434073131770343, "lr": 9.679597908736146e-06, "grad_norm": 1.09375, "peak_allocated": 48806363648}
{"step": 990, "epoch": 1, "loss": 0.14641458652996725, "lr": 9.6786609534619e-06, "grad_norm": 1.4375, "peak_allocated": 48806363648}
{"step": 991, "epoch": 1, "loss": 0.09954114476085005, "lr": 9.677722675694813e-06, "grad_norm": 1.1484375, "peak_allocated": 48806363648}
{"step": 992, "epoch": 1, "loss": 0.10244998036239321, "lr": 9.676783075700104e-06, "grad_norm": 1.1171875, "peak_allocated": 48806363648}
{"step": 993, "epoch": 1, "loss": 0.12470433693842893, "lr": 9.675842153743363e-06, "grad_norm": 1.3125, "peak_allocated": 48806363648}
{"step": 994, "epoch": 1, "loss": 0.11186068452544456, "lr": 9.674899910090557e-06, "grad_norm": 1.0625, "peak_allocated": 48806363648}
{"step": 995, "epoch": 1, "loss": 0.10731534711127981, "lr": 9.673956345008024e-06, "grad_norm": 1.15625, "peak_allocated": 48806363648}
{"step": 996, "epoch": 1, "loss": 0.15748658319701386, "lr": 9.673011458762479e-06, "grad_norm": 1.296875, "peak_allocated": 48806363648}
{"step": 997, "epoch": 1, "loss": 0.1255678777503682, "lr": 9.672065251621006e-06, "grad_norm": 1.234375, "peak_allocated": 48806363648}
{"step": 998, "epoch": 1, "loss": 0.1285470862466338, "lr": 9.671117723851064e-06, "grad_norm": 1.484375, "peak_allocated": 48806363648}
{"step": 999, "epoch": 1, "loss": 0.1471544127470084, "lr": 9.670168875720488e-06, "grad_norm": 1.3671875, "peak_allocated": 48806363648}
{"step": 1000, "epoch": 1, "loss": 0.1325313650624237, "lr": 9.669218707497483e-06, "grad_norm": 1.2421875, "peak_allocated": 48806363648}
{"event": "train_stage", "stage": "checkpoint_published", "rank": 0, "local_rank": 0, "world_size": 4, "checkpoint": "step-00001000-54851304", "best": false}
{"step": 1001, "epoch": 1, "loss": 0.08950784411427323, "lr": 9.668267219450626e-06, "grad_norm": 0.94921875, "peak_allocated": 48806363648}
{"step": 1002, "epoch": 1, "loss": 0.13734358328703902, "lr": 9.667314411848874e-06, "grad_norm": 1.34375, "peak_allocated": 48806363648}
{"step": 1003, "epoch": 1, "loss": 0.141518968193363, "lr": 9.666360284961547e-06, "grad_norm": 1.2578125, "peak_allocated": 48806363648}
{"step": 1004, "epoch": 1, "loss": 0.11602378689779869, "lr": 9.665404839058347e-06, "grad_norm": 1.2421875, "peak_allocated": 48806363648}
{"step": 1005, "epoch": 1, "loss": 0.10676345189496138, "lr": 9.664448074409342e-06, "grad_norm": 1.2734375, "peak_allocated": 48806363648}
{"step": 1006, "epoch": 1, "loss": 0.12330649232469991, "lr": 9.663489991284977e-06, "grad_norm": 1.28125, "peak_allocated": 48806363648}
{"step": 1007, "epoch": 1, "loss": 0.11328110308642632, "lr": 9.662530589956069e-06, "grad_norm": 1.1953125, "peak_allocated": 48806363648}
{"step": 1008, "epoch": 1, "loss": 0.12162762951071017, "lr": 9.661569870693807e-06, "grad_norm": 1.2578125, "peak_allocated": 48806363648}
{"step": 1009, "epoch": 1, "loss": 0.12073064792263516, "lr": 9.660607833769752e-06, "grad_norm": 1.2734375, "peak_allocated": 48806363648}
{"step": 1010, "epoch": 1, "loss": 0.12783547450363092, "lr": 9.659644479455839e-06, "grad_norm": 1.3984375, "peak_allocated": 48806363648}
{"step": 1011, "epoch": 1, "loss": 0.11832964184264294, "lr": 9.658679808024372e-06, "grad_norm": 1.2890625, "peak_allocated": 48806363648}
{"step": 1012, "epoch": 1, "loss": 0.13876611631963384, "lr": 9.657713819748028e-06, "grad_norm": 1.0703125, "peak_allocated": 48806363648}
{"step": 1013, "epoch": 1, "loss": 0.11198404276452664, "lr": 9.656746514899866e-06, "grad_norm": 1.140625, "peak_allocated": 48806363648}
{"step": 1014, "epoch": 1, "loss": 0.13446411410275894, "lr": 9.655777893753301e-06, "grad_norm": 1.3828125, "peak_allocated": 48806363648}
{"step": 1015, "epoch": 1, "loss": 0.09063492794326866, "lr": 9.654807956582131e-06, "grad_norm": 0.9609375, "peak_allocated": 48806363648}
{"step": 1016, "epoch": 1, "loss": 0.11143106359053352, "lr": 9.653836703660524e-06, "grad_norm": 1.1953125, "peak_allocated": 48806363648}
{"step": 1017, "epoch": 1, "loss": 0.16428023170018308, "lr": 9.652864135263019e-06, "grad_norm": 1.359375, "peak_allocated": 48806363648}
{"step": 1018, "epoch": 1, "loss": 0.13313976782309905, "lr": 9.651890251664526e-06, "grad_norm": 1.3203125, "peak_allocated": 48806363648}
{"step": 1019, "epoch": 1, "loss": 0.12279044673419916, "lr": 9.650915053140327e-06, "grad_norm": 1.2421875, "peak_allocated": 48806363648}
{"step": 1020, "epoch": 1, "loss": 0.10101875925578725, "lr": 9.649938539966077e-06, "grad_norm": 1.1171875, "peak_allocated": 48806363648}
{"step": 1021, "epoch": 1, "loss": 0.1243202842562911, "lr": 9.648960712417802e-06, "grad_norm": 1.375, "peak_allocated": 48806363648}
{"step": 1022, "epoch": 1, "loss": 0.14475542304248573, "lr": 9.647981570771899e-06, "grad_norm": 1.3203125, "peak_allocated": 48806363648}
{"step": 1023, "epoch": 1, "loss": 0.13063463005698175, "lr": 9.647001115305139e-06, "grad_norm": 1.125, "peak_allocated": 48806363648}
{"step": 1024, "epoch": 1, "loss": 0.12400917884985008, "lr": 9.646019346294657e-06, "grad_norm": 1.2109375, "peak_allocated": 48806363648}
{"step": 1025, "epoch": 1, "loss": 0.11148033236321557, "lr": 9.645036264017971e-06, "grad_norm": 1.171875, "peak_allocated": 48806363648}
{"step": 1026, "epoch": 1, "loss": 0.13362023963708605, "lr": 9.64405186875296e-06, "grad_norm": 1.390625, "peak_allocated": 48806363648}
{"step": 1027, "epoch": 1, "loss": 0.14278741965044223, "lr": 9.64306616077788e-06, "grad_norm": 1.203125, "peak_allocated": 48806363648}
{"step": 1028, "epoch": 1, "loss": 0.14450681265100584, "lr": 9.642079140371355e-06, "grad_norm": 1.25, "peak_allocated": 48806363648}
{"step": 1029, "epoch": 1, "loss": 0.12694288328771117, "lr": 9.641090807812378e-06, "grad_norm": 1.2109375, "peak_allocated": 48806363648}
{"step": 1030, "epoch": 1, "loss": 0.1326285982850879, "lr": 9.64010116338032e-06, "grad_norm": 1.25, "peak_allocated": 48806363648}
{"step": 1031, "epoch": 1, "loss": 0.09970975969865711, "lr": 9.639110207354917e-06, "grad_norm": 1.1875, "peak_allocated": 48806363648}
{"step": 1032, "epoch": 1, "loss": 0.14680319297792763, "lr": 9.638117940016279e-06, "grad_norm": 1.3828125, "peak_allocated": 48806363648}
{"step": 1033, "epoch": 1, "loss": 0.13189970305956153, "lr": 9.637124361644881e-06, "grad_norm": 1.1484375, "peak_allocated": 48806363648}
{"step": 1034, "epoch": 1, "loss": 0.11626885634034084, "lr": 9.636129472521577e-06, "grad_norm": 1.1953125, "peak_allocated": 48806363648}
{"step": 1035, "epoch": 1, "loss": 0.15161954066624056, "lr": 9.635133272927586e-06, "grad_norm": 1.390625, "peak_allocated": 48806363648}
{"step": 1036, "epoch": 1, "loss": 0.1304981679451989, "lr": 9.634135763144497e-06, "grad_norm": 1.265625, "peak_allocated": 48806363648}
{"step": 1037, "epoch": 1, "loss": 0.13176741168546263, "lr": 9.633136943454271e-06, "grad_norm": 1.15625, "peak_allocated": 48806363648}
{"step": 1038, "epoch": 1, "loss": 0.13240067050191423, "lr": 9.632136814139242e-06, "grad_norm": 1.234375, "peak_allocated": 48806363648}
{"step": 1039, "epoch": 1, "loss": 0.09445850291612413, "lr": 9.631135375482108e-06, "grad_norm": 0.97265625, "peak_allocated": 48806363648}
{"step": 1040, "epoch": 1, "loss": 0.09586837400605701, "lr": 9.630132627765945e-06, "grad_norm": 1.0625, "peak_allocated": 48806363648}
{"step": 1041, "epoch": 1, "loss": 0.13108677948353137, "lr": 9.629128571274189e-06, "grad_norm": 1.375, "peak_allocated": 48806363648}
{"step": 1042, "epoch": 1, "loss": 0.10495339396851548, "lr": 9.628123206290654e-06, "grad_norm": 1.2265625, "peak_allocated": 48806363648}
{"step": 1043, "epoch": 1, "loss": 0.1287517892619785, "lr": 9.627116533099522e-06, "grad_norm": 1.203125, "peak_allocated": 48806363648}
{"step": 1044, "epoch": 1, "loss": 0.15753627375508436, "lr": 9.626108551985342e-06, "grad_norm": 1.34375, "peak_allocated": 48806363648}
{"step": 1045, "epoch": 1, "loss": 0.12846452451868268, "lr": 9.625099263233038e-06, "grad_norm": 1.078125, "peak_allocated": 48806363648}
{"step": 1046, "epoch": 1, "loss": 0.12602327364521818, "lr": 9.624088667127898e-06, "grad_norm": 1.1328125, "peak_allocated": 48806363648}
{"step": 1047, "epoch": 1, "loss": 0.1299764234873296, "lr": 9.623076763955582e-06, "grad_norm": 1.2265625, "peak_allocated": 48806363648}
{"step": 1048, "epoch": 1, "loss": 0.09385761214412926, "lr": 9.622063554002119e-06, "grad_norm": 0.9609375, "peak_allocated": 48806363648}
{"step": 1049, "epoch": 1, "loss": 0.12097595675723109, "lr": 9.62104903755391e-06, "grad_norm": 1.1953125, "peak_allocated": 48806363648}
{"step": 1050, "epoch": 1, "loss": 0.09776423218421067, "lr": 9.620033214897722e-06, "grad_norm": 1.03125, "peak_allocated": 48806363648}
{"step": 1051, "epoch": 1, "loss": 0.12590280444962335, "lr": 9.619016086320692e-06, "grad_norm": 1.15625, "peak_allocated": 48806363648}
{"step": 1052, "epoch": 1, "loss": 0.10981417863331937, "lr": 9.617997652110327e-06, "grad_norm": 1.015625, "peak_allocated": 48806363648}
{"step": 1053, "epoch": 1, "loss": 0.1130741895276077, "lr": 9.6169779125545e-06, "grad_norm": 1.0703125, "peak_allocated": 48806363648}
{"step": 1054, "epoch": 1, "loss": 0.14387090748995543, "lr": 9.615956867941461e-06, "grad_norm": 1.359375, "peak_allocated": 48806363648}
{"step": 1055, "epoch": 1, "loss": 0.09745761688596519, "lr": 9.614934518559818e-06, "grad_norm": 1.2578125, "peak_allocated": 48806363648}
{"step": 1056, "epoch": 1, "loss": 0.12304526349437812, "lr": 9.613910864698555e-06, "grad_norm": 1.109375, "peak_allocated": 48806363648}
{"step": 1057, "epoch": 1, "loss": 0.14643820230253587, "lr": 9.612885906647024e-06, "grad_norm": 1.40625, "peak_allocated": 48806363648}
{"step": 1058, "epoch": 1, "loss": 0.08911164095174641, "lr": 9.611859644694943e-06, "grad_norm": 0.9921875, "peak_allocated": 48806363648}
{"step": 1059, "epoch": 1, "loss": 0.09640762714361739, "lr": 9.610832079132402e-06, "grad_norm": 1.0234375, "peak_allocated": 48806363648}
{"step": 1060, "epoch": 1, "loss": 0.0941236664237285, "lr": 9.609803210249855e-06, "grad_norm": 1.0546875, "peak_allocated": 48806363648}
{"step": 1061, "epoch": 1, "loss": 0.13255782650195697, "lr": 9.60877303833813e-06, "grad_norm": 1.0625, "peak_allocated": 48806363648}
{"step": 1062, "epoch": 1, "loss": 0.11707285695562238, "lr": 9.607741563688417e-06, "grad_norm": 1.21875, "peak_allocated": 48806363648}
{"step": 1063, "epoch": 1, "loss": 0.13215959727215307, "lr": 9.606708786592282e-06, "grad_norm": 1.3984375, "peak_allocated": 48806363648}
{"step": 1064, "epoch": 1, "loss": 0.13133897683760234, "lr": 9.605674707341652e-06, "grad_norm": 1.25, "peak_allocated": 48806363648}
{"step": 1065, "epoch": 1, "loss": 0.10641198597890397, "lr": 9.604639326228823e-06, "grad_norm": 1.1953125, "peak_allocated": 48806363648}
{"step": 1066, "epoch": 1, "loss": 0.1155434930197566, "lr": 9.603602643546464e-06, "grad_norm": 1.1484375, "peak_allocated": 48806363648}
{"step": 1067, "epoch": 1, "loss": 0.13631578017440107, "lr": 9.602564659587609e-06, "grad_norm": 1.21875, "peak_allocated": 48806363648}
{"step": 1068, "epoch": 1, "loss": 0.10195123370480497, "lr": 9.601525374645657e-06, "grad_norm": 1.1953125, "peak_allocated": 48806363648}
{"step": 1069, "epoch": 1, "loss": 0.10994399241059451, "lr": 9.600484789014377e-06, "grad_norm": 1.203125, "peak_allocated": 48806363648}
{"step": 1070, "epoch": 1, "loss": 0.12519005617533607, "lr": 9.59944290298791e-06, "grad_norm": 1.25, "peak_allocated": 48806363648}
{"step": 1071, "epoch": 1, "loss": 0.12424935348457615, "lr": 9.598399716860756e-06, "grad_norm": 1.2578125, "peak_allocated": 48806363648}
{"step": 1072, "epoch": 1, "loss": 0.11675050590387126, "lr": 9.59735523092779e-06, "grad_norm": 1.1484375, "peak_allocated": 48806363648}
{"step": 1073, "epoch": 1, "loss": 0.14350526530893257, "lr": 9.59630944548425e-06, "grad_norm": 1.3515625, "peak_allocated": 48806363648}
{"step": 1074, "epoch": 1, "loss": 0.14261022079185795, "lr": 9.595262360825743e-06, "grad_norm": 1.234375, "peak_allocated": 48806363648}
{"step": 1075, "epoch": 1, "loss": 0.13219677669797106, "lr": 9.594213977248243e-06, "grad_norm": 1.1328125, "peak_allocated": 48806363648}
{"step": 1076, "epoch": 1, "loss": 0.11599769688456772, "lr": 9.593164295048092e-06, "grad_norm": 1.3125, "peak_allocated": 48806363648}
{"step": 1077, "epoch": 1, "loss": 0.14119832347789238, "lr": 9.592113314521997e-06, "grad_norm": 1.34375, "peak_allocated": 48806363648}
{"step": 1078, "epoch": 1, "loss": 0.12253258062502205, "lr": 9.591061035967034e-06, "grad_norm": 1.3671875, "peak_allocated": 48806363648}
{"step": 1079, "epoch": 1, "loss": 0.12369371015682537, "lr": 9.590007459680644e-06, "grad_norm": 1.125, "peak_allocated": 48806363648}
{"step": 1080, "epoch": 1, "loss": 0.09727047548726302, "lr": 9.588952585960636e-06, "grad_norm": 1.140625, "peak_allocated": 48806363648}
{"step": 1081, "epoch": 1, "loss": 0.11176874176723554, "lr": 9.587896415105188e-06, "grad_norm": 1.2421875, "peak_allocated": 48806363648}
{"step": 1082, "epoch": 1, "loss": 0.12620314186984333, "lr": 9.586838947412842e-06, "grad_norm": 1.203125, "peak_allocated": 48806363648}
{"step": 1083, "epoch": 1, "loss": 0.10010558575617545, "lr": 9.585780183182502e-06, "grad_norm": 0.9296875, "peak_allocated": 48806363648}
{"step": 1084, "epoch": 1, "loss": 0.11721024110629419, "lr": 9.58472012271345e-06, "grad_norm": 1.1875, "peak_allocated": 48806363648}
{"step": 1085, "epoch": 1, "loss": 0.13302029628316883, "lr": 9.583658766305325e-06, "grad_norm": 1.140625, "peak_allocated": 48806363648}
{"step": 1086, "epoch": 1, "loss": 0.1121648951515667, "lr": 9.582596114258134e-06, "grad_norm": 1.140625, "peak_allocated": 48806363648}
{"step": 1087, "epoch": 1, "loss": 0.10884342178951255, "lr": 9.581532166872252e-06, "grad_norm": 1.0078125, "peak_allocated": 48806363648}
{"step": 1088, "epoch": 1, "loss": 0.11840075381770336, "lr": 9.58046692444842e-06, "grad_norm": 1.09375, "peak_allocated": 48806363648}
{"step": 1089, "epoch": 1, "loss": 0.11938319346746602, "lr": 9.579400387287746e-06, "grad_norm": 1.1171875, "peak_allocated": 48806363648}
{"step": 1090, "epoch": 1, "loss": 0.11380511892926708, "lr": 9.5783325556917e-06, "grad_norm": 1.0625, "peak_allocated": 48806363648}
{"step": 1091, "epoch": 1, "loss": 0.11466649268321961, "lr": 9.577263429962121e-06, "grad_norm": 1.0390625, "peak_allocated": 48806363648}
{"step": 1092, "epoch": 1, "loss": 0.14179436084413694, "lr": 9.576193010401213e-06, "grad_norm": 1.2421875, "peak_allocated": 48806363648}
{"step": 1093, "epoch": 1, "loss": 0.11511754162374933, "lr": 9.575121297311548e-06, "grad_norm": 1.0546875, "peak_allocated": 48806363648}
{"step": 1094, "epoch": 1, "loss": 0.12266684868927456, "lr": 9.57404829099606e-06, "grad_norm": 1.203125, "peak_allocated": 48806363648}
{"step": 1095, "epoch": 1, "loss": 0.09721576712649786, "lr": 9.57297399175805e-06, "grad_norm": 1.203125, "peak_allocated": 48806363648}
{"step": 1096, "epoch": 1, "loss": 0.1144187167944828, "lr": 9.571898399901183e-06, "grad_norm": 1.0625, "peak_allocated": 48806363648}
{"step": 1097, "epoch": 1, "loss": 0.11846873841521868, "lr": 9.570821515729495e-06, "grad_norm": 1.1875, "peak_allocated": 48806363648}
{"step": 1098, "epoch": 1, "loss": 0.1420675554708558, "lr": 9.569743339547382e-06, "grad_norm": 1.390625, "peak_allocated": 48806363648}
{"step": 1099, "epoch": 1, "loss": 0.11229078537238237, "lr": 9.568663871659603e-06, "grad_norm": 1.125, "peak_allocated": 48806363648}
{"step": 1100, "epoch": 1, "loss": 0.1194051104318504, "lr": 9.567583112371289e-06, "grad_norm": 1.3125, "peak_allocated": 48806363648}
{"step": 1101, "epoch": 1, "loss": 0.09277843812595706, "lr": 9.566501061987931e-06, "grad_norm": 0.89453125, "peak_allocated": 48806363648}
{"step": 1102, "epoch": 1, "loss": 0.14775131488983048, "lr": 9.56541772081539e-06, "grad_norm": 1.28125, "peak_allocated": 48806363648}
{"step": 1103, "epoch": 1, "loss": 0.14415021742466458, "lr": 9.564333089159884e-06, "grad_norm": 1.4453125, "peak_allocated": 48806363648}
{"step": 1104, "epoch": 1, "loss": 0.11897491217858673, "lr": 9.563247167328003e-06, "grad_norm": 1.2890625, "peak_allocated": 48806363648}
{"step": 1105, "epoch": 1, "loss": 0.13012652611284695, "lr": 9.562159955626697e-06, "grad_norm": 1.359375, "peak_allocated": 48806363648}
{"step": 1106, "epoch": 1, "loss": 0.11963102565752778, "lr": 9.561071454363282e-06, "grad_norm": 1.2109375, "peak_allocated": 48806363648}
{"step": 1107, "epoch": 1, "loss": 0.1428003831549265, "lr": 9.559981663845443e-06, "grad_norm": 1.5078125, "peak_allocated": 48806363648}
{"step": 1108, "epoch": 1, "loss": 0.14788248097945647, "lr": 9.558890584381222e-06, "grad_norm": 1.484375, "peak_allocated": 48806363648}
{"step": 1109, "epoch": 1, "loss": 0.11449452977304532, "lr": 9.557798216279028e-06, "grad_norm": 1.15625, "peak_allocated": 48806363648}
{"step": 1110, "epoch": 1, "loss": 0.12604940282689928, "lr": 9.556704559847638e-06, "grad_norm": 1.53125, "peak_allocated": 48806363648}
{"step": 1111, "epoch": 1, "loss": 0.12428490177020456, "lr": 9.55560961539619e-06, "grad_norm": 1.171875, "peak_allocated": 48806363648}
{"step": 1112, "epoch": 1, "loss": 0.12125436466838643, "lr": 9.554513383234184e-06, "grad_norm": 1.078125, "peak_allocated": 48806363648}
{"step": 1113, "epoch": 1, "loss": 0.1108270964509952, "lr": 9.553415863671487e-06, "grad_norm": 1.1875, "peak_allocated": 48806363648}
{"step": 1114, "epoch": 1, "loss": 0.12863475987081557, "lr": 9.55231705701833e-06, "grad_norm": 1.1640625, "peak_allocated": 48806363648}
{"step": 1115, "epoch": 1, "loss": 0.1149896325330958, "lr": 9.551216963585307e-06, "grad_norm": 1.2265625, "peak_allocated": 48806363648}
{"step": 1116, "epoch": 1, "loss": 0.15207553192228407, "lr": 9.550115583683375e-06, "grad_norm": 1.515625, "peak_allocated": 48806363648}
{"step": 1117, "epoch": 1, "loss": 0.12413691770308372, "lr": 9.549012917623854e-06, "grad_norm": 1.2265625, "peak_allocated": 48806363648}
{"step": 1118, "epoch": 1, "loss": 0.11233804470168758, "lr": 9.547908965718434e-06, "grad_norm": 1.2734375, "peak_allocated": 48806363648}
{"step": 1119, "epoch": 1, "loss": 0.11841457031367016, "lr": 9.546803728279156e-06, "grad_norm": 1.1953125, "peak_allocated": 48806363648}
{"step": 1120, "epoch": 1, "loss": 0.14840099682385005, "lr": 9.545697205618438e-06, "grad_norm": 1.40625, "peak_allocated": 48806363648}
{"step": 1121, "epoch": 1, "loss": 0.11237611881307626, "lr": 9.54458939804905e-06, "grad_norm": 1.1015625, "peak_allocated": 48806363648}
{"step": 1122, "epoch": 1, "loss": 0.10357154471550112, "lr": 9.543480305884136e-06, "grad_norm": 1.0078125, "peak_allocated": 48806363648}
{"step": 1123, "epoch": 1, "loss": 0.1408268723793402, "lr": 9.542369929437193e-06, "grad_norm": 1.3671875, "peak_allocated": 48806363648}
{"step": 1124, "epoch": 1, "loss": 0.11490411646365056, "lr": 9.541258269022087e-06, "grad_norm": 1.2890625, "peak_allocated": 48806363648}
{"step": 1125, "epoch": 1, "loss": 0.11594860859013253, "lr": 9.540145324953043e-06, "grad_norm": 1.265625, "peak_allocated": 48806363648}
{"step": 1126, "epoch": 1, "loss": 0.12739602881698267, "lr": 9.539031097544656e-06, "grad_norm": 1.2421875, "peak_allocated": 48806363648}
{"step": 1127, "epoch": 1, "loss": 0.10523604184981146, "lr": 9.537915587111872e-06, "grad_norm": 1.109375, "peak_allocated": 48806363648}
{"step": 1128, "epoch": 1, "loss": 0.10490119122632119, "lr": 9.536798793970012e-06, "grad_norm": 1.125, "peak_allocated": 48806363648}
{"step": 1129, "epoch": 1, "loss": 0.1318192429778771, "lr": 9.535680718434755e-06, "grad_norm": 1.359375, "peak_allocated": 48806363648}
{"step": 1130, "epoch": 1, "loss": 0.1365909077648906, "lr": 9.534561360822136e-06, "grad_norm": 1.53125, "peak_allocated": 48806363648}
{"step": 1131, "epoch": 1, "loss": 0.12970667633800917, "lr": 9.533440721448563e-06, "grad_norm": 1.3203125, "peak_allocated": 48806363648}
{"step": 1132, "epoch": 1, "loss": 0.11497120274809304, "lr": 9.532318800630798e-06, "grad_norm": 1.140625, "peak_allocated": 48806363648}
{"step": 1133, "epoch": 1, "loss": 0.13406583063771935, "lr": 9.531195598685971e-06, "grad_norm": 1.296875, "peak_allocated": 48806363648}
{"step": 1134, "epoch": 1, "loss": 0.11084568110883844, "lr": 9.53007111593157e-06, "grad_norm": 1.28125, "peak_allocated": 48806363648}
{"step": 1135, "epoch": 1, "loss": 0.11767596215302896, "lr": 9.528945352685448e-06, "grad_norm": 1.140625, "peak_allocated": 48806363648}
{"step": 1136, "epoch": 1, "loss": 0.13187118093153155, "lr": 9.527818309265817e-06, "grad_norm": 1.3984375, "peak_allocated": 48806363648}
{"step": 1137, "epoch": 1, "loss": 0.19109624613206505, "lr": 9.526689985991255e-06, "grad_norm": 1.8203125, "peak_allocated": 48806363648}
{"step": 1138, "epoch": 1, "loss": 0.09093165789194127, "lr": 9.525560383180697e-06, "grad_norm": 0.984375, "peak_allocated": 48806363648}
{"step": 1139, "epoch": 1, "loss": 0.09616534053381252, "lr": 9.524429501153443e-06, "grad_norm": 1.0859375, "peak_allocated": 48806363648}
{"step": 1140, "epoch": 1, "loss": 0.13919432085583816, "lr": 9.523297340229153e-06, "grad_norm": 1.2109375, "peak_allocated": 48806363648}
{"step": 1141, "epoch": 1, "loss": 0.1563696606731467, "lr": 9.52216390072785e-06, "grad_norm": 1.5390625, "peak_allocated": 48806363648}
{"step": 1142, "epoch": 1, "loss": 0.13067640373027223, "lr": 9.521029182969916e-06, "grad_norm": 1.0703125, "peak_allocated": 48806363648}
{"step": 1143, "epoch": 1, "loss": 0.12370648413135395, "lr": 9.519893187276099e-06, "grad_norm": 1.3203125, "peak_allocated": 48806363648}
{"step": 1144, "epoch": 1, "loss": 0.1220362838000345, "lr": 9.518755913967501e-06, "grad_norm": 1.140625, "peak_allocated": 48806363648}
{"step": 1145, "epoch": 1, "loss": 0.1301547856010938, "lr": 9.51761736336559e-06, "grad_norm": 1.2421875, "peak_allocated": 48806363648}
{"step": 1146, "epoch": 1, "loss": 0.14262316480711756, "lr": 9.516477535792197e-06, "grad_norm": 1.359375, "peak_allocated": 48806363648}
{"step": 1147, "epoch": 1, "loss": 0.12402495180936142, "lr": 9.51533643156951e-06, "grad_norm": 1.1953125, "peak_allocated": 48806363648}
{"step": 1148, "epoch": 1, "loss": 0.11875123546790371, "lr": 9.514194051020076e-06, "grad_norm": 1.390625, "peak_allocated": 48806363648}
{"step": 1149, "epoch": 1, "loss": 0.13180426618008945, "lr": 9.513050394466806e-06, "grad_norm": 1.234375, "peak_allocated": 48806363648}
{"step": 1150, "epoch": 1, "loss": 0.0962653997750739, "lr": 9.511905462232977e-06, "grad_norm": 1.15625, "peak_allocated": 48806363648}
{"step": 1151, "epoch": 1, "loss": 0.11235449077823534, "lr": 9.510759254642217e-06, "grad_norm": 1.0859375, "peak_allocated": 48806363648}
{"step": 1152, "epoch": 1, "loss": 0.12079617953560377, "lr": 9.50961177201852e-06, "grad_norm": 1.1484375, "peak_allocated": 48806363648}
{"step": 1153, "epoch": 1, "loss": 0.10774936546798917, "lr": 9.508463014686236e-06, "grad_norm": 1.1796875, "peak_allocated": 48806363648}
{"step": 1154, "epoch": 1, "loss": 0.14900908775590208, "lr": 9.507312982970083e-06, "grad_norm": 1.40625, "peak_allocated": 48806363648}
{"step": 1155, "epoch": 1, "loss": 0.1298965454133448, "lr": 9.506161677195129e-06, "grad_norm": 1.2265625, "peak_allocated": 48806363648}
{"step": 1156, "epoch": 1, "loss": 0.09969232094405261, "lr": 9.505009097686813e-06, "grad_norm": 1.03125, "peak_allocated": 48806363648}
{"step": 1157, "epoch": 1, "loss": 0.14449181015910642, "lr": 9.503855244770923e-06, "grad_norm": 1.359375, "peak_allocated": 48806363648}
{"step": 1158, "epoch": 1, "loss": 0.11281703909708544, "lr": 9.502700118773618e-06, "grad_norm": 1.125, "peak_allocated": 48806363648}
{"step": 1159, "epoch": 1, "loss": 0.11157591858694578, "lr": 9.501543720021409e-06, "grad_norm": 1.078125, "peak_allocated": 48806363648}
{"step": 1160, "epoch": 1, "loss": 0.15131501995581592, "lr": 9.50038604884117e-06, "grad_norm": 1.4140625, "peak_allocated": 48806363648}
{"step": 1161, "epoch": 1, "loss": 0.10356533528664107, "lr": 9.499227105560134e-06, "grad_norm": 1.0390625, "peak_allocated": 48806363648}
{"step": 1162, "epoch": 1, "loss": 0.13087618113970909, "lr": 9.49806689050589e-06, "grad_norm": 1.328125, "peak_allocated": 48806363648}
{"step": 1163, "epoch": 1, "loss": 0.12068497717788992, "lr": 9.496905404006395e-06, "grad_norm": 1.5078125, "peak_allocated": 48806363648}
{"step": 1164, "epoch": 1, "loss": 0.12218889800519099, "lr": 9.495742646389959e-06, "grad_norm": 1.203125, "peak_allocated": 48806363648}
{"step": 1165, "epoch": 1, "loss": 0.12112094163779871, "lr": 9.49457861798525e-06, "grad_norm": 1.2109375, "peak_allocated": 48806363648}
{"step": 1166, "epoch": 1, "loss": 0.13633745782485604, "lr": 9.493413319121301e-06, "grad_norm": 1.2578125, "peak_allocated": 48806363648}
{"step": 1167, "epoch": 1, "loss": 0.10636699362793725, "lr": 9.4922467501275e-06, "grad_norm": 1.109375, "peak_allocated": 48806363648}
{"step": 1168, "epoch": 1, "loss": 0.10715856680751971, "lr": 9.491078911333596e-06, "grad_norm": 1.109375, "peak_allocated": 48806363648}
{"step": 1169, "epoch": 1, "loss": 0.12876354368885845, "lr": 9.489909803069693e-06, "grad_norm": 1.359375, "peak_allocated": 48806363648}
{"step": 1170, "epoch": 1, "loss": 0.14631388279458832, "lr": 9.488739425666258e-06, "grad_norm": 1.359375, "peak_allocated": 48806363648}
{"step": 1171, "epoch": 1, "loss": 0.10377498391872264, "lr": 9.487567779454116e-06, "grad_norm": 1.1484375, "peak_allocated": 48806363648}
{"step": 1172, "epoch": 1, "loss": 0.11918572757053977, "lr": 9.486394864764452e-06, "grad_norm": 1.203125, "peak_allocated": 48806363648}
{"step": 1173, "epoch": 1, "loss": 0.09916099175712131, "lr": 9.485220681928804e-06, "grad_norm": 1.140625, "peak_allocated": 48806363648}
{"step": 1174, "epoch": 1, "loss": 0.1266902204391338, "lr": 9.484045231279076e-06, "grad_norm": 1.171875, "peak_allocated": 48806363648}
{"step": 1175, "epoch": 1, "loss": 0.11438800529186406, "lr": 9.482868513147523e-06, "grad_norm": 1.15625, "peak_allocated": 48806363648}
{"step": 1176, "epoch": 1, "loss": 0.11912728788771172, "lr": 9.481690527866764e-06, "grad_norm": 1.1484375, "peak_allocated": 48806363648}
{"step": 1177, "epoch": 1, "loss": 0.11350124239538249, "lr": 9.480511275769774e-06, "grad_norm": 1.234375, "peak_allocated": 48806363648}
{"step": 1178, "epoch": 1, "loss": 0.11336867174689184, "lr": 9.479330757189885e-06, "grad_norm": 1.203125, "peak_allocated": 48806363648}
{"step": 1179, "epoch": 1, "loss": 0.17609012052738343, "lr": 9.47814897246079e-06, "grad_norm": 1.5, "peak_allocated": 48806363648}
{"step": 1180, "epoch": 1, "loss": 0.12880434445738567, "lr": 9.476965921916535e-06, "grad_norm": 1.2109375, "peak_allocated": 48806363648}
{"step": 1181, "epoch": 1, "loss": 0.1107564372372258, "lr": 9.475781605891527e-06, "grad_norm": 1.1796875, "peak_allocated": 48806363648}
{"step": 1182, "epoch": 1, "loss": 0.13382930561011264, "lr": 9.474596024720534e-06, "grad_norm": 1.25, "peak_allocated": 48806363648}
{"step": 1183, "epoch": 1, "loss": 0.125295387571834, "lr": 9.473409178738674e-06, "grad_norm": 1.2890625, "peak_allocated": 48806363648}
{"step": 1184, "epoch": 1, "loss": 0.1312434326989744, "lr": 9.472221068281431e-06, "grad_norm": 1.234375, "peak_allocated": 48806363648}
{"step": 1185, "epoch": 1, "loss": 0.16507517982514103, "lr": 9.471031693684638e-06, "grad_norm": 1.28125, "peak_allocated": 48806363648}
{"step": 1186, "epoch": 1, "loss": 0.11511036360362524, "lr": 9.469841055284491e-06, "grad_norm": 1.2890625, "peak_allocated": 48806363648}
{"step": 1187, "epoch": 1, "loss": 0.06756255652126815, "lr": 9.468649153417542e-06, "grad_norm": 1.0703125, "peak_allocated": 48806363648}
{"step": 1188, "epoch": 1, "loss": 0.12456190200492653, "lr": 9.467455988420699e-06, "grad_norm": 1.1484375, "peak_allocated": 48806363648}
{"step": 1189, "epoch": 1, "loss": 0.13379497110505462, "lr": 9.466261560631227e-06, "grad_norm": 1.234375, "peak_allocated": 48806363648}
{"step": 1190, "epoch": 1, "loss": 0.14373182840185197, "lr": 9.46506587038675e-06, "grad_norm": 1.4765625, "peak_allocated": 48806363648}
{"step": 1191, "epoch": 1, "loss": 0.13337804712355136, "lr": 9.463868918025247e-06, "grad_norm": 1.15625, "peak_allocated": 48806363648}
{"step": 1192, "epoch": 1, "loss": 0.11051960526217536, "lr": 9.462670703885055e-06, "grad_norm": 1.203125, "peak_allocated": 48806363648}
{"step": 1193, "epoch": 1, "loss": 0.11413082703921192, "lr": 9.461471228304868e-06, "grad_norm": 1.21875, "peak_allocated": 48806363648}
{"step": 1194, "epoch": 1, "loss": 0.1155766831529992, "lr": 9.460270491623731e-06, "grad_norm": 1.28125, "peak_allocated": 48806363648}
{"step": 1195, "epoch": 1, "loss": 0.11522481191563293, "lr": 9.459068494181056e-06, "grad_norm": 1.3125, "peak_allocated": 48806363648}
{"step": 1196, "epoch": 1, "loss": 0.12070620395356788, "lr": 9.4578652363166e-06, "grad_norm": 1.25, "peak_allocated": 48806363648}
{"step": 1197, "epoch": 1, "loss": 0.10372145828197744, "lr": 9.456660718370485e-06, "grad_norm": 1.0625, "peak_allocated": 48806363648}
{"step": 1198, "epoch": 1, "loss": 0.12137348816341205, "lr": 9.455454940683187e-06, "grad_norm": 1.1640625, "peak_allocated": 48806363648}
{"step": 1199, "epoch": 1, "loss": 0.11346156253036196, "lr": 9.454247903595531e-06, "grad_norm": 1.515625, "peak_allocated": 48806363648}
{"step": 1200, "epoch": 1, "loss": 0.1508372904621396, "lr": 9.45303960744871e-06, "grad_norm": 1.4453125, "peak_allocated": 48806363648}
{"step": 1201, "epoch": 1, "loss": 0.12357597537272838, "lr": 9.451830052584265e-06, "grad_norm": 1.234375, "peak_allocated": 48806363648}
{"step": 1202, "epoch": 1, "loss": 0.13007358249350645, "lr": 9.450619239344095e-06, "grad_norm": 1.265625, "peak_allocated": 48806363648}
{"step": 1203, "epoch": 1, "loss": 0.12150437043993471, "lr": 9.44940716807045e-06, "grad_norm": 1.5, "peak_allocated": 48806363648}
{"step": 1204, "epoch": 1, "loss": 0.12959040360248347, "lr": 9.448193839105945e-06, "grad_norm": 1.2265625, "peak_allocated": 48806363648}
{"step": 1205, "epoch": 1, "loss": 0.11483071902638319, "lr": 9.446979252793546e-06, "grad_norm": 1.0625, "peak_allocated": 48806363648}
{"step": 1206, "epoch": 1, "loss": 0.11155322475851039, "lr": 9.445763409476571e-06, "grad_norm": 1.1171875, "peak_allocated": 48806363648}
{"step": 1207, "epoch": 1, "loss": 0.1117732051072699, "lr": 9.444546309498695e-06, "grad_norm": 1.1328125, "peak_allocated": 48806363648}
{"step": 1208, "epoch": 1, "loss": 0.122278173593895, "lr": 9.443327953203952e-06, "grad_norm": 1.15625, "peak_allocated": 48806363648}
{"step": 1209, "epoch": 1, "loss": 0.14562869589882765, "lr": 9.442108340936727e-06, "grad_norm": 1.390625, "peak_allocated": 48806363648}
{"step": 1210, "epoch": 1, "loss": 0.10949108073185786, "lr": 9.440887473041762e-06, "grad_norm": 1.265625, "peak_allocated": 48806363648}
{"step": 1211, "epoch": 1, "loss": 0.09463986326002269, "lr": 9.439665349864155e-06, "grad_norm": 1.1015625, "peak_allocated": 48806363648}
{"step": 1212, "epoch": 1, "loss": 0.0931305318694964, "lr": 9.438441971749355e-06, "grad_norm": 0.9921875, "peak_allocated": 48806363648}
{"step": 1213, "epoch": 1, "loss": 0.10047091077129575, "lr": 9.437217339043169e-06, "grad_norm": 1.171875, "peak_allocated": 48806363648}
{"step": 1214, "epoch": 1, "loss": 0.12655314817593716, "lr": 9.435991452091756e-06, "grad_norm": 1.171875, "peak_allocated": 48806363648}
{"step": 1215, "epoch": 1, "loss": 0.10973455197315614, "lr": 9.434764311241633e-06, "grad_norm": 1.109375, "peak_allocated": 48806363648}
{"step": 1216, "epoch": 1, "loss": 0.1232083920561371, "lr": 9.43353591683967e-06, "grad_norm": 1.2734375, "peak_allocated": 48806363648}
{"step": 1217, "epoch": 1, "loss": 0.1438450132551559, "lr": 9.432306269233087e-06, "grad_norm": 1.328125, "peak_allocated": 48806363648}
{"step": 1218, "epoch": 1, "loss": 0.11809734819917031, "lr": 9.431075368769467e-06, "grad_norm": 1.2890625, "peak_allocated": 48806363648}
{"step": 1219, "epoch": 1, "loss": 0.0967996215420152, "lr": 9.42984321579674e-06, "grad_norm": 1.078125, "peak_allocated": 48806363648}
{"step": 1220, "epoch": 1, "loss": 0.09750143367246224, "lr": 9.428609810663192e-06, "grad_norm": 1.109375, "peak_allocated": 48806363648}
{"step": 1221, "epoch": 1, "loss": 0.10831160735812513, "lr": 9.427375153717465e-06, "grad_norm": 1.0625, "peak_allocated": 48806363648}
{"step": 1222, "epoch": 1, "loss": 0.12264439277350903, "lr": 9.426139245308549e-06, "grad_norm": 1.2421875, "peak_allocated": 48806363648}
{"step": 1223, "epoch": 1, "loss": 0.11037014320830739, "lr": 9.424902085785797e-06, "grad_norm": 1.0859375, "peak_allocated": 48806363648}
{"step": 1224, "epoch": 1, "loss": 0.1209402569679504, "lr": 9.423663675498907e-06, "grad_norm": 1.3203125, "peak_allocated": 48806363648}
{"step": 1225, "epoch": 1, "loss": 0.13812980066357639, "lr": 9.422424014797934e-06, "grad_norm": 1.4375, "peak_allocated": 48806363648}
{"step": 1226, "epoch": 1, "loss": 0.12095536287384576, "lr": 9.421183104033289e-06, "grad_norm": 1.09375, "peak_allocated": 48806363648}
{"step": 1227, "epoch": 1, "loss": 0.11586926381437636, "lr": 9.419940943555732e-06, "grad_norm": 1.21875, "peak_allocated": 48806363648}
{"step": 1228, "epoch": 1, "loss": 0.10093309981644112, "lr": 9.418697533716377e-06, "grad_norm": 1.125, "peak_allocated": 48806363648}
{"step": 1229, "epoch": 1, "loss": 0.1138030197899795, "lr": 9.417452874866695e-06, "grad_norm": 1.1328125, "peak_allocated": 48806363648}
{"step": 1230, "epoch": 1, "loss": 0.13326091233770385, "lr": 9.416206967358505e-06, "grad_norm": 1.375, "peak_allocated": 48806363648}
{"step": 1231, "epoch": 1, "loss": 0.09749960554939396, "lr": 9.414959811543983e-06, "grad_norm": 1.0, "peak_allocated": 48806363648}
{"step": 1232, "epoch": 1, "loss": 0.12937897613851757, "lr": 9.413711407775655e-06, "grad_norm": 1.3984375, "peak_allocated": 48806363648}
{"step": 1233, "epoch": 1, "loss": 0.11485940849084753, "lr": 9.412461756406402e-06, "grad_norm": 1.2265625, "peak_allocated": 48806363648}
{"step": 1234, "epoch": 1, "loss": 0.1276137138773309, "lr": 9.411210857789452e-06, "grad_norm": 1.4296875, "peak_allocated": 48806363648}
{"step": 1235, "epoch": 1, "loss": 0.12131062068911129, "lr": 9.409958712278398e-06, "grad_norm": 1.125, "peak_allocated": 48806363648}
{"step": 1236, "epoch": 1, "loss": 0.08073166518314151, "lr": 9.40870532022717e-06, "grad_norm": 0.97265625, "peak_allocated": 48806363648}
{"step": 1237, "epoch": 1, "loss": 0.13354226379505005, "lr": 9.40745068199006e-06, "grad_norm": 1.453125, "peak_allocated": 48806363648}
{"step": 1238, "epoch": 1, "loss": 0.13865924534984514, "lr": 9.406194797921713e-06, "grad_norm": 1.375, "peak_allocated": 48806363648}
{"step": 1239, "epoch": 1, "loss": 0.0898819083426898, "lr": 9.40493766837712e-06, "grad_norm": 1.171875, "peak_allocated": 48806363648}
{"step": 1240, "epoch": 1, "loss": 0.1221520959185376, "lr": 9.40367929371163e-06, "grad_norm": 1.328125, "peak_allocated": 48806363648}
{"step": 1241, "epoch": 1, "loss": 0.13497990335113016, "lr": 9.402419674280939e-06, "grad_norm": 1.375, "peak_allocated": 48806363648}
{"step": 1242, "epoch": 1, "loss": 0.11061418814705051, "lr": 9.401158810441096e-06, "grad_norm": 1.0625, "peak_allocated": 48806363648}
{"step": 1243, "epoch": 1, "loss": 0.1673692377432849, "lr": 9.399896702548505e-06, "grad_norm": 1.4140625, "peak_allocated": 48806363648}
{"step": 1244, "epoch": 1, "loss": 0.09983795812724443, "lr": 9.39863335095992e-06, "grad_norm": 1.1328125, "peak_allocated": 48806363648}
{"event": "train_stage", "stage": "validation_loss_complete", "rank": 0, "local_rank": 0, "world_size": 4, "epoch": 2, "val_loss": 0.12554776080775645, "training_seconds": 1609.87, "validation_loss_seconds": 47.61}
{"event": "train_stage", "stage": "validation_gleu_complete", "rank": 0, "local_rank": 0, "world_size": 4, "epoch": 2, "elapsed_seconds": 2887.77, "gleu": 35.865399999999994, "invalid_utf8": 2, "budget_exhausted": 4, "generation_backend": "global-prefix-guarded-greedy-v1", "cache_preliminary_skips": 244055, "cache_guard_refreshes": 5910, "max_rank_peak_allocated_bytes": 48806939648}
{"event": "train_stage", "stage": "checkpoint_published", "rank": 0, "local_rank": 0, "world_size": 4, "checkpoint": "step-00001244-a5fae98b", "best": true}
{"event": "train_stage", "stage": "epoch_complete", "rank": 0, "local_rank": 0, "world_size": 4, "epoch": 2, "global_step": 1244, "selection_metric": "val_gleu", "best": true, "val_loss": 0.12554776080775645, "val_gleu": 35.865399999999994, "elapsed_seconds": 4613.15}
{"step": 1245, "epoch": 2, "loss": 0.11716769349515595, "lr": 9.397368756032445e-06, "grad_norm": 1.125, "peak_allocated": 48806363648}
{"step": 1246, "epoch": 2, "loss": 0.12019279095671398, "lr": 9.396102918123537e-06, "grad_norm": 1.203125, "peak_allocated": 48806363648}
{"step": 1247, "epoch": 2, "loss": 0.08386153250263495, "lr": 9.394835837591004e-06, "grad_norm": 1.0078125, "peak_allocated": 48806363648}
{"step": 1248, "epoch": 2, "loss": 0.08263013848783933, "lr": 9.393567514793004e-06, "grad_norm": 1.1875, "peak_allocated": 48806363648}
{"step": 1249, "epoch": 2, "loss": 0.13811714700433225, "lr": 9.392297950088048e-06, "grad_norm": 1.25, "peak_allocated": 48806363648}
{"step": 1250, "epoch": 2, "loss": 0.13700095580896365, "lr": 9.391027143834996e-06, "grad_norm": 1.1484375, "peak_allocated": 48806363648}
{"step": 1251, "epoch": 2, "loss": 0.11871367151049365, "lr": 9.389755096393062e-06, "grad_norm": 1.171875, "peak_allocated": 48806363648}
{"step": 1252, "epoch": 2, "loss": 0.1355085238917632, "lr": 9.388481808121808e-06, "grad_norm": 1.2578125, "peak_allocated": 48806363648}
{"step": 1253, "epoch": 2, "loss": 0.10956476459133274, "lr": 9.387207279381147e-06, "grad_norm": 1.3125, "peak_allocated": 48806363648}
{"step": 1254, "epoch": 2, "loss": 0.11367417707361178, "lr": 9.385931510531348e-06, "grad_norm": 1.1328125, "peak_allocated": 48806363648}
{"step": 1255, "epoch": 2, "loss": 0.09650532109288264, "lr": 9.38465450193302e-06, "grad_norm": 1.1171875, "peak_allocated": 48806363648}
{"step": 1256, "epoch": 2, "loss": 0.09962362903822568, "lr": 9.38337625394713e-06, "grad_norm": 1.0859375, "peak_allocated": 48806363648}
{"step": 1257, "epoch": 2, "loss": 0.120416148928131, "lr": 9.382096766934996e-06, "grad_norm": 1.1875, "peak_allocated": 48806363648}
{"step": 1258, "epoch": 2, "loss": 0.10248270428593237, "lr": 9.380816041258282e-06, "grad_norm": 1.1171875, "peak_allocated": 48806363648}
{"step": 1259, "epoch": 2, "loss": 0.09414340196544921, "lr": 9.379534077279007e-06, "grad_norm": 0.9296875, "peak_allocated": 48806363648}
{"step": 1260, "epoch": 2, "loss": 0.12249637204244908, "lr": 9.378250875359533e-06, "grad_norm": 1.1875, "peak_allocated": 48806363648}
{"step": 1261, "epoch": 2, "loss": 0.12028090740216796, "lr": 9.376966435862577e-06, "grad_norm": 1.109375, "peak_allocated": 48806363648}
{"step": 1262, "epoch": 2, "loss": 0.13147490709093942, "lr": 9.375680759151206e-06, "grad_norm": 1.2109375, "peak_allocated": 48806363648}
{"step": 1263, "epoch": 2, "loss": 0.10126201754749457, "lr": 9.374393845588838e-06, "grad_norm": 1.125, "peak_allocated": 48806363648}
{"step": 1264, "epoch": 2, "loss": 0.09394769930703839, "lr": 9.373105695539233e-06, "grad_norm": 1.0078125, "peak_allocated": 48806363648}
{"step": 1265, "epoch": 2, "loss": 0.10364642219776851, "lr": 9.371816309366508e-06, "grad_norm": 1.203125, "peak_allocated": 48806363648}
{"step": 1266, "epoch": 2, "loss": 0.1257376803160066, "lr": 9.370525687435128e-06, "grad_norm": 1.234375, "peak_allocated": 48806363648}
{"step": 1267, "epoch": 2, "loss": 0.12646815709009596, "lr": 9.369233830109907e-06, "grad_norm": 1.28125, "peak_allocated": 48806363648}
{"step": 1268, "epoch": 2, "loss": 0.09945189684870506, "lr": 9.367940737756004e-06, "grad_norm": 1.265625, "peak_allocated": 48806363648}
{"step": 1269, "epoch": 2, "loss": 0.1343682222274717, "lr": 9.366646410738934e-06, "grad_norm": 1.3359375, "peak_allocated": 48806363648}
{"step": 1270, "epoch": 2, "loss": 0.10949330219197646, "lr": 9.365350849424557e-06, "grad_norm": 1.28125, "peak_allocated": 48806363648}
{"step": 1271, "epoch": 2, "loss": 0.09761121693074323, "lr": 9.364054054179082e-06, "grad_norm": 1.0078125, "peak_allocated": 48806363648}
{"step": 1272, "epoch": 2, "loss": 0.10209489923020988, "lr": 9.362756025369068e-06, "grad_norm": 1.28125, "peak_allocated": 48806363648}
{"step": 1273, "epoch": 2, "loss": 0.12429655913934659, "lr": 9.361456763361421e-06, "grad_norm": 1.234375, "peak_allocated": 48806363648}
{"step": 1274, "epoch": 2, "loss": 0.11122696014092398, "lr": 9.360156268523399e-06, "grad_norm": 1.3125, "peak_allocated": 48806363648}
{"step": 1275, "epoch": 2, "loss": 0.11022875857833525, "lr": 9.358854541222603e-06, "grad_norm": 1.109375, "peak_allocated": 48806363648}
{"step": 1276, "epoch": 2, "loss": 0.12522205955404636, "lr": 9.357551581826987e-06, "grad_norm": 1.2109375, "peak_allocated": 48806363648}
{"step": 1277, "epoch": 2, "loss": 0.12339655428371478, "lr": 9.356247390704854e-06, "grad_norm": 1.15625, "peak_allocated": 48806363648}
{"step": 1278, "epoch": 2, "loss": 0.1094330989632194, "lr": 9.354941968224849e-06, "grad_norm": 1.234375, "peak_allocated": 48806363648}
{"step": 1279, "epoch": 2, "loss": 0.11573937510378486, "lr": 9.353635314755971e-06, "grad_norm": 1.2734375, "peak_allocated": 48806363648}
{"step": 1280, "epoch": 2, "loss": 0.13083957123289552, "lr": 9.352327430667565e-06, "grad_norm": 1.359375, "peak_allocated": 48806363648}
{"step": 1281, "epoch": 2, "loss": 0.11722488550157471, "lr": 9.351018316329323e-06, "grad_norm": 1.2421875, "peak_allocated": 48806363648}
{"step": 1282, "epoch": 2, "loss": 0.1429120871636544, "lr": 9.349707972111286e-06, "grad_norm": 1.4140625, "peak_allocated": 48806363648}
{"step": 1283, "epoch": 2, "loss": 0.10516478412894481, "lr": 9.348396398383843e-06, "grad_norm": 1.2265625, "peak_allocated": 48806363648}
{"step": 1284, "epoch": 2, "loss": 0.11642639755427778, "lr": 9.347083595517729e-06, "grad_norm": 1.234375, "peak_allocated": 48806363648}
{"step": 1285, "epoch": 2, "loss": 0.13377561750910175, "lr": 9.345769563884029e-06, "grad_norm": 1.3125, "peak_allocated": 48806363648}
{"step": 1286, "epoch": 2, "loss": 0.09766251701638513, "lr": 9.34445430385417e-06, "grad_norm": 1.1640625, "peak_allocated": 48806363648}
{"step": 1287, "epoch": 2, "loss": 0.11220382644725521, "lr": 9.343137815799932e-06, "grad_norm": 1.1953125, "peak_allocated": 48806363648}
{"step": 1288, "epoch": 2, "loss": 0.10572251700769598, "lr": 9.34182010009344e-06, "grad_norm": 1.171875, "peak_allocated": 48806363648}
{"step": 1289, "epoch": 2, "loss": 0.10222630537984682, "lr": 9.340501157107165e-06, "grad_norm": 1.3203125, "peak_allocated": 48806363648}
{"step": 1290, "epoch": 2, "loss": 0.10203741403958623, "lr": 9.339180987213924e-06, "grad_norm": 1.328125, "peak_allocated": 48806363648}
{"step": 1291, "epoch": 2, "loss": 0.08817488430471519, "lr": 9.337859590786887e-06, "grad_norm": 1.1640625, "peak_allocated": 48806363648}
{"step": 1292, "epoch": 2, "loss": 0.12270016878613597, "lr": 9.336536968199563e-06, "grad_norm": 1.4453125, "peak_allocated": 48806363648}
{"step": 1293, "epoch": 2, "loss": 0.10479062015240469, "lr": 9.335213119825813e-06, "grad_norm": 1.1953125, "peak_allocated": 48806363648}
{"step": 1294, "epoch": 2, "loss": 0.11382561094424183, "lr": 9.333888046039838e-06, "grad_norm": 1.3359375, "peak_allocated": 48806363648}
{"step": 1295, "epoch": 2, "loss": 0.09236478135170006, "lr": 9.332561747216195e-06, "grad_norm": 1.1015625, "peak_allocated": 48806363648}
{"step": 1296, "epoch": 2, "loss": 0.1200572948355566, "lr": 9.331234223729781e-06, "grad_norm": 1.3203125, "peak_allocated": 48806363648}
{"step": 1297, "epoch": 2, "loss": 0.1318655453457337, "lr": 9.329905475955838e-06, "grad_norm": 1.5234375, "peak_allocated": 48806363648}
{"step": 1298, "epoch": 2, "loss": 0.11388990008804227, "lr": 9.328575504269956e-06, "grad_norm": 1.1875, "peak_allocated": 48806363648}
{"step": 1299, "epoch": 2, "loss": 0.08918916592851833, "lr": 9.327244309048075e-06, "grad_norm": 1.0390625, "peak_allocated": 48806363648}
{"step": 1300, "epoch": 2, "loss": 0.11187635819502466, "lr": 9.325911890666474e-06, "grad_norm": 1.1796875, "peak_allocated": 48806363648}
{"step": 1301, "epoch": 2, "loss": 0.12080058548639677, "lr": 9.324578249501781e-06, "grad_norm": 1.46875, "peak_allocated": 48806363648}
{"step": 1302, "epoch": 2, "loss": 0.10342166192534684, "lr": 9.323243385930969e-06, "grad_norm": 1.15625, "peak_allocated": 48806363648}
{"step": 1303, "epoch": 2, "loss": 0.0895330377078817, "lr": 9.321907300331358e-06, "grad_norm": 1.0546875, "peak_allocated": 48806363648}
{"step": 1304, "epoch": 2, "loss": 0.11736278951914834, "lr": 9.320569993080613e-06, "grad_norm": 1.34375, "peak_allocated": 48806363648}
{"step": 1305, "epoch": 2, "loss": 0.10591324949450504, "lr": 9.319231464556741e-06, "grad_norm": 1.25, "peak_allocated": 48806363648}
{"step": 1306, "epoch": 2, "loss": 0.09069544937617842, "lr": 9.317891715138101e-06, "grad_norm": 1.3203125, "peak_allocated": 48806363648}
{"step": 1307, "epoch": 2, "loss": 0.11193884777791156, "lr": 9.316550745203391e-06, "grad_norm": 1.25, "peak_allocated": 48806363648}
{"step": 1308, "epoch": 2, "loss": 0.1060890334410988, "lr": 9.315208555131653e-06, "grad_norm": 1.09375, "peak_allocated": 48806363648}
{"step": 1309, "epoch": 2, "loss": 0.09137076462751556, "lr": 9.313865145302283e-06, "grad_norm": 1.1015625, "peak_allocated": 48806363648}
{"step": 1310, "epoch": 2, "loss": 0.11716327066056345, "lr": 9.312520516095012e-06, "grad_norm": 1.78125, "peak_allocated": 48806363648}
{"step": 1311, "epoch": 2, "loss": 0.12442689139015119, "lr": 9.311174667889918e-06, "grad_norm": 1.421875, "peak_allocated": 48806363648}
{"step": 1312, "epoch": 2, "loss": 0.10980262709864097, "lr": 9.309827601067428e-06, "grad_norm": 1.0390625, "peak_allocated": 48806363648}
{"step": 1313, "epoch": 2, "loss": 0.09406354975301515, "lr": 9.30847931600831e-06, "grad_norm": 1.21875, "peak_allocated": 48806363648}
{"step": 1314, "epoch": 2, "loss": 0.11658810292774988, "lr": 9.307129813093674e-06, "grad_norm": 1.2421875, "peak_allocated": 48806363648}
{"step": 1315, "epoch": 2, "loss": 0.13198151361343488, "lr": 9.305779092704979e-06, "grad_norm": 1.34375, "peak_allocated": 48806363648}
{"step": 1316, "epoch": 2, "loss": 0.10562468351413123, "lr": 9.304427155224028e-06, "grad_norm": 1.1953125, "peak_allocated": 48806363648}
{"step": 1317, "epoch": 2, "loss": 0.12820945696749445, "lr": 9.303074001032961e-06, "grad_norm": 1.2890625, "peak_allocated": 48806363648}
{"step": 1318, "epoch": 2, "loss": 0.13044109498928702, "lr": 9.301719630514271e-06, "grad_norm": 1.3203125, "peak_allocated": 48806363648}
{"step": 1319, "epoch": 2, "loss": 0.11941610731534182, "lr": 9.300364044050794e-06, "grad_norm": 1.5234375, "peak_allocated": 48806363648}
{"step": 1320, "epoch": 2, "loss": 0.11230115320956979, "lr": 9.2990072420257e-06, "grad_norm": 1.359375, "peak_allocated": 48806363648}
{"step": 1321, "epoch": 2, "loss": 0.09498696880279843, "lr": 9.297649224822512e-06, "grad_norm": 1.1328125, "peak_allocated": 48806363648}
{"step": 1322, "epoch": 2, "loss": 0.12369972733131639, "lr": 9.296289992825091e-06, "grad_norm": 1.4296875, "peak_allocated": 48806363648}
{"step": 1323, "epoch": 2, "loss": 0.10940507666885645, "lr": 9.29492954641765e-06, "grad_norm": 1.359375, "peak_allocated": 48806363648}
{"step": 1324, "epoch": 2, "loss": 0.12115890913903714, "lr": 9.293567885984735e-06, "grad_norm": 1.3046875, "peak_allocated": 48806363648}
{"step": 1325, "epoch": 2, "loss": 0.11218313693801904, "lr": 9.292205011911243e-06, "grad_norm": 1.2890625, "peak_allocated": 48806363648}
{"step": 1326, "epoch": 2, "loss": 0.12510985895643223, "lr": 9.290840924582405e-06, "grad_norm": 1.3671875, "peak_allocated": 48806363648}
{"step": 1327, "epoch": 2, "loss": 0.11388512713888879, "lr": 9.289475624383804e-06, "grad_norm": 1.4453125, "peak_allocated": 48806363648}
{"step": 1328, "epoch": 2, "loss": 0.1124654281439839, "lr": 9.288109111701362e-06, "grad_norm": 1.2109375, "peak_allocated": 48806363648}
{"step": 1329, "epoch": 2, "loss": 0.13417020796850002, "lr": 9.286741386921344e-06, "grad_norm": 1.359375, "peak_allocated": 48806363648}
{"step": 1330, "epoch": 2, "loss": 0.1264736133384196, "lr": 9.285372450430359e-06, "grad_norm": 1.390625, "peak_allocated": 48806363648}
{"step": 1331, "epoch": 2, "loss": 0.12608621388261038, "lr": 9.284002302615356e-06, "grad_norm": 1.3203125, "peak_allocated": 48806363648}
{"step": 1332, "epoch": 2, "loss": 0.10528262929938721, "lr": 9.282630943863625e-06, "grad_norm": 1.2421875, "peak_allocated": 48806363648}
{"step": 1333, "epoch": 2, "loss": 0.09465288522855027, "lr": 9.281258374562805e-06, "grad_norm": 1.140625, "peak_allocated": 48806363648}
{"step": 1334, "epoch": 2, "loss": 0.10985537040387933, "lr": 9.279884595100871e-06, "grad_norm": 1.28125, "peak_allocated": 48806363648}
{"step": 1335, "epoch": 2, "loss": 0.1315418120438479, "lr": 9.278509605866142e-06, "grad_norm": 1.4609375, "peak_allocated": 48806363648}
{"step": 1336, "epoch": 2, "loss": 0.09055249370030939, "lr": 9.27713340724728e-06, "grad_norm": 1.140625, "peak_allocated": 48806363648}
{"step": 1337, "epoch": 2, "loss": 0.1059493300066713, "lr": 9.275755999633287e-06, "grad_norm": 1.1484375, "peak_allocated": 48806363648}
{"step": 1338, "epoch": 2, "loss": 0.08685563483362456, "lr": 9.274377383413508e-06, "grad_norm": 1.1640625, "peak_allocated": 48806363648}
{"step": 1339, "epoch": 2, "loss": 0.12135829296348226, "lr": 9.272997558977629e-06, "grad_norm": 1.296875, "peak_allocated": 48806363648}
{"step": 1340, "epoch": 2, "loss": 0.11085013529647621, "lr": 9.271616526715681e-06, "grad_norm": 1.375, "peak_allocated": 48806363648}
{"step": 1341, "epoch": 2, "loss": 0.10089966416622898, "lr": 9.270234287018027e-06, "grad_norm": 1.2890625, "peak_allocated": 48806363648}
{"step": 1342, "epoch": 2, "loss": 0.10384049137191435, "lr": 9.268850840275383e-06, "grad_norm": 1.1796875, "peak_allocated": 48806363648}
{"step": 1343, "epoch": 2, "loss": 0.10597728289147355, "lr": 9.2674661868788e-06, "grad_norm": 1.3828125, "peak_allocated": 48806363648}
{"step": 1344, "epoch": 2, "loss": 0.11029011514882835, "lr": 9.266080327219666e-06, "grad_norm": 1.296875, "peak_allocated": 48806363648}
{"step": 1345, "epoch": 2, "loss": 0.13105207355554185, "lr": 9.264693261689722e-06, "grad_norm": 1.2578125, "peak_allocated": 48806363648}
{"step": 1346, "epoch": 2, "loss": 0.1278173361624947, "lr": 9.263304990681035e-06, "grad_norm": 1.296875, "peak_allocated": 48806363648}
{"step": 1347, "epoch": 2, "loss": 0.15633786232601574, "lr": 9.261915514586027e-06, "grad_norm": 1.6171875, "peak_allocated": 48806363648}
{"step": 1348, "epoch": 2, "loss": 0.12518733311147714, "lr": 9.26052483379745e-06, "grad_norm": 1.3515625, "peak_allocated": 48806363648}
{"step": 1349, "epoch": 2, "loss": 0.11382836916360149, "lr": 9.259132948708402e-06, "grad_norm": 1.28125, "peak_allocated": 48806363648}
{"step": 1350, "epoch": 2, "loss": 0.10797585593536496, "lr": 9.25773985971232e-06, "grad_norm": 1.2109375, "peak_allocated": 48806363648}
{"step": 1351, "epoch": 2, "loss": 0.1098806821582569, "lr": 9.256345567202982e-06, "grad_norm": 1.1328125, "peak_allocated": 48806363648}
{"step": 1352, "epoch": 2, "loss": 0.10682374592530781, "lr": 9.254950071574503e-06, "grad_norm": 1.203125, "peak_allocated": 48806363648}
{"step": 1353, "epoch": 2, "loss": 0.10644010601170135, "lr": 9.253553373221343e-06, "grad_norm": 1.1484375, "peak_allocated": 48806363648}
{"step": 1354, "epoch": 2, "loss": 0.11041063584861655, "lr": 9.252155472538298e-06, "grad_norm": 1.3203125, "peak_allocated": 48806363648}
{"step": 1355, "epoch": 2, "loss": 0.10782651885915062, "lr": 9.250756369920505e-06, "grad_norm": 1.3671875, "peak_allocated": 48806363648}
{"step": 1356, "epoch": 2, "loss": 0.07876293185740674, "lr": 9.249356065763444e-06, "grad_norm": 1.0703125, "peak_allocated": 48806363648}
{"step": 1357, "epoch": 2, "loss": 0.1133969236328675, "lr": 9.247954560462929e-06, "grad_norm": 1.15625, "peak_allocated": 48806363648}
{"step": 1358, "epoch": 2, "loss": 0.11073951644215425, "lr": 9.246551854415115e-06, "grad_norm": 1.265625, "peak_allocated": 48806363648}
{"step": 1359, "epoch": 2, "loss": 0.11731843858952033, "lr": 9.2451479480165e-06, "grad_norm": 1.21875, "peak_allocated": 48806363648}
{"step": 1360, "epoch": 2, "loss": 0.1264885685887892, "lr": 9.24374284166392e-06, "grad_norm": 1.5234375, "peak_allocated": 48806363648}
{"step": 1361, "epoch": 2, "loss": 0.13079578117131055, "lr": 9.242336535754546e-06, "grad_norm": 1.4140625, "peak_allocated": 48806363648}
{"step": 1362, "epoch": 2, "loss": 0.11168790848412023, "lr": 9.240929030685894e-06, "grad_norm": 1.2265625, "peak_allocated": 48806363648}
{"step": 1363, "epoch": 2, "loss": 0.10175282594528402, "lr": 9.239520326855813e-06, "grad_norm": 1.09375, "peak_allocated": 48806363648}
{"step": 1364, "epoch": 2, "loss": 0.10879304526044523, "lr": 9.238110424662499e-06, "grad_norm": 1.2890625, "peak_allocated": 48806363648}
{"step": 1365, "epoch": 2, "loss": 0.11940460611266127, "lr": 9.236699324504476e-06, "grad_norm": 1.28125, "peak_allocated": 48806363648}
{"step": 1366, "epoch": 2, "loss": 0.1215876971982253, "lr": 9.235287026780614e-06, "grad_norm": 1.3046875, "peak_allocated": 48806363648}
{"step": 1367, "epoch": 2, "loss": 0.12776597018363844, "lr": 9.233873531890124e-06, "grad_norm": 1.421875, "peak_allocated": 48806363648}
{"step": 1368, "epoch": 2, "loss": 0.13904403227881143, "lr": 9.232458840232547e-06, "grad_norm": 1.46875, "peak_allocated": 48806363648}
{"step": 1369, "epoch": 2, "loss": 0.10307491062104594, "lr": 9.231042952207768e-06, "grad_norm": 1.21875, "peak_allocated": 48806363648}
{"step": 1370, "epoch": 2, "loss": 0.10926480602983069, "lr": 9.229625868216009e-06, "grad_norm": 1.1875, "peak_allocated": 48806363648}
{"step": 1371, "epoch": 2, "loss": 0.11908516531717528, "lr": 9.228207588657827e-06, "grad_norm": 1.5, "peak_allocated": 48806363648}
{"step": 1372, "epoch": 2, "loss": 0.13569576827656404, "lr": 9.226788113934124e-06, "grad_norm": 1.453125, "peak_allocated": 48806363648}
{"step": 1373, "epoch": 2, "loss": 0.10711559488465121, "lr": 9.225367444446134e-06, "grad_norm": 1.296875, "peak_allocated": 48806363648}
{"step": 1374, "epoch": 2, "loss": 0.1087975550784182, "lr": 9.223945580595428e-06, "grad_norm": 1.3984375, "peak_allocated": 48806363648}
{"step": 1375, "epoch": 2, "loss": 0.11348131682764138, "lr": 9.22252252278392e-06, "grad_norm": 1.3203125, "peak_allocated": 48806363648}
{"step": 1376, "epoch": 2, "loss": 0.11592461678523248, "lr": 9.221098271413856e-06, "grad_norm": 1.4375, "peak_allocated": 48806363648}
{"step": 1377, "epoch": 2, "loss": 0.11490608647870183, "lr": 9.219672826887825e-06, "grad_norm": 1.328125, "peak_allocated": 48806363648}
{"step": 1378, "epoch": 2, "loss": 0.1256093142128745, "lr": 9.218246189608745e-06, "grad_norm": 1.3046875, "peak_allocated": 48806363648}
{"step": 1379, "epoch": 2, "loss": 0.08958241904327094, "lr": 9.21681835997988e-06, "grad_norm": 1.109375, "peak_allocated": 48806363648}
{"step": 1380, "epoch": 2, "loss": 0.09121472727511057, "lr": 9.215389338404828e-06, "grad_norm": 1.1171875, "peak_allocated": 48806363648}
{"step": 1381, "epoch": 2, "loss": 0.1273034602852163, "lr": 9.21395912528752e-06, "grad_norm": 1.3125, "peak_allocated": 48806363648}
{"step": 1382, "epoch": 2, "loss": 0.09439815520536639, "lr": 9.212527721032227e-06, "grad_norm": 1.0546875, "peak_allocated": 48806363648}
{"step": 1383, "epoch": 2, "loss": 0.09335190559795592, "lr": 9.21109512604356e-06, "grad_norm": 1.296875, "peak_allocated": 48806363648}
{"step": 1384, "epoch": 2, "loss": 0.13216373643453, "lr": 9.20966134072646e-06, "grad_norm": 1.3359375, "peak_allocated": 48806363648}
{"step": 1385, "epoch": 2, "loss": 0.1267825364539092, "lr": 9.20822636548621e-06, "grad_norm": 1.3203125, "peak_allocated": 48806363648}
{"step": 1386, "epoch": 2, "loss": 0.09276775153736866, "lr": 9.206790200728423e-06, "grad_norm": 1.0859375, "peak_allocated": 48806363648}
{"step": 1387, "epoch": 2, "loss": 0.1398655741169172, "lr": 9.205352846859057e-06, "grad_norm": 1.4453125, "peak_allocated": 48806363648}
{"step": 1388, "epoch": 2, "loss": 0.10311181771167499, "lr": 9.203914304284401e-06, "grad_norm": 1.171875, "peak_allocated": 48806363648}
{"step": 1389, "epoch": 2, "loss": 0.11835919982046077, "lr": 9.202474573411076e-06, "grad_norm": 1.34375, "peak_allocated": 48806363648}
{"step": 1390, "epoch": 2, "loss": 0.1151911806285403, "lr": 9.201033654646048e-06, "grad_norm": 1.265625, "peak_allocated": 48806363648}
{"step": 1391, "epoch": 2, "loss": 0.10531818225075111, "lr": 9.19959154839661e-06, "grad_norm": 1.21875, "peak_allocated": 48806363648}
{"step": 1392, "epoch": 2, "loss": 0.11695977098665597, "lr": 9.198148255070398e-06, "grad_norm": 1.421875, "peak_allocated": 48806363648}
{"step": 1393, "epoch": 2, "loss": 0.11267112734510679, "lr": 9.19670377507538e-06, "grad_norm": 1.25, "peak_allocated": 48806363648}
{"step": 1394, "epoch": 2, "loss": 0.12253605881636118, "lr": 9.195258108819858e-06, "grad_norm": 1.3828125, "peak_allocated": 48806363648}
{"step": 1395, "epoch": 2, "loss": 0.10458171946591723, "lr": 9.193811256712471e-06, "grad_norm": 1.1953125, "peak_allocated": 48806363648}
{"step": 1396, "epoch": 2, "loss": 0.11349759986023943, "lr": 9.192363219162193e-06, "grad_norm": 1.2890625, "peak_allocated": 48806363648}
{"step": 1397, "epoch": 2, "loss": 0.09514735942346507, "lr": 9.190913996578335e-06, "grad_norm": 1.1640625, "peak_allocated": 48806363648}
{"step": 1398, "epoch": 2, "loss": 0.1312999194880251, "lr": 9.18946358937054e-06, "grad_norm": 1.671875, "peak_allocated": 48806363648}
{"step": 1399, "epoch": 2, "loss": 0.11320179274756145, "lr": 9.18801199794879e-06, "grad_norm": 1.15625, "peak_allocated": 48806363648}
{"step": 1400, "epoch": 2, "loss": 0.08591906764646555, "lr": 9.186559222723394e-06, "grad_norm": 1.0, "peak_allocated": 48806363648}
{"step": 1401, "epoch": 2, "loss": 0.10182546628945073, "lr": 9.185105264105003e-06, "grad_norm": 1.15625, "peak_allocated": 48806363648}
{"step": 1402, "epoch": 2, "loss": 0.08269927881960717, "lr": 9.1836501225046e-06, "grad_norm": 1.1953125, "peak_allocated": 48806363648}
{"step": 1403, "epoch": 2, "loss": 0.11169347451706993, "lr": 9.1821937983335e-06, "grad_norm": 1.3046875, "peak_allocated": 48806363648}
{"step": 1404, "epoch": 2, "loss": 0.10163909411086008, "lr": 9.18073629200336e-06, "grad_norm": 1.3046875, "peak_allocated": 48806363648}
{"step": 1405, "epoch": 2, "loss": 0.1270259796766834, "lr": 9.17927760392616e-06, "grad_norm": 1.53125, "peak_allocated": 48806363648}
{"step": 1406, "epoch": 2, "loss": 0.12873000817100758, "lr": 9.177817734514222e-06, "grad_norm": 1.359375, "peak_allocated": 48806363648}
{"step": 1407, "epoch": 2, "loss": 0.09209350177479188, "lr": 9.176356684180201e-06, "grad_norm": 1.25, "peak_allocated": 48806363648}
{"step": 1408, "epoch": 2, "loss": 0.10116644972206626, "lr": 9.174894453337085e-06, "grad_norm": 1.34375, "peak_allocated": 48806363648}
{"step": 1409, "epoch": 2, "loss": 0.09504789848741191, "lr": 9.173431042398191e-06, "grad_norm": 1.1640625, "peak_allocated": 48806363648}
{"step": 1410, "epoch": 2, "loss": 0.10137614501885069, "lr": 9.171966451777177e-06, "grad_norm": 1.2421875, "peak_allocated": 48806363648}
{"step": 1411, "epoch": 2, "loss": 0.10849528621713803, "lr": 9.170500681888031e-06, "grad_norm": 1.25, "peak_allocated": 48806363648}
{"step": 1412, "epoch": 2, "loss": 0.10492124700557967, "lr": 9.169033733145075e-06, "grad_norm": 1.25, "peak_allocated": 48806363648}
{"step": 1413, "epoch": 2, "loss": 0.09277103845954653, "lr": 9.16756560596296e-06, "grad_norm": 1.109375, "peak_allocated": 48806363648}
{"step": 1414, "epoch": 2, "loss": 0.10932811556108521, "lr": 9.166096300756679e-06, "grad_norm": 1.2578125, "peak_allocated": 48806363648}
{"step": 1415, "epoch": 2, "loss": 0.11484322618559031, "lr": 9.164625817941552e-06, "grad_norm": 1.3203125, "peak_allocated": 48806363648}
{"step": 1416, "epoch": 2, "loss": 0.1013895869791794, "lr": 9.16315415793323e-06, "grad_norm": 1.125, "peak_allocated": 48806363648}
{"step": 1417, "epoch": 2, "loss": 0.11288074294219036, "lr": 9.1616813211477e-06, "grad_norm": 1.3125, "peak_allocated": 48806363648}
{"step": 1418, "epoch": 2, "loss": 0.0971421049842049, "lr": 9.160207308001285e-06, "grad_norm": 1.0703125, "peak_allocated": 48806363648}
{"step": 1419, "epoch": 2, "loss": 0.10280729584761034, "lr": 9.158732118910632e-06, "grad_norm": 1.09375, "peak_allocated": 48806363648}
{"step": 1420, "epoch": 2, "loss": 0.13320179188746226, "lr": 9.157255754292726e-06, "grad_norm": 1.5703125, "peak_allocated": 48806363648}
{"step": 1421, "epoch": 2, "loss": 0.12563775163899, "lr": 9.155778214564887e-06, "grad_norm": 1.3828125, "peak_allocated": 48806363648}
{"step": 1422, "epoch": 2, "loss": 0.09119682416550062, "lr": 9.154299500144758e-06, "grad_norm": 1.3515625, "peak_allocated": 48806363648}
{"step": 1423, "epoch": 2, "loss": 0.1338723976048225, "lr": 9.152819611450325e-06, "grad_norm": 1.46875, "peak_allocated": 48806363648}
{"step": 1424, "epoch": 2, "loss": 0.09180976036660819, "lr": 9.151338548899897e-06, "grad_norm": 1.1875, "peak_allocated": 48806363648}
{"step": 1425, "epoch": 2, "loss": 0.12505017020734113, "lr": 9.149856312912117e-06, "grad_norm": 1.4765625, "peak_allocated": 48806363648}
{"step": 1426, "epoch": 2, "loss": 0.10192978860013668, "lr": 9.148372903905965e-06, "grad_norm": 1.0703125, "peak_allocated": 48806363648}
{"step": 1427, "epoch": 2, "loss": 0.10287530996596306, "lr": 9.146888322300747e-06, "grad_norm": 1.234375, "peak_allocated": 48806363648}
{"step": 1428, "epoch": 2, "loss": 0.1383244905864787, "lr": 9.1454025685161e-06, "grad_norm": 1.2421875, "peak_allocated": 48806363648}
{"step": 1429, "epoch": 2, "loss": 0.12933440265051532, "lr": 9.143915642971997e-06, "grad_norm": 1.4140625, "peak_allocated": 48806363648}
{"step": 1430, "epoch": 2, "loss": 0.106919468343193, "lr": 9.142427546088737e-06, "grad_norm": 1.25, "peak_allocated": 48806363648}
{"step": 1431, "epoch": 2, "loss": 0.1085985747385558, "lr": 9.140938278286955e-06, "grad_norm": 1.296875, "peak_allocated": 48806363648}
{"step": 1432, "epoch": 2, "loss": 0.1010667642564753, "lr": 9.139447839987613e-06, "grad_norm": 1.25, "peak_allocated": 48806363648}
{"step": 1433, "epoch": 2, "loss": 0.10607426893162265, "lr": 9.137956231612006e-06, "grad_norm": 1.2734375, "peak_allocated": 48806363648}
{"step": 1434, "epoch": 2, "loss": 0.11990390363932218, "lr": 9.13646345358176e-06, "grad_norm": 1.4765625, "peak_allocated": 48806363648}
{"step": 1435, "epoch": 2, "loss": 0.1176565970589979, "lr": 9.13496950631883e-06, "grad_norm": 1.515625, "peak_allocated": 48806363648}
{"step": 1436, "epoch": 2, "loss": 0.1328438071336162, "lr": 9.133474390245503e-06, "grad_norm": 1.6796875, "peak_allocated": 48806363648}
{"step": 1437, "epoch": 2, "loss": 0.1162244608690213, "lr": 9.131978105784395e-06, "grad_norm": 1.46875, "peak_allocated": 48806363648}
{"step": 1438, "epoch": 2, "loss": 0.120005861567718, "lr": 9.130480653358451e-06, "grad_norm": 1.3125, "peak_allocated": 48806363648}
{"step": 1439, "epoch": 2, "loss": 0.08698172199908855, "lr": 9.128982033390951e-06, "grad_norm": 1.0859375, "peak_allocated": 48806363648}
{"step": 1440, "epoch": 2, "loss": 0.11726792040195504, "lr": 9.127482246305503e-06, "grad_norm": 1.15625, "peak_allocated": 48806363648}
{"step": 1441, "epoch": 2, "loss": 0.10649797663184031, "lr": 9.12598129252604e-06, "grad_norm": 1.2734375, "peak_allocated": 48806363648}
{"step": 1442, "epoch": 2, "loss": 0.09757753609782167, "lr": 9.124479172476835e-06, "grad_norm": 1.1796875, "peak_allocated": 48806363648}
{"step": 1443, "epoch": 2, "loss": 0.10569185951903051, "lr": 9.122975886582478e-06, "grad_norm": 1.3046875, "peak_allocated": 48806363648}
{"step": 1444, "epoch": 2, "loss": 0.10814129948384181, "lr": 9.121471435267898e-06, "grad_norm": 1.1875, "peak_allocated": 48806363648}
{"step": 1445, "epoch": 2, "loss": 0.1107238171836663, "lr": 9.11996581895835e-06, "grad_norm": 1.171875, "peak_allocated": 48806363648}
{"step": 1446, "epoch": 2, "loss": 0.11304915336951347, "lr": 9.11845903807942e-06, "grad_norm": 1.3125, "peak_allocated": 48806363648}
{"step": 1447, "epoch": 2, "loss": 0.11330588347892326, "lr": 9.11695109305702e-06, "grad_norm": 1.234375, "peak_allocated": 48806363648}
{"step": 1448, "epoch": 2, "loss": 0.10914853092443803, "lr": 9.115441984317394e-06, "grad_norm": 1.4375, "peak_allocated": 48806363648}
{"step": 1449, "epoch": 2, "loss": 0.13500593681161283, "lr": 9.113931712287116e-06, "grad_norm": 1.3046875, "peak_allocated": 48806363648}
{"step": 1450, "epoch": 2, "loss": 0.1087359120679086, "lr": 9.112420277393083e-06, "grad_norm": 1.265625, "peak_allocated": 48806363648}
{"step": 1451, "epoch": 2, "loss": 0.1095201224786632, "lr": 9.110907680062525e-06, "grad_norm": 1.25, "peak_allocated": 48806363648}
{"step": 1452, "epoch": 2, "loss": 0.11645848887271118, "lr": 9.109393920723001e-06, "grad_norm": 1.2578125, "peak_allocated": 48806363648}
{"step": 1453, "epoch": 2, "loss": 0.12820785622561018, "lr": 9.107878999802401e-06, "grad_norm": 1.375, "peak_allocated": 48806363648}
{"step": 1454, "epoch": 2, "loss": 0.09884496886454719, "lr": 9.106362917728933e-06, "grad_norm": 1.25, "peak_allocated": 48806363648}
{"step": 1455, "epoch": 2, "loss": 0.12208015807768284, "lr": 9.104845674931146e-06, "grad_norm": 1.3671875, "peak_allocated": 48806363648}
{"step": 1456, "epoch": 2, "loss": 0.13019774924737937, "lr": 9.103327271837908e-06, "grad_norm": 1.375, "peak_allocated": 48806363648}
{"step": 1457, "epoch": 2, "loss": 0.10634225247235134, "lr": 9.101807708878418e-06, "grad_norm": 1.296875, "peak_allocated": 48806363648}
{"step": 1458, "epoch": 2, "loss": 0.091191979479396, "lr": 9.100286986482206e-06, "grad_norm": 1.109375, "peak_allocated": 48806363648}
{"step": 1459, "epoch": 2, "loss": 0.12310334731553203, "lr": 9.098765105079122e-06, "grad_norm": 1.296875, "peak_allocated": 48806363648}
{"step": 1460, "epoch": 2, "loss": 0.10019172162539104, "lr": 9.097242065099352e-06, "grad_norm": 1.1640625, "peak_allocated": 48806363648}
{"step": 1461, "epoch": 2, "loss": 0.10623383694070622, "lr": 9.095717866973404e-06, "grad_norm": 1.1796875, "peak_allocated": 48806363648}
{"step": 1462, "epoch": 2, "loss": 0.11225594023192564, "lr": 9.094192511132117e-06, "grad_norm": 1.265625, "peak_allocated": 48806363648}
{"step": 1463, "epoch": 2, "loss": 0.13268050084294933, "lr": 9.092665998006654e-06, "grad_norm": 1.53125, "peak_allocated": 48806363648}
{"step": 1464, "epoch": 2, "loss": 0.09035160826447414, "lr": 9.091138328028505e-06, "grad_norm": 1.1015625, "peak_allocated": 48806363648}
{"step": 1465, "epoch": 2, "loss": 0.12332349314567555, "lr": 9.089609501629493e-06, "grad_norm": 1.5, "peak_allocated": 48806363648}
{"step": 1466, "epoch": 2, "loss": 0.11496647900534267, "lr": 9.088079519241759e-06, "grad_norm": 1.234375, "peak_allocated": 48806363648}
{"step": 1467, "epoch": 2, "loss": 0.11946067678026197, "lr": 9.086548381297778e-06, "grad_norm": 1.3984375, "peak_allocated": 48806363648}
{"step": 1468, "epoch": 2, "loss": 0.08518720797895202, "lr": 9.085016088230349e-06, "grad_norm": 1.3125, "peak_allocated": 48806363648}
{"step": 1469, "epoch": 2, "loss": 0.11834119098105779, "lr": 9.083482640472594e-06, "grad_norm": 1.3671875, "peak_allocated": 48806363648}
{"step": 1470, "epoch": 2, "loss": 0.13864394122004878, "lr": 9.081948038457969e-06, "grad_norm": 1.3671875, "peak_allocated": 48806363648}
{"step": 1471, "epoch": 2, "loss": 0.12820839695077155, "lr": 9.080412282620247e-06, "grad_norm": 1.578125, "peak_allocated": 48806363648}
{"step": 1472, "epoch": 2, "loss": 0.11408172274535845, "lr": 9.078875373393538e-06, "grad_norm": 1.65625, "peak_allocated": 48806363648}
{"step": 1473, "epoch": 2, "loss": 0.13174836733084186, "lr": 9.077337311212268e-06, "grad_norm": 1.359375, "peak_allocated": 48806363648}
{"step": 1474, "epoch": 2, "loss": 0.08495456849402355, "lr": 9.075798096511195e-06, "grad_norm": 1.1875, "peak_allocated": 48806363648}
{"step": 1475, "epoch": 2, "loss": 0.11380058365016864, "lr": 9.074257729725399e-06, "grad_norm": 1.3203125, "peak_allocated": 48806363648}
{"step": 1476, "epoch": 2, "loss": 0.11898776220852597, "lr": 9.07271621129029e-06, "grad_norm": 1.3359375, "peak_allocated": 48806363648}
{"step": 1477, "epoch": 2, "loss": 0.09142164275656957, "lr": 9.0711735416416e-06, "grad_norm": 1.2265625, "peak_allocated": 48806363648}
{"step": 1478, "epoch": 2, "loss": 0.10077794429673118, "lr": 9.069629721215384e-06, "grad_norm": 1.140625, "peak_allocated": 48806363648}
{"step": 1479, "epoch": 2, "loss": 0.1290677311204685, "lr": 9.068084750448032e-06, "grad_norm": 1.4140625, "peak_allocated": 48806363648}
{"step": 1480, "epoch": 2, "loss": 0.1437030777772138, "lr": 9.06653862977625e-06, "grad_norm": 1.609375, "peak_allocated": 48806363648}
{"step": 1481, "epoch": 2, "loss": 0.13387515037735795, "lr": 9.06499135963707e-06, "grad_norm": 1.484375, "peak_allocated": 48806363648}
{"step": 1482, "epoch": 2, "loss": 0.10503425989441684, "lr": 9.063442940467853e-06, "grad_norm": 1.2421875, "peak_allocated": 48806363648}
{"step": 1483, "epoch": 2, "loss": 0.11136309934151285, "lr": 9.06189337270628e-06, "grad_norm": 1.1484375, "peak_allocated": 48806363648}
{"step": 1484, "epoch": 2, "loss": 0.10812838449054919, "lr": 9.060342656790364e-06, "grad_norm": 1.53125, "peak_allocated": 48806363648}
{"step": 1485, "epoch": 2, "loss": 0.10439197865086444, "lr": 9.058790793158434e-06, "grad_norm": 1.1796875, "peak_allocated": 48806363648}
{"step": 1486, "epoch": 2, "loss": 0.12281205070648425, "lr": 9.05723778224915e-06, "grad_norm": 1.3046875, "peak_allocated": 48806363648}
{"step": 1487, "epoch": 2, "loss": 0.09681013554375804, "lr": 9.05568362450149e-06, "grad_norm": 1.1796875, "peak_allocated": 48806363648}
{"step": 1488, "epoch": 2, "loss": 0.11485449991054905, "lr": 9.054128320354762e-06, "grad_norm": 1.3203125, "peak_allocated": 48806363648}
{"step": 1489, "epoch": 2, "loss": 0.10472014028984948, "lr": 9.052571870248597e-06, "grad_norm": 1.2734375, "peak_allocated": 48806363648}
{"step": 1490, "epoch": 2, "loss": 0.09039061981236826, "lr": 9.051014274622947e-06, "grad_norm": 1.140625, "peak_allocated": 48806363648}
{"step": 1491, "epoch": 2, "loss": 0.08096699789268944, "lr": 9.049455533918088e-06, "grad_norm": 1.171875, "peak_allocated": 48806363648}
{"step": 1492, "epoch": 2, "loss": 0.11553965699579717, "lr": 9.047895648574623e-06, "grad_norm": 1.3671875, "peak_allocated": 48806363648}
{"step": 1493, "epoch": 2, "loss": 0.11506714259658582, "lr": 9.046334619033479e-06, "grad_norm": 1.4140625, "peak_allocated": 48806363648}
{"step": 1494, "epoch": 2, "loss": 0.10423489562874179, "lr": 9.044772445735898e-06, "grad_norm": 1.3828125, "peak_allocated": 48806363648}
{"step": 1495, "epoch": 2, "loss": 0.11842631115390741, "lr": 9.043209129123457e-06, "grad_norm": 1.328125, "peak_allocated": 48806363648}
{"step": 1496, "epoch": 2, "loss": 0.10499598644152622, "lr": 9.041644669638048e-06, "grad_norm": 1.140625, "peak_allocated": 48806363648}
{"step": 1497, "epoch": 2, "loss": 0.10668210558160618, "lr": 9.04007906772189e-06, "grad_norm": 1.4609375, "peak_allocated": 48806363648}
{"step": 1498, "epoch": 2, "loss": 0.12144993545225063, "lr": 9.038512323817522e-06, "grad_norm": 1.390625, "peak_allocated": 48806363648}
{"step": 1499, "epoch": 2, "loss": 0.11903308685892379, "lr": 9.036944438367809e-06, "grad_norm": 1.4609375, "peak_allocated": 48806363648}
{"step": 1500, "epoch": 2, "loss": 0.09271470393333389, "lr": 9.035375411815936e-06, "grad_norm": 1.234375, "peak_allocated": 48806363648}
{"event": "train_stage", "stage": "checkpoint_published", "rank": 0, "local_rank": 0, "world_size": 4, "checkpoint": "step-00001500-6142b5f1", "best": false}
{"step": 1501, "epoch": 2, "loss": 0.10042371624625843, "lr": 9.033805244605412e-06, "grad_norm": 1.2265625, "peak_allocated": 48806363648}
{"step": 1502, "epoch": 2, "loss": 0.10447742083288815, "lr": 9.032233937180068e-06, "grad_norm": 1.203125, "peak_allocated": 48806363648}
{"step": 1503, "epoch": 2, "loss": 0.08410413939186633, "lr": 9.030661489984058e-06, "grad_norm": 1.3515625, "peak_allocated": 48806363648}
{"step": 1504, "epoch": 2, "loss": 0.11599972329502664, "lr": 9.029087903461854e-06, "grad_norm": 1.3828125, "peak_allocated": 48806363648}
{"step": 1505, "epoch": 2, "loss": 0.11695212654692791, "lr": 9.02751317805826e-06, "grad_norm": 1.4375, "peak_allocated": 48806363648}
{"step": 1506, "epoch": 2, "loss": 0.10865918213259866, "lr": 9.025937314218389e-06, "grad_norm": 1.3359375, "peak_allocated": 48806363648}
{"step": 1507, "epoch": 2, "loss": 0.11048481764470916, "lr": 9.024360312387687e-06, "grad_norm": 1.359375, "peak_allocated": 48806363648}
{"step": 1508, "epoch": 2, "loss": 0.09693703897564387, "lr": 9.022782173011914e-06, "grad_norm": 1.203125, "peak_allocated": 48806363648}
{"step": 1509, "epoch": 2, "loss": 0.10709663678266823, "lr": 9.021202896537156e-06, "grad_norm": 1.3359375, "peak_allocated": 48806363648}
{"step": 1510, "epoch": 2, "loss": 0.11443232991364609, "lr": 9.019622483409819e-06, "grad_norm": 1.5703125, "peak_allocated": 48806363648}
{"step": 1511, "epoch": 2, "loss": 0.10195930731474355, "lr": 9.018040934076626e-06, "grad_norm": 1.2109375, "peak_allocated": 48806363648}
{"step": 1512, "epoch": 2, "loss": 0.11772458959859476, "lr": 9.016458248984633e-06, "grad_norm": 1.2578125, "peak_allocated": 48806363648}
{"step": 1513, "epoch": 2, "loss": 0.13066519354222275, "lr": 9.014874428581203e-06, "grad_norm": 1.546875, "peak_allocated": 48806363648}
{"step": 1514, "epoch": 2, "loss": 0.13374400842427805, "lr": 9.013289473314029e-06, "grad_norm": 1.5234375, "peak_allocated": 48806363648}
{"step": 1515, "epoch": 2, "loss": 0.1294630944447592, "lr": 9.011703383631122e-06, "grad_norm": 1.390625, "peak_allocated": 48806363648}
{"step": 1516, "epoch": 2, "loss": 0.1236992052584633, "lr": 9.010116159980813e-06, "grad_norm": 1.5, "peak_allocated": 48806363648}
{"step": 1517, "epoch": 2, "loss": 0.11700693233464687, "lr": 9.008527802811755e-06, "grad_norm": 1.2578125, "peak_allocated": 48806363648}
{"step": 1518, "epoch": 2, "loss": 0.10738536259180036, "lr": 9.00693831257292e-06, "grad_norm": 1.1484375, "peak_allocated": 48806363648}
{"step": 1519, "epoch": 2, "loss": 0.10882627307216078, "lr": 9.005347689713601e-06, "grad_norm": 1.203125, "peak_allocated": 48806363648}
{"step": 1520, "epoch": 2, "loss": 0.11784282571431828, "lr": 9.003755934683414e-06, "grad_norm": 1.3359375, "peak_allocated": 48806363648}
{"step": 1521, "epoch": 2, "loss": 0.10487786814014727, "lr": 9.002163047932287e-06, "grad_norm": 1.1015625, "peak_allocated": 48806363648}
{"step": 1522, "epoch": 2, "loss": 0.11373876119311964, "lr": 9.000569029910478e-06, "grad_norm": 1.1796875, "peak_allocated": 48806363648}
{"step": 1523, "epoch": 2, "loss": 0.10641120080959408, "lr": 8.998973881068556e-06, "grad_norm": 1.328125, "peak_allocated": 48806363648}
{"step": 1524, "epoch": 2, "loss": 0.10478427419584477, "lr": 8.997377601857412e-06, "grad_norm": 1.390625, "peak_allocated": 48806363648}
{"step": 1525, "epoch": 2, "loss": 0.11018089233494856, "lr": 8.995780192728266e-06, "grad_norm": 1.296875, "peak_allocated": 48806363648}
{"step": 1526, "epoch": 2, "loss": 0.08829531152564785, "lr": 8.994181654132643e-06, "grad_norm": 0.9453125, "peak_allocated": 48806939648}
{"step": 1527, "epoch": 2, "loss": 0.08587116826200487, "lr": 8.992581986522393e-06, "grad_norm": 1.0625, "peak_allocated": 48806939648}
{"step": 1528, "epoch": 2, "loss": 0.08966961523756155, "lr": 8.990981190349688e-06, "grad_norm": 1.1953125, "peak_allocated": 48806939648}
{"step": 1529, "epoch": 2, "loss": 0.10804797113819378, "lr": 8.989379266067018e-06, "grad_norm": 1.1875, "peak_allocated": 48806939648}
{"step": 1530, "epoch": 2, "loss": 0.12895016326436431, "lr": 8.987776214127188e-06, "grad_norm": 1.5703125, "peak_allocated": 48806939648}
{"step": 1531, "epoch": 2, "loss": 0.12098964876322835, "lr": 8.986172034983325e-06, "grad_norm": 1.390625, "peak_allocated": 48806939648}
{"step": 1532, "epoch": 2, "loss": 0.13171773929262395, "lr": 8.984566729088875e-06, "grad_norm": 1.3984375, "peak_allocated": 48806939648}
{"step": 1533, "epoch": 2, "loss": 0.11492695163563175, "lr": 8.9829602968976e-06, "grad_norm": 1.34375, "peak_allocated": 48806939648}
{"step": 1534, "epoch": 2, "loss": 0.110889871201155, "lr": 8.981352738863584e-06, "grad_norm": 1.40625, "peak_allocated": 48806939648}
{"step": 1535, "epoch": 2, "loss": 0.10922717948642252, "lr": 8.979744055441225e-06, "grad_norm": 1.359375, "peak_allocated": 48806939648}
{"step": 1536, "epoch": 2, "loss": 0.11787816677164795, "lr": 8.978134247085243e-06, "grad_norm": 1.21875, "peak_allocated": 48806939648}
{"step": 1537, "epoch": 2, "loss": 0.08777391006534599, "lr": 8.976523314250673e-06, "grad_norm": 1.046875, "peak_allocated": 48806939648}
{"step": 1538, "epoch": 2, "loss": 0.09438660450704157, "lr": 8.974911257392868e-06, "grad_norm": 1.390625, "peak_allocated": 48806939648}
{"step": 1539, "epoch": 2, "loss": 0.13106535203889147, "lr": 8.973298076967503e-06, "grad_norm": 1.4609375, "peak_allocated": 48806939648}
{"step": 1540, "epoch": 2, "loss": 0.10525390807944426, "lr": 8.971683773430564e-06, "grad_norm": 1.265625, "peak_allocated": 48806939648}
{"step": 1541, "epoch": 2, "loss": 0.13139154524261967, "lr": 8.970068347238358e-06, "grad_norm": 1.4609375, "peak_allocated": 48806939648}
{"step": 1542, "epoch": 2, "loss": 0.09830726861931798, "lr": 8.968451798847513e-06, "grad_norm": 1.140625, "peak_allocated": 48806939648}
{"step": 1543, "epoch": 2, "loss": 0.105939786566835, "lr": 8.966834128714967e-06, "grad_norm": 1.2578125, "peak_allocated": 48806939648}
{"step": 1544, "epoch": 2, "loss": 0.10900317363804493, "lr": 8.965215337297979e-06, "grad_norm": 1.3828125, "peak_allocated": 48806939648}
{"step": 1545, "epoch": 2, "loss": 0.11651006235182924, "lr": 8.963595425054123e-06, "grad_norm": 1.4140625, "peak_allocated": 48806939648}
{"step": 1546, "epoch": 2, "loss": 0.11001876705046142, "lr": 8.961974392441295e-06, "grad_norm": 1.3671875, "peak_allocated": 48806939648}
{"step": 1547, "epoch": 2, "loss": 0.1302855201643956, "lr": 8.9603522399177e-06, "grad_norm": 1.4375, "peak_allocated": 48806939648}
{"step": 1548, "epoch": 2, "loss": 0.10375792626972803, "lr": 8.958728967941867e-06, "grad_norm": 1.1484375, "peak_allocated": 48806939648}
{"step": 1549, "epoch": 2, "loss": 0.12745777384345666, "lr": 8.957104576972633e-06, "grad_norm": 1.2890625, "peak_allocated": 48806939648}
{"step": 1550, "epoch": 2, "loss": 0.11260310198672027, "lr": 8.955479067469161e-06, "grad_norm": 1.15625, "peak_allocated": 48806939648}
{"step": 1551, "epoch": 2, "loss": 0.10832056999861106, "lr": 8.953852439890924e-06, "grad_norm": 1.1875, "peak_allocated": 48806939648}
{"step": 1552, "epoch": 2, "loss": 0.11719160464419072, "lr": 8.952224694697712e-06, "grad_norm": 1.1953125, "peak_allocated": 48806939648}
{"step": 1553, "epoch": 2, "loss": 0.11088522273922033, "lr": 8.95059583234963e-06, "grad_norm": 1.2734375, "peak_allocated": 48806939648}
{"step": 1554, "epoch": 2, "loss": 0.11628992541885508, "lr": 8.9489658533071e-06, "grad_norm": 1.2265625, "peak_allocated": 48806939648}
{"step": 1555, "epoch": 2, "loss": 0.09717463563686071, "lr": 8.947334758030862e-06, "grad_norm": 1.2734375, "peak_allocated": 48806939648}
{"step": 1556, "epoch": 2, "loss": 0.15795355712376533, "lr": 8.94570254698197e-06, "grad_norm": 1.453125, "peak_allocated": 48806939648}
{"step": 1557, "epoch": 2, "loss": 0.10577772311634305, "lr": 8.944069220621788e-06, "grad_norm": 1.1484375, "peak_allocated": 48806939648}
{"step": 1558, "epoch": 2, "loss": 0.10486586197063548, "lr": 8.942434779412004e-06, "grad_norm": 1.1796875, "peak_allocated": 48806939648}
{"step": 1559, "epoch": 2, "loss": 0.11691051634592399, "lr": 8.940799223814616e-06, "grad_norm": 1.4921875, "peak_allocated": 48806939648}
{"step": 1560, "epoch": 2, "loss": 0.13312993848515342, "lr": 8.939162554291937e-06, "grad_norm": 1.390625, "peak_allocated": 48806939648}
{"step": 1561, "epoch": 2, "loss": 0.1176828183259619, "lr": 8.937524771306599e-06, "grad_norm": 1.421875, "peak_allocated": 48806939648}
{"step": 1562, "epoch": 2, "loss": 0.0924811042833662, "lr": 8.93588587532154e-06, "grad_norm": 1.0, "peak_allocated": 48806939648}
{"step": 1563, "epoch": 2, "loss": 0.12509360583713514, "lr": 8.934245866800023e-06, "grad_norm": 1.296875, "peak_allocated": 48806939648}
{"step": 1564, "epoch": 2, "loss": 0.10191389918400434, "lr": 8.932604746205619e-06, "grad_norm": 1.2890625, "peak_allocated": 48806939648}
{"step": 1565, "epoch": 2, "loss": 0.10646524742496902, "lr": 8.930962514002216e-06, "grad_norm": 1.296875, "peak_allocated": 48806939648}
{"step": 1566, "epoch": 2, "loss": 0.13004398358969418, "lr": 8.929319170654013e-06, "grad_norm": 1.265625, "peak_allocated": 48806939648}
{"step": 1567, "epoch": 2, "loss": 0.09244150185932395, "lr": 8.927674716625526e-06, "grad_norm": 0.95703125, "peak_allocated": 48806939648}
{"step": 1568, "epoch": 2, "loss": 0.10818559933542589, "lr": 8.92602915238159e-06, "grad_norm": 1.28125, "peak_allocated": 48806939648}
{"step": 1569, "epoch": 2, "loss": 0.09920604722782411, "lr": 8.924382478387339e-06, "grad_norm": 1.3359375, "peak_allocated": 48806939648}
{"step": 1570, "epoch": 2, "loss": 0.10986824240439716, "lr": 8.922734695108235e-06, "grad_norm": 1.2734375, "peak_allocated": 48806939648}
{"step": 1571, "epoch": 2, "loss": 0.08963973699800837, "lr": 8.921085803010047e-06, "grad_norm": 1.140625, "peak_allocated": 48806939648}
{"step": 1572, "epoch": 2, "loss": 0.13411424243213538, "lr": 8.919435802558863e-06, "grad_norm": 1.3046875, "peak_allocated": 48806939648}
{"step": 1573, "epoch": 2, "loss": 0.11298400085587883, "lr": 8.917784694221072e-06, "grad_norm": 1.203125, "peak_allocated": 48806939648}
{"step": 1574, "epoch": 2, "loss": 0.12409334470691558, "lr": 8.91613247846339e-06, "grad_norm": 1.328125, "peak_allocated": 48806939648}
{"step": 1575, "epoch": 2, "loss": 0.11967529415673263, "lr": 8.914479155752837e-06, "grad_norm": 1.3125, "peak_allocated": 48806939648}
{"step": 1576, "epoch": 2, "loss": 0.13237104597017504, "lr": 8.912824726556755e-06, "grad_norm": 1.328125, "peak_allocated": 48806939648}
{"step": 1577, "epoch": 2, "loss": 0.13776407537879887, "lr": 8.911169191342785e-06, "grad_norm": 1.5234375, "peak_allocated": 48806939648}
{"step": 1578, "epoch": 2, "loss": 0.11638782468867766, "lr": 8.909512550578894e-06, "grad_norm": 1.140625, "peak_allocated": 48806939648}
{"step": 1579, "epoch": 2, "loss": 0.10251952550136802, "lr": 8.907854804733356e-06, "grad_norm": 1.296875, "peak_allocated": 48806939648}
{"step": 1580, "epoch": 2, "loss": 0.10965363165212626, "lr": 8.906195954274755e-06, "grad_norm": 1.2421875, "peak_allocated": 48806939648}
{"step": 1581, "epoch": 2, "loss": 0.08588455642929926, "lr": 8.90453599967199e-06, "grad_norm": 0.9765625, "peak_allocated": 48806939648}
{"step": 1582, "epoch": 2, "loss": 0.10950194080986736, "lr": 8.902874941394272e-06, "grad_norm": 1.203125, "peak_allocated": 48806939648}
{"step": 1583, "epoch": 2, "loss": 0.11498803533974324, "lr": 8.901212779911124e-06, "grad_norm": 1.3359375, "peak_allocated": 48806939648}
{"step": 1584, "epoch": 2, "loss": 0.11185985653696891, "lr": 8.899549515692382e-06, "grad_norm": 1.21875, "peak_allocated": 48806939648}
{"step": 1585, "epoch": 2, "loss": 0.08762880410628182, "lr": 8.89788514920819e-06, "grad_norm": 1.0390625, "peak_allocated": 48806939648}
{"step": 1586, "epoch": 2, "loss": 0.1199458097150295, "lr": 8.896219680929007e-06, "grad_norm": 1.09375, "peak_allocated": 48806939648}
{"step": 1587, "epoch": 2, "loss": 0.09867345717402319, "lr": 8.8945531113256e-06, "grad_norm": 1.2578125, "peak_allocated": 48806939648}
{"step": 1588, "epoch": 2, "loss": 0.11193525513577729, "lr": 8.892885440869056e-06, "grad_norm": 1.359375, "peak_allocated": 48806939648}
{"step": 1589, "epoch": 2, "loss": 0.09730982141321437, "lr": 8.89121667003076e-06, "grad_norm": 1.203125, "peak_allocated": 48806939648}
{"step": 1590, "epoch": 2, "loss": 0.10478426498263883, "lr": 8.889546799282416e-06, "grad_norm": 1.46875, "peak_allocated": 48806939648}
{"step": 1591, "epoch": 2, "loss": 0.08653514504526211, "lr": 8.887875829096042e-06, "grad_norm": 1.1328125, "peak_allocated": 48806939648}
{"step": 1592, "epoch": 2, "loss": 0.1337847994205463, "lr": 8.886203759943958e-06, "grad_norm": 1.4765625, "peak_allocated": 48806939648}
{"step": 1593, "epoch": 2, "loss": 0.13465147940646974, "lr": 8.8845305922988e-06, "grad_norm": 1.625, "peak_allocated": 48806939648}
{"step": 1594, "epoch": 2, "loss": 0.08702485804511696, "lr": 8.882856326633515e-06, "grad_norm": 0.984375, "peak_allocated": 48806939648}
{"step": 1595, "epoch": 2, "loss": 0.0698831382080316, "lr": 8.881180963421357e-06, "grad_norm": 1.1875, "peak_allocated": 48806939648}
{"step": 1596, "epoch": 2, "loss": 0.11217808207705009, "lr": 8.879504503135895e-06, "grad_norm": 1.2421875, "peak_allocated": 48806939648}
{"step": 1597, "epoch": 2, "loss": 0.10032961597314186, "lr": 8.877826946251003e-06, "grad_norm": 1.1328125, "peak_allocated": 48806939648}
{"step": 1598, "epoch": 2, "loss": 0.12160210671267879, "lr": 8.876148293240868e-06, "grad_norm": 1.5625, "peak_allocated": 48806939648}
{"step": 1599, "epoch": 2, "loss": 0.10152149401854302, "lr": 8.874468544579984e-06, "grad_norm": 1.2890625, "peak_allocated": 48806939648}
{"step": 1600, "epoch": 2, "loss": 0.1153797730948289, "lr": 8.872787700743161e-06, "grad_norm": 1.3671875, "peak_allocated": 48806939648}
{"step": 1601, "epoch": 2, "loss": 0.10539300800891796, "lr": 8.871105762205514e-06, "grad_norm": 1.3515625, "peak_allocated": 48806939648}
{"step": 1602, "epoch": 2, "loss": 0.11775195240345396, "lr": 8.869422729442465e-06, "grad_norm": 1.2578125, "peak_allocated": 48806939648}
{"step": 1603, "epoch": 2, "loss": 0.11483892155788346, "lr": 8.86773860292975e-06, "grad_norm": 1.4375, "peak_allocated": 48806939648}
{"step": 1604, "epoch": 2, "loss": 0.1078163580628054, "lr": 8.86605338314341e-06, "grad_norm": 1.2421875, "peak_allocated": 48806939648}
{"step": 1605, "epoch": 2, "loss": 0.09272776237860295, "lr": 8.8643670705598e-06, "grad_norm": 1.1953125, "peak_allocated": 48806939648}
{"step": 1606, "epoch": 2, "loss": 0.10240657540555667, "lr": 8.862679665655582e-06, "grad_norm": 1.40625, "peak_allocated": 48806939648}
{"step": 1607, "epoch": 2, "loss": 0.13877219928181228, "lr": 8.860991168907722e-06, "grad_norm": 1.53125, "peak_allocated": 48806939648}
{"step": 1608, "epoch": 2, "loss": 0.08282793865671281, "lr": 8.859301580793502e-06, "grad_norm": 0.9921875, "peak_allocated": 48806939648}
{"step": 1609, "epoch": 2, "loss": 0.12476898254198998, "lr": 8.857610901790507e-06, "grad_norm": 1.296875, "peak_allocated": 48806939648}
{"step": 1610, "epoch": 2, "loss": 0.11376099386619866, "lr": 8.855919132376636e-06, "grad_norm": 1.4921875, "peak_allocated": 48806939648}
{"step": 1611, "epoch": 2, "loss": 0.11063207905717602, "lr": 8.854226273030088e-06, "grad_norm": 1.421875, "peak_allocated": 48806939648}
{"step": 1612, "epoch": 2, "loss": 0.11408373962806513, "lr": 8.852532324229379e-06, "grad_norm": 1.2265625, "peak_allocated": 48806939648}
{"step": 1613, "epoch": 2, "loss": 0.09320950234977449, "lr": 8.850837286453324e-06, "grad_norm": 1.1015625, "peak_allocated": 48806939648}
{"step": 1614, "epoch": 2, "loss": 0.11311559056405697, "lr": 8.849141160181056e-06, "grad_norm": 1.2265625, "peak_allocated": 48806939648}
{"step": 1615, "epoch": 2, "loss": 0.12694152652257415, "lr": 8.847443945892008e-06, "grad_norm": 1.4609375, "peak_allocated": 48806939648}
{"step": 1616, "epoch": 2, "loss": 0.11342927780475442, "lr": 8.84574564406592e-06, "grad_norm": 1.328125, "peak_allocated": 48806939648}
{"step": 1617, "epoch": 2, "loss": 0.10200058220033267, "lr": 8.844046255182844e-06, "grad_norm": 1.328125, "peak_allocated": 48806939648}
{"step": 1618, "epoch": 2, "loss": 0.1370099187608603, "lr": 8.84234577972314e-06, "grad_norm": 1.5, "peak_allocated": 48806939648}
{"step": 1619, "epoch": 2, "loss": 0.11625145274435089, "lr": 8.84064421816747e-06, "grad_norm": 1.3671875, "peak_allocated": 48806939648}
{"step": 1620, "epoch": 2, "loss": 0.1012129774628674, "lr": 8.838941570996804e-06, "grad_norm": 1.0390625, "peak_allocated": 48806939648}
{"step": 1621, "epoch": 2, "loss": 0.10042766252528428, "lr": 8.837237838692426e-06, "grad_norm": 1.1875, "peak_allocated": 48806939648}
{"step": 1622, "epoch": 2, "loss": 0.09680630939246683, "lr": 8.835533021735915e-06, "grad_norm": 1.078125, "peak_allocated": 48806939648}
{"step": 1623, "epoch": 2, "loss": 0.09497708371555202, "lr": 8.833827120609166e-06, "grad_norm": 1.140625, "peak_allocated": 48806939648}
{"step": 1624, "epoch": 2, "loss": 0.12199769750743815, "lr": 8.832120135794377e-06, "grad_norm": 1.4296875, "peak_allocated": 48806939648}
{"step": 1625, "epoch": 2, "loss": 0.11035391028215001, "lr": 8.830412067774053e-06, "grad_norm": 1.2265625, "peak_allocated": 48806939648}
{"step": 1626, "epoch": 2, "loss": 0.12422642293209035, "lr": 8.828702917031002e-06, "grad_norm": 1.3515625, "peak_allocated": 48806939648}
{"step": 1627, "epoch": 2, "loss": 0.12720562760586754, "lr": 8.826992684048345e-06, "grad_norm": 1.3671875, "peak_allocated": 48806939648}
{"step": 1628, "epoch": 2, "loss": 0.0908210704374338, "lr": 8.825281369309502e-06, "grad_norm": 1.3359375, "peak_allocated": 48806939648}
{"step": 1629, "epoch": 2, "loss": 0.11208274508609287, "lr": 8.8235689732982e-06, "grad_norm": 1.328125, "peak_allocated": 48806939648}
{"step": 1630, "epoch": 2, "loss": 0.11761020108165114, "lr": 8.821855496498477e-06, "grad_norm": 1.3515625, "peak_allocated": 48806939648}
{"step": 1631, "epoch": 2, "loss": 0.11417623120883291, "lr": 8.82014093939467e-06, "grad_norm": 1.2578125, "peak_allocated": 48806939648}
{"step": 1632, "epoch": 2, "loss": 0.08671270044221771, "lr": 8.818425302471425e-06, "grad_norm": 1.2265625, "peak_allocated": 48806939648}
{"step": 1633, "epoch": 2, "loss": 0.09653577566425954, "lr": 8.816708586213691e-06, "grad_norm": 1.0703125, "peak_allocated": 48806939648}
{"step": 1634, "epoch": 2, "loss": 0.08858491379351924, "lr": 8.814990791106725e-06, "grad_norm": 1.34375, "peak_allocated": 48806939648}
{"step": 1635, "epoch": 2, "loss": 0.08117767606257997, "lr": 8.813271917636086e-06, "grad_norm": 1.0546875, "peak_allocated": 48806939648}
{"step": 1636, "epoch": 2, "loss": 0.08027051121370408, "lr": 8.811551966287639e-06, "grad_norm": 1.1171875, "peak_allocated": 48806939648}
{"step": 1637, "epoch": 2, "loss": 0.09466761346684645, "lr": 8.809830937547554e-06, "grad_norm": 1.2265625, "peak_allocated": 48806939648}
{"step": 1638, "epoch": 2, "loss": 0.07438251306636465, "lr": 8.808108831902306e-06, "grad_norm": 1.1484375, "peak_allocated": 48806939648}
{"step": 1639, "epoch": 2, "loss": 0.11392178374992146, "lr": 8.806385649838673e-06, "grad_norm": 1.3671875, "peak_allocated": 48806939648}
{"step": 1640, "epoch": 2, "loss": 0.10448350685255774, "lr": 8.804661391843739e-06, "grad_norm": 1.3203125, "peak_allocated": 48806939648}
{"step": 1641, "epoch": 2, "loss": 0.11968395779283983, "lr": 8.802936058404889e-06, "grad_norm": 1.4765625, "peak_allocated": 48806939648}
{"step": 1642, "epoch": 2, "loss": 0.10638874932065036, "lr": 8.801209650009813e-06, "grad_norm": 1.4765625, "peak_allocated": 48806939648}
{"step": 1643, "epoch": 2, "loss": 0.11573035938194105, "lr": 8.799482167146511e-06, "grad_norm": 1.515625, "peak_allocated": 48806939648}
{"step": 1644, "epoch": 2, "loss": 0.11089381929057647, "lr": 8.797753610303278e-06, "grad_norm": 1.234375, "peak_allocated": 48806939648}
{"step": 1645, "epoch": 2, "loss": 0.12131257160154592, "lr": 8.796023979968717e-06, "grad_norm": 1.4140625, "peak_allocated": 48806939648}
{"step": 1646, "epoch": 2, "loss": 0.08609320411020006, "lr": 8.794293276631734e-06, "grad_norm": 1.15625, "peak_allocated": 48806939648}
{"step": 1647, "epoch": 2, "loss": 0.10913299779436993, "lr": 8.792561500781536e-06, "grad_norm": 1.203125, "peak_allocated": 48806939648}
{"step": 1648, "epoch": 2, "loss": 0.10701126057844827, "lr": 8.790828652907636e-06, "grad_norm": 1.28125, "peak_allocated": 48806939648}
{"step": 1649, "epoch": 2, "loss": 0.10060983762035475, "lr": 8.789094733499852e-06, "grad_norm": 1.1640625, "peak_allocated": 48806939648}
{"step": 1650, "epoch": 2, "loss": 0.09877646090012834, "lr": 8.787359743048299e-06, "grad_norm": 1.3203125, "peak_allocated": 48806939648}
{"step": 1651, "epoch": 2, "loss": 0.10734705557598498, "lr": 8.785623682043398e-06, "grad_norm": 1.2265625, "peak_allocated": 48806939648}
{"step": 1652, "epoch": 2, "loss": 0.12191407333447225, "lr": 8.783886550975873e-06, "grad_norm": 1.609375, "peak_allocated": 48806939648}
{"step": 1653, "epoch": 2, "loss": 0.1139544192757981, "lr": 8.78214835033675e-06, "grad_norm": 1.78125, "peak_allocated": 48806939648}
{"step": 1654, "epoch": 2, "loss": 0.0971042901976647, "lr": 8.780409080617356e-06, "grad_norm": 1.1484375, "peak_allocated": 48806939648}
{"step": 1655, "epoch": 2, "loss": 0.10186668862329507, "lr": 8.778668742309324e-06, "grad_norm": 1.2109375, "peak_allocated": 48806939648}
{"step": 1656, "epoch": 2, "loss": 0.09058089975974681, "lr": 8.776927335904584e-06, "grad_norm": 1.0859375, "peak_allocated": 48806939648}
{"step": 1657, "epoch": 2, "loss": 0.10835216395406735, "lr": 8.77518486189537e-06, "grad_norm": 1.1640625, "peak_allocated": 48806939648}
{"step": 1658, "epoch": 2, "loss": 0.12420053202249655, "lr": 8.773441320774218e-06, "grad_norm": 1.359375, "peak_allocated": 48806939648}
{"step": 1659, "epoch": 2, "loss": 0.12546850415863522, "lr": 8.771696713033968e-06, "grad_norm": 1.265625, "peak_allocated": 48806939648}
{"step": 1660, "epoch": 2, "loss": 0.10819537311478258, "lr": 8.769951039167759e-06, "grad_norm": 1.265625, "peak_allocated": 48806939648}
{"step": 1661, "epoch": 2, "loss": 0.13233804793499018, "lr": 8.76820429966903e-06, "grad_norm": 1.4453125, "peak_allocated": 48806939648}
{"step": 1662, "epoch": 2, "loss": 0.1208747686810126, "lr": 8.76645649503152e-06, "grad_norm": 1.2578125, "peak_allocated": 48806939648}
{"step": 1663, "epoch": 2, "loss": 0.09300807770946852, "lr": 8.76470762574928e-06, "grad_norm": 1.234375, "peak_allocated": 48806939648}
{"step": 1664, "epoch": 2, "loss": 0.09876927159262526, "lr": 8.762957692316646e-06, "grad_norm": 1.2890625, "peak_allocated": 48806939648}
{"step": 1665, "epoch": 2, "loss": 0.11613080268626676, "lr": 8.761206695228268e-06, "grad_norm": 1.296875, "peak_allocated": 48806939648}
{"step": 1666, "epoch": 2, "loss": 0.11737470369952614, "lr": 8.759454634979088e-06, "grad_norm": 1.4375, "peak_allocated": 48806939648}
{"step": 1667, "epoch": 2, "loss": 0.09883431172541653, "lr": 8.757701512064351e-06, "grad_norm": 1.171875, "peak_allocated": 48806939648}
{"step": 1668, "epoch": 2, "loss": 0.10745279416793743, "lr": 8.755947326979607e-06, "grad_norm": 1.21875, "peak_allocated": 48806939648}
{"step": 1669, "epoch": 2, "loss": 0.10945254701568871, "lr": 8.7541920802207e-06, "grad_norm": 1.296875, "peak_allocated": 48806939648}
{"step": 1670, "epoch": 2, "loss": 0.11341852235462897, "lr": 8.752435772283777e-06, "grad_norm": 1.3203125, "peak_allocated": 48806939648}
{"step": 1671, "epoch": 2, "loss": 0.11716887418012183, "lr": 8.750678403665283e-06, "grad_norm": 1.3125, "peak_allocated": 48806939648}
{"step": 1672, "epoch": 2, "loss": 0.09141247318440529, "lr": 8.748919974861966e-06, "grad_norm": 1.359375, "peak_allocated": 48806939648}
{"step": 1673, "epoch": 2, "loss": 0.10800431005867689, "lr": 8.747160486370872e-06, "grad_norm": 1.15625, "peak_allocated": 48806939648}
{"step": 1674, "epoch": 2, "loss": 0.11637818317621078, "lr": 8.745399938689346e-06, "grad_norm": 1.2734375, "peak_allocated": 48806939648}
{"step": 1675, "epoch": 2, "loss": 0.09351545782794873, "lr": 8.743638332315033e-06, "grad_norm": 1.0078125, "peak_allocated": 48806939648}
{"step": 1676, "epoch": 2, "loss": 0.10081524547820593, "lr": 8.741875667745876e-06, "grad_norm": 1.2109375, "peak_allocated": 48806939648}
{"step": 1677, "epoch": 2, "loss": 0.11407347674723511, "lr": 8.74011194548012e-06, "grad_norm": 1.2734375, "peak_allocated": 48806939648}
{"step": 1678, "epoch": 2, "loss": 0.1358425252235028, "lr": 8.738347166016307e-06, "grad_norm": 1.75, "peak_allocated": 48806939648}
{"step": 1679, "epoch": 2, "loss": 0.1230527247296147, "lr": 8.736581329853276e-06, "grad_norm": 1.3984375, "peak_allocated": 48806939648}
{"step": 1680, "epoch": 2, "loss": 0.10138404991496638, "lr": 8.73481443749017e-06, "grad_norm": 1.3046875, "peak_allocated": 48806939648}
{"step": 1681, "epoch": 2, "loss": 0.11064700428388226, "lr": 8.733046489426425e-06, "grad_norm": 1.3671875, "peak_allocated": 48806939648}
{"step": 1682, "epoch": 2, "loss": 0.09851219456388177, "lr": 8.731277486161778e-06, "grad_norm": 1.09375, "peak_allocated": 48806939648}
{"step": 1683, "epoch": 2, "loss": 0.0994198153435393, "lr": 8.729507428196264e-06, "grad_norm": 1.375, "peak_allocated": 48806939648}
{"step": 1684, "epoch": 2, "loss": 0.09261664535437604, "lr": 8.727736316030218e-06, "grad_norm": 1.109375, "peak_allocated": 48806939648}
{"step": 1685, "epoch": 2, "loss": 0.12334090023002815, "lr": 8.725964150164268e-06, "grad_norm": 1.390625, "peak_allocated": 48806939648}
{"step": 1686, "epoch": 2, "loss": 0.1121152954548824, "lr": 8.724190931099346e-06, "grad_norm": 1.1875, "peak_allocated": 48806939648}
{"step": 1687, "epoch": 2, "loss": 0.11366883929212016, "lr": 8.722416659336677e-06, "grad_norm": 1.5703125, "peak_allocated": 48806939648}
{"step": 1688, "epoch": 2, "loss": 0.0901549736841002, "lr": 8.720641335377782e-06, "grad_norm": 1.3203125, "peak_allocated": 48806939648}
{"step": 1689, "epoch": 2, "loss": 0.1291123305636248, "lr": 8.71886495972449e-06, "grad_norm": 1.3515625, "peak_allocated": 48806939648}
{"step": 1690, "epoch": 2, "loss": 0.11156020758595567, "lr": 8.717087532878914e-06, "grad_norm": 1.1171875, "peak_allocated": 48806939648}
{"step": 1691, "epoch": 2, "loss": 0.11321087546411168, "lr": 8.715309055343473e-06, "grad_norm": 1.28125, "peak_allocated": 48806939648}
{"step": 1692, "epoch": 2, "loss": 0.0863349278608488, "lr": 8.713529527620877e-06, "grad_norm": 1.1875, "peak_allocated": 48806939648}
{"step": 1693, "epoch": 2, "loss": 0.10038150644602334, "lr": 8.711748950214138e-06, "grad_norm": 1.2890625, "peak_allocated": 48806939648}
{"step": 1694, "epoch": 2, "loss": 0.08392432300103378, "lr": 8.709967323626565e-06, "grad_norm": 1.078125, "peak_allocated": 48806939648}
{"step": 1695, "epoch": 2, "loss": 0.12024604770894658, "lr": 8.708184648361754e-06, "grad_norm": 1.421875, "peak_allocated": 48806939648}
{"step": 1696, "epoch": 2, "loss": 0.0795732243182941, "lr": 8.706400924923614e-06, "grad_norm": 1.0625, "peak_allocated": 48806939648}
{"step": 1697, "epoch": 2, "loss": 0.11532745717556467, "lr": 8.704616153816333e-06, "grad_norm": 1.359375, "peak_allocated": 48806939648}
{"step": 1698, "epoch": 2, "loss": 0.09867947865765432, "lr": 8.702830335544407e-06, "grad_norm": 1.3203125, "peak_allocated": 48806939648}
{"step": 1699, "epoch": 2, "loss": 0.12014088974208288, "lr": 8.701043470612623e-06, "grad_norm": 1.421875, "peak_allocated": 48806939648}
{"step": 1700, "epoch": 2, "loss": 0.11276890179386913, "lr": 8.699255559526063e-06, "grad_norm": 1.4296875, "peak_allocated": 48806939648}
{"step": 1701, "epoch": 2, "loss": 0.11350764582970706, "lr": 8.69746660279011e-06, "grad_norm": 1.28125, "peak_allocated": 48806939648}
{"step": 1702, "epoch": 2, "loss": 0.11372177000797974, "lr": 8.695676600910438e-06, "grad_norm": 1.4609375, "peak_allocated": 48806939648}
{"step": 1703, "epoch": 2, "loss": 0.14844085740405893, "lr": 8.693885554393015e-06, "grad_norm": 1.65625, "peak_allocated": 48806939648}
{"step": 1704, "epoch": 2, "loss": 0.1262425905921546, "lr": 8.692093463744112e-06, "grad_norm": 1.40625, "peak_allocated": 48806939648}
{"step": 1705, "epoch": 2, "loss": 0.1019196850479289, "lr": 8.690300329470284e-06, "grad_norm": 1.1875, "peak_allocated": 48806939648}
{"step": 1706, "epoch": 2, "loss": 0.09830382475262468, "lr": 8.68850615207839e-06, "grad_norm": 1.1796875, "peak_allocated": 48806939648}
{"step": 1707, "epoch": 2, "loss": 0.09607338705733671, "lr": 8.686710932075582e-06, "grad_norm": 1.203125, "peak_allocated": 48806939648}
{"step": 1708, "epoch": 2, "loss": 0.11436354196466426, "lr": 8.684914669969304e-06, "grad_norm": 1.3671875, "peak_allocated": 48806939648}
{"step": 1709, "epoch": 2, "loss": 0.11921066473094753, "lr": 8.683117366267297e-06, "grad_norm": 1.296875, "peak_allocated": 48806939648}
{"step": 1710, "epoch": 2, "loss": 0.08726627079274836, "lr": 8.681319021477592e-06, "grad_norm": 1.15625, "peak_allocated": 48806939648}
{"step": 1711, "epoch": 2, "loss": 0.1043734548432349, "lr": 8.679519636108524e-06, "grad_norm": 1.1875, "peak_allocated": 48806939648}
{"step": 1712, "epoch": 2, "loss": 0.15102056341760342, "lr": 8.677719210668709e-06, "grad_norm": 1.5859375, "peak_allocated": 48806939648}
{"step": 1713, "epoch": 2, "loss": 0.1100343507908147, "lr": 8.67591774566707e-06, "grad_norm": 1.2578125, "peak_allocated": 48806939648}
{"step": 1714, "epoch": 2, "loss": 0.08650215043190781, "lr": 8.674115241612814e-06, "grad_norm": 1.1796875, "peak_allocated": 48806939648}
{"step": 1715, "epoch": 2, "loss": 0.11076811161097556, "lr": 8.672311699015447e-06, "grad_norm": 1.375, "peak_allocated": 48806939648}
{"step": 1716, "epoch": 2, "loss": 0.1145629167635299, "lr": 8.670507118384767e-06, "grad_norm": 1.265625, "peak_allocated": 48806939648}
{"step": 1717, "epoch": 2, "loss": 0.11479559051902763, "lr": 8.668701500230865e-06, "grad_norm": 1.28125, "peak_allocated": 48806939648}
{"step": 1718, "epoch": 2, "loss": 0.11993985519420584, "lr": 8.666894845064126e-06, "grad_norm": 1.21875, "peak_allocated": 48806939648}
{"step": 1719, "epoch": 2, "loss": 0.10361112715016632, "lr": 8.665087153395228e-06, "grad_norm": 1.25, "peak_allocated": 48806939648}
{"step": 1720, "epoch": 2, "loss": 0.11830251228484197, "lr": 8.663278425735141e-06, "grad_norm": 1.4453125, "peak_allocated": 48806939648}
{"step": 1721, "epoch": 2, "loss": 0.12692461354572906, "lr": 8.66146866259513e-06, "grad_norm": 1.3671875, "peak_allocated": 48806939648}
{"step": 1722, "epoch": 2, "loss": 0.09807609610730877, "lr": 8.65965786448675e-06, "grad_norm": 1.2421875, "peak_allocated": 48806939648}
{"step": 1723, "epoch": 2, "loss": 0.09986378550010229, "lr": 8.657846031921852e-06, "grad_norm": 1.125, "peak_allocated": 48806939648}
{"step": 1724, "epoch": 2, "loss": 0.11377375156265876, "lr": 8.656033165412575e-06, "grad_norm": 1.3046875, "peak_allocated": 48806939648}
{"step": 1725, "epoch": 2, "loss": 0.101891916357913, "lr": 8.654219265471353e-06, "grad_norm": 1.21875, "peak_allocated": 48806939648}
{"step": 1726, "epoch": 2, "loss": 0.13480491437627792, "lr": 8.652404332610914e-06, "grad_norm": 1.484375, "peak_allocated": 48806939648}
{"step": 1727, "epoch": 2, "loss": 0.08807901568604594, "lr": 8.650588367344271e-06, "grad_norm": 1.1015625, "peak_allocated": 48806939648}
{"step": 1728, "epoch": 2, "loss": 0.12190634252418815, "lr": 8.648771370184736e-06, "grad_norm": 1.3671875, "peak_allocated": 48806939648}
{"step": 1729, "epoch": 2, "loss": 0.08486926278850178, "lr": 8.646953341645913e-06, "grad_norm": 1.1796875, "peak_allocated": 48806939648}
{"step": 1730, "epoch": 2, "loss": 0.13153009851306083, "lr": 8.645134282241692e-06, "grad_norm": 1.3828125, "peak_allocated": 48806939648}
{"step": 1731, "epoch": 2, "loss": 0.08242451062253064, "lr": 8.643314192486256e-06, "grad_norm": 1.1171875, "peak_allocated": 48806939648}
{"step": 1732, "epoch": 2, "loss": 0.10078157173929277, "lr": 8.641493072894081e-06, "grad_norm": 1.109375, "peak_allocated": 48806939648}
{"step": 1733, "epoch": 2, "loss": 0.10791478302015167, "lr": 8.639670923979935e-06, "grad_norm": 1.21875, "peak_allocated": 48806939648}
{"step": 1734, "epoch": 2, "loss": 0.1155348918842953, "lr": 8.637847746258877e-06, "grad_norm": 1.2734375, "peak_allocated": 48806939648}
{"step": 1735, "epoch": 2, "loss": 0.10042351272898149, "lr": 8.636023540246248e-06, "grad_norm": 1.375, "peak_allocated": 48806939648}
{"step": 1736, "epoch": 2, "loss": 0.13221014966601619, "lr": 8.634198306457693e-06, "grad_norm": 1.3203125, "peak_allocated": 48806939648}
{"step": 1737, "epoch": 2, "loss": 0.09313744746291344, "lr": 8.632372045409142e-06, "grad_norm": 1.0859375, "peak_allocated": 48806939648}
{"step": 1738, "epoch": 2, "loss": 0.14888486440545504, "lr": 8.63054475761681e-06, "grad_norm": 1.65625, "peak_allocated": 48806939648}
{"step": 1739, "epoch": 2, "loss": 0.11373505717541539, "lr": 8.628716443597212e-06, "grad_norm": 1.0546875, "peak_allocated": 48806939648}
{"step": 1740, "epoch": 2, "loss": 0.12493113846469464, "lr": 8.626887103867144e-06, "grad_norm": 1.4453125, "peak_allocated": 48806939648}
{"step": 1741, "epoch": 2, "loss": 0.11840748105404411, "lr": 8.625056738943697e-06, "grad_norm": 1.28125, "peak_allocated": 48806939648}
{"step": 1742, "epoch": 2, "loss": 0.10177775790879896, "lr": 8.623225349344252e-06, "grad_norm": 1.3125, "peak_allocated": 48806939648}
{"step": 1743, "epoch": 2, "loss": 0.10898773471874684, "lr": 8.62139293558648e-06, "grad_norm": 1.2734375, "peak_allocated": 48806939648}
{"step": 1744, "epoch": 2, "loss": 0.11099049005294713, "lr": 8.619559498188334e-06, "grad_norm": 1.453125, "peak_allocated": 48806939648}
{"step": 1745, "epoch": 2, "loss": 0.1191443076379256, "lr": 8.617725037668069e-06, "grad_norm": 1.25, "peak_allocated": 48806939648}
{"step": 1746, "epoch": 2, "loss": 0.09340557003143005, "lr": 8.615889554544219e-06, "grad_norm": 1.09375, "peak_allocated": 48806939648}
{"step": 1747, "epoch": 2, "loss": 0.07435866802744293, "lr": 8.61405304933561e-06, "grad_norm": 1.0078125, "peak_allocated": 48806939648}
{"step": 1748, "epoch": 2, "loss": 0.11009011847117539, "lr": 8.612215522561357e-06, "grad_norm": 1.5, "peak_allocated": 48806939648}
{"step": 1749, "epoch": 2, "loss": 0.1048448939767994, "lr": 8.610376974740866e-06, "grad_norm": 1.1484375, "peak_allocated": 48806939648}
{"step": 1750, "epoch": 2, "loss": 0.11785429962770018, "lr": 8.608537406393832e-06, "grad_norm": 1.28125, "peak_allocated": 48806939648}
{"step": 1751, "epoch": 2, "loss": 0.11667954219320348, "lr": 8.60669681804023e-06, "grad_norm": 1.4765625, "peak_allocated": 48806939648}
{"step": 1752, "epoch": 2, "loss": 0.10340335682055223, "lr": 8.604855210200333e-06, "grad_norm": 1.4453125, "peak_allocated": 48806939648}
{"step": 1753, "epoch": 2, "loss": 0.1253841538502389, "lr": 8.603012583394701e-06, "grad_norm": 1.34375, "peak_allocated": 48806939648}
{"step": 1754, "epoch": 2, "loss": 0.11731097167835838, "lr": 8.601168938144177e-06, "grad_norm": 1.3046875, "peak_allocated": 48806939648}
{"step": 1755, "epoch": 2, "loss": 0.10919395132407465, "lr": 8.599324274969897e-06, "grad_norm": 1.1484375, "peak_allocated": 48806939648}
{"step": 1756, "epoch": 2, "loss": 0.08667714872850578, "lr": 8.597478594393275e-06, "grad_norm": 1.171875, "peak_allocated": 48806939648}
{"step": 1757, "epoch": 2, "loss": 0.10697343996866086, "lr": 8.595631896936032e-06, "grad_norm": 1.2578125, "peak_allocated": 48806939648}
{"step": 1758, "epoch": 2, "loss": 0.10316819448229388, "lr": 8.593784183120153e-06, "grad_norm": 1.2734375, "peak_allocated": 48806939648}
{"step": 1759, "epoch": 2, "loss": 0.0920292294344601, "lr": 8.59193545346793e-06, "grad_norm": 1.1796875, "peak_allocated": 48806939648}
{"step": 1760, "epoch": 2, "loss": 0.1397544924493037, "lr": 8.590085708501928e-06, "grad_norm": 1.4453125, "peak_allocated": 48806939648}
{"step": 1761, "epoch": 2, "loss": 0.09185609930981464, "lr": 8.588234948745009e-06, "grad_norm": 1.203125, "peak_allocated": 48806939648}
{"step": 1762, "epoch": 2, "loss": 0.08707007842380489, "lr": 8.586383174720315e-06, "grad_norm": 1.2421875, "peak_allocated": 48806939648}
{"step": 1763, "epoch": 2, "loss": 0.09619092804900055, "lr": 8.584530386951279e-06, "grad_norm": 1.125, "peak_allocated": 48806939648}
{"step": 1764, "epoch": 2, "loss": 0.1229751807778717, "lr": 8.582676585961617e-06, "grad_norm": 1.5546875, "peak_allocated": 48806939648}
{"step": 1765, "epoch": 2, "loss": 0.10470271990830757, "lr": 8.580821772275336e-06, "grad_norm": 1.1484375, "peak_allocated": 48806939648}
{"step": 1766, "epoch": 2, "loss": 0.09137277025147734, "lr": 8.578965946416724e-06, "grad_norm": 1.0625, "peak_allocated": 48806939648}
{"step": 1767, "epoch": 2, "loss": 0.11041795176575207, "lr": 8.57710910891036e-06, "grad_norm": 1.1875, "peak_allocated": 48806939648}
{"step": 1768, "epoch": 2, "loss": 0.11043302165756046, "lr": 8.575251260281105e-06, "grad_norm": 1.109375, "peak_allocated": 48806939648}
{"step": 1769, "epoch": 2, "loss": 0.09683454708311848, "lr": 8.573392401054108e-06, "grad_norm": 1.0390625, "peak_allocated": 48806939648}
{"step": 1770, "epoch": 2, "loss": 0.13434652018763193, "lr": 8.571532531754802e-06, "grad_norm": 1.4609375, "peak_allocated": 48806939648}
{"step": 1771, "epoch": 2, "loss": 0.12546121893706863, "lr": 8.569671652908909e-06, "grad_norm": 1.5546875, "peak_allocated": 48806939648}
{"step": 1772, "epoch": 2, "loss": 0.11187296941496462, "lr": 8.56780976504243e-06, "grad_norm": 1.4375, "peak_allocated": 48806939648}
{"step": 1773, "epoch": 2, "loss": 0.1259851233854405, "lr": 8.56594686868166e-06, "grad_norm": 1.3984375, "peak_allocated": 48806939648}
{"step": 1774, "epoch": 2, "loss": 0.11257557207394867, "lr": 8.564082964353172e-06, "grad_norm": 1.3828125, "peak_allocated": 48806939648}
{"step": 1775, "epoch": 2, "loss": 0.08343880762087766, "lr": 8.562218052583826e-06, "grad_norm": 1.328125, "peak_allocated": 48806939648}
{"step": 1776, "epoch": 2, "loss": 0.11484040638478053, "lr": 8.560352133900766e-06, "grad_norm": 1.484375, "peak_allocated": 48806939648}
{"step": 1777, "epoch": 2, "loss": 0.10613897692044856, "lr": 8.558485208831425e-06, "grad_norm": 1.3203125, "peak_allocated": 48806939648}
{"step": 1778, "epoch": 2, "loss": 0.1058046875044654, "lr": 8.556617277903513e-06, "grad_norm": 1.4609375, "peak_allocated": 48806939648}
{"step": 1779, "epoch": 2, "loss": 0.1202202460139486, "lr": 8.55474834164503e-06, "grad_norm": 1.5546875, "peak_allocated": 48806939648}
{"step": 1780, "epoch": 2, "loss": 0.11233829651957453, "lr": 8.55287840058426e-06, "grad_norm": 1.46875, "peak_allocated": 48806939648}
{"step": 1781, "epoch": 2, "loss": 0.09749636783818427, "lr": 8.551007455249766e-06, "grad_norm": 1.1953125, "peak_allocated": 48806939648}
{"step": 1782, "epoch": 2, "loss": 0.12203516534332073, "lr": 8.549135506170401e-06, "grad_norm": 1.484375, "peak_allocated": 48806939648}
{"step": 1783, "epoch": 2, "loss": 0.13385395820626306, "lr": 8.5472625538753e-06, "grad_norm": 1.3046875, "peak_allocated": 48806939648}
{"step": 1784, "epoch": 2, "loss": 0.10735100022979222, "lr": 8.545388598893878e-06, "grad_norm": 1.2734375, "peak_allocated": 48806939648}
{"step": 1785, "epoch": 2, "loss": 0.09948766592005115, "lr": 8.543513641755838e-06, "grad_norm": 1.3046875, "peak_allocated": 48806939648}
{"step": 1786, "epoch": 2, "loss": 0.104209819686608, "lr": 8.541637682991164e-06, "grad_norm": 1.046875, "peak_allocated": 48806939648}
{"step": 1787, "epoch": 2, "loss": 0.13187832764780233, "lr": 8.539760723130124e-06, "grad_norm": 1.5234375, "peak_allocated": 48806939648}
{"step": 1788, "epoch": 2, "loss": 0.1096151306516673, "lr": 8.53788276270327e-06, "grad_norm": 1.4296875, "peak_allocated": 48806939648}
{"step": 1789, "epoch": 2, "loss": 0.08484636868196312, "lr": 8.53600380224143e-06, "grad_norm": 1.1484375, "peak_allocated": 48806939648}
{"step": 1790, "epoch": 2, "loss": 0.13602932475626117, "lr": 8.534123842275724e-06, "grad_norm": 1.59375, "peak_allocated": 48806939648}
{"step": 1791, "epoch": 2, "loss": 0.1045742632990769, "lr": 8.532242883337551e-06, "grad_norm": 1.109375, "peak_allocated": 48806939648}
{"step": 1792, "epoch": 2, "loss": 0.09543924976024726, "lr": 8.530360925958592e-06, "grad_norm": 1.5390625, "peak_allocated": 48806939648}
{"step": 1793, "epoch": 2, "loss": 0.12225307662445842, "lr": 8.528477970670806e-06, "grad_norm": 1.3359375, "peak_allocated": 48806939648}
{"step": 1794, "epoch": 2, "loss": 0.10205921948407636, "lr": 8.526594018006442e-06, "grad_norm": 1.2265625, "peak_allocated": 48806939648}
{"step": 1795, "epoch": 2, "loss": 0.09244054130656126, "lr": 8.524709068498028e-06, "grad_norm": 1.1328125, "peak_allocated": 48806939648}
{"step": 1796, "epoch": 2, "loss": 0.09116351865496294, "lr": 8.52282312267837e-06, "grad_norm": 1.2578125, "peak_allocated": 48806939648}
{"step": 1797, "epoch": 2, "loss": 0.09415961246007788, "lr": 8.520936181080562e-06, "grad_norm": 1.3203125, "peak_allocated": 48806939648}
{"step": 1798, "epoch": 2, "loss": 0.10407281520189154, "lr": 8.519048244237972e-06, "grad_norm": 1.359375, "peak_allocated": 48806939648}
{"step": 1799, "epoch": 2, "loss": 0.11088307421647285, "lr": 8.517159312684254e-06, "grad_norm": 1.40625, "peak_allocated": 48806939648}
{"step": 1800, "epoch": 2, "loss": 0.12325825439958074, "lr": 8.515269386953344e-06, "grad_norm": 1.359375, "peak_allocated": 48806939648}
{"step": 1801, "epoch": 2, "loss": 0.09636828219926445, "lr": 8.513378467579457e-06, "grad_norm": 1.3359375, "peak_allocated": 48806939648}
{"step": 1802, "epoch": 2, "loss": 0.11786218798298609, "lr": 8.51148655509709e-06, "grad_norm": 1.46875, "peak_allocated": 48806939648}
{"step": 1803, "epoch": 2, "loss": 0.10892725198039932, "lr": 8.50959365004102e-06, "grad_norm": 1.3203125, "peak_allocated": 48806939648}
{"step": 1804, "epoch": 2, "loss": 0.09807329677087401, "lr": 8.507699752946303e-06, "grad_norm": 1.1953125, "peak_allocated": 48806939648}
{"step": 1805, "epoch": 2, "loss": 0.12484765141398925, "lr": 8.50580486434828e-06, "grad_norm": 1.2421875, "peak_allocated": 48806939648}
{"step": 1806, "epoch": 2, "loss": 0.1142509669270627, "lr": 8.503908984782567e-06, "grad_norm": 1.375, "peak_allocated": 48806939648}
{"step": 1807, "epoch": 2, "loss": 0.13478554718599203, "lr": 8.502012114785064e-06, "grad_norm": 1.40625, "peak_allocated": 48806939648}
{"step": 1808, "epoch": 2, "loss": 0.1203184567334116, "lr": 8.500114254891946e-06, "grad_norm": 1.421875, "peak_allocated": 48806939648}
{"step": 1809, "epoch": 2, "loss": 0.08915714307433871, "lr": 8.498215405639676e-06, "grad_norm": 1.15625, "peak_allocated": 48806939648}
{"step": 1810, "epoch": 2, "loss": 0.09405553781568074, "lr": 8.496315567564988e-06, "grad_norm": 1.328125, "peak_allocated": 48806939648}
{"step": 1811, "epoch": 2, "loss": 0.09981052280918466, "lr": 8.494414741204901e-06, "grad_norm": 1.09375, "peak_allocated": 48806939648}
{"step": 1812, "epoch": 2, "loss": 0.09643666848266837, "lr": 8.492512927096714e-06, "grad_norm": 1.3984375, "peak_allocated": 48806939648}
{"step": 1813, "epoch": 2, "loss": 0.12199554858782245, "lr": 8.490610125777998e-06, "grad_norm": 1.4296875, "peak_allocated": 48806939648}
{"step": 1814, "epoch": 2, "loss": 0.11794951224513624, "lr": 8.488706337786613e-06, "grad_norm": 1.34375, "peak_allocated": 48806939648}
{"step": 1815, "epoch": 2, "loss": 0.1293558440814213, "lr": 8.486801563660688e-06, "grad_norm": 1.3828125, "peak_allocated": 48806939648}
{"step": 1816, "epoch": 2, "loss": 0.08572000378468471, "lr": 8.48489580393864e-06, "grad_norm": 0.9921875, "peak_allocated": 48806939648}
{"step": 1817, "epoch": 2, "loss": 0.09140974303640807, "lr": 8.482989059159158e-06, "grad_norm": 1.078125, "peak_allocated": 48806939648}
{"step": 1818, "epoch": 2, "loss": 0.15688617604123117, "lr": 8.481081329861212e-06, "grad_norm": 1.6875, "peak_allocated": 48806939648}
{"step": 1819, "epoch": 2, "loss": 0.12091231243947398, "lr": 8.47917261658405e-06, "grad_norm": 1.46875, "peak_allocated": 48806939648}
{"step": 1820, "epoch": 2, "loss": 0.11744407553029532, "lr": 8.477262919867198e-06, "grad_norm": 1.4375, "peak_allocated": 48806939648}
{"step": 1821, "epoch": 2, "loss": 0.10302675487084152, "lr": 8.475352240250459e-06, "grad_norm": 1.171875, "peak_allocated": 48806939648}
{"step": 1822, "epoch": 2, "loss": 0.10589090387552069, "lr": 8.473440578273917e-06, "grad_norm": 1.4140625, "peak_allocated": 48806939648}
{"step": 1823, "epoch": 2, "loss": 0.13620996164625374, "lr": 8.47152793447793e-06, "grad_norm": 1.5859375, "peak_allocated": 48806939648}
{"step": 1824, "epoch": 2, "loss": 0.14388283830791845, "lr": 8.469614309403137e-06, "grad_norm": 1.3203125, "peak_allocated": 48806939648}
{"step": 1825, "epoch": 2, "loss": 0.11954191831888088, "lr": 8.467699703590451e-06, "grad_norm": 1.3359375, "peak_allocated": 48806939648}
{"step": 1826, "epoch": 2, "loss": 0.11855520110561006, "lr": 8.465784117581064e-06, "grad_norm": 1.3515625, "peak_allocated": 48806939648}
{"step": 1827, "epoch": 2, "loss": 0.0925186386899074, "lr": 8.463867551916443e-06, "grad_norm": 1.2578125, "peak_allocated": 48806939648}
{"step": 1828, "epoch": 2, "loss": 0.11283987338048483, "lr": 8.461950007138337e-06, "grad_norm": 1.3359375, "peak_allocated": 48806939648}
{"step": 1829, "epoch": 2, "loss": 0.10736249111573641, "lr": 8.460031483788767e-06, "grad_norm": 1.21875, "peak_allocated": 48806939648}
{"step": 1830, "epoch": 2, "loss": 0.10699440961222595, "lr": 8.458111982410032e-06, "grad_norm": 1.1875, "peak_allocated": 48806939648}
{"step": 1831, "epoch": 2, "loss": 0.14427827023035333, "lr": 8.456191503544706e-06, "grad_norm": 1.3984375, "peak_allocated": 48806939648}
{"step": 1832, "epoch": 2, "loss": 0.10964676640635375, "lr": 8.454270047735644e-06, "grad_norm": 1.2109375, "peak_allocated": 48806939648}
{"step": 1833, "epoch": 2, "loss": 0.11204367696291542, "lr": 8.45234761552597e-06, "grad_norm": 1.4296875, "peak_allocated": 48806939648}
{"step": 1834, "epoch": 2, "loss": 0.08609607292531893, "lr": 8.450424207459091e-06, "grad_norm": 1.1640625, "peak_allocated": 48806939648}
{"step": 1835, "epoch": 2, "loss": 0.12827686439437216, "lr": 8.448499824078686e-06, "grad_norm": 1.3125, "peak_allocated": 48806939648}
{"step": 1836, "epoch": 2, "loss": 0.12771829422559797, "lr": 8.44657446592871e-06, "grad_norm": 1.4375, "peak_allocated": 48806939648}
{"step": 1837, "epoch": 2, "loss": 0.10433254649836274, "lr": 8.444648133553394e-06, "grad_norm": 1.234375, "peak_allocated": 48806939648}
{"step": 1838, "epoch": 2, "loss": 0.10314468196112068, "lr": 8.442720827497246e-06, "grad_norm": 1.1328125, "peak_allocated": 48806939648}
{"step": 1839, "epoch": 2, "loss": 0.12054641005813738, "lr": 8.440792548305046e-06, "grad_norm": 1.3359375, "peak_allocated": 48806939648}
{"step": 1840, "epoch": 2, "loss": 0.10133220114926263, "lr": 8.43886329652185e-06, "grad_norm": 1.2421875, "peak_allocated": 48806939648}
{"step": 1841, "epoch": 2, "loss": 0.08765336540466101, "lr": 8.436933072692992e-06, "grad_norm": 1.0234375, "peak_allocated": 48806939648}
{"step": 1842, "epoch": 2, "loss": 0.12005002899606836, "lr": 8.435001877364078e-06, "grad_norm": 1.2109375, "peak_allocated": 48806939648}
{"step": 1843, "epoch": 2, "loss": 0.09189032874137996, "lr": 8.433069711080985e-06, "grad_norm": 1.1015625, "peak_allocated": 48806939648}
{"step": 1844, "epoch": 2, "loss": 0.13005704604986593, "lr": 8.431136574389874e-06, "grad_norm": 1.421875, "peak_allocated": 48806939648}
{"step": 1845, "epoch": 2, "loss": 0.12382986298062722, "lr": 8.42920246783717e-06, "grad_norm": 1.4921875, "peak_allocated": 48806939648}
{"step": 1846, "epoch": 2, "loss": 0.09907068834713162, "lr": 8.42726739196958e-06, "grad_norm": 1.1484375, "peak_allocated": 48806939648}
{"step": 1847, "epoch": 2, "loss": 0.1366517149971842, "lr": 8.425331347334082e-06, "grad_norm": 1.4921875, "peak_allocated": 48806939648}
{"step": 1848, "epoch": 2, "loss": 0.08064005941501172, "lr": 8.423394334477925e-06, "grad_norm": 1.1796875, "peak_allocated": 48806939648}
{"step": 1849, "epoch": 2, "loss": 0.10268225272363732, "lr": 8.421456353948636e-06, "grad_norm": 1.1875, "peak_allocated": 48806939648}
{"step": 1850, "epoch": 2, "loss": 0.09036248206352511, "lr": 8.419517406294015e-06, "grad_norm": 1.0546875, "peak_allocated": 48806939648}
{"step": 1851, "epoch": 2, "loss": 0.11303484265400905, "lr": 8.417577492062133e-06, "grad_norm": 1.4296875, "peak_allocated": 48806939648}
{"step": 1852, "epoch": 2, "loss": 0.1001660532471787, "lr": 8.415636611801335e-06, "grad_norm": 1.1796875, "peak_allocated": 48806939648}
{"step": 1853, "epoch": 2, "loss": 0.11379962301600308, "lr": 8.413694766060239e-06, "grad_norm": 1.3671875, "peak_allocated": 48806939648}
{"step": 1854, "epoch": 2, "loss": 0.10289393774932772, "lr": 8.411751955387739e-06, "grad_norm": 1.140625, "peak_allocated": 48806939648}
{"step": 1855, "epoch": 2, "loss": 0.12879190188670994, "lr": 8.409808180332998e-06, "grad_norm": 1.4921875, "peak_allocated": 48806939648}
{"step": 1856, "epoch": 2, "loss": 0.11534368718898147, "lr": 8.407863441445452e-06, "grad_norm": 1.4140625, "peak_allocated": 48806939648}
{"step": 1857, "epoch": 2, "loss": 0.09186599544918238, "lr": 8.405917739274813e-06, "grad_norm": 1.125, "peak_allocated": 48806939648}
{"step": 1858, "epoch": 2, "loss": 0.11192862856853053, "lr": 8.403971074371058e-06, "grad_norm": 1.40625, "peak_allocated": 48806939648}
{"step": 1859, "epoch": 2, "loss": 0.1300616080386043, "lr": 8.402023447284445e-06, "grad_norm": 1.4375, "peak_allocated": 48806939648}
{"step": 1860, "epoch": 2, "loss": 0.12202249456843912, "lr": 8.400074858565497e-06, "grad_norm": 1.328125, "peak_allocated": 48806939648}
{"step": 1861, "epoch": 2, "loss": 0.12399479417008093, "lr": 8.398125308765012e-06, "grad_norm": 1.5, "peak_allocated": 48806939648}
{"step": 1862, "epoch": 2, "loss": 0.09738524117022097, "lr": 8.396174798434062e-06, "grad_norm": 1.1171875, "peak_allocated": 48806939648}
{"step": 1863, "epoch": 2, "loss": 0.11932643705182239, "lr": 8.394223328123982e-06, "grad_norm": 1.375, "peak_allocated": 48806939648}
{"step": 1864, "epoch": 2, "loss": 0.1122354195848638, "lr": 8.39227089838639e-06, "grad_norm": 1.359375, "peak_allocated": 48806939648}
{"step": 1865, "epoch": 2, "loss": 0.10085547139491464, "lr": 8.390317509773166e-06, "grad_norm": 1.171875, "peak_allocated": 48806939648}
{"step": 1866, "epoch": 2, "loss": 0.10397861592668253, "lr": 8.388363162836461e-06, "grad_norm": 1.46875, "peak_allocated": 48806939648}
{"event": "train_stage", "stage": "validation_loss_complete", "rank": 0, "local_rank": 0, "world_size": 4, "epoch": 3, "val_loss": 0.1225271496464303, "training_seconds": 1577.63, "validation_loss_seconds": 47.31}
{"event": "train_stage", "stage": "validation_gleu_complete", "rank": 0, "local_rank": 0, "world_size": 4, "epoch": 3, "elapsed_seconds": 2880.66, "gleu": 37.1459, "invalid_utf8": 3, "budget_exhausted": 5, "generation_backend": "global-prefix-guarded-greedy-v1", "cache_preliminary_skips": 243883, "cache_guard_refreshes": 5939, "max_rank_peak_allocated_bytes": 48806939648}
{"event": "train_stage", "stage": "checkpoint_published", "rank": 0, "local_rank": 0, "world_size": 4, "checkpoint": "step-00001866-36e27f8c", "best": true}
{"event": "train_stage", "stage": "epoch_complete", "rank": 0, "local_rank": 0, "world_size": 4, "epoch": 3, "global_step": 1866, "selection_metric": "val_gleu", "best": true, "val_loss": 0.1225271496464303, "val_gleu": 37.1459, "elapsed_seconds": 4586.71}
{"step": 1867, "epoch": 3, "loss": 0.1030057684079561, "lr": 8.386407858128707e-06, "grad_norm": 1.2109375, "peak_allocated": 48806939648}
{"step": 1868, "epoch": 3, "loss": 0.11626448139559242, "lr": 8.384451596202593e-06, "grad_norm": 1.3046875, "peak_allocated": 48806939648}
{"step": 1869, "epoch": 3, "loss": 0.11515570283282257, "lr": 8.382494377611093e-06, "grad_norm": 1.3359375, "peak_allocated": 48806939648}
{"step": 1870, "epoch": 3, "loss": 0.08436918445425577, "lr": 8.38053620290744e-06, "grad_norm": 1.21875, "peak_allocated": 48806939648}
{"step": 1871, "epoch": 3, "loss": 0.13274475702365912, "lr": 8.378577072645137e-06, "grad_norm": 1.453125, "peak_allocated": 48806939648}
{"step": 1872, "epoch": 3, "loss": 0.1049222957993201, "lr": 8.376616987377968e-06, "grad_norm": 1.171875, "peak_allocated": 48806939648}
{"step": 1873, "epoch": 3, "loss": 0.09397671207375136, "lr": 8.374655947659975e-06, "grad_norm": 1.1328125, "peak_allocated": 48806939648}
{"step": 1874, "epoch": 3, "loss": 0.09476361026988774, "lr": 8.372693954045478e-06, "grad_norm": 1.1015625, "peak_allocated": 48806939648}
{"step": 1875, "epoch": 3, "loss": 0.10630012063352544, "lr": 8.370731007089065e-06, "grad_norm": 1.0625, "peak_allocated": 48806939648}
{"step": 1876, "epoch": 3, "loss": 0.11441906304366099, "lr": 8.368767107345588e-06, "grad_norm": 1.3515625, "peak_allocated": 48806939648}
{"step": 1877, "epoch": 3, "loss": 0.1047134800168207, "lr": 8.366802255370174e-06, "grad_norm": 1.234375, "peak_allocated": 48806939648}
{"step": 1878, "epoch": 3, "loss": 0.11486238436527976, "lr": 8.364836451718217e-06, "grad_norm": 1.296875, "peak_allocated": 48806939648}
{"step": 1879, "epoch": 3, "loss": 0.08626692154891574, "lr": 8.362869696945381e-06, "grad_norm": 1.2734375, "peak_allocated": 48806939648}
{"step": 1880, "epoch": 3, "loss": 0.09418398136794778, "lr": 8.360901991607601e-06, "grad_norm": 1.1796875, "peak_allocated": 48806939648}
{"step": 1881, "epoch": 3, "loss": 0.10706101894061741, "lr": 8.358933336261073e-06, "grad_norm": 1.2890625, "peak_allocated": 48806939648}
{"step": 1882, "epoch": 3, "loss": 0.10497337807039013, "lr": 8.356963731462271e-06, "grad_norm": 1.3671875, "peak_allocated": 48806939648}
{"step": 1883, "epoch": 3, "loss": 0.11322128272683152, "lr": 8.354993177767929e-06, "grad_norm": 1.2890625, "peak_allocated": 48806939648}
{"step": 1884, "epoch": 3, "loss": 0.09312797263264656, "lr": 8.353021675735057e-06, "grad_norm": 1.15625, "peak_allocated": 48806939648}
{"step": 1885, "epoch": 3, "loss": 0.11096845323879116, "lr": 8.351049225920928e-06, "grad_norm": 1.125, "peak_allocated": 48806939648}
{"step": 1886, "epoch": 3, "loss": 0.1399030935965525, "lr": 8.349075828883084e-06, "grad_norm": 1.5546875, "peak_allocated": 48806939648}
{"step": 1887, "epoch": 3, "loss": 0.06800977774636886, "lr": 8.347101485179333e-06, "grad_norm": 1.03125, "peak_allocated": 48806939648}
{"step": 1888, "epoch": 3, "loss": 0.07427231898899739, "lr": 8.345126195367755e-06, "grad_norm": 1.1640625, "peak_allocated": 48806939648}
{"step": 1889, "epoch": 3, "loss": 0.10819907668620507, "lr": 8.343149960006694e-06, "grad_norm": 1.453125, "peak_allocated": 48806939648}
{"step": 1890, "epoch": 3, "loss": 0.10741899461475965, "lr": 8.341172779654764e-06, "grad_norm": 1.2734375, "peak_allocated": 48806939648}
{"step": 1891, "epoch": 3, "loss": 0.10662092971243643, "lr": 8.339194654870841e-06, "grad_norm": 1.296875, "peak_allocated": 48806939648}
{"step": 1892, "epoch": 3, "loss": 0.09398094271833667, "lr": 8.337215586214074e-06, "grad_norm": 1.25, "peak_allocated": 48806939648}
{"step": 1893, "epoch": 3, "loss": 0.10552798174504263, "lr": 8.335235574243873e-06, "grad_norm": 1.3515625, "peak_allocated": 48806939648}
{"step": 1894, "epoch": 3, "loss": 0.08603933059610426, "lr": 8.33325461951992e-06, "grad_norm": 1.1484375, "peak_allocated": 48806939648}
{"step": 1895, "epoch": 3, "loss": 0.1152165058836179, "lr": 8.331272722602163e-06, "grad_norm": 1.3359375, "peak_allocated": 48806939648}
{"step": 1896, "epoch": 3, "loss": 0.09969643002896794, "lr": 8.329289884050811e-06, "grad_norm": 1.40625, "peak_allocated": 48806939648}
{"step": 1897, "epoch": 3, "loss": 0.10415654390497119, "lr": 8.327306104426346e-06, "grad_norm": 1.2578125, "peak_allocated": 48806939648}
{"step": 1898, "epoch": 3, "loss": 0.10698702358590659, "lr": 8.32532138428951e-06, "grad_norm": 1.328125, "peak_allocated": 48806939648}
{"step": 1899, "epoch": 3, "loss": 0.1009424314143161, "lr": 8.323335724201314e-06, "grad_norm": 1.359375, "peak_allocated": 48806939648}
{"step": 1900, "epoch": 3, "loss": 0.08799928911969516, "lr": 8.321349124723035e-06, "grad_norm": 1.2578125, "peak_allocated": 48806939648}
{"step": 1901, "epoch": 3, "loss": 0.09862046606510048, "lr": 8.319361586416214e-06, "grad_norm": 1.4375, "peak_allocated": 48806939648}
{"step": 1902, "epoch": 3, "loss": 0.08993056499604056, "lr": 8.317373109842659e-06, "grad_norm": 1.2890625, "peak_allocated": 48806939648}
{"step": 1903, "epoch": 3, "loss": 0.11321250244589455, "lr": 8.31538369556444e-06, "grad_norm": 1.453125, "peak_allocated": 48806939648}
{"step": 1904, "epoch": 3, "loss": 0.08670444611959573, "lr": 8.313393344143901e-06, "grad_norm": 1.2109375, "peak_allocated": 48806939648}
{"step": 1905, "epoch": 3, "loss": 0.09056300923773258, "lr": 8.311402056143636e-06, "grad_norm": 1.0859375, "peak_allocated": 48806939648}
{"step": 1906, "epoch": 3, "loss": 0.10396107359214413, "lr": 8.309409832126516e-06, "grad_norm": 1.4453125, "peak_allocated": 48806939648}
{"step": 1907, "epoch": 3, "loss": 0.10784908592355757, "lr": 8.307416672655675e-06, "grad_norm": 1.4140625, "peak_allocated": 48806939648}
{"step": 1908, "epoch": 3, "loss": 0.10781180932259911, "lr": 8.305422578294505e-06, "grad_norm": 1.4765625, "peak_allocated": 48806939648}
{"step": 1909, "epoch": 3, "loss": 0.09513867812024222, "lr": 8.303427549606667e-06, "grad_norm": 1.296875, "peak_allocated": 48806939648}
{"step": 1910, "epoch": 3, "loss": 0.09840638080959205, "lr": 8.301431587156086e-06, "grad_norm": 1.171875, "peak_allocated": 48806939648}
{"step": 1911, "epoch": 3, "loss": 0.08915819247408521, "lr": 8.299434691506951e-06, "grad_norm": 1.3671875, "peak_allocated": 48806939648}
{"step": 1912, "epoch": 3, "loss": 0.08439363710692656, "lr": 8.297436863223716e-06, "grad_norm": 1.2578125, "peak_allocated": 48806939648}
{"step": 1913, "epoch": 3, "loss": 0.11868770621161862, "lr": 8.295438102871092e-06, "grad_norm": 1.3828125, "peak_allocated": 48806939648}
{"step": 1914, "epoch": 3, "loss": 0.10164635029600674, "lr": 8.29343841101406e-06, "grad_norm": 1.46875, "peak_allocated": 48806939648}
{"step": 1915, "epoch": 3, "loss": 0.0914804126213026, "lr": 8.291437788217866e-06, "grad_norm": 1.3125, "peak_allocated": 48806939648}
{"step": 1916, "epoch": 3, "loss": 0.09120678704812096, "lr": 8.28943623504801e-06, "grad_norm": 1.2734375, "peak_allocated": 48806939648}
{"step": 1917, "epoch": 3, "loss": 0.09829298592824942, "lr": 8.287433752070266e-06, "grad_norm": 1.3125, "peak_allocated": 48806939648}
{"step": 1918, "epoch": 3, "loss": 0.0984514356740929, "lr": 8.285430339850661e-06, "grad_norm": 1.4140625, "peak_allocated": 48806939648}
{"step": 1919, "epoch": 3, "loss": 0.10048144803985427, "lr": 8.283425998955494e-06, "grad_norm": 1.4296875, "peak_allocated": 48806939648}
{"step": 1920, "epoch": 3, "loss": 0.09608056844245509, "lr": 8.281420729951316e-06, "grad_norm": 1.3359375, "peak_allocated": 48806939648}
{"step": 1921, "epoch": 3, "loss": 0.10040918557158414, "lr": 8.27941453340495e-06, "grad_norm": 1.46875, "peak_allocated": 48806939648}
{"step": 1922, "epoch": 3, "loss": 0.11033279763517645, "lr": 8.277407409883477e-06, "grad_norm": 1.3828125, "peak_allocated": 48806939648}
{"step": 1923, "epoch": 3, "loss": 0.11072890668988004, "lr": 8.275399359954236e-06, "grad_norm": 1.5078125, "peak_allocated": 48806939648}
{"step": 1924, "epoch": 3, "loss": 0.12556745823576707, "lr": 8.27339038418484e-06, "grad_norm": 1.625, "peak_allocated": 48806939648}
{"step": 1925, "epoch": 3, "loss": 0.10109206580943088, "lr": 8.271380483143148e-06, "grad_norm": 1.328125, "peak_allocated": 48806939648}
{"step": 1926, "epoch": 3, "loss": 0.08974414161797425, "lr": 8.269369657397293e-06, "grad_norm": 1.2578125, "peak_allocated": 48806939648}
{"step": 1927, "epoch": 3, "loss": 0.11055336744423604, "lr": 8.267357907515662e-06, "grad_norm": 1.5859375, "peak_allocated": 48806939648}
{"step": 1928, "epoch": 3, "loss": 0.07228539641155808, "lr": 8.265345234066906e-06, "grad_norm": 1.1640625, "peak_allocated": 48806939648}
{"step": 1929, "epoch": 3, "loss": 0.0933337129820998, "lr": 8.26333163761994e-06, "grad_norm": 1.3671875, "peak_allocated": 48806939648}
{"step": 1930, "epoch": 3, "loss": 0.1017768673246374, "lr": 8.261317118743934e-06, "grad_norm": 1.3046875, "peak_allocated": 48806939648}
{"step": 1931, "epoch": 3, "loss": 0.09176739656483159, "lr": 8.259301678008322e-06, "grad_norm": 1.1640625, "peak_allocated": 48806939648}
{"step": 1932, "epoch": 3, "loss": 0.1062346932580416, "lr": 8.257285315982799e-06, "grad_norm": 1.640625, "peak_allocated": 48806939648}
{"step": 1933, "epoch": 3, "loss": 0.09226397105564411, "lr": 8.25526803323732e-06, "grad_norm": 1.359375, "peak_allocated": 48806939648}
{"step": 1934, "epoch": 3, "loss": 0.12385319221009658, "lr": 8.253249830342099e-06, "grad_norm": 1.5703125, "peak_allocated": 48806939648}
{"step": 1935, "epoch": 3, "loss": 0.11342550576612186, "lr": 8.25123070786761e-06, "grad_norm": 1.3671875, "peak_allocated": 48806939648}
{"step": 1936, "epoch": 3, "loss": 0.11882517196450748, "lr": 8.249210666384589e-06, "grad_norm": 1.3515625, "peak_allocated": 48806939648}
{"step": 1937, "epoch": 3, "loss": 0.07739385436363638, "lr": 8.247189706464031e-06, "grad_norm": 1.0859375, "peak_allocated": 48806939648}
{"step": 1938, "epoch": 3, "loss": 0.09448115163520718, "lr": 8.24516782867719e-06, "grad_norm": 1.3203125, "peak_allocated": 48806939648}
{"step": 1939, "epoch": 3, "loss": 0.10665710127549706, "lr": 8.243145033595579e-06, "grad_norm": 1.265625, "peak_allocated": 48806939648}
{"step": 1940, "epoch": 3, "loss": 0.11490191821665517, "lr": 8.241121321790973e-06, "grad_norm": 1.5546875, "peak_allocated": 48806939648}
{"step": 1941, "epoch": 3, "loss": 0.11167394621059218, "lr": 8.2390966938354e-06, "grad_norm": 1.3203125, "peak_allocated": 48806939648}
{"step": 1942, "epoch": 3, "loss": 0.13809502186625108, "lr": 8.237071150301155e-06, "grad_norm": 1.5234375, "peak_allocated": 48806939648}
{"step": 1943, "epoch": 3, "loss": 0.11219930169508197, "lr": 8.235044691760787e-06, "grad_norm": 1.421875, "peak_allocated": 48806939648}
{"step": 1944, "epoch": 3, "loss": 0.1075400179222358, "lr": 8.233017318787105e-06, "grad_norm": 1.34375, "peak_allocated": 48806939648}
{"step": 1945, "epoch": 3, "loss": 0.10240705680050609, "lr": 8.230989031953174e-06, "grad_norm": 1.453125, "peak_allocated": 48806939648}
{"step": 1946, "epoch": 3, "loss": 0.08192648589018306, "lr": 8.22895983183232e-06, "grad_norm": 1.1484375, "peak_allocated": 48806939648}
{"step": 1947, "epoch": 3, "loss": 0.10599530055654394, "lr": 8.226929718998129e-06, "grad_norm": 1.4375, "peak_allocated": 48806939648}
{"step": 1948, "epoch": 3, "loss": 0.10998615484302962, "lr": 8.224898694024439e-06, "grad_norm": 1.859375, "peak_allocated": 48806939648}
{"step": 1949, "epoch": 3, "loss": 0.11568403240101087, "lr": 8.22286675748535e-06, "grad_norm": 1.46875, "peak_allocated": 48806939648}
{"step": 1950, "epoch": 3, "loss": 0.09034436088746033, "lr": 8.220833909955221e-06, "grad_norm": 1.421875, "peak_allocated": 48806939648}
{"step": 1951, "epoch": 3, "loss": 0.08997834751455921, "lr": 8.218800152008667e-06, "grad_norm": 1.1328125, "peak_allocated": 48806939648}
{"step": 1952, "epoch": 3, "loss": 0.10843396193418746, "lr": 8.216765484220555e-06, "grad_norm": 1.4453125, "peak_allocated": 48806939648}
{"step": 1953, "epoch": 3, "loss": 0.10693452560132106, "lr": 8.214729907166017e-06, "grad_norm": 1.4453125, "peak_allocated": 48806939648}
{"step": 1954, "epoch": 3, "loss": 0.09266440059251832, "lr": 8.21269342142044e-06, "grad_norm": 1.375, "peak_allocated": 48806939648}
{"step": 1955, "epoch": 3, "loss": 0.11051876793072973, "lr": 8.210656027559468e-06, "grad_norm": 1.4765625, "peak_allocated": 48806939648}
{"step": 1956, "epoch": 3, "loss": 0.10790050497343538, "lr": 8.208617726158995e-06, "grad_norm": 1.28125, "peak_allocated": 48806939648}
{"step": 1957, "epoch": 3, "loss": 0.08803930246329791, "lr": 8.206578517795185e-06, "grad_norm": 1.265625, "peak_allocated": 48806939648}
{"step": 1958, "epoch": 3, "loss": 0.09080718527210328, "lr": 8.204538403044443e-06, "grad_norm": 1.0859375, "peak_allocated": 48806939648}
{"step": 1959, "epoch": 3, "loss": 0.1108875569925429, "lr": 8.202497382483441e-06, "grad_norm": 1.6171875, "peak_allocated": 48806939648}
{"step": 1960, "epoch": 3, "loss": 0.0967040074931646, "lr": 8.200455456689104e-06, "grad_norm": 1.4375, "peak_allocated": 48806939648}
{"step": 1961, "epoch": 3, "loss": 0.09554735549344896, "lr": 8.19841262623861e-06, "grad_norm": 1.28125, "peak_allocated": 48806939648}
{"step": 1962, "epoch": 3, "loss": 0.12464755578623726, "lr": 8.1963688917094e-06, "grad_norm": 1.8359375, "peak_allocated": 48806939648}
{"step": 1963, "epoch": 3, "loss": 0.11254706102377166, "lr": 8.19432425367916e-06, "grad_norm": 1.578125, "peak_allocated": 48806939648}
{"step": 1964, "epoch": 3, "loss": 0.11491723076495178, "lr": 8.192278712725842e-06, "grad_norm": 1.4453125, "peak_allocated": 48806939648}
{"step": 1965, "epoch": 3, "loss": 0.10164840225616074, "lr": 8.19023226942765e-06, "grad_norm": 1.5078125, "peak_allocated": 48806939648}
{"step": 1966, "epoch": 3, "loss": 0.08698056321725627, "lr": 8.188184924363034e-06, "grad_norm": 1.0859375, "peak_allocated": 48806939648}
{"step": 1967, "epoch": 3, "loss": 0.08847592616101307, "lr": 8.186136678110713e-06, "grad_norm": 1.21875, "peak_allocated": 48806939648}
{"step": 1968, "epoch": 3, "loss": 0.09848355626715609, "lr": 8.184087531249648e-06, "grad_norm": 1.3046875, "peak_allocated": 48806939648}
{"step": 1969, "epoch": 3, "loss": 0.08942927428525785, "lr": 8.18203748435907e-06, "grad_norm": 1.1484375, "peak_allocated": 48806939648}
{"step": 1970, "epoch": 3, "loss": 0.08634691715704411, "lr": 8.179986538018448e-06, "grad_norm": 1.1875, "peak_allocated": 48806939648}
{"step": 1971, "epoch": 3, "loss": 0.11560859844300574, "lr": 8.177934692807514e-06, "grad_norm": 1.375, "peak_allocated": 48806939648}
{"step": 1972, "epoch": 3, "loss": 0.10052202707483385, "lr": 8.175881949306252e-06, "grad_norm": 1.3359375, "peak_allocated": 48806939648}
{"step": 1973, "epoch": 3, "loss": 0.1251148150943127, "lr": 8.1738283080949e-06, "grad_norm": 1.4140625, "peak_allocated": 48806939648}
{"step": 1974, "epoch": 3, "loss": 0.12094378208039938, "lr": 8.171773769753952e-06, "grad_norm": 1.3515625, "peak_allocated": 48806939648}
{"step": 1975, "epoch": 3, "loss": 0.08728462122632442, "lr": 8.169718334864154e-06, "grad_norm": 1.1953125, "peak_allocated": 48806939648}
{"step": 1976, "epoch": 3, "loss": 0.09100410386933798, "lr": 8.167662004006502e-06, "grad_norm": 1.171875, "peak_allocated": 48806939648}
{"step": 1977, "epoch": 3, "loss": 0.09965981752285388, "lr": 8.165604777762252e-06, "grad_norm": 1.359375, "peak_allocated": 48806939648}
{"step": 1978, "epoch": 3, "loss": 0.121754630605694, "lr": 8.163546656712906e-06, "grad_norm": 1.4921875, "peak_allocated": 48806939648}
{"step": 1979, "epoch": 3, "loss": 0.10546748425769946, "lr": 8.161487641440225e-06, "grad_norm": 1.4140625, "peak_allocated": 48806939648}
{"step": 1980, "epoch": 3, "loss": 0.08314482892038515, "lr": 8.15942773252622e-06, "grad_norm": 1.1953125, "peak_allocated": 48806939648}
{"step": 1981, "epoch": 3, "loss": 0.10579678248967544, "lr": 8.157366930553153e-06, "grad_norm": 1.53125, "peak_allocated": 48806939648}
{"step": 1982, "epoch": 3, "loss": 0.10974205635804161, "lr": 8.155305236103543e-06, "grad_norm": 1.25, "peak_allocated": 48806939648}
{"step": 1983, "epoch": 3, "loss": 0.13546057956699895, "lr": 8.153242649760156e-06, "grad_norm": 1.6328125, "peak_allocated": 48806939648}
{"step": 1984, "epoch": 3, "loss": 0.0993747308363782, "lr": 8.151179172106012e-06, "grad_norm": 1.3359375, "peak_allocated": 48806939648}
{"step": 1985, "epoch": 3, "loss": 0.10361108349413635, "lr": 8.149114803724388e-06, "grad_norm": 1.3984375, "peak_allocated": 48806939648}
{"step": 1986, "epoch": 3, "loss": 0.09035020252196198, "lr": 8.147049545198802e-06, "grad_norm": 1.3359375, "peak_allocated": 48806939648}
{"step": 1987, "epoch": 3, "loss": 0.09990263812564126, "lr": 8.144983397113033e-06, "grad_norm": 1.34375, "peak_allocated": 48806939648}
{"step": 1988, "epoch": 3, "loss": 0.12103554622523251, "lr": 8.14291636005111e-06, "grad_norm": 1.34375, "peak_allocated": 48806939648}
{"step": 1989, "epoch": 3, "loss": 0.09396966963354222, "lr": 8.140848434597311e-06, "grad_norm": 1.203125, "peak_allocated": 48806939648}
{"step": 1990, "epoch": 3, "loss": 0.09071234962472681, "lr": 8.138779621336163e-06, "grad_norm": 1.46875, "peak_allocated": 48806939648}
{"step": 1991, "epoch": 3, "loss": 0.1189181757479262, "lr": 8.13670992085245e-06, "grad_norm": 1.5703125, "peak_allocated": 48806939648}
{"step": 1992, "epoch": 3, "loss": 0.08868725427543271, "lr": 8.134639333731203e-06, "grad_norm": 1.1953125, "peak_allocated": 48806939648}
{"step": 1993, "epoch": 3, "loss": 0.11727566717027296, "lr": 8.132567860557702e-06, "grad_norm": 1.3046875, "peak_allocated": 48806939648}
{"step": 1994, "epoch": 3, "loss": 0.12394481084016817, "lr": 8.130495501917482e-06, "grad_norm": 1.4140625, "peak_allocated": 48806939648}
{"step": 1995, "epoch": 3, "loss": 0.09448325147805679, "lr": 8.128422258396325e-06, "grad_norm": 1.4609375, "peak_allocated": 48806939648}
{"step": 1996, "epoch": 3, "loss": 0.08532592608629208, "lr": 8.126348130580261e-06, "grad_norm": 1.3828125, "peak_allocated": 48806939648}
{"step": 1997, "epoch": 3, "loss": 0.1158066383250766, "lr": 8.124273119055577e-06, "grad_norm": 1.4921875, "peak_allocated": 48806939648}
{"step": 1998, "epoch": 3, "loss": 0.10728028427010014, "lr": 8.122197224408806e-06, "grad_norm": 1.2734375, "peak_allocated": 48806939648}
{"step": 1999, "epoch": 3, "loss": 0.06614560315387658, "lr": 8.120120447226727e-06, "grad_norm": 1.1328125, "peak_allocated": 48806939648}
{"step": 2000, "epoch": 3, "loss": 0.09289324639609871, "lr": 8.118042788096375e-06, "grad_norm": 1.2734375, "peak_allocated": 48806939648}
{"event": "train_stage", "stage": "checkpoint_published", "rank": 0, "local_rank": 0, "world_size": 4, "checkpoint": "step-00002000-d8af6be5", "best": false}
{"step": 2001, "epoch": 3, "loss": 0.08581354449580283, "lr": 8.11596424760503e-06, "grad_norm": 1.171875, "peak_allocated": 48806939648}
{"step": 2002, "epoch": 3, "loss": 0.10190949104068191, "lr": 8.113884826340222e-06, "grad_norm": 1.5859375, "peak_allocated": 48806939648}
{"step": 2003, "epoch": 3, "loss": 0.09905884088775378, "lr": 8.11180452488973e-06, "grad_norm": 1.3984375, "peak_allocated": 48806939648}
{"step": 2004, "epoch": 3, "loss": 0.07847153908983324, "lr": 8.10972334384158e-06, "grad_norm": 1.2265625, "peak_allocated": 48806939648}
{"step": 2005, "epoch": 3, "loss": 0.07076769843514005, "lr": 8.107641283784056e-06, "grad_norm": 1.2109375, "peak_allocated": 48806939648}
{"step": 2006, "epoch": 3, "loss": 0.0681193635052095, "lr": 8.105558345305674e-06, "grad_norm": 1.109375, "peak_allocated": 48806939648}
{"step": 2007, "epoch": 3, "loss": 0.09586748344138574, "lr": 8.103474528995213e-06, "grad_norm": 1.4609375, "peak_allocated": 48806939648}
{"step": 2008, "epoch": 3, "loss": 0.1316886558045646, "lr": 8.101389835441693e-06, "grad_norm": 1.453125, "peak_allocated": 48806939648}
{"step": 2009, "epoch": 3, "loss": 0.09139059191104025, "lr": 8.099304265234384e-06, "grad_norm": 1.1640625, "peak_allocated": 48806939648}
{"step": 2010, "epoch": 3, "loss": 0.11803103808185363, "lr": 8.097217818962803e-06, "grad_norm": 1.7265625, "peak_allocated": 48806939648}
{"step": 2011, "epoch": 3, "loss": 0.07928665465118981, "lr": 8.095130497216714e-06, "grad_norm": 1.0390625, "peak_allocated": 48806939648}
{"step": 2012, "epoch": 3, "loss": 0.0987720726575418, "lr": 8.093042300586133e-06, "grad_norm": 1.5, "peak_allocated": 48806939648}
{"step": 2013, "epoch": 3, "loss": 0.07667692936222506, "lr": 8.090953229661314e-06, "grad_norm": 1.28125, "peak_allocated": 48806939648}
{"step": 2014, "epoch": 3, "loss": 0.10559161143885418, "lr": 8.088863285032769e-06, "grad_norm": 1.40625, "peak_allocated": 48806939648}
{"step": 2015, "epoch": 3, "loss": 0.07406447700854786, "lr": 8.086772467291248e-06, "grad_norm": 1.078125, "peak_allocated": 48806939648}
{"step": 2016, "epoch": 3, "loss": 0.09784828840122585, "lr": 8.084680777027754e-06, "grad_norm": 1.2890625, "peak_allocated": 48806939648}
{"step": 2017, "epoch": 3, "loss": 0.09097364128704265, "lr": 8.082588214833534e-06, "grad_norm": 1.2421875, "peak_allocated": 48806939648}
{"step": 2018, "epoch": 3, "loss": 0.08697066723148049, "lr": 8.08049478130008e-06, "grad_norm": 1.140625, "peak_allocated": 48806939648}
{"step": 2019, "epoch": 3, "loss": 0.10216474049816525, "lr": 8.078400477019136e-06, "grad_norm": 1.328125, "peak_allocated": 48806939648}
{"step": 2020, "epoch": 3, "loss": 0.0984582115507507, "lr": 8.076305302582682e-06, "grad_norm": 1.3359375, "peak_allocated": 48806939648}
{"step": 2021, "epoch": 3, "loss": 0.09747604832042027, "lr": 8.074209258582956e-06, "grad_norm": 1.4765625, "peak_allocated": 48806939648}
{"step": 2022, "epoch": 3, "loss": 0.07457906011895099, "lr": 8.072112345612434e-06, "grad_norm": 1.234375, "peak_allocated": 48806939648}
{"step": 2023, "epoch": 3, "loss": 0.07218351678779725, "lr": 8.070014564263838e-06, "grad_norm": 1.15625, "peak_allocated": 48806939648}
{"step": 2024, "epoch": 3, "loss": 0.11074260788596599, "lr": 8.067915915130136e-06, "grad_norm": 1.5625, "peak_allocated": 48806939648}
{"step": 2025, "epoch": 3, "loss": 0.08437945306512883, "lr": 8.065816398804547e-06, "grad_norm": 1.234375, "peak_allocated": 48806939648}
{"step": 2026, "epoch": 3, "loss": 0.10770489534857948, "lr": 8.063716015880527e-06, "grad_norm": 1.4296875, "peak_allocated": 48806939648}
{"step": 2027, "epoch": 3, "loss": 0.10327182021647517, "lr": 8.06161476695178e-06, "grad_norm": 1.171875, "peak_allocated": 48806939648}
{"step": 2028, "epoch": 3, "loss": 0.10859318526892227, "lr": 8.059512652612258e-06, "grad_norm": 1.515625, "peak_allocated": 48806939648}
{"step": 2029, "epoch": 3, "loss": 0.09099615615484948, "lr": 8.05740967345615e-06, "grad_norm": 1.265625, "peak_allocated": 48806939648}
{"step": 2030, "epoch": 3, "loss": 0.12904597378899557, "lr": 8.055305830077898e-06, "grad_norm": 1.734375, "peak_allocated": 48806939648}
{"step": 2031, "epoch": 3, "loss": 0.08101514909580393, "lr": 8.053201123072183e-06, "grad_norm": 1.1953125, "peak_allocated": 48806939648}
{"step": 2032, "epoch": 3, "loss": 0.12746853062682362, "lr": 8.051095553033935e-06, "grad_norm": 1.5546875, "peak_allocated": 48806939648}
{"step": 2033, "epoch": 3, "loss": 0.09910156300981217, "lr": 8.04898912055832e-06, "grad_norm": 1.3046875, "peak_allocated": 48806939648}
{"step": 2034, "epoch": 3, "loss": 0.07834068199215441, "lr": 8.046881826240754e-06, "grad_norm": 1.1953125, "peak_allocated": 48806939648}
{"step": 2035, "epoch": 3, "loss": 0.07672937979083189, "lr": 8.044773670676895e-06, "grad_norm": 1.140625, "peak_allocated": 48806939648}
{"step": 2036, "epoch": 3, "loss": 0.11654358388076597, "lr": 8.042664654462646e-06, "grad_norm": 1.5625, "peak_allocated": 48806939648}
{"step": 2037, "epoch": 3, "loss": 0.0874526151231332, "lr": 8.040554778194149e-06, "grad_norm": 1.28125, "peak_allocated": 48806939648}
{"step": 2038, "epoch": 3, "loss": 0.09746700295412819, "lr": 8.038444042467792e-06, "grad_norm": 1.3671875, "peak_allocated": 48806939648}
{"step": 2039, "epoch": 3, "loss": 0.09957675647209498, "lr": 8.036332447880208e-06, "grad_norm": 1.390625, "peak_allocated": 48806939648}
{"step": 2040, "epoch": 3, "loss": 0.1292905149741536, "lr": 8.034219995028269e-06, "grad_norm": 1.4921875, "peak_allocated": 48806939648}
{"step": 2041, "epoch": 3, "loss": 0.09559723318286113, "lr": 8.03210668450909e-06, "grad_norm": 1.4609375, "peak_allocated": 48806939648}
{"step": 2042, "epoch": 3, "loss": 0.11536335590306891, "lr": 8.029992516920033e-06, "grad_norm": 1.6015625, "peak_allocated": 48806939648}
{"step": 2043, "epoch": 3, "loss": 0.10790151527285852, "lr": 8.027877492858696e-06, "grad_norm": 1.421875, "peak_allocated": 48806939648}
{"step": 2044, "epoch": 3, "loss": 0.11782073048100866, "lr": 8.02576161292292e-06, "grad_norm": 1.5546875, "peak_allocated": 48806939648}
{"step": 2045, "epoch": 3, "loss": 0.11258266555183824, "lr": 8.023644877710796e-06, "grad_norm": 1.4765625, "peak_allocated": 48806939648}
{"step": 2046, "epoch": 3, "loss": 0.0877129568420258, "lr": 8.021527287820645e-06, "grad_norm": 1.421875, "peak_allocated": 48806939648}
{"step": 2047, "epoch": 3, "loss": 0.10693842332693748, "lr": 8.019408843851038e-06, "grad_norm": 1.46875, "peak_allocated": 48806939648}
{"step": 2048, "epoch": 3, "loss": 0.10873473300770281, "lr": 8.017289546400783e-06, "grad_norm": 1.59375, "peak_allocated": 48806939648}
{"step": 2049, "epoch": 3, "loss": 0.10036597500545202, "lr": 8.015169396068931e-06, "grad_norm": 1.3046875, "peak_allocated": 48806939648}
{"step": 2050, "epoch": 3, "loss": 0.10651522469134772, "lr": 8.013048393454774e-06, "grad_norm": 1.4765625, "peak_allocated": 48806939648}
{"step": 2051, "epoch": 3, "loss": 0.10796909242211496, "lr": 8.010926539157846e-06, "grad_norm": 1.4609375, "peak_allocated": 48806939648}
{"step": 2052, "epoch": 3, "loss": 0.1262713508491375, "lr": 8.00880383377792e-06, "grad_norm": 1.78125, "peak_allocated": 48806939648}
{"step": 2053, "epoch": 3, "loss": 0.10089379500935525, "lr": 8.00668027791501e-06, "grad_norm": 1.46875, "peak_allocated": 48806939648}
{"step": 2054, "epoch": 3, "loss": 0.09349829528923449, "lr": 8.004555872169368e-06, "grad_norm": 1.3125, "peak_allocated": 48806939648}
{"step": 2055, "epoch": 3, "loss": 0.08278854483194042, "lr": 8.002430617141494e-06, "grad_norm": 1.171875, "peak_allocated": 48806939648}
{"step": 2056, "epoch": 3, "loss": 0.11960882277391116, "lr": 8.000304513432117e-06, "grad_norm": 1.5546875, "peak_allocated": 48806939648}
{"step": 2057, "epoch": 3, "loss": 0.09961818412003286, "lr": 7.998177561642219e-06, "grad_norm": 1.3515625, "peak_allocated": 48806939648}
{"step": 2058, "epoch": 3, "loss": 0.09863738361363483, "lr": 7.996049762373007e-06, "grad_norm": 1.328125, "peak_allocated": 48806939648}
{"step": 2059, "epoch": 3, "loss": 0.09606281752567375, "lr": 7.993921116225938e-06, "grad_norm": 1.4140625, "peak_allocated": 48806939648}
{"step": 2060, "epoch": 3, "loss": 0.10681428156410569, "lr": 7.991791623802707e-06, "grad_norm": 1.6328125, "peak_allocated": 48806939648}
{"step": 2061, "epoch": 3, "loss": 0.10531528832386694, "lr": 7.989661285705244e-06, "grad_norm": 1.375, "peak_allocated": 48806939648}
{"step": 2062, "epoch": 3, "loss": 0.09280360697310576, "lr": 7.987530102535723e-06, "grad_norm": 1.3828125, "peak_allocated": 48806939648}
{"step": 2063, "epoch": 3, "loss": 0.08576795653203172, "lr": 7.985398074896552e-06, "grad_norm": 1.1796875, "peak_allocated": 48806939648}
{"step": 2064, "epoch": 3, "loss": 0.10808709503707382, "lr": 7.983265203390381e-06, "grad_norm": 1.3125, "peak_allocated": 48806939648}
{"step": 2065, "epoch": 3, "loss": 0.08856843999023938, "lr": 7.981131488620099e-06, "grad_norm": 1.3671875, "peak_allocated": 48806939648}
{"step": 2066, "epoch": 3, "loss": 0.1091895773030785, "lr": 7.97899693118883e-06, "grad_norm": 1.46875, "peak_allocated": 48806939648}
{"step": 2067, "epoch": 3, "loss": 0.11496594536049237, "lr": 7.976861531699942e-06, "grad_norm": 1.6640625, "peak_allocated": 48806939648}
{"step": 2068, "epoch": 3, "loss": 0.10843267130478093, "lr": 7.974725290757032e-06, "grad_norm": 1.6328125, "peak_allocated": 48806939648}
{"step": 2069, "epoch": 3, "loss": 0.08861150508702956, "lr": 7.972588208963946e-06, "grad_norm": 1.265625, "peak_allocated": 48806939648}
{"step": 2070, "epoch": 3, "loss": 0.10709455957662517, "lr": 7.970450286924756e-06, "grad_norm": 1.21875, "peak_allocated": 48806939648}
{"step": 2071, "epoch": 3, "loss": 0.06903597519402663, "lr": 7.968311525243782e-06, "grad_norm": 1.1875, "peak_allocated": 48806939648}
{"step": 2072, "epoch": 3, "loss": 0.08744112022542547, "lr": 7.966171924525573e-06, "grad_norm": 1.15625, "peak_allocated": 48806939648}
{"step": 2073, "epoch": 3, "loss": 0.08756714861968468, "lr": 7.964031485374922e-06, "grad_norm": 1.234375, "peak_allocated": 48806939648}
{"step": 2074, "epoch": 3, "loss": 0.10617647427127128, "lr": 7.961890208396854e-06, "grad_norm": 1.46875, "peak_allocated": 48806939648}
{"step": 2075, "epoch": 3, "loss": 0.08634423659136733, "lr": 7.959748094196634e-06, "grad_norm": 1.28125, "peak_allocated": 48806939648}
{"step": 2076, "epoch": 3, "loss": 0.0693607995301927, "lr": 7.957605143379759e-06, "grad_norm": 1.109375, "peak_allocated": 48806939648}
{"step": 2077, "epoch": 3, "loss": 0.0869955458479623, "lr": 7.955461356551972e-06, "grad_norm": 1.1875, "peak_allocated": 48806939648}
{"step": 2078, "epoch": 3, "loss": 0.09624377322766632, "lr": 7.95331673431924e-06, "grad_norm": 1.359375, "peak_allocated": 48806939648}
{"step": 2079, "epoch": 3, "loss": 0.10287379293742765, "lr": 7.951171277287775e-06, "grad_norm": 1.421875, "peak_allocated": 48806939648}
{"step": 2080, "epoch": 3, "loss": 0.10811865797899019, "lr": 7.949024986064022e-06, "grad_norm": 1.5859375, "peak_allocated": 48806939648}
{"step": 2081, "epoch": 3, "loss": 0.10474847379390831, "lr": 7.946877861254661e-06, "grad_norm": 1.4765625, "peak_allocated": 48806939648}
{"step": 2082, "epoch": 3, "loss": 0.07919498428266145, "lr": 7.94472990346661e-06, "grad_norm": 1.2109375, "peak_allocated": 48806939648}
{"step": 2083, "epoch": 3, "loss": 0.13378215087552733, "lr": 7.942581113307022e-06, "grad_norm": 1.53125, "peak_allocated": 48806939648}
{"step": 2084, "epoch": 3, "loss": 0.08827030304640046, "lr": 7.940431491383282e-06, "grad_norm": 1.3046875, "peak_allocated": 48806939648}
{"step": 2085, "epoch": 3, "loss": 0.10645994052128305, "lr": 7.938281038303012e-06, "grad_norm": 1.3828125, "peak_allocated": 48806939648}
{"step": 2086, "epoch": 3, "loss": 0.1011934663914076, "lr": 7.936129754674073e-06, "grad_norm": 1.40625, "peak_allocated": 48806939648}
{"step": 2087, "epoch": 3, "loss": 0.12149900366574616, "lr": 7.933977641104555e-06, "grad_norm": 1.484375, "peak_allocated": 48806939648}
{"step": 2088, "epoch": 3, "loss": 0.1183800870940766, "lr": 7.931824698202785e-06, "grad_norm": 1.4921875, "peak_allocated": 48806939648}
{"step": 2089, "epoch": 3, "loss": 0.07768956110371841, "lr": 7.929670926577323e-06, "grad_norm": 1.109375, "peak_allocated": 48806939648}
{"step": 2090, "epoch": 3, "loss": 0.08038806783646568, "lr": 7.927516326836965e-06, "grad_norm": 1.171875, "peak_allocated": 48806939648}
{"step": 2091, "epoch": 3, "loss": 0.08603253631342281, "lr": 7.925360899590743e-06, "grad_norm": 1.3359375, "peak_allocated": 48806939648}
{"step": 2092, "epoch": 3, "loss": 0.0795489841859378, "lr": 7.923204645447917e-06, "grad_norm": 1.2265625, "peak_allocated": 48806939648}
{"step": 2093, "epoch": 3, "loss": 0.09919737153219381, "lr": 7.921047565017987e-06, "grad_norm": 1.3203125, "peak_allocated": 48806939648}
{"step": 2094, "epoch": 3, "loss": 0.10059999792045095, "lr": 7.918889658910682e-06, "grad_norm": 1.3125, "peak_allocated": 48806939648}
{"step": 2095, "epoch": 3, "loss": 0.13138048789792053, "lr": 7.916730927735967e-06, "grad_norm": 1.59375, "peak_allocated": 48806939648}
{"step": 2096, "epoch": 3, "loss": 0.09110489448548115, "lr": 7.914571372104038e-06, "grad_norm": 1.1796875, "peak_allocated": 48806939648}
{"step": 2097, "epoch": 3, "loss": 0.08374914776951096, "lr": 7.912410992625327e-06, "grad_norm": 1.265625, "peak_allocated": 48806939648}
{"step": 2098, "epoch": 3, "loss": 0.08830834615608336, "lr": 7.910249789910495e-06, "grad_norm": 1.453125, "peak_allocated": 48806939648}
{"step": 2099, "epoch": 3, "loss": 0.10358479183000555, "lr": 7.908087764570442e-06, "grad_norm": 1.2578125, "peak_allocated": 48806939648}
{"step": 2100, "epoch": 3, "loss": 0.08231195874267706, "lr": 7.905924917216294e-06, "grad_norm": 1.3515625, "peak_allocated": 48806939648}
{"step": 2101, "epoch": 3, "loss": 0.09486223288718901, "lr": 7.903761248459409e-06, "grad_norm": 1.1953125, "peak_allocated": 48806939648}
{"step": 2102, "epoch": 3, "loss": 0.09803854867348528, "lr": 7.901596758911385e-06, "grad_norm": 1.3203125, "peak_allocated": 48806939648}
{"step": 2103, "epoch": 3, "loss": 0.10532587608623499, "lr": 7.899431449184046e-06, "grad_norm": 1.3515625, "peak_allocated": 48806939648}
{"step": 2104, "epoch": 3, "loss": 0.07269487565184106, "lr": 7.897265319889447e-06, "grad_norm": 1.25, "peak_allocated": 48806939648}
{"step": 2105, "epoch": 3, "loss": 0.12490682127591336, "lr": 7.895098371639878e-06, "grad_norm": 1.6328125, "peak_allocated": 48806939648}
{"step": 2106, "epoch": 3, "loss": 0.11403798951704307, "lr": 7.892930605047858e-06, "grad_norm": 1.578125, "peak_allocated": 48806939648}
{"step": 2107, "epoch": 3, "loss": 0.09362029528748544, "lr": 7.890762020726137e-06, "grad_norm": 1.3984375, "peak_allocated": 48806939648}
{"step": 2108, "epoch": 3, "loss": 0.10080259076688533, "lr": 7.888592619287701e-06, "grad_norm": 1.28125, "peak_allocated": 48806939648}
{"step": 2109, "epoch": 3, "loss": 0.09300144569985112, "lr": 7.886422401345762e-06, "grad_norm": 1.2890625, "peak_allocated": 48806939648}
{"step": 2110, "epoch": 3, "loss": 0.10202743620984574, "lr": 7.884251367513765e-06, "grad_norm": 1.515625, "peak_allocated": 48806939648}
{"step": 2111, "epoch": 3, "loss": 0.10318248622293064, "lr": 7.882079518405381e-06, "grad_norm": 1.3125, "peak_allocated": 48806939648}
{"step": 2112, "epoch": 3, "loss": 0.10047801621455738, "lr": 7.879906854634521e-06, "grad_norm": 1.40625, "peak_allocated": 48806939648}
{"step": 2113, "epoch": 3, "loss": 0.09623010084824982, "lr": 7.877733376815315e-06, "grad_norm": 1.2890625, "peak_allocated": 48806939648}
{"step": 2114, "epoch": 3, "loss": 0.09422871949045726, "lr": 7.875559085562134e-06, "grad_norm": 1.3125, "peak_allocated": 48806939648}
{"step": 2115, "epoch": 3, "loss": 0.09439962513743466, "lr": 7.87338398148957e-06, "grad_norm": 1.40625, "peak_allocated": 48806939648}
{"step": 2116, "epoch": 3, "loss": 0.08437636664081642, "lr": 7.87120806521245e-06, "grad_norm": 1.2890625, "peak_allocated": 48806939648}
{"step": 2117, "epoch": 3, "loss": 0.10720756170990477, "lr": 7.869031337345828e-06, "grad_norm": 1.390625, "peak_allocated": 48806939648}
{"step": 2118, "epoch": 3, "loss": 0.09341996818031421, "lr": 7.86685379850499e-06, "grad_norm": 1.484375, "peak_allocated": 48806939648}
{"step": 2119, "epoch": 3, "loss": 0.10067735946571754, "lr": 7.864675449305448e-06, "grad_norm": 1.5625, "peak_allocated": 48806939648}
{"step": 2120, "epoch": 3, "loss": 0.07617823000939532, "lr": 7.862496290362944e-06, "grad_norm": 1.2265625, "peak_allocated": 48806939648}
{"step": 2121, "epoch": 3, "loss": 0.10509972966414788, "lr": 7.860316322293453e-06, "grad_norm": 1.265625, "peak_allocated": 48806939648}
{"step": 2122, "epoch": 3, "loss": 0.11270730361195343, "lr": 7.858135545713171e-06, "grad_norm": 1.4140625, "peak_allocated": 48806939648}
{"step": 2123, "epoch": 3, "loss": 0.1264878172180784, "lr": 7.855953961238532e-06, "grad_norm": 1.5859375, "peak_allocated": 48806939648}
{"step": 2124, "epoch": 3, "loss": 0.09361677936899053, "lr": 7.853771569486187e-06, "grad_norm": 1.2734375, "peak_allocated": 48806939648}
{"step": 2125, "epoch": 3, "loss": 0.08530377506162552, "lr": 7.851588371073025e-06, "grad_norm": 1.0546875, "peak_allocated": 48806939648}
{"step": 2126, "epoch": 3, "loss": 0.09971344448768789, "lr": 7.849404366616159e-06, "grad_norm": 1.3046875, "peak_allocated": 48806939648}
{"step": 2127, "epoch": 3, "loss": 0.11150929593940534, "lr": 7.84721955673293e-06, "grad_norm": 1.375, "peak_allocated": 48806939648}
{"step": 2128, "epoch": 3, "loss": 0.09541888862747887, "lr": 7.845033942040907e-06, "grad_norm": 1.15625, "peak_allocated": 48806939648}
{"step": 2129, "epoch": 3, "loss": 0.09865261568970146, "lr": 7.842847523157886e-06, "grad_norm": 1.34375, "peak_allocated": 48806939648}
{"step": 2130, "epoch": 3, "loss": 0.09947069180826755, "lr": 7.840660300701892e-06, "grad_norm": 1.5546875, "peak_allocated": 48806939648}
{"step": 2131, "epoch": 3, "loss": 0.10190042053166921, "lr": 7.838472275291174e-06, "grad_norm": 1.421875, "peak_allocated": 48806939648}
{"step": 2132, "epoch": 3, "loss": 0.09978413975614639, "lr": 7.836283447544212e-06, "grad_norm": 1.3515625, "peak_allocated": 48806939648}
{"step": 2133, "epoch": 3, "loss": 0.09517239485222138, "lr": 7.834093818079707e-06, "grad_norm": 1.3828125, "peak_allocated": 48806939648}
{"step": 2134, "epoch": 3, "loss": 0.09858280217556724, "lr": 7.831903387516593e-06, "grad_norm": 1.453125, "peak_allocated": 48806939648}
{"step": 2135, "epoch": 3, "loss": 0.10316628612274914, "lr": 7.829712156474028e-06, "grad_norm": 1.4140625, "peak_allocated": 48806939648}
{"step": 2136, "epoch": 3, "loss": 0.08216064711985159, "lr": 7.827520125571393e-06, "grad_norm": 1.34375, "peak_allocated": 48806939648}
{"step": 2137, "epoch": 3, "loss": 0.10112151921713923, "lr": 7.825327295428302e-06, "grad_norm": 1.3671875, "peak_allocated": 48806939648}
{"step": 2138, "epoch": 3, "loss": 0.0839688422112948, "lr": 7.82313366666459e-06, "grad_norm": 1.3828125, "peak_allocated": 48806939648}
{"step": 2139, "epoch": 3, "loss": 0.1009961342345235, "lr": 7.820939239900314e-06, "grad_norm": 1.484375, "peak_allocated": 48806939648}
{"step": 2140, "epoch": 3, "loss": 0.0870076917185852, "lr": 7.818744015755765e-06, "grad_norm": 1.375, "peak_allocated": 48806939648}
{"step": 2141, "epoch": 3, "loss": 0.08340627278402275, "lr": 7.816547994851458e-06, "grad_norm": 1.171875, "peak_allocated": 48806939648}
{"step": 2142, "epoch": 3, "loss": 0.1040536723075769, "lr": 7.814351177808128e-06, "grad_norm": 1.6015625, "peak_allocated": 48806939648}
{"step": 2143, "epoch": 3, "loss": 0.09642957722719997, "lr": 7.812153565246739e-06, "grad_norm": 1.4140625, "peak_allocated": 48806939648}
{"step": 2144, "epoch": 3, "loss": 0.0829242786757922, "lr": 7.809955157788475e-06, "grad_norm": 1.2421875, "peak_allocated": 48806939648}
{"step": 2145, "epoch": 3, "loss": 0.11008350995075328, "lr": 7.807755956054755e-06, "grad_norm": 1.671875, "peak_allocated": 48806939648}
{"step": 2146, "epoch": 3, "loss": 0.08944041650195785, "lr": 7.80555596066721e-06, "grad_norm": 1.2734375, "peak_allocated": 48806939648}
{"step": 2147, "epoch": 3, "loss": 0.11639949380820848, "lr": 7.803355172247703e-06, "grad_norm": 1.625, "peak_allocated": 48806939648}
{"step": 2148, "epoch": 3, "loss": 0.08668095268612842, "lr": 7.801153591418321e-06, "grad_norm": 1.265625, "peak_allocated": 48806939648}
{"step": 2149, "epoch": 3, "loss": 0.11441370720684284, "lr": 7.798951218801374e-06, "grad_norm": 1.2578125, "peak_allocated": 48806939648}
{"step": 2150, "epoch": 3, "loss": 0.10775354099644142, "lr": 7.796748055019392e-06, "grad_norm": 1.328125, "peak_allocated": 48806939648}
{"step": 2151, "epoch": 3, "loss": 0.12098206444858707, "lr": 7.794544100695134e-06, "grad_norm": 1.5390625, "peak_allocated": 48806939648}
{"step": 2152, "epoch": 3, "loss": 0.10941633850497691, "lr": 7.792339356451581e-06, "grad_norm": 1.46875, "peak_allocated": 48806939648}
{"step": 2153, "epoch": 3, "loss": 0.11350937073927601, "lr": 7.790133822911935e-06, "grad_norm": 1.4140625, "peak_allocated": 48806939648}
{"step": 2154, "epoch": 3, "loss": 0.08976074971096738, "lr": 7.787927500699621e-06, "grad_norm": 1.5625, "peak_allocated": 48806939648}
{"step": 2155, "epoch": 3, "loss": 0.08109251404367784, "lr": 7.785720390438294e-06, "grad_norm": 1.4765625, "peak_allocated": 48806939648}
{"step": 2156, "epoch": 3, "loss": 0.09200936671843216, "lr": 7.783512492751824e-06, "grad_norm": 1.171875, "peak_allocated": 48806939648}
{"step": 2157, "epoch": 3, "loss": 0.11384457525836976, "lr": 7.781303808264303e-06, "grad_norm": 1.4765625, "peak_allocated": 48806939648}
{"step": 2158, "epoch": 3, "loss": 0.08554613022092439, "lr": 7.779094337600053e-06, "grad_norm": 1.5, "peak_allocated": 48806939648}
{"step": 2159, "epoch": 3, "loss": 0.09365305287003035, "lr": 7.77688408138361e-06, "grad_norm": 1.4140625, "peak_allocated": 48806939648}
{"step": 2160, "epoch": 3, "loss": 0.1166074604585425, "lr": 7.774673040239738e-06, "grad_norm": 1.5234375, "peak_allocated": 48806939648}
{"step": 2161, "epoch": 3, "loss": 0.10720445385027794, "lr": 7.772461214793419e-06, "grad_norm": 1.3125, "peak_allocated": 48806939648}
{"step": 2162, "epoch": 3, "loss": 0.12250071627067896, "lr": 7.770248605669859e-06, "grad_norm": 1.390625, "peak_allocated": 48806939648}
{"step": 2163, "epoch": 3, "loss": 0.09774125890365538, "lr": 7.768035213494485e-06, "grad_norm": 1.359375, "peak_allocated": 48806939648}
{"step": 2164, "epoch": 3, "loss": 0.07892429008911041, "lr": 7.765821038892944e-06, "grad_norm": 1.1484375, "peak_allocated": 48806939648}
{"step": 2165, "epoch": 3, "loss": 0.09940808919535034, "lr": 7.763606082491108e-06, "grad_norm": 1.28125, "peak_allocated": 48806939648}
{"step": 2166, "epoch": 3, "loss": 0.10100644580181496, "lr": 7.761390344915063e-06, "grad_norm": 1.2421875, "peak_allocated": 48806939648}
{"step": 2167, "epoch": 3, "loss": 0.10007099464514814, "lr": 7.759173826791124e-06, "grad_norm": 1.3515625, "peak_allocated": 48806939648}
{"step": 2168, "epoch": 3, "loss": 0.07628260026195535, "lr": 7.75695652874582e-06, "grad_norm": 1.203125, "peak_allocated": 48806939648}
{"step": 2169, "epoch": 3, "loss": 0.09843177943881112, "lr": 7.754738451405905e-06, "grad_norm": 1.359375, "peak_allocated": 48806939648}
{"step": 2170, "epoch": 3, "loss": 0.12974954030146876, "lr": 7.752519595398352e-06, "grad_norm": 1.5625, "peak_allocated": 48806939648}
{"step": 2171, "epoch": 3, "loss": 0.09483695312186338, "lr": 7.750299961350348e-06, "grad_norm": 1.3125, "peak_allocated": 48806939648}
{"step": 2172, "epoch": 3, "loss": 0.09367721898010119, "lr": 7.748079549889312e-06, "grad_norm": 1.375, "peak_allocated": 48806939648}
{"step": 2173, "epoch": 3, "loss": 0.10100861352700721, "lr": 7.745858361642873e-06, "grad_norm": 1.5234375, "peak_allocated": 48806939648}
{"step": 2174, "epoch": 3, "loss": 0.09326036104681881, "lr": 7.743636397238886e-06, "grad_norm": 1.3125, "peak_allocated": 48806939648}
{"step": 2175, "epoch": 3, "loss": 0.08414119478271706, "lr": 7.741413657305416e-06, "grad_norm": 1.375, "peak_allocated": 48806939648}
{"step": 2176, "epoch": 3, "loss": 0.09147862358420657, "lr": 7.73919014247076e-06, "grad_norm": 1.2109375, "peak_allocated": 48806939648}
{"step": 2177, "epoch": 3, "loss": 0.12550217314485657, "lr": 7.736965853363422e-06, "grad_norm": 1.5078125, "peak_allocated": 48806939648}
{"step": 2178, "epoch": 3, "loss": 0.09976009610361947, "lr": 7.734740790612137e-06, "grad_norm": 1.515625, "peak_allocated": 48806939648}
{"step": 2179, "epoch": 3, "loss": 0.10251857503526235, "lr": 7.732514954845843e-06, "grad_norm": 1.4140625, "peak_allocated": 48806939648}
{"step": 2180, "epoch": 3, "loss": 0.11915721041813498, "lr": 7.730288346693713e-06, "grad_norm": 1.578125, "peak_allocated": 48806939648}
{"step": 2181, "epoch": 3, "loss": 0.08903494228895047, "lr": 7.728060966785124e-06, "grad_norm": 1.296875, "peak_allocated": 48806939648}
{"step": 2182, "epoch": 3, "loss": 0.10538305034615009, "lr": 7.725832815749687e-06, "grad_norm": 1.4140625, "peak_allocated": 48806939648}
{"step": 2183, "epoch": 3, "loss": 0.10573494032429376, "lr": 7.723603894217214e-06, "grad_norm": 1.484375, "peak_allocated": 48806939648}
{"step": 2184, "epoch": 3, "loss": 0.08863067556391932, "lr": 7.721374202817746e-06, "grad_norm": 1.03125, "peak_allocated": 48806939648}
{"step": 2185, "epoch": 3, "loss": 0.09422840095329046, "lr": 7.719143742181539e-06, "grad_norm": 1.4921875, "peak_allocated": 48806939648}
{"step": 2186, "epoch": 3, "loss": 0.11949157805371678, "lr": 7.716912512939063e-06, "grad_norm": 1.4765625, "peak_allocated": 48806939648}
{"step": 2187, "epoch": 3, "loss": 0.10527184528868404, "lr": 7.714680515721009e-06, "grad_norm": 1.25, "peak_allocated": 48806939648}
{"step": 2188, "epoch": 3, "loss": 0.08960640403637606, "lr": 7.712447751158287e-06, "grad_norm": 1.3046875, "peak_allocated": 48806939648}
{"step": 2189, "epoch": 3, "loss": 0.0856053696600589, "lr": 7.710214219882016e-06, "grad_norm": 1.2109375, "peak_allocated": 48806939648}
{"step": 2190, "epoch": 3, "loss": 0.09047591530715512, "lr": 7.707979922523541e-06, "grad_norm": 1.5546875, "peak_allocated": 48806939648}
{"step": 2191, "epoch": 3, "loss": 0.10315616281692824, "lr": 7.705744859714416e-06, "grad_norm": 1.3046875, "peak_allocated": 48806939648}
{"step": 2192, "epoch": 3, "loss": 0.08959792384744755, "lr": 7.703509032086417e-06, "grad_norm": 1.4609375, "peak_allocated": 48806939648}
{"step": 2193, "epoch": 3, "loss": 0.11468814730843795, "lr": 7.701272440271534e-06, "grad_norm": 1.4921875, "peak_allocated": 48806939648}
{"step": 2194, "epoch": 3, "loss": 0.12259747443058586, "lr": 7.69903508490197e-06, "grad_norm": 1.640625, "peak_allocated": 48806939648}
{"step": 2195, "epoch": 3, "loss": 0.09844451939798152, "lr": 7.696796966610152e-06, "grad_norm": 1.3046875, "peak_allocated": 48806939648}
{"step": 2196, "epoch": 3, "loss": 0.09028611086988149, "lr": 7.694558086028712e-06, "grad_norm": 1.5234375, "peak_allocated": 48806939648}
{"step": 2197, "epoch": 3, "loss": 0.09242357404158909, "lr": 7.692318443790504e-06, "grad_norm": 1.390625, "peak_allocated": 48806939648}
{"step": 2198, "epoch": 3, "loss": 0.1032321173657393, "lr": 7.690078040528596e-06, "grad_norm": 1.4140625, "peak_allocated": 48806939648}
{"step": 2199, "epoch": 3, "loss": 0.08621436162330737, "lr": 7.68783687687627e-06, "grad_norm": 1.3359375, "peak_allocated": 48806939648}
{"step": 2200, "epoch": 3, "loss": 0.1058410340948584, "lr": 7.68559495346703e-06, "grad_norm": 1.2890625, "peak_allocated": 48806939648}
{"step": 2201, "epoch": 3, "loss": 0.10756948737486428, "lr": 7.683352270934583e-06, "grad_norm": 1.609375, "peak_allocated": 48806939648}
{"step": 2202, "epoch": 3, "loss": 0.0914741566674849, "lr": 7.681108829912858e-06, "grad_norm": 1.4609375, "peak_allocated": 48806939648}
{"step": 2203, "epoch": 3, "loss": 0.09346209772228765, "lr": 7.678864631035997e-06, "grad_norm": 1.3515625, "peak_allocated": 48806939648}
{"step": 2204, "epoch": 3, "loss": 0.12282449517633041, "lr": 7.676619674938355e-06, "grad_norm": 1.609375, "peak_allocated": 48806939648}
{"step": 2205, "epoch": 3, "loss": 0.07561507941775815, "lr": 7.674373962254507e-06, "grad_norm": 1.2109375, "peak_allocated": 48806939648}
{"step": 2206, "epoch": 3, "loss": 0.1042196284003939, "lr": 7.67212749361923e-06, "grad_norm": 1.234375, "peak_allocated": 48806939648}
{"step": 2207, "epoch": 3, "loss": 0.09373598888205172, "lr": 7.669880269667524e-06, "grad_norm": 1.3359375, "peak_allocated": 48806939648}
{"step": 2208, "epoch": 3, "loss": 0.08735451974594556, "lr": 7.667632291034603e-06, "grad_norm": 1.28125, "peak_allocated": 48806939648}
{"step": 2209, "epoch": 3, "loss": 0.10421814146950792, "lr": 7.665383558355889e-06, "grad_norm": 1.4140625, "peak_allocated": 48806939648}
{"step": 2210, "epoch": 3, "loss": 0.08632879602127244, "lr": 7.66313407226702e-06, "grad_norm": 1.453125, "peak_allocated": 48806939648}
{"step": 2211, "epoch": 3, "loss": 0.10661931375232826, "lr": 7.660883833403847e-06, "grad_norm": 1.4609375, "peak_allocated": 48806939648}
{"step": 2212, "epoch": 3, "loss": 0.08772060381779698, "lr": 7.658632842402432e-06, "grad_norm": 1.390625, "peak_allocated": 48806939648}
{"step": 2213, "epoch": 3, "loss": 0.11283089642074078, "lr": 7.656381099899054e-06, "grad_norm": 1.71875, "peak_allocated": 48806939648}
{"step": 2214, "epoch": 3, "loss": 0.1252594314219589, "lr": 7.654128606530197e-06, "grad_norm": 1.65625, "peak_allocated": 48806939648}
{"step": 2215, "epoch": 3, "loss": 0.13045680699548845, "lr": 7.651875362932564e-06, "grad_norm": 1.71875, "peak_allocated": 48806939648}
{"step": 2216, "epoch": 3, "loss": 0.08831657277236522, "lr": 7.64962136974307e-06, "grad_norm": 1.4453125, "peak_allocated": 48806939648}
{"step": 2217, "epoch": 3, "loss": 0.07924309654366561, "lr": 7.647366627598835e-06, "grad_norm": 1.3046875, "peak_allocated": 48806939648}
{"step": 2218, "epoch": 3, "loss": 0.12293913946280964, "lr": 7.645111137137198e-06, "grad_norm": 1.6171875, "peak_allocated": 48806939648}
{"step": 2219, "epoch": 3, "loss": 0.1008446683360587, "lr": 7.642854898995706e-06, "grad_norm": 1.4765625, "peak_allocated": 48806939648}
{"step": 2220, "epoch": 3, "loss": 0.10975781918846463, "lr": 7.64059791381212e-06, "grad_norm": 1.4921875, "peak_allocated": 48806939648}
{"step": 2221, "epoch": 3, "loss": 0.09214939800855107, "lr": 7.638340182224407e-06, "grad_norm": 1.6640625, "peak_allocated": 48806939648}
{"step": 2222, "epoch": 3, "loss": 0.080335385051839, "lr": 7.636081704870748e-06, "grad_norm": 1.265625, "peak_allocated": 48806939648}
{"step": 2223, "epoch": 3, "loss": 0.10490866651965024, "lr": 7.63382248238954e-06, "grad_norm": 1.4609375, "peak_allocated": 48806939648}
{"step": 2224, "epoch": 3, "loss": 0.10102516479036897, "lr": 7.631562515419383e-06, "grad_norm": 1.2890625, "peak_allocated": 48806939648}
{"step": 2225, "epoch": 3, "loss": 0.11272315633377908, "lr": 7.62930180459909e-06, "grad_norm": 1.625, "peak_allocated": 48806939648}
{"step": 2226, "epoch": 3, "loss": 0.1088180858181797, "lr": 7.627040350567685e-06, "grad_norm": 1.6328125, "peak_allocated": 48806939648}
{"step": 2227, "epoch": 3, "loss": 0.1287656998276531, "lr": 7.624778153964399e-06, "grad_norm": 1.7578125, "peak_allocated": 48806939648}
{"step": 2228, "epoch": 3, "loss": 0.08938251142763083, "lr": 7.622515215428678e-06, "grad_norm": 1.53125, "peak_allocated": 48806939648}
{"step": 2229, "epoch": 3, "loss": 0.08862483400279784, "lr": 7.620251535600173e-06, "grad_norm": 1.34375, "peak_allocated": 48806939648}
{"step": 2230, "epoch": 3, "loss": 0.11413556762859908, "lr": 7.61798711511875e-06, "grad_norm": 1.4609375, "peak_allocated": 48806939648}
{"step": 2231, "epoch": 3, "loss": 0.07994921409662709, "lr": 7.615721954624478e-06, "grad_norm": 1.2890625, "peak_allocated": 48806939648}
{"step": 2232, "epoch": 3, "loss": 0.10063226324923567, "lr": 7.61345605475764e-06, "grad_norm": 1.359375, "peak_allocated": 48806939648}
{"step": 2233, "epoch": 3, "loss": 0.08807250840958124, "lr": 7.6111894161587245e-06, "grad_norm": 1.3125, "peak_allocated": 48806939648}
{"step": 2234, "epoch": 3, "loss": 0.0974422688195475, "lr": 7.608922039468431e-06, "grad_norm": 1.34375, "peak_allocated": 48806939648}
{"step": 2235, "epoch": 3, "loss": 0.0829413075691417, "lr": 7.606653925327668e-06, "grad_norm": 1.2109375, "peak_allocated": 48806939648}
{"step": 2236, "epoch": 3, "loss": 0.10624129974475413, "lr": 7.604385074377552e-06, "grad_norm": 1.3203125, "peak_allocated": 48806939648}
{"step": 2237, "epoch": 3, "loss": 0.11987201059793426, "lr": 7.602115487259404e-06, "grad_norm": 1.609375, "peak_allocated": 48806939648}
{"step": 2238, "epoch": 3, "loss": 0.09095196844371085, "lr": 7.599845164614761e-06, "grad_norm": 1.2890625, "peak_allocated": 48806939648}
{"step": 2239, "epoch": 3, "loss": 0.08558522805800607, "lr": 7.597574107085359e-06, "grad_norm": 1.4296875, "peak_allocated": 48806939648}
{"step": 2240, "epoch": 3, "loss": 0.1158401367064848, "lr": 7.595302315313149e-06, "grad_norm": 1.5, "peak_allocated": 48806939648}
{"step": 2241, "epoch": 3, "loss": 0.10588173748008933, "lr": 7.593029789940287e-06, "grad_norm": 1.3828125, "peak_allocated": 48806939648}
{"step": 2242, "epoch": 3, "loss": 0.09786365708530054, "lr": 7.590756531609134e-06, "grad_norm": 1.3125, "peak_allocated": 48806939648}
{"step": 2243, "epoch": 3, "loss": 0.10287535314877334, "lr": 7.58848254096226e-06, "grad_norm": 1.2421875, "peak_allocated": 48806939648}
{"step": 2244, "epoch": 3, "loss": 0.1262857104140295, "lr": 7.586207818642444e-06, "grad_norm": 1.6796875, "peak_allocated": 48806939648}
{"step": 2245, "epoch": 3, "loss": 0.10608201453465504, "lr": 7.583932365292668e-06, "grad_norm": 1.2109375, "peak_allocated": 48806939648}
{"step": 2246, "epoch": 3, "loss": 0.09068724860531636, "lr": 7.581656181556125e-06, "grad_norm": 1.5078125, "peak_allocated": 48806939648}
{"step": 2247, "epoch": 3, "loss": 0.08409214949755744, "lr": 7.5793792680762105e-06, "grad_norm": 1.3203125, "peak_allocated": 48806939648}
{"step": 2248, "epoch": 3, "loss": 0.10059791280428297, "lr": 7.577101625496528e-06, "grad_norm": 1.3203125, "peak_allocated": 48806939648}
{"step": 2249, "epoch": 3, "loss": 0.10068220930747435, "lr": 7.574823254460886e-06, "grad_norm": 1.453125, "peak_allocated": 48806939648}
{"step": 2250, "epoch": 3, "loss": 0.08893926930655889, "lr": 7.572544155613299e-06, "grad_norm": 1.3828125, "peak_allocated": 48806939648}
{"step": 2251, "epoch": 3, "loss": 0.11724538109601125, "lr": 7.570264329597994e-06, "grad_norm": 1.5390625, "peak_allocated": 48806939648}
{"step": 2252, "epoch": 3, "loss": 0.09746248514335662, "lr": 7.5679837770593915e-06, "grad_norm": 1.3671875, "peak_allocated": 48806939648}
{"step": 2253, "epoch": 3, "loss": 0.0729293010593931, "lr": 7.5657024986421245e-06, "grad_norm": 1.21875, "peak_allocated": 48806939648}
{"step": 2254, "epoch": 3, "loss": 0.10929452327772109, "lr": 7.563420494991031e-06, "grad_norm": 1.4921875, "peak_allocated": 48806939648}
{"step": 2255, "epoch": 3, "loss": 0.07307661041596962, "lr": 7.561137766751154e-06, "grad_norm": 1.171875, "peak_allocated": 48806939648}
{"step": 2256, "epoch": 3, "loss": 0.1363453068870516, "lr": 7.558854314567741e-06, "grad_norm": 1.65625, "peak_allocated": 48806939648}
{"step": 2257, "epoch": 3, "loss": 0.11709587936158161, "lr": 7.556570139086239e-06, "grad_norm": 1.390625, "peak_allocated": 48806939648}
{"step": 2258, "epoch": 3, "loss": 0.10548096004036704, "lr": 7.55428524095231e-06, "grad_norm": 1.3671875, "peak_allocated": 48806939648}
{"step": 2259, "epoch": 3, "loss": 0.11875280780040462, "lr": 7.55199962081181e-06, "grad_norm": 1.546875, "peak_allocated": 48806939648}
{"step": 2260, "epoch": 3, "loss": 0.09139034533024815, "lr": 7.549713279310806e-06, "grad_norm": 1.4375, "peak_allocated": 48806939648}
{"step": 2261, "epoch": 3, "loss": 0.11053879668193765, "lr": 7.547426217095566e-06, "grad_norm": 1.4140625, "peak_allocated": 48806939648}
{"step": 2262, "epoch": 3, "loss": 0.11481448892670912, "lr": 7.54513843481256e-06, "grad_norm": 1.5, "peak_allocated": 48806939648}
{"step": 2263, "epoch": 3, "loss": 0.14036852210865292, "lr": 7.542849933108465e-06, "grad_norm": 1.6875, "peak_allocated": 48806939648}
{"step": 2264, "epoch": 3, "loss": 0.11416504672194072, "lr": 7.540560712630159e-06, "grad_norm": 1.34375, "peak_allocated": 48806939648}
{"step": 2265, "epoch": 3, "loss": 0.0905101717819556, "lr": 7.538270774024725e-06, "grad_norm": 1.21875, "peak_allocated": 48806939648}
{"step": 2266, "epoch": 3, "loss": 0.11658415884344972, "lr": 7.5359801179394494e-06, "grad_norm": 1.5625, "peak_allocated": 48806939648}
{"step": 2267, "epoch": 3, "loss": 0.0919812082694851, "lr": 7.5336887450218176e-06, "grad_norm": 1.421875, "peak_allocated": 48806939648}
{"step": 2268, "epoch": 3, "loss": 0.09913668121284512, "lr": 7.531396655919522e-06, "grad_norm": 1.2421875, "peak_allocated": 48806939648}
{"step": 2269, "epoch": 3, "loss": 0.1383614847759974, "lr": 7.529103851280454e-06, "grad_norm": 1.703125, "peak_allocated": 48806939648}
{"step": 2270, "epoch": 3, "loss": 0.09112644638960124, "lr": 7.526810331752708e-06, "grad_norm": 1.3125, "peak_allocated": 48806939648}
{"step": 2271, "epoch": 3, "loss": 0.10566794560811629, "lr": 7.524516097984585e-06, "grad_norm": 1.53125, "peak_allocated": 48806939648}
{"step": 2272, "epoch": 3, "loss": 0.07920057029060382, "lr": 7.5222211506245805e-06, "grad_norm": 1.4453125, "peak_allocated": 48806939648}
{"step": 2273, "epoch": 3, "loss": 0.08644139906892506, "lr": 7.519925490321398e-06, "grad_norm": 1.390625, "peak_allocated": 48806939648}
{"step": 2274, "epoch": 3, "loss": 0.09866080217432292, "lr": 7.517629117723938e-06, "grad_norm": 1.28125, "peak_allocated": 48806939648}
{"step": 2275, "epoch": 3, "loss": 0.08608285861760588, "lr": 7.5153320334813065e-06, "grad_norm": 1.359375, "peak_allocated": 48806939648}
{"step": 2276, "epoch": 3, "loss": 0.1000831628149701, "lr": 7.513034238242804e-06, "grad_norm": 1.3984375, "peak_allocated": 48806939648}
{"step": 2277, "epoch": 3, "loss": 0.08737410009708159, "lr": 7.51073573265794e-06, "grad_norm": 1.296875, "peak_allocated": 48806939648}
{"step": 2278, "epoch": 3, "loss": 0.07985810852607753, "lr": 7.508436517376422e-06, "grad_norm": 1.34375, "peak_allocated": 48806939648}
{"step": 2279, "epoch": 3, "loss": 0.10708300957066286, "lr": 7.506136593048153e-06, "grad_norm": 1.4375, "peak_allocated": 48806939648}
{"step": 2280, "epoch": 3, "loss": 0.08933912931318856, "lr": 7.503835960323246e-06, "grad_norm": 1.2734375, "peak_allocated": 48806939648}
{"step": 2281, "epoch": 3, "loss": 0.08899281478549695, "lr": 7.5015346198520054e-06, "grad_norm": 1.421875, "peak_allocated": 48806939648}
{"step": 2282, "epoch": 3, "loss": 0.11354002466313409, "lr": 7.4992325722849395e-06, "grad_norm": 1.4140625, "peak_allocated": 48806939648}
{"step": 2283, "epoch": 3, "loss": 0.10326769907258136, "lr": 7.496929818272755e-06, "grad_norm": 1.375, "peak_allocated": 48806939648}
{"step": 2284, "epoch": 3, "loss": 0.1002871197358956, "lr": 7.494626358466364e-06, "grad_norm": 1.3125, "peak_allocated": 48806939648}
{"step": 2285, "epoch": 3, "loss": 0.1236527580688383, "lr": 7.49232219351687e-06, "grad_norm": 1.4609375, "peak_allocated": 48806939648}
{"step": 2286, "epoch": 3, "loss": 0.1077259129195173, "lr": 7.49001732407558e-06, "grad_norm": 1.515625, "peak_allocated": 48806939648}
{"step": 2287, "epoch": 3, "loss": 0.10091494777920063, "lr": 7.487711750793999e-06, "grad_norm": 1.5546875, "peak_allocated": 48806939648}
{"step": 2288, "epoch": 3, "loss": 0.08053527319475358, "lr": 7.485405474323832e-06, "grad_norm": 1.1484375, "peak_allocated": 48806939648}
{"step": 2289, "epoch": 3, "loss": 0.10899444690266144, "lr": 7.483098495316983e-06, "grad_norm": 1.3359375, "peak_allocated": 48806939648}
{"step": 2290, "epoch": 3, "loss": 0.11550677021926387, "lr": 7.480790814425551e-06, "grad_norm": 1.4765625, "peak_allocated": 48806939648}
{"step": 2291, "epoch": 3, "loss": 0.0872599052249165, "lr": 7.4784824323018405e-06, "grad_norm": 1.125, "peak_allocated": 48806939648}
{"step": 2292, "epoch": 3, "loss": 0.09979355521737002, "lr": 7.476173349598346e-06, "grad_norm": 1.484375, "peak_allocated": 48806939648}
{"step": 2293, "epoch": 3, "loss": 0.08566407089379179, "lr": 7.473863566967766e-06, "grad_norm": 1.4765625, "peak_allocated": 48806939648}
{"step": 2294, "epoch": 3, "loss": 0.10179851137432859, "lr": 7.471553085062994e-06, "grad_norm": 1.6796875, "peak_allocated": 48806939648}
{"step": 2295, "epoch": 3, "loss": 0.0817257606582788, "lr": 7.469241904537123e-06, "grad_norm": 1.1953125, "peak_allocated": 48806939648}
{"step": 2296, "epoch": 3, "loss": 0.09458209257767766, "lr": 7.466930026043442e-06, "grad_norm": 1.265625, "peak_allocated": 48806939648}
{"step": 2297, "epoch": 3, "loss": 0.10582886057141415, "lr": 7.464617450235435e-06, "grad_norm": 1.453125, "peak_allocated": 48806939648}
{"step": 2298, "epoch": 3, "loss": 0.11583675577820286, "lr": 7.46230417776679e-06, "grad_norm": 1.5, "peak_allocated": 48806939648}
{"step": 2299, "epoch": 3, "loss": 0.11439065755626811, "lr": 7.459990209291387e-06, "grad_norm": 1.5703125, "peak_allocated": 48806939648}
{"step": 2300, "epoch": 3, "loss": 0.108107395518828, "lr": 7.457675545463301e-06, "grad_norm": 1.609375, "peak_allocated": 48806939648}
{"step": 2301, "epoch": 3, "loss": 0.10695568768563497, "lr": 7.455360186936808e-06, "grad_norm": 1.390625, "peak_allocated": 48806939648}
{"step": 2302, "epoch": 3, "loss": 0.1122070571127766, "lr": 7.453044134366377e-06, "grad_norm": 1.609375, "peak_allocated": 48806939648}
{"step": 2303, "epoch": 3, "loss": 0.12430037506363678, "lr": 7.450727388406675e-06, "grad_norm": 1.65625, "peak_allocated": 48806939648}
{"step": 2304, "epoch": 3, "loss": 0.12310217256432977, "lr": 7.448409949712566e-06, "grad_norm": 1.390625, "peak_allocated": 48806939648}
{"step": 2305, "epoch": 3, "loss": 0.10203538354400588, "lr": 7.446091818939108e-06, "grad_norm": 1.3359375, "peak_allocated": 48806939648}
{"step": 2306, "epoch": 3, "loss": 0.116278488205432, "lr": 7.443772996741554e-06, "grad_norm": 1.3828125, "peak_allocated": 48806939648}
{"step": 2307, "epoch": 3, "loss": 0.10515302853592416, "lr": 7.441453483775354e-06, "grad_norm": 1.375, "peak_allocated": 48806939648}
{"step": 2308, "epoch": 3, "loss": 0.10386558949431604, "lr": 7.439133280696151e-06, "grad_norm": 1.1640625, "peak_allocated": 48806939648}
{"step": 2309, "epoch": 3, "loss": 0.08606859031625438, "lr": 7.436812388159788e-06, "grad_norm": 1.28125, "peak_allocated": 48806939648}
{"step": 2310, "epoch": 3, "loss": 0.12380758687855345, "lr": 7.434490806822297e-06, "grad_norm": 1.4765625, "peak_allocated": 48806939648}
{"step": 2311, "epoch": 3, "loss": 0.11449468908300092, "lr": 7.432168537339909e-06, "grad_norm": 1.4609375, "peak_allocated": 48806939648}
{"step": 2312, "epoch": 3, "loss": 0.09453171398843684, "lr": 7.4298455803690465e-06, "grad_norm": 1.203125, "peak_allocated": 48806939648}
{"step": 2313, "epoch": 3, "loss": 0.08151299232250568, "lr": 7.427521936566328e-06, "grad_norm": 1.203125, "peak_allocated": 48806939648}
{"step": 2314, "epoch": 3, "loss": 0.09099142009253246, "lr": 7.425197606588568e-06, "grad_norm": 1.140625, "peak_allocated": 48806939648}
{"step": 2315, "epoch": 3, "loss": 0.1188861357008933, "lr": 7.42287259109277e-06, "grad_norm": 1.40625, "peak_allocated": 48806939648}
{"step": 2316, "epoch": 3, "loss": 0.10516376031215485, "lr": 7.420546890736137e-06, "grad_norm": 1.4375, "peak_allocated": 48806939648}
{"step": 2317, "epoch": 3, "loss": 0.09166642738478484, "lr": 7.418220506176058e-06, "grad_norm": 1.4375, "peak_allocated": 48806939648}
{"step": 2318, "epoch": 3, "loss": 0.0805456644359696, "lr": 7.415893438070123e-06, "grad_norm": 1.171875, "peak_allocated": 48806939648}
{"step": 2319, "epoch": 3, "loss": 0.09987898432943185, "lr": 7.413565687076113e-06, "grad_norm": 1.5, "peak_allocated": 48806939648}
{"step": 2320, "epoch": 3, "loss": 0.09537769147774973, "lr": 7.4112372538520014e-06, "grad_norm": 1.2578125, "peak_allocated": 48806939648}
{"step": 2321, "epoch": 3, "loss": 0.09847133829187481, "lr": 7.408908139055953e-06, "grad_norm": 1.28125, "peak_allocated": 48806939648}
{"step": 2322, "epoch": 3, "loss": 0.09253978421294543, "lr": 7.406578343346327e-06, "grad_norm": 1.28125, "peak_allocated": 48806939648}
{"step": 2323, "epoch": 3, "loss": 0.08915293484152916, "lr": 7.404247867381674e-06, "grad_norm": 1.296875, "peak_allocated": 48806939648}
{"step": 2324, "epoch": 3, "loss": 0.10301264652965438, "lr": 7.401916711820738e-06, "grad_norm": 1.3046875, "peak_allocated": 48806939648}
{"step": 2325, "epoch": 3, "loss": 0.08079164879989499, "lr": 7.399584877322456e-06, "grad_norm": 1.2578125, "peak_allocated": 48806939648}
{"step": 2326, "epoch": 3, "loss": 0.08240161719227275, "lr": 7.397252364545955e-06, "grad_norm": 1.171875, "peak_allocated": 48806939648}
{"step": 2327, "epoch": 3, "loss": 0.08754883166206363, "lr": 7.394919174150552e-06, "grad_norm": 1.296875, "peak_allocated": 48806939648}
{"step": 2328, "epoch": 3, "loss": 0.11056462934258696, "lr": 7.392585306795761e-06, "grad_norm": 1.421875, "peak_allocated": 48806939648}
{"step": 2329, "epoch": 3, "loss": 0.09081074903915322, "lr": 7.390250763141282e-06, "grad_norm": 1.3515625, "peak_allocated": 48806939648}
{"step": 2330, "epoch": 3, "loss": 0.09879891062281075, "lr": 7.387915543847011e-06, "grad_norm": 1.4140625, "peak_allocated": 48806939648}
{"step": 2331, "epoch": 3, "loss": 0.12632084190280216, "lr": 7.385579649573028e-06, "grad_norm": 1.5625, "peak_allocated": 48806939648}
{"step": 2332, "epoch": 3, "loss": 0.10026442248574913, "lr": 7.383243080979611e-06, "grad_norm": 1.484375, "peak_allocated": 48806939648}
{"step": 2333, "epoch": 3, "loss": 0.11505100547080152, "lr": 7.380905838727227e-06, "grad_norm": 1.5703125, "peak_allocated": 48806939648}
{"step": 2334, "epoch": 3, "loss": 0.08814872580844836, "lr": 7.378567923476529e-06, "grad_norm": 1.328125, "peak_allocated": 48806939648}
{"step": 2335, "epoch": 3, "loss": 0.09188036615236088, "lr": 7.376229335888366e-06, "grad_norm": 1.4296875, "peak_allocated": 48806939648}
{"step": 2336, "epoch": 3, "loss": 0.11076060442869133, "lr": 7.3738900766237735e-06, "grad_norm": 1.6484375, "peak_allocated": 48806939648}
{"step": 2337, "epoch": 3, "loss": 0.09120891454397503, "lr": 7.371550146343977e-06, "grad_norm": 1.140625, "peak_allocated": 48806939648}
{"step": 2338, "epoch": 3, "loss": 0.10046984195943293, "lr": 7.369209545710392e-06, "grad_norm": 1.4609375, "peak_allocated": 48806939648}
{"step": 2339, "epoch": 3, "loss": 0.11483231622716399, "lr": 7.366868275384626e-06, "grad_norm": 1.4140625, "peak_allocated": 48806939648}
{"step": 2340, "epoch": 3, "loss": 0.1194381689549116, "lr": 7.364526336028472e-06, "grad_norm": 1.6015625, "peak_allocated": 48806939648}
{"step": 2341, "epoch": 3, "loss": 0.1168091655179335, "lr": 7.362183728303918e-06, "grad_norm": 1.609375, "peak_allocated": 48806939648}
{"step": 2342, "epoch": 3, "loss": 0.13143869615485962, "lr": 7.359840452873129e-06, "grad_norm": 1.625, "peak_allocated": 48806939648}
{"step": 2343, "epoch": 3, "loss": 0.09861454657588321, "lr": 7.3574965103984745e-06, "grad_norm": 1.453125, "peak_allocated": 48806939648}
{"step": 2344, "epoch": 3, "loss": 0.1180558814599928, "lr": 7.3551519015424986e-06, "grad_norm": 1.546875, "peak_allocated": 48806939648}
{"step": 2345, "epoch": 3, "loss": 0.09200571820004395, "lr": 7.352806626967943e-06, "grad_norm": 1.3671875, "peak_allocated": 48806939648}
{"step": 2346, "epoch": 3, "loss": 0.10873326287972516, "lr": 7.350460687337734e-06, "grad_norm": 1.53125, "peak_allocated": 48806939648}
{"step": 2347, "epoch": 3, "loss": 0.08176233189086327, "lr": 7.348114083314985e-06, "grad_norm": 1.2578125, "peak_allocated": 48806939648}
{"step": 2348, "epoch": 3, "loss": 0.09036920019667252, "lr": 7.345766815562999e-06, "grad_norm": 1.484375, "peak_allocated": 48806939648}
{"step": 2349, "epoch": 3, "loss": 0.08880824655418257, "lr": 7.3434188847452655e-06, "grad_norm": 1.578125, "peak_allocated": 48806939648}
{"step": 2350, "epoch": 3, "loss": 0.11524811594818647, "lr": 7.341070291525465e-06, "grad_norm": 1.4609375, "peak_allocated": 48806939648}
{"step": 2351, "epoch": 3, "loss": 0.0881109510875544, "lr": 7.338721036567456e-06, "grad_norm": 1.421875, "peak_allocated": 48806939648}
{"step": 2352, "epoch": 3, "loss": 0.11553129630290103, "lr": 7.336371120535296e-06, "grad_norm": 1.4765625, "peak_allocated": 48806939648}
{"step": 2353, "epoch": 3, "loss": 0.11122961350605418, "lr": 7.334020544093222e-06, "grad_norm": 1.6640625, "peak_allocated": 48806939648}
{"step": 2354, "epoch": 3, "loss": 0.12527941055770167, "lr": 7.331669307905658e-06, "grad_norm": 1.6796875, "peak_allocated": 48806939648}
{"step": 2355, "epoch": 3, "loss": 0.10627379184881798, "lr": 7.3293174126372165e-06, "grad_norm": 1.578125, "peak_allocated": 48806939648}
{"step": 2356, "epoch": 3, "loss": 0.1132629626390047, "lr": 7.326964858952697e-06, "grad_norm": 1.84375, "peak_allocated": 48806939648}
{"step": 2357, "epoch": 3, "loss": 0.09774908287364477, "lr": 7.3246116475170795e-06, "grad_norm": 1.4375, "peak_allocated": 48806939648}
{"step": 2358, "epoch": 3, "loss": 0.09469209571821742, "lr": 7.322257778995538e-06, "grad_norm": 1.140625, "peak_allocated": 48806939648}
{"step": 2359, "epoch": 3, "loss": 0.11431576286961766, "lr": 7.319903254053427e-06, "grad_norm": 1.7109375, "peak_allocated": 48806939648}
{"step": 2360, "epoch": 3, "loss": 0.11640076078080219, "lr": 7.317548073356288e-06, "grad_norm": 1.5078125, "peak_allocated": 48806939648}
{"step": 2361, "epoch": 3, "loss": 0.09899214685257689, "lr": 7.315192237569848e-06, "grad_norm": 1.3515625, "peak_allocated": 48806939648}
{"step": 2362, "epoch": 3, "loss": 0.11373819587393719, "lr": 7.3128357473600185e-06, "grad_norm": 1.65625, "peak_allocated": 48806939648}
{"step": 2363, "epoch": 3, "loss": 0.10512939609419877, "lr": 7.310478603392896e-06, "grad_norm": 1.265625, "peak_allocated": 48806939648}
{"step": 2364, "epoch": 3, "loss": 0.08678736209986744, "lr": 7.308120806334762e-06, "grad_norm": 1.359375, "peak_allocated": 48806939648}
{"step": 2365, "epoch": 3, "loss": 0.11401425381156063, "lr": 7.3057623568520845e-06, "grad_norm": 1.4921875, "peak_allocated": 48806939648}
{"step": 2366, "epoch": 3, "loss": 0.12507941269874573, "lr": 7.303403255611513e-06, "grad_norm": 1.46875, "peak_allocated": 48806939648}
{"step": 2367, "epoch": 3, "loss": 0.09579483652646598, "lr": 7.301043503279881e-06, "grad_norm": 1.546875, "peak_allocated": 48806939648}
{"step": 2368, "epoch": 3, "loss": 0.11818558623448383, "lr": 7.298683100524211e-06, "grad_norm": 1.4140625, "peak_allocated": 48806939648}
{"step": 2369, "epoch": 3, "loss": 0.06426174630995381, "lr": 7.296322048011703e-06, "grad_norm": 1.015625, "peak_allocated": 48806939648}
{"step": 2370, "epoch": 3, "loss": 0.09366718184495011, "lr": 7.2939603464097445e-06, "grad_norm": 1.2578125, "peak_allocated": 48806939648}
{"step": 2371, "epoch": 3, "loss": 0.09514272023301022, "lr": 7.291597996385904e-06, "grad_norm": 1.421875, "peak_allocated": 48806939648}
{"step": 2372, "epoch": 3, "loss": 0.131963614877491, "lr": 7.289234998607936e-06, "grad_norm": 1.40625, "peak_allocated": 48806939648}
{"step": 2373, "epoch": 3, "loss": 0.10428138518373233, "lr": 7.286871353743778e-06, "grad_norm": 1.4921875, "peak_allocated": 48806939648}
{"step": 2374, "epoch": 3, "loss": 0.1083935422407423, "lr": 7.284507062461548e-06, "grad_norm": 1.4140625, "peak_allocated": 48806939648}
{"step": 2375, "epoch": 3, "loss": 0.10470752408416524, "lr": 7.282142125429547e-06, "grad_norm": 1.2734375, "peak_allocated": 48806939648}
{"step": 2376, "epoch": 3, "loss": 0.11290611483852735, "lr": 7.279776543316261e-06, "grad_norm": 1.65625, "peak_allocated": 48806939648}
{"step": 2377, "epoch": 3, "loss": 0.1374620073405188, "lr": 7.277410316790355e-06, "grad_norm": 1.640625, "peak_allocated": 48806939648}
{"step": 2378, "epoch": 3, "loss": 0.11431740837056141, "lr": 7.27504344652068e-06, "grad_norm": 1.7265625, "peak_allocated": 48806939648}
{"step": 2379, "epoch": 3, "loss": 0.11721910032018763, "lr": 7.272675933176267e-06, "grad_norm": 1.4140625, "peak_allocated": 48806939648}
{"step": 2380, "epoch": 3, "loss": 0.08957755172726374, "lr": 7.270307777426327e-06, "grad_norm": 1.4453125, "peak_allocated": 48806939648}
{"step": 2381, "epoch": 3, "loss": 0.10288447785129098, "lr": 7.267938979940257e-06, "grad_norm": 1.3203125, "peak_allocated": 48806939648}
{"step": 2382, "epoch": 3, "loss": 0.13142942374719502, "lr": 7.265569541387629e-06, "grad_norm": 1.5546875, "peak_allocated": 48806939648}
{"step": 2383, "epoch": 3, "loss": 0.10317978416900067, "lr": 7.263199462438203e-06, "grad_norm": 1.2734375, "peak_allocated": 48806939648}
{"step": 2384, "epoch": 3, "loss": 0.09604208341333097, "lr": 7.260828743761914e-06, "grad_norm": 1.4921875, "peak_allocated": 48806939648}
{"step": 2385, "epoch": 3, "loss": 0.11557945702259578, "lr": 7.258457386028884e-06, "grad_norm": 1.46875, "peak_allocated": 48806939648}
{"step": 2386, "epoch": 3, "loss": 0.08033813954683972, "lr": 7.256085389909411e-06, "grad_norm": 1.3046875, "peak_allocated": 48806939648}
{"step": 2387, "epoch": 3, "loss": 0.13518740301136642, "lr": 7.253712756073974e-06, "grad_norm": 1.6328125, "peak_allocated": 48806939648}
{"step": 2388, "epoch": 3, "loss": 0.07878912126134702, "lr": 7.2513394851932365e-06, "grad_norm": 1.015625, "peak_allocated": 48806939648}
{"step": 2389, "epoch": 3, "loss": 0.09747485899189567, "lr": 7.248965577938034e-06, "grad_norm": 1.328125, "peak_allocated": 48806939648}
{"step": 2390, "epoch": 3, "loss": 0.08249942177056688, "lr": 7.246591034979389e-06, "grad_norm": 1.3046875, "peak_allocated": 48806939648}
{"step": 2391, "epoch": 3, "loss": 0.08981340133106332, "lr": 7.244215856988499e-06, "grad_norm": 1.2578125, "peak_allocated": 48806939648}
{"step": 2392, "epoch": 3, "loss": 0.0939262896287434, "lr": 7.241840044636747e-06, "grad_norm": 1.2265625, "peak_allocated": 48806939648}
{"step": 2393, "epoch": 3, "loss": 0.07609852747257705, "lr": 7.23946359859569e-06, "grad_norm": 1.1015625, "peak_allocated": 48806939648}
{"step": 2394, "epoch": 3, "loss": 0.0772317852550784, "lr": 7.237086519537065e-06, "grad_norm": 1.5546875, "peak_allocated": 48806939648}
{"step": 2395, "epoch": 3, "loss": 0.08962470187057009, "lr": 7.234708808132789e-06, "grad_norm": 1.15625, "peak_allocated": 48806939648}
{"step": 2396, "epoch": 3, "loss": 0.09100356351140242, "lr": 7.232330465054957e-06, "grad_norm": 1.265625, "peak_allocated": 48806939648}
{"step": 2397, "epoch": 3, "loss": 0.1079366726502485, "lr": 7.229951490975844e-06, "grad_norm": 1.3984375, "peak_allocated": 48806939648}
{"step": 2398, "epoch": 3, "loss": 0.09341676816707704, "lr": 7.227571886567901e-06, "grad_norm": 1.3125, "peak_allocated": 48806939648}
{"step": 2399, "epoch": 3, "loss": 0.08284156648464715, "lr": 7.22519165250376e-06, "grad_norm": 1.125, "peak_allocated": 48806939648}
{"step": 2400, "epoch": 3, "loss": 0.11089365071713007, "lr": 7.222810789456227e-06, "grad_norm": 1.578125, "peak_allocated": 48806939648}
{"step": 2401, "epoch": 3, "loss": 0.0968404924166278, "lr": 7.22042929809829e-06, "grad_norm": 1.3203125, "peak_allocated": 48806939648}
{"step": 2402, "epoch": 3, "loss": 0.08727029815638823, "lr": 7.218047179103112e-06, "grad_norm": 1.3203125, "peak_allocated": 48806939648}
{"step": 2403, "epoch": 3, "loss": 0.1176838147942586, "lr": 7.215664433144037e-06, "grad_norm": 1.5234375, "peak_allocated": 48806939648}
{"step": 2404, "epoch": 3, "loss": 0.07594834391225232, "lr": 7.213281060894581e-06, "grad_norm": 1.1328125, "peak_allocated": 48806939648}
{"step": 2405, "epoch": 3, "loss": 0.10659919754679563, "lr": 7.210897063028437e-06, "grad_norm": 1.6015625, "peak_allocated": 48806939648}
{"step": 2406, "epoch": 3, "loss": 0.10481356172370353, "lr": 7.2085124402194805e-06, "grad_norm": 1.515625, "peak_allocated": 48806939648}
{"step": 2407, "epoch": 3, "loss": 0.11566024729045335, "lr": 7.2061271931417605e-06, "grad_norm": 1.390625, "peak_allocated": 48806939648}
{"step": 2408, "epoch": 3, "loss": 0.11028865414848628, "lr": 7.203741322469502e-06, "grad_norm": 1.4296875, "peak_allocated": 48806939648}
{"step": 2409, "epoch": 3, "loss": 0.09286631152272533, "lr": 7.201354828877107e-06, "grad_norm": 1.296875, "peak_allocated": 48806939648}
{"step": 2410, "epoch": 3, "loss": 0.11837158028331697, "lr": 7.1989677130391525e-06, "grad_norm": 1.5546875, "peak_allocated": 48806939648}
{"step": 2411, "epoch": 3, "loss": 0.11597029496444362, "lr": 7.196579975630392e-06, "grad_norm": 1.59375, "peak_allocated": 48806939648}
{"step": 2412, "epoch": 3, "loss": 0.09462823043680486, "lr": 7.194191617325755e-06, "grad_norm": 1.4921875, "peak_allocated": 48806939648}
{"step": 2413, "epoch": 3, "loss": 0.10251068586456921, "lr": 7.191802638800347e-06, "grad_norm": 1.5, "peak_allocated": 48806939648}
{"step": 2414, "epoch": 3, "loss": 0.10132429051946013, "lr": 7.1894130407294495e-06, "grad_norm": 1.375, "peak_allocated": 48806939648}
{"step": 2415, "epoch": 3, "loss": 0.08881925284386447, "lr": 7.187022823788514e-06, "grad_norm": 1.203125, "peak_allocated": 48806939648}
{"step": 2416, "epoch": 3, "loss": 0.11232114201438466, "lr": 7.184631988653174e-06, "grad_norm": 1.546875, "peak_allocated": 48806939648}
{"step": 2417, "epoch": 3, "loss": 0.07676619884988227, "lr": 7.182240535999232e-06, "grad_norm": 1.125, "peak_allocated": 48806939648}
{"step": 2418, "epoch": 3, "loss": 0.09060920916776401, "lr": 7.179848466502671e-06, "grad_norm": 1.328125, "peak_allocated": 48806939648}
{"step": 2419, "epoch": 3, "loss": 0.10910715427751885, "lr": 7.177455780839641e-06, "grad_norm": 1.390625, "peak_allocated": 48806939648}
{"step": 2420, "epoch": 3, "loss": 0.08986500400938291, "lr": 7.175062479686472e-06, "grad_norm": 1.3515625, "peak_allocated": 48806939648}
{"step": 2421, "epoch": 3, "loss": 0.11095560909696851, "lr": 7.172668563719667e-06, "grad_norm": 1.390625, "peak_allocated": 48806939648}
{"step": 2422, "epoch": 3, "loss": 0.09735479628733142, "lr": 7.1702740336159004e-06, "grad_norm": 1.3203125, "peak_allocated": 48806939648}
{"step": 2423, "epoch": 3, "loss": 0.08343206551406136, "lr": 7.167878890052022e-06, "grad_norm": 1.28125, "peak_allocated": 48806939648}
{"step": 2424, "epoch": 3, "loss": 0.1151634617046599, "lr": 7.165483133705055e-06, "grad_norm": 1.6484375, "peak_allocated": 48806939648}
{"step": 2425, "epoch": 3, "loss": 0.08322567161803737, "lr": 7.163086765252194e-06, "grad_norm": 1.2734375, "peak_allocated": 48806939648}
{"step": 2426, "epoch": 3, "loss": 0.08371686951952595, "lr": 7.160689785370808e-06, "grad_norm": 1.3125, "peak_allocated": 48806939648}
{"step": 2427, "epoch": 3, "loss": 0.09365767113136085, "lr": 7.158292194738441e-06, "grad_norm": 1.40625, "peak_allocated": 48806939648}
{"step": 2428, "epoch": 3, "loss": 0.10635875793811783, "lr": 7.155893994032807e-06, "grad_norm": 1.453125, "peak_allocated": 48806939648}
{"step": 2429, "epoch": 3, "loss": 0.10430192588794947, "lr": 7.153495183931792e-06, "grad_norm": 1.3828125, "peak_allocated": 48806939648}
{"step": 2430, "epoch": 3, "loss": 0.09281980677123566, "lr": 7.151095765113455e-06, "grad_norm": 1.3984375, "peak_allocated": 48806939648}
{"step": 2431, "epoch": 3, "loss": 0.09461559749863109, "lr": 7.148695738256029e-06, "grad_norm": 1.609375, "peak_allocated": 48806939648}
{"step": 2432, "epoch": 3, "loss": 0.08831517435579081, "lr": 7.146295104037915e-06, "grad_norm": 1.4765625, "peak_allocated": 48806939648}
{"step": 2433, "epoch": 3, "loss": 0.07367343718840297, "lr": 7.1438938631376875e-06, "grad_norm": 1.1875, "peak_allocated": 48806939648}
{"step": 2434, "epoch": 3, "loss": 0.1233380781478699, "lr": 7.141492016234097e-06, "grad_norm": 1.609375, "peak_allocated": 48806939648}
{"step": 2435, "epoch": 3, "loss": 0.08883985373733853, "lr": 7.139089564006056e-06, "grad_norm": 1.4375, "peak_allocated": 48806939648}
{"step": 2436, "epoch": 3, "loss": 0.09412703838133107, "lr": 7.136686507132657e-06, "grad_norm": 1.328125, "peak_allocated": 48806939648}
{"step": 2437, "epoch": 3, "loss": 0.10001581603788419, "lr": 7.134282846293157e-06, "grad_norm": 1.3671875, "peak_allocated": 48806939648}
{"step": 2438, "epoch": 3, "loss": 0.085555087976313, "lr": 7.131878582166989e-06, "grad_norm": 1.2734375, "peak_allocated": 48806939648}
{"step": 2439, "epoch": 3, "loss": 0.10966520297162567, "lr": 7.129473715433751e-06, "grad_norm": 1.3203125, "peak_allocated": 48806939648}
{"step": 2440, "epoch": 3, "loss": 0.09462292895638252, "lr": 7.127068246773216e-06, "grad_norm": 1.34375, "peak_allocated": 48806939648}
{"step": 2441, "epoch": 3, "loss": 0.10241657234301434, "lr": 7.124662176865324e-06, "grad_norm": 1.5546875, "peak_allocated": 48806939648}
{"step": 2442, "epoch": 3, "loss": 0.09424401602002838, "lr": 7.122255506390189e-06, "grad_norm": 1.4296875, "peak_allocated": 48806939648}
{"step": 2443, "epoch": 3, "loss": 0.10913810322476326, "lr": 7.119848236028089e-06, "grad_norm": 1.71875, "peak_allocated": 48806939648}
{"step": 2444, "epoch": 3, "loss": 0.1166616217330684, "lr": 7.117440366459478e-06, "grad_norm": 1.3984375, "peak_allocated": 48806939648}
{"step": 2445, "epoch": 3, "loss": 0.09112873963011697, "lr": 7.115031898364971e-06, "grad_norm": 1.171875, "peak_allocated": 48806939648}
{"step": 2446, "epoch": 3, "loss": 0.11389974857047674, "lr": 7.112622832425362e-06, "grad_norm": 1.40625, "peak_allocated": 48806939648}
{"step": 2447, "epoch": 3, "loss": 0.12139165860093884, "lr": 7.110213169321606e-06, "grad_norm": 1.6171875, "peak_allocated": 48806939648}
{"step": 2448, "epoch": 3, "loss": 0.10405997782881514, "lr": 7.1078029097348335e-06, "grad_norm": 1.59375, "peak_allocated": 48806939648}
{"step": 2449, "epoch": 3, "loss": 0.0858468365957839, "lr": 7.1053920543463365e-06, "grad_norm": 1.5, "peak_allocated": 48806939648}
{"step": 2450, "epoch": 3, "loss": 0.12699001335468652, "lr": 7.102980603837579e-06, "grad_norm": 1.8671875, "peak_allocated": 48806939648}
{"step": 2451, "epoch": 3, "loss": 0.0875619461739291, "lr": 7.100568558890198e-06, "grad_norm": 1.3046875, "peak_allocated": 48806939648}
{"step": 2452, "epoch": 3, "loss": 0.09653409627283975, "lr": 7.0981559201859875e-06, "grad_norm": 1.6640625, "peak_allocated": 48806939648}
{"step": 2453, "epoch": 3, "loss": 0.085382875883065, "lr": 7.095742688406918e-06, "grad_norm": 1.375, "peak_allocated": 48806939648}
{"step": 2454, "epoch": 3, "loss": 0.10008076879396047, "lr": 7.093328864235127e-06, "grad_norm": 1.3515625, "peak_allocated": 48806939648}
{"step": 2455, "epoch": 3, "loss": 0.10338432072218506, "lr": 7.090914448352917e-06, "grad_norm": 1.65625, "peak_allocated": 48806939648}
{"step": 2456, "epoch": 3, "loss": 0.10456091435009697, "lr": 7.088499441442757e-06, "grad_norm": 1.4375, "peak_allocated": 48806939648}
{"step": 2457, "epoch": 3, "loss": 0.11294411708929712, "lr": 7.086083844187285e-06, "grad_norm": 1.28125, "peak_allocated": 48806939648}
{"step": 2458, "epoch": 3, "loss": 0.10594411421616064, "lr": 7.083667657269306e-06, "grad_norm": 1.609375, "peak_allocated": 48806939648}
{"step": 2459, "epoch": 3, "loss": 0.10531553735146368, "lr": 7.081250881371789e-06, "grad_norm": 1.25, "peak_allocated": 48806939648}
{"step": 2460, "epoch": 3, "loss": 0.11587574357828703, "lr": 7.078833517177875e-06, "grad_norm": 1.3359375, "peak_allocated": 48806939648}
{"step": 2461, "epoch": 3, "loss": 0.0983824710022462, "lr": 7.076415565370866e-06, "grad_norm": 1.4609375, "peak_allocated": 48806939648}
{"step": 2462, "epoch": 3, "loss": 0.11375220979187191, "lr": 7.07399702663423e-06, "grad_norm": 1.296875, "peak_allocated": 48806939648}
{"step": 2463, "epoch": 3, "loss": 0.09140589992079842, "lr": 7.071577901651606e-06, "grad_norm": 1.25, "peak_allocated": 48806939648}
{"step": 2464, "epoch": 3, "loss": 0.09208833338713607, "lr": 7.069158191106795e-06, "grad_norm": 1.328125, "peak_allocated": 48806939648}
{"step": 2465, "epoch": 3, "loss": 0.10525353492158782, "lr": 7.066737895683762e-06, "grad_norm": 1.5, "peak_allocated": 48806939648}
{"step": 2466, "epoch": 3, "loss": 0.08253020752909129, "lr": 7.06431701606664e-06, "grad_norm": 1.25, "peak_allocated": 48806939648}
{"step": 2467, "epoch": 3, "loss": 0.09274301651056285, "lr": 7.061895552939727e-06, "grad_norm": 1.328125, "peak_allocated": 48806939648}
{"step": 2468, "epoch": 3, "loss": 0.11106166551751248, "lr": 7.059473506987486e-06, "grad_norm": 1.4140625, "peak_allocated": 48806939648}
{"step": 2469, "epoch": 3, "loss": 0.09107345757669484, "lr": 7.057050878894544e-06, "grad_norm": 1.4140625, "peak_allocated": 48806939648}
{"step": 2470, "epoch": 3, "loss": 0.08608918642246559, "lr": 7.0546276693456924e-06, "grad_norm": 1.390625, "peak_allocated": 48806939648}
{"step": 2471, "epoch": 3, "loss": 0.07299543274365576, "lr": 7.052203879025888e-06, "grad_norm": 1.171875, "peak_allocated": 48806939648}
{"step": 2472, "epoch": 3, "loss": 0.10564661610478478, "lr": 7.049779508620249e-06, "grad_norm": 1.28125, "peak_allocated": 48806939648}
{"step": 2473, "epoch": 3, "loss": 0.09038475838951891, "lr": 7.0473545588140615e-06, "grad_norm": 1.4609375, "peak_allocated": 48806939648}
{"step": 2474, "epoch": 3, "loss": 0.09561897036018997, "lr": 7.044929030292773e-06, "grad_norm": 1.375, "peak_allocated": 48806939648}
{"step": 2475, "epoch": 3, "loss": 0.1067621362155087, "lr": 7.042502923741994e-06, "grad_norm": 1.421875, "peak_allocated": 48806939648}
{"step": 2476, "epoch": 3, "loss": 0.11278500280328689, "lr": 7.040076239847502e-06, "grad_norm": 1.453125, "peak_allocated": 48806939648}
{"step": 2477, "epoch": 3, "loss": 0.10058208050298124, "lr": 7.0376489792952326e-06, "grad_norm": 1.4375, "peak_allocated": 48806939648}
{"step": 2478, "epoch": 3, "loss": 0.10339271565906055, "lr": 7.035221142771289e-06, "grad_norm": 1.4375, "peak_allocated": 48806939648}
{"step": 2479, "epoch": 3, "loss": 0.09648816063097863, "lr": 7.0327927309619325e-06, "grad_norm": 1.375, "peak_allocated": 48806939648}
{"step": 2480, "epoch": 3, "loss": 0.10484258580751908, "lr": 7.030363744553592e-06, "grad_norm": 1.3203125, "peak_allocated": 48806939648}
{"step": 2481, "epoch": 3, "loss": 0.10896647175786305, "lr": 7.0279341842328566e-06, "grad_norm": 1.5078125, "peak_allocated": 48806939648}
{"step": 2482, "epoch": 3, "loss": 0.10591811350133659, "lr": 7.025504050686476e-06, "grad_norm": 1.640625, "peak_allocated": 48806939648}
{"step": 2483, "epoch": 3, "loss": 0.0923817302746766, "lr": 7.023073344601364e-06, "grad_norm": 1.421875, "peak_allocated": 48806939648}
{"step": 2484, "epoch": 3, "loss": 0.10313720938833178, "lr": 7.0206420666645965e-06, "grad_norm": 1.5546875, "peak_allocated": 48806939648}
{"step": 2485, "epoch": 3, "loss": 0.09966075854622063, "lr": 7.018210217563409e-06, "grad_norm": 1.234375, "peak_allocated": 48806939648}
{"step": 2486, "epoch": 3, "loss": 0.08854626823013295, "lr": 7.0157777979852014e-06, "grad_norm": 1.3046875, "peak_allocated": 48806939648}
{"step": 2487, "epoch": 3, "loss": 0.08586620258365812, "lr": 7.01334480861753e-06, "grad_norm": 1.1953125, "peak_allocated": 48806939648}
{"step": 2488, "epoch": 3, "loss": 0.10742502174394314, "lr": 7.010911250148119e-06, "grad_norm": 1.859375, "peak_allocated": 48806939648}
{"event": "train_stage", "stage": "validation_loss_complete", "rank": 0, "local_rank": 0, "world_size": 4, "epoch": 4, "val_loss": 0.12292486336777854, "training_seconds": 1599.63, "validation_loss_seconds": 47.4}
{"event": "train_stage", "stage": "validation_gleu_complete", "rank": 0, "local_rank": 0, "world_size": 4, "epoch": 4, "elapsed_seconds": 2909.72, "gleu": 38.0272, "invalid_utf8": 2, "budget_exhausted": 2, "generation_backend": "global-prefix-guarded-greedy-v1", "cache_preliminary_skips": 241717, "cache_guard_refreshes": 6090, "max_rank_peak_allocated_bytes": 48806939648}
{"event": "train_stage", "stage": "checkpoint_published", "rank": 0, "local_rank": 0, "world_size": 4, "checkpoint": "step-00002488-412a4d46", "best": true}
{"event": "train_stage", "stage": "epoch_complete", "rank": 0, "local_rank": 0, "world_size": 4, "epoch": 4, "global_step": 2488, "selection_metric": "val_gleu", "best": true, "val_loss": 0.12292486336777854, "val_gleu": 38.0272, "elapsed_seconds": 4620.73}
{"step": 2489, "epoch": 4, "loss": 0.10887284076503101, "lr": 7.008477123264849e-06, "grad_norm": 1.4609375, "peak_allocated": 48806939648}
{"step": 2490, "epoch": 4, "loss": 0.09522713453934276, "lr": 7.006042428655758e-06, "grad_norm": 1.515625, "peak_allocated": 48806939648}
{"step": 2491, "epoch": 4, "loss": 0.11243397047793967, "lr": 7.003607167009054e-06, "grad_norm": 1.3125, "peak_allocated": 48806939648}
{"step": 2492, "epoch": 4, "loss": 0.09527033936393609, "lr": 7.001171339013097e-06, "grad_norm": 1.28125, "peak_allocated": 48806939648}
{"step": 2493, "epoch": 4, "loss": 0.07429586203173973, "lr": 6.99873494535641e-06, "grad_norm": 1.390625, "peak_allocated": 48806939648}
{"step": 2494, "epoch": 4, "loss": 0.0786461282271802, "lr": 6.996297986727676e-06, "grad_norm": 1.6484375, "peak_allocated": 48806939648}
{"step": 2495, "epoch": 4, "loss": 0.08124102021461774, "lr": 6.993860463815737e-06, "grad_norm": 1.1953125, "peak_allocated": 48806939648}
{"step": 2496, "epoch": 4, "loss": 0.11327110049490355, "lr": 6.991422377309597e-06, "grad_norm": 1.4375, "peak_allocated": 48806939648}
{"step": 2497, "epoch": 4, "loss": 0.0901787065730397, "lr": 6.988983727898414e-06, "grad_norm": 1.4140625, "peak_allocated": 48806939648}
{"step": 2498, "epoch": 4, "loss": 0.1262087184041629, "lr": 6.986544516271511e-06, "grad_norm": 1.6796875, "peak_allocated": 48806939648}
{"step": 2499, "epoch": 4, "loss": 0.08794459951219752, "lr": 6.984104743118368e-06, "grad_norm": 1.1484375, "peak_allocated": 48806939648}
{"step": 2500, "epoch": 4, "loss": 0.11319688877838027, "lr": 6.981664409128619e-06, "grad_norm": 1.3828125, "peak_allocated": 48806939648}
{"event": "train_stage", "stage": "checkpoint_published", "rank": 0, "local_rank": 0, "world_size": 4, "checkpoint": "step-00002500-016b8e5f", "best": false}
{"step": 2501, "epoch": 4, "loss": 0.07875413201651517, "lr": 6.979223514992064e-06, "grad_norm": 1.265625, "peak_allocated": 48806939648}
{"step": 2502, "epoch": 4, "loss": 0.0888640320384138, "lr": 6.976782061398657e-06, "grad_norm": 1.34375, "peak_allocated": 48806939648}
{"step": 2503, "epoch": 4, "loss": 0.09069924752861645, "lr": 6.9743400490385106e-06, "grad_norm": 1.2734375, "peak_allocated": 48806939648}
{"step": 2504, "epoch": 4, "loss": 0.09748285096586676, "lr": 6.971897478601897e-06, "grad_norm": 1.28125, "peak_allocated": 48806939648}
{"step": 2505, "epoch": 4, "loss": 0.09934542040041273, "lr": 6.969454350779244e-06, "grad_norm": 1.265625, "peak_allocated": 48806939648}
{"step": 2506, "epoch": 4, "loss": 0.12925999801351876, "lr": 6.967010666261137e-06, "grad_norm": 1.4609375, "peak_allocated": 48806939648}
{"step": 2507, "epoch": 4, "loss": 0.08514585264301935, "lr": 6.96456642573832e-06, "grad_norm": 1.265625, "peak_allocated": 48806939648}
{"step": 2508, "epoch": 4, "loss": 0.09422069106605192, "lr": 6.962121629901696e-06, "grad_norm": 1.4140625, "peak_allocated": 48806939648}
{"step": 2509, "epoch": 4, "loss": 0.10967197980026158, "lr": 6.95967627944232e-06, "grad_norm": 1.3515625, "peak_allocated": 48806939648}
{"step": 2510, "epoch": 4, "loss": 0.0779873968152405, "lr": 6.957230375051408e-06, "grad_norm": 1.1484375, "peak_allocated": 48806939648}
{"step": 2511, "epoch": 4, "loss": 0.10555280028984067, "lr": 6.9547839174203315e-06, "grad_norm": 1.375, "peak_allocated": 48806939648}
{"step": 2512, "epoch": 4, "loss": 0.10268549161865598, "lr": 6.952336907240616e-06, "grad_norm": 1.328125, "peak_allocated": 48806939648}
{"step": 2513, "epoch": 4, "loss": 0.10511443535586433, "lr": 6.9498893452039485e-06, "grad_norm": 1.3984375, "peak_allocated": 48806939648}
{"step": 2514, "epoch": 4, "loss": 0.12222420894941458, "lr": 6.947441232002165e-06, "grad_norm": 1.6875, "peak_allocated": 48806939648}
{"step": 2515, "epoch": 4, "loss": 0.09975598330768806, "lr": 6.944992568327262e-06, "grad_norm": 1.3515625, "peak_allocated": 48806939648}
{"step": 2516, "epoch": 4, "loss": 0.1021293913375294, "lr": 6.942543354871394e-06, "grad_norm": 1.3984375, "peak_allocated": 48806939648}
{"step": 2517, "epoch": 4, "loss": 0.10444659134410232, "lr": 6.940093592326862e-06, "grad_norm": 1.5390625, "peak_allocated": 48806939648}
{"step": 2518, "epoch": 4, "loss": 0.06304373557375555, "lr": 6.937643281386132e-06, "grad_norm": 1.046875, "peak_allocated": 48806939648}
{"step": 2519, "epoch": 4, "loss": 0.101965867494263, "lr": 6.935192422741819e-06, "grad_norm": 1.3515625, "peak_allocated": 48806939648}
{"step": 2520, "epoch": 4, "loss": 0.10988048067722067, "lr": 6.932741017086693e-06, "grad_norm": 1.40625, "peak_allocated": 48806939648}
{"step": 2521, "epoch": 4, "loss": 0.08510003346505776, "lr": 6.930289065113682e-06, "grad_norm": 1.21875, "peak_allocated": 48806939648}
{"step": 2522, "epoch": 4, "loss": 0.08811419353796905, "lr": 6.927836567515867e-06, "grad_norm": 1.171875, "peak_allocated": 48806939648}
{"step": 2523, "epoch": 4, "loss": 0.10051782556477389, "lr": 6.925383524986482e-06, "grad_norm": 1.375, "peak_allocated": 48806939648}
{"step": 2524, "epoch": 4, "loss": 0.09957157986641613, "lr": 6.922929938218917e-06, "grad_norm": 1.28125, "peak_allocated": 48806939648}
{"step": 2525, "epoch": 4, "loss": 0.0974501629183243, "lr": 6.92047580790671e-06, "grad_norm": 1.328125, "peak_allocated": 48806939648}
{"step": 2526, "epoch": 4, "loss": 0.10012951999883023, "lr": 6.918021134743565e-06, "grad_norm": 1.5, "peak_allocated": 48806939648}
{"step": 2527, "epoch": 4, "loss": 0.08410641111820093, "lr": 6.915565919423323e-06, "grad_norm": 1.4609375, "peak_allocated": 48806939648}
{"step": 2528, "epoch": 4, "loss": 0.0959699789384081, "lr": 6.913110162639995e-06, "grad_norm": 1.390625, "peak_allocated": 48806939648}
{"step": 2529, "epoch": 4, "loss": 0.10537667952408812, "lr": 6.910653865087733e-06, "grad_norm": 1.6328125, "peak_allocated": 48806939648}
{"step": 2530, "epoch": 4, "loss": 0.08439792784067567, "lr": 6.908197027460846e-06, "grad_norm": 1.3515625, "peak_allocated": 48806939648}
{"step": 2531, "epoch": 4, "loss": 0.10842810190848887, "lr": 6.905739650453796e-06, "grad_norm": 1.515625, "peak_allocated": 48806939648}
{"step": 2532, "epoch": 4, "loss": 0.10720643010081504, "lr": 6.903281734761197e-06, "grad_norm": 1.484375, "peak_allocated": 48806939648}
{"step": 2533, "epoch": 4, "loss": 0.07512432211737553, "lr": 6.900823281077815e-06, "grad_norm": 1.296875, "peak_allocated": 48806939648}
{"step": 2534, "epoch": 4, "loss": 0.08790072381336521, "lr": 6.898364290098569e-06, "grad_norm": 1.375, "peak_allocated": 48806939648}
{"step": 2535, "epoch": 4, "loss": 0.09727634602978108, "lr": 6.895904762518529e-06, "grad_norm": 1.4453125, "peak_allocated": 48806939648}
{"step": 2536, "epoch": 4, "loss": 0.08480490658063004, "lr": 6.893444699032917e-06, "grad_norm": 1.21875, "peak_allocated": 48806939648}
{"step": 2537, "epoch": 4, "loss": 0.12389754813715514, "lr": 6.890984100337106e-06, "grad_norm": 1.6953125, "peak_allocated": 48806939648}
{"step": 2538, "epoch": 4, "loss": 0.08937561475676126, "lr": 6.888522967126621e-06, "grad_norm": 1.28125, "peak_allocated": 48806939648}
{"step": 2539, "epoch": 4, "loss": 0.09952161218041117, "lr": 6.8860613000971376e-06, "grad_norm": 1.515625, "peak_allocated": 48806939648}
{"step": 2540, "epoch": 4, "loss": 0.09302891356177455, "lr": 6.883599099944482e-06, "grad_norm": 1.5703125, "peak_allocated": 48806939648}
{"step": 2541, "epoch": 4, "loss": 0.06916811117219379, "lr": 6.881136367364633e-06, "grad_norm": 1.296875, "peak_allocated": 48806939648}
{"step": 2542, "epoch": 4, "loss": 0.10690370735912527, "lr": 6.8786731030537165e-06, "grad_norm": 1.4765625, "peak_allocated": 48806939648}
{"step": 2543, "epoch": 4, "loss": 0.07973431479140844, "lr": 6.876209307708013e-06, "grad_norm": 1.1640625, "peak_allocated": 48806939648}
{"step": 2544, "epoch": 4, "loss": 0.08594320291226075, "lr": 6.873744982023949e-06, "grad_norm": 1.2421875, "peak_allocated": 48806939648}
{"step": 2545, "epoch": 4, "loss": 0.09323624371097305, "lr": 6.871280126698102e-06, "grad_norm": 1.5234375, "peak_allocated": 48806939648}
{"step": 2546, "epoch": 4, "loss": 0.10626729366664966, "lr": 6.868814742427203e-06, "grad_norm": 1.4921875, "peak_allocated": 48806939648}
{"step": 2547, "epoch": 4, "loss": 0.08750533714150428, "lr": 6.866348829908126e-06, "grad_norm": 1.453125, "peak_allocated": 48806939648}
{"step": 2548, "epoch": 4, "loss": 0.1027070957004923, "lr": 6.863882389837899e-06, "grad_norm": 1.6640625, "peak_allocated": 48806939648}
{"step": 2549, "epoch": 4, "loss": 0.1011060021157043, "lr": 6.861415422913699e-06, "grad_norm": 1.5546875, "peak_allocated": 48806939648}
{"step": 2550, "epoch": 4, "loss": 0.10189605123538668, "lr": 6.858947929832849e-06, "grad_norm": 1.3046875, "peak_allocated": 48806939648}
{"step": 2551, "epoch": 4, "loss": 0.10786239969987169, "lr": 6.856479911292823e-06, "grad_norm": 1.6015625, "peak_allocated": 48806939648}
{"step": 2552, "epoch": 4, "loss": 0.06692950296122975, "lr": 6.854011367991243e-06, "grad_norm": 1.359375, "peak_allocated": 48806939648}
{"step": 2553, "epoch": 4, "loss": 0.09710546913133773, "lr": 6.8515423006258795e-06, "grad_norm": 1.3671875, "peak_allocated": 48806939648}
{"step": 2554, "epoch": 4, "loss": 0.0811916612051334, "lr": 6.849072709894651e-06, "grad_norm": 1.34375, "peak_allocated": 48806939648}
{"step": 2555, "epoch": 4, "loss": 0.08756920413303493, "lr": 6.846602596495624e-06, "grad_norm": 1.40625, "peak_allocated": 48806939648}
{"step": 2556, "epoch": 4, "loss": 0.09823739341021408, "lr": 6.844131961127014e-06, "grad_norm": 1.34375, "peak_allocated": 48806939648}
{"step": 2557, "epoch": 4, "loss": 0.1306501328153219, "lr": 6.84166080448718e-06, "grad_norm": 1.8046875, "peak_allocated": 48806939648}
{"step": 2558, "epoch": 4, "loss": 0.09405634327304406, "lr": 6.839189127274632e-06, "grad_norm": 1.453125, "peak_allocated": 48806939648}
{"step": 2559, "epoch": 4, "loss": 0.09842992107232296, "lr": 6.836716930188027e-06, "grad_norm": 1.3515625, "peak_allocated": 48806939648}
{"step": 2560, "epoch": 4, "loss": 0.08601648552180166, "lr": 6.834244213926167e-06, "grad_norm": 1.3125, "peak_allocated": 48806939648}
{"step": 2561, "epoch": 4, "loss": 0.08856445277122825, "lr": 6.831770979188003e-06, "grad_norm": 1.484375, "peak_allocated": 48806939648}
{"step": 2562, "epoch": 4, "loss": 0.10426307782090143, "lr": 6.829297226672631e-06, "grad_norm": 1.5859375, "peak_allocated": 48806939648}
{"step": 2563, "epoch": 4, "loss": 0.11182539992076694, "lr": 6.826822957079293e-06, "grad_norm": 1.7890625, "peak_allocated": 48806939648}
{"step": 2564, "epoch": 4, "loss": 0.10187714457263193, "lr": 6.82434817110738e-06, "grad_norm": 1.375, "peak_allocated": 48806939648}
{"step": 2565, "epoch": 4, "loss": 0.10153310512035953, "lr": 6.821872869456424e-06, "grad_norm": 1.3359375, "peak_allocated": 48806939648}
{"step": 2566, "epoch": 4, "loss": 0.0777519458093831, "lr": 6.819397052826109e-06, "grad_norm": 1.46875, "peak_allocated": 48806939648}
{"step": 2567, "epoch": 4, "loss": 0.10348321002041948, "lr": 6.816920721916259e-06, "grad_norm": 1.671875, "peak_allocated": 48806939648}
{"step": 2568, "epoch": 4, "loss": 0.08662142805693364, "lr": 6.814443877426844e-06, "grad_norm": 1.390625, "peak_allocated": 48806939648}
{"step": 2569, "epoch": 4, "loss": 0.12141996783377715, "lr": 6.811966520057987e-06, "grad_norm": 1.8046875, "peak_allocated": 48806939648}
{"step": 2570, "epoch": 4, "loss": 0.06787252647935141, "lr": 6.8094886505099425e-06, "grad_norm": 1.1953125, "peak_allocated": 48806939648}
{"step": 2571, "epoch": 4, "loss": 0.11063196826786544, "lr": 6.807010269483122e-06, "grad_norm": 1.6015625, "peak_allocated": 48806939648}
{"step": 2572, "epoch": 4, "loss": 0.08933022213233371, "lr": 6.804531377678074e-06, "grad_norm": 1.4375, "peak_allocated": 48806939648}
{"step": 2573, "epoch": 4, "loss": 0.08696824648945745, "lr": 6.8020519757954965e-06, "grad_norm": 1.4140625, "peak_allocated": 48806939648}
{"step": 2574, "epoch": 4, "loss": 0.08137430373147306, "lr": 6.7995720645362265e-06, "grad_norm": 1.5234375, "peak_allocated": 48806939648}
{"step": 2575, "epoch": 4, "loss": 0.09689684680759932, "lr": 6.7970916446012455e-06, "grad_norm": 1.578125, "peak_allocated": 48806939648}
{"step": 2576, "epoch": 4, "loss": 0.09458622229130724, "lr": 6.794610716691688e-06, "grad_norm": 1.3984375, "peak_allocated": 48806939648}
{"step": 2577, "epoch": 4, "loss": 0.08493408846296437, "lr": 6.7921292815088216e-06, "grad_norm": 1.265625, "peak_allocated": 48806939648}
{"step": 2578, "epoch": 4, "loss": 0.0849682079651979, "lr": 6.789647339754059e-06, "grad_norm": 1.2734375, "peak_allocated": 48806939648}
{"step": 2579, "epoch": 4, "loss": 0.10028121718800868, "lr": 6.78716489212896e-06, "grad_norm": 1.6484375, "peak_allocated": 48806939648}
{"step": 2580, "epoch": 4, "loss": 0.09528482390458483, "lr": 6.784681939335223e-06, "grad_norm": 1.3125, "peak_allocated": 48806939648}
{"step": 2581, "epoch": 4, "loss": 0.11575714786459662, "lr": 6.782198482074694e-06, "grad_norm": 1.5625, "peak_allocated": 48806939648}
{"step": 2582, "epoch": 4, "loss": 0.0792394341642543, "lr": 6.779714521049357e-06, "grad_norm": 1.2265625, "peak_allocated": 48806939648}
{"step": 2583, "epoch": 4, "loss": 0.07856468224113118, "lr": 6.777230056961342e-06, "grad_norm": 1.3515625, "peak_allocated": 48806939648}
{"step": 2584, "epoch": 4, "loss": 0.09415491928226788, "lr": 6.774745090512918e-06, "grad_norm": 1.5234375, "peak_allocated": 48806939648}
{"step": 2585, "epoch": 4, "loss": 0.10457717591083572, "lr": 6.772259622406498e-06, "grad_norm": 1.3671875, "peak_allocated": 48806939648}
{"step": 2586, "epoch": 4, "loss": 0.08067492672079613, "lr": 6.769773653344638e-06, "grad_norm": 1.25, "peak_allocated": 48806939648}
{"step": 2587, "epoch": 4, "loss": 0.09646416920526767, "lr": 6.767287184030031e-06, "grad_norm": 1.34375, "peak_allocated": 48806939648}
{"step": 2588, "epoch": 4, "loss": 0.07506289632232956, "lr": 6.764800215165517e-06, "grad_norm": 1.3125, "peak_allocated": 48806939648}
{"step": 2589, "epoch": 4, "loss": 0.0963179718247486, "lr": 6.7623127474540726e-06, "grad_norm": 1.359375, "peak_allocated": 48806939648}
{"step": 2590, "epoch": 4, "loss": 0.08863430249141331, "lr": 6.759824781598819e-06, "grad_norm": 1.296875, "peak_allocated": 48806939648}
{"step": 2591, "epoch": 4, "loss": 0.07035871875614147, "lr": 6.757336318303017e-06, "grad_norm": 1.171875, "peak_allocated": 48806939648}
{"step": 2592, "epoch": 4, "loss": 0.08146744569914567, "lr": 6.754847358270067e-06, "grad_norm": 1.375, "peak_allocated": 48806939648}
{"step": 2593, "epoch": 4, "loss": 0.07827536947725595, "lr": 6.752357902203509e-06, "grad_norm": 1.234375, "peak_allocated": 48806939648}
{"step": 2594, "epoch": 4, "loss": 0.1069347353225948, "lr": 6.749867950807027e-06, "grad_norm": 1.484375, "peak_allocated": 48806939648}
{"step": 2595, "epoch": 4, "loss": 0.10800294808984454, "lr": 6.74737750478444e-06, "grad_norm": 1.421875, "peak_allocated": 48806939648}
{"step": 2596, "epoch": 4, "loss": 0.07784603559428996, "lr": 6.744886564839711e-06, "grad_norm": 1.3671875, "peak_allocated": 48806939648}
{"step": 2597, "epoch": 4, "loss": 0.0876880668945724, "lr": 6.742395131676942e-06, "grad_norm": 1.3828125, "peak_allocated": 48806939648}
{"step": 2598, "epoch": 4, "loss": 0.12004257289042151, "lr": 6.7399032060003715e-06, "grad_norm": 1.6484375, "peak_allocated": 48806939648}
{"step": 2599, "epoch": 4, "loss": 0.10700486228464955, "lr": 6.737410788514382e-06, "grad_norm": 1.6328125, "peak_allocated": 48806939648}
{"step": 2600, "epoch": 4, "loss": 0.05883854247063599, "lr": 6.7349178799234885e-06, "grad_norm": 1.125, "peak_allocated": 48806939648}
{"step": 2601, "epoch": 4, "loss": 0.09056726316144605, "lr": 6.732424480932351e-06, "grad_norm": 1.5625, "peak_allocated": 48806939648}
{"step": 2602, "epoch": 4, "loss": 0.09507974090683616, "lr": 6.729930592245765e-06, "grad_norm": 1.359375, "peak_allocated": 48806939648}
{"step": 2603, "epoch": 4, "loss": 0.08233600517412717, "lr": 6.727436214568665e-06, "grad_norm": 1.3828125, "peak_allocated": 48806939648}
{"step": 2604, "epoch": 4, "loss": 0.10258150783993489, "lr": 6.724941348606125e-06, "grad_norm": 1.578125, "peak_allocated": 48806939648}
{"step": 2605, "epoch": 4, "loss": 0.08367467846106758, "lr": 6.722445995063353e-06, "grad_norm": 1.2734375, "peak_allocated": 48806939648}
{"step": 2606, "epoch": 4, "loss": 0.0941250524498334, "lr": 6.719950154645703e-06, "grad_norm": 1.6015625, "peak_allocated": 48806939648}
{"step": 2607, "epoch": 4, "loss": 0.07984040297466233, "lr": 6.717453828058656e-06, "grad_norm": 1.359375, "peak_allocated": 48806939648}
{"step": 2608, "epoch": 4, "loss": 0.0922317707903131, "lr": 6.714957016007837e-06, "grad_norm": 1.3671875, "peak_allocated": 48806939648}
{"step": 2609, "epoch": 4, "loss": 0.09937937902186189, "lr": 6.712459719199007e-06, "grad_norm": 1.5, "peak_allocated": 48806939648}
{"step": 2610, "epoch": 4, "loss": 0.09209987233958548, "lr": 6.709961938338065e-06, "grad_norm": 1.46875, "peak_allocated": 48806939648}
{"step": 2611, "epoch": 4, "loss": 0.08395611737945188, "lr": 6.707463674131045e-06, "grad_norm": 1.34375, "peak_allocated": 48806939648}
{"step": 2612, "epoch": 4, "loss": 0.08032518109265242, "lr": 6.70496492728412e-06, "grad_norm": 1.28125, "peak_allocated": 48806939648}
{"step": 2613, "epoch": 4, "loss": 0.08327903063587921, "lr": 6.7024656985035955e-06, "grad_norm": 1.2734375, "peak_allocated": 48806939648}
{"step": 2614, "epoch": 4, "loss": 0.09765378760382251, "lr": 6.699965988495916e-06, "grad_norm": 1.3828125, "peak_allocated": 48806939648}
{"step": 2615, "epoch": 4, "loss": 0.08799669440363242, "lr": 6.697465797967662e-06, "grad_norm": 1.3828125, "peak_allocated": 48806939648}
{"step": 2616, "epoch": 4, "loss": 0.11667142465469596, "lr": 6.694965127625548e-06, "grad_norm": 1.5390625, "peak_allocated": 48806939648}
{"step": 2617, "epoch": 4, "loss": 0.08295679128576727, "lr": 6.692463978176429e-06, "grad_norm": 1.34375, "peak_allocated": 48806939648}
{"step": 2618, "epoch": 4, "loss": 0.0845110332910192, "lr": 6.689962350327288e-06, "grad_norm": 1.3671875, "peak_allocated": 48806939648}
{"step": 2619, "epoch": 4, "loss": 0.10992405867470162, "lr": 6.687460244785251e-06, "grad_norm": 1.3984375, "peak_allocated": 48806939648}
{"step": 2620, "epoch": 4, "loss": 0.09309411022812128, "lr": 6.684957662257572e-06, "grad_norm": 1.515625, "peak_allocated": 48806939648}
{"step": 2621, "epoch": 4, "loss": 0.08322202919591555, "lr": 6.6824546034516445e-06, "grad_norm": 1.640625, "peak_allocated": 48806939648}
{"step": 2622, "epoch": 4, "loss": 0.07748845773590367, "lr": 6.6799510690749944e-06, "grad_norm": 1.375, "peak_allocated": 48806939648}
{"step": 2623, "epoch": 4, "loss": 0.12808798300429516, "lr": 6.677447059835285e-06, "grad_norm": 1.75, "peak_allocated": 48806939648}
{"step": 2624, "epoch": 4, "loss": 0.11361485765733838, "lr": 6.674942576440309e-06, "grad_norm": 1.6484375, "peak_allocated": 48806939648}
{"step": 2625, "epoch": 4, "loss": 0.09887649245097858, "lr": 6.672437619597996e-06, "grad_norm": 1.484375, "peak_allocated": 48806939648}
{"step": 2626, "epoch": 4, "loss": 0.09077466851994213, "lr": 6.669932190016411e-06, "grad_norm": 1.3359375, "peak_allocated": 48806939648}
{"step": 2627, "epoch": 4, "loss": 0.1062135108504591, "lr": 6.667426288403749e-06, "grad_norm": 1.625, "peak_allocated": 48806939648}
{"step": 2628, "epoch": 4, "loss": 0.08124018862204752, "lr": 6.6649199154683405e-06, "grad_norm": 1.3125, "peak_allocated": 48806939648}
{"step": 2629, "epoch": 4, "loss": 0.10319180820782538, "lr": 6.662413071918648e-06, "grad_norm": 1.3125, "peak_allocated": 48806939648}
{"step": 2630, "epoch": 4, "loss": 0.09184539568193138, "lr": 6.659905758463271e-06, "grad_norm": 1.34375, "peak_allocated": 48806939648}
{"step": 2631, "epoch": 4, "loss": 0.09322471098295615, "lr": 6.6573979758109374e-06, "grad_norm": 1.3203125, "peak_allocated": 48806939648}
{"step": 2632, "epoch": 4, "loss": 0.10469104705858143, "lr": 6.654889724670509e-06, "grad_norm": 1.5078125, "peak_allocated": 48806939648}
{"step": 2633, "epoch": 4, "loss": 0.07499094348074078, "lr": 6.652381005750978e-06, "grad_norm": 1.6796875, "peak_allocated": 48806939648}
{"step": 2634, "epoch": 4, "loss": 0.09079803940628935, "lr": 6.649871819761475e-06, "grad_norm": 1.1953125, "peak_allocated": 48806939648}
{"step": 2635, "epoch": 4, "loss": 0.07587581054944405, "lr": 6.647362167411255e-06, "grad_norm": 1.1640625, "peak_allocated": 48806939648}
{"step": 2636, "epoch": 4, "loss": 0.09137596189548806, "lr": 6.64485204940971e-06, "grad_norm": 1.3125, "peak_allocated": 48806939648}
{"step": 2637, "epoch": 4, "loss": 0.08952029113429416, "lr": 6.642341466466363e-06, "grad_norm": 1.3515625, "peak_allocated": 48806939648}
{"step": 2638, "epoch": 4, "loss": 0.07260424196534478, "lr": 6.639830419290866e-06, "grad_norm": 1.125, "peak_allocated": 48806939648}
{"step": 2639, "epoch": 4, "loss": 0.11622895795401689, "lr": 6.637318908593005e-06, "grad_norm": 1.7421875, "peak_allocated": 48806939648}
{"step": 2640, "epoch": 4, "loss": 0.07218787343827081, "lr": 6.634806935082692e-06, "grad_norm": 1.34375, "peak_allocated": 48806939648}
{"step": 2641, "epoch": 4, "loss": 0.09420853809340782, "lr": 6.632294499469979e-06, "grad_norm": 1.5703125, "peak_allocated": 48806939648}
{"step": 2642, "epoch": 4, "loss": 0.09659497213532574, "lr": 6.629781602465039e-06, "grad_norm": 1.34375, "peak_allocated": 48806939648}
{"step": 2643, "epoch": 4, "loss": 0.11200833242292899, "lr": 6.6272682447781815e-06, "grad_norm": 1.7109375, "peak_allocated": 48806939648}
{"step": 2644, "epoch": 4, "loss": 0.07777477373923171, "lr": 6.624754427119844e-06, "grad_norm": 1.375, "peak_allocated": 48806939648}
{"step": 2645, "epoch": 4, "loss": 0.07922616168454384, "lr": 6.6222401502005935e-06, "grad_norm": 1.328125, "peak_allocated": 48806939648}
{"step": 2646, "epoch": 4, "loss": 0.10772361934342561, "lr": 6.6197254147311304e-06, "grad_norm": 1.828125, "peak_allocated": 48806939648}
{"step": 2647, "epoch": 4, "loss": 0.08726532093793053, "lr": 6.617210221422279e-06, "grad_norm": 1.3984375, "peak_allocated": 48806939648}
{"step": 2648, "epoch": 4, "loss": 0.10167952923496303, "lr": 6.614694570984996e-06, "grad_norm": 1.7265625, "peak_allocated": 48806939648}
{"step": 2649, "epoch": 4, "loss": 0.0830482204010572, "lr": 6.6121784641303675e-06, "grad_norm": 1.2109375, "peak_allocated": 48806939648}
{"step": 2650, "epoch": 4, "loss": 0.119424702518905, "lr": 6.6096619015696095e-06, "grad_norm": 1.5703125, "peak_allocated": 48806939648}
{"step": 2651, "epoch": 4, "loss": 0.08690485194190632, "lr": 6.607144884014066e-06, "grad_norm": 1.3515625, "peak_allocated": 48806939648}
{"step": 2652, "epoch": 4, "loss": 0.10395222311800689, "lr": 6.604627412175209e-06, "grad_norm": 1.5234375, "peak_allocated": 48806939648}
{"step": 2653, "epoch": 4, "loss": 0.1134865711297764, "lr": 6.6021094867646376e-06, "grad_norm": 1.78125, "peak_allocated": 48806939648}
{"step": 2654, "epoch": 4, "loss": 0.07796669964350106, "lr": 6.599591108494081e-06, "grad_norm": 1.2421875, "peak_allocated": 48806939648}
{"step": 2655, "epoch": 4, "loss": 0.1102614610099338, "lr": 6.597072278075398e-06, "grad_norm": 1.5390625, "peak_allocated": 48806939648}
{"step": 2656, "epoch": 4, "loss": 0.09770245630062144, "lr": 6.594552996220571e-06, "grad_norm": 1.4765625, "peak_allocated": 48806939648}
{"step": 2657, "epoch": 4, "loss": 0.09241335246165877, "lr": 6.592033263641715e-06, "grad_norm": 1.71875, "peak_allocated": 48806939648}
{"step": 2658, "epoch": 4, "loss": 0.09034308288800467, "lr": 6.589513081051069e-06, "grad_norm": 1.4375, "peak_allocated": 48806939648}
{"step": 2659, "epoch": 4, "loss": 0.08549936039454743, "lr": 6.586992449160998e-06, "grad_norm": 1.2578125, "peak_allocated": 48806939648}
{"step": 2660, "epoch": 4, "loss": 0.08923246310383588, "lr": 6.584471368683997e-06, "grad_norm": 1.484375, "peak_allocated": 48806939648}
{"step": 2661, "epoch": 4, "loss": 0.09025984766875517, "lr": 6.581949840332688e-06, "grad_norm": 1.46875, "peak_allocated": 48806939648}
{"step": 2662, "epoch": 4, "loss": 0.08177560433732559, "lr": 6.579427864819817e-06, "grad_norm": 1.4609375, "peak_allocated": 48806939648}
{"step": 2663, "epoch": 4, "loss": 0.09616283471696078, "lr": 6.5769054428582575e-06, "grad_norm": 1.3828125, "peak_allocated": 48806939648}
{"step": 2664, "epoch": 4, "loss": 0.10872244353033346, "lr": 6.574382575161011e-06, "grad_norm": 1.53125, "peak_allocated": 48806939648}
{"step": 2665, "epoch": 4, "loss": 0.07924127526999447, "lr": 6.571859262441201e-06, "grad_norm": 1.4921875, "peak_allocated": 48806939648}
{"step": 2666, "epoch": 4, "loss": 0.09864758965091532, "lr": 6.569335505412082e-06, "grad_norm": 1.5, "peak_allocated": 48806939648}
{"step": 2667, "epoch": 4, "loss": 0.07504640102669426, "lr": 6.566811304787031e-06, "grad_norm": 1.40625, "peak_allocated": 48806939648}
{"step": 2668, "epoch": 4, "loss": 0.09229372462812954, "lr": 6.564286661279549e-06, "grad_norm": 1.2578125, "peak_allocated": 48806939648}
{"step": 2669, "epoch": 4, "loss": 0.11326201495219833, "lr": 6.561761575603264e-06, "grad_norm": 1.6484375, "peak_allocated": 48806939648}
{"step": 2670, "epoch": 4, "loss": 0.113256722218163, "lr": 6.559236048471929e-06, "grad_norm": 1.5625, "peak_allocated": 48806939648}
{"step": 2671, "epoch": 4, "loss": 0.09766389069522213, "lr": 6.556710080599422e-06, "grad_norm": 1.421875, "peak_allocated": 48806939648}
{"step": 2672, "epoch": 4, "loss": 0.0766478625339757, "lr": 6.554183672699747e-06, "grad_norm": 1.3203125, "peak_allocated": 48806939648}
{"step": 2673, "epoch": 4, "loss": 0.10037567794186146, "lr": 6.551656825487027e-06, "grad_norm": 1.296875, "peak_allocated": 48806939648}
{"step": 2674, "epoch": 4, "loss": 0.08866086395225456, "lr": 6.5491295396755175e-06, "grad_norm": 1.375, "peak_allocated": 48806939648}
{"step": 2675, "epoch": 4, "loss": 0.1006344678448787, "lr": 6.546601815979588e-06, "grad_norm": 1.4140625, "peak_allocated": 48806939648}
{"step": 2676, "epoch": 4, "loss": 0.11176299601935362, "lr": 6.5440736551137425e-06, "grad_norm": 1.625, "peak_allocated": 48806939648}
{"step": 2677, "epoch": 4, "loss": 0.09968754112755, "lr": 6.541545057792598e-06, "grad_norm": 1.734375, "peak_allocated": 48806939648}
{"step": 2678, "epoch": 4, "loss": 0.11486679560111004, "lr": 6.539016024730902e-06, "grad_norm": 1.5625, "peak_allocated": 48806939648}
{"step": 2679, "epoch": 4, "loss": 0.0847268914908783, "lr": 6.536486556643526e-06, "grad_norm": 1.40625, "peak_allocated": 48806939648}
{"step": 2680, "epoch": 4, "loss": 0.08851880507692982, "lr": 6.533956654245457e-06, "grad_norm": 1.546875, "peak_allocated": 48806939648}
{"step": 2681, "epoch": 4, "loss": 0.08718072488865035, "lr": 6.5314263182518125e-06, "grad_norm": 1.328125, "peak_allocated": 48806939648}
{"step": 2682, "epoch": 4, "loss": 0.12461367320509664, "lr": 6.528895549377829e-06, "grad_norm": 1.6640625, "peak_allocated": 48806939648}
{"step": 2683, "epoch": 4, "loss": 0.08235033349610482, "lr": 6.526364348338864e-06, "grad_norm": 1.4453125, "peak_allocated": 48806939648}
{"step": 2684, "epoch": 4, "loss": 0.11747552942820907, "lr": 6.5238327158504e-06, "grad_norm": 1.8125, "peak_allocated": 48806939648}
{"step": 2685, "epoch": 4, "loss": 0.1089523916476815, "lr": 6.521300652628041e-06, "grad_norm": 1.484375, "peak_allocated": 48806939648}
{"step": 2686, "epoch": 4, "loss": 0.10259325732402304, "lr": 6.518768159387512e-06, "grad_norm": 1.4375, "peak_allocated": 48806939648}
{"step": 2687, "epoch": 4, "loss": 0.08508126496471455, "lr": 6.516235236844661e-06, "grad_norm": 1.2890625, "peak_allocated": 48806939648}
{"step": 2688, "epoch": 4, "loss": 0.10434196797807258, "lr": 6.513701885715453e-06, "grad_norm": 1.6875, "peak_allocated": 48806939648}
{"step": 2689, "epoch": 4, "loss": 0.08599653631313281, "lr": 6.511168106715981e-06, "grad_norm": 1.4765625, "peak_allocated": 48806939648}
{"step": 2690, "epoch": 4, "loss": 0.08010521340402549, "lr": 6.50863390056245e-06, "grad_norm": 1.25, "peak_allocated": 48806939648}
{"step": 2691, "epoch": 4, "loss": 0.09058063171465003, "lr": 6.5060992679711955e-06, "grad_norm": 1.390625, "peak_allocated": 48806939648}
{"step": 2692, "epoch": 4, "loss": 0.09711272559256408, "lr": 6.503564209658668e-06, "grad_norm": 1.328125, "peak_allocated": 48806939648}
{"step": 2693, "epoch": 4, "loss": 0.10401408498797884, "lr": 6.5010287263414385e-06, "grad_norm": 1.5625, "peak_allocated": 48806939648}
{"step": 2694, "epoch": 4, "loss": 0.10647960017963003, "lr": 6.498492818736199e-06, "grad_norm": 1.4296875, "peak_allocated": 48806939648}
{"step": 2695, "epoch": 4, "loss": 0.09522512703899304, "lr": 6.495956487559761e-06, "grad_norm": 1.3515625, "peak_allocated": 48806939648}
{"step": 2696, "epoch": 4, "loss": 0.06882068472608609, "lr": 6.493419733529058e-06, "grad_norm": 1.390625, "peak_allocated": 48806939648}
{"step": 2697, "epoch": 4, "loss": 0.09731835527699205, "lr": 6.4908825573611385e-06, "grad_norm": 1.4921875, "peak_allocated": 48806939648}
{"step": 2698, "epoch": 4, "loss": 0.08314376459517409, "lr": 6.488344959773175e-06, "grad_norm": 1.40625, "peak_allocated": 48806939648}
{"step": 2699, "epoch": 4, "loss": 0.07741503722638673, "lr": 6.485806941482457e-06, "grad_norm": 1.3515625, "peak_allocated": 48806939648}
{"step": 2700, "epoch": 4, "loss": 0.09991626832234801, "lr": 6.483268503206391e-06, "grad_norm": 1.375, "peak_allocated": 48806939648}
{"step": 2701, "epoch": 4, "loss": 0.08702400952295238, "lr": 6.4807296456625055e-06, "grad_norm": 1.2734375, "peak_allocated": 48806939648}
{"step": 2702, "epoch": 4, "loss": 0.10388198631623236, "lr": 6.478190369568448e-06, "grad_norm": 1.4296875, "peak_allocated": 48806939648}
{"step": 2703, "epoch": 4, "loss": 0.0939909029039222, "lr": 6.475650675641978e-06, "grad_norm": 1.546875, "peak_allocated": 48806939648}
{"step": 2704, "epoch": 4, "loss": 0.08237402265398992, "lr": 6.473110564600981e-06, "grad_norm": 1.5, "peak_allocated": 48806939648}
{"step": 2705, "epoch": 4, "loss": 0.09399132742675523, "lr": 6.470570037163456e-06, "grad_norm": 1.3671875, "peak_allocated": 48806939648}
{"step": 2706, "epoch": 4, "loss": 0.06845882538595315, "lr": 6.468029094047522e-06, "grad_norm": 1.2421875, "peak_allocated": 48806939648}
{"step": 2707, "epoch": 4, "loss": 0.08889425776243906, "lr": 6.465487735971414e-06, "grad_norm": 1.53125, "peak_allocated": 48806939648}
{"step": 2708, "epoch": 4, "loss": 0.06824650103156905, "lr": 6.462945963653482e-06, "grad_norm": 1.2734375, "peak_allocated": 48806939648}
{"step": 2709, "epoch": 4, "loss": 0.08914581600876503, "lr": 6.460403777812198e-06, "grad_norm": 1.3515625, "peak_allocated": 48806939648}
{"step": 2710, "epoch": 4, "loss": 0.07907848848633613, "lr": 6.4578611791661476e-06, "grad_norm": 1.3359375, "peak_allocated": 48806939648}
{"step": 2711, "epoch": 4, "loss": 0.08937268468270634, "lr": 6.455318168434034e-06, "grad_norm": 1.2890625, "peak_allocated": 48806939648}
{"step": 2712, "epoch": 4, "loss": 0.08370739160866336, "lr": 6.452774746334678e-06, "grad_norm": 1.4140625, "peak_allocated": 48806939648}
{"step": 2713, "epoch": 4, "loss": 0.10289293301241864, "lr": 6.450230913587014e-06, "grad_norm": 1.828125, "peak_allocated": 48806939648}
{"step": 2714, "epoch": 4, "loss": 0.09784387406117839, "lr": 6.447686670910095e-06, "grad_norm": 1.5859375, "peak_allocated": 48806939648}
{"step": 2715, "epoch": 4, "loss": 0.1070785635725895, "lr": 6.445142019023087e-06, "grad_norm": 1.765625, "peak_allocated": 48806939648}
{"step": 2716, "epoch": 4, "loss": 0.09224026069483336, "lr": 6.4425969586452775e-06, "grad_norm": 1.4609375, "peak_allocated": 48806939648}
{"step": 2717, "epoch": 4, "loss": 0.09278868065992274, "lr": 6.440051490496061e-06, "grad_norm": 1.5703125, "peak_allocated": 48806939648}
{"step": 2718, "epoch": 4, "loss": 0.08828148478829255, "lr": 6.437505615294954e-06, "grad_norm": 1.3671875, "peak_allocated": 48806939648}
{"step": 2719, "epoch": 4, "loss": 0.11013063162571306, "lr": 6.434959333761588e-06, "grad_norm": 1.6328125, "peak_allocated": 48806939648}
{"step": 2720, "epoch": 4, "loss": 0.08568943700041907, "lr": 6.432412646615703e-06, "grad_norm": 1.3203125, "peak_allocated": 48806939648}
{"step": 2721, "epoch": 4, "loss": 0.10085143101371634, "lr": 6.429865554577162e-06, "grad_norm": 1.5625, "peak_allocated": 48806939648}
{"step": 2722, "epoch": 4, "loss": 0.084305042633375, "lr": 6.427318058365935e-06, "grad_norm": 1.2734375, "peak_allocated": 48806939648}
{"step": 2723, "epoch": 4, "loss": 0.0942017938664818, "lr": 6.424770158702108e-06, "grad_norm": 1.5078125, "peak_allocated": 48806939648}
{"step": 2724, "epoch": 4, "loss": 0.1101252682041536, "lr": 6.422221856305888e-06, "grad_norm": 1.453125, "peak_allocated": 48806939648}
{"step": 2725, "epoch": 4, "loss": 0.0846153482106816, "lr": 6.419673151897587e-06, "grad_norm": 1.328125, "peak_allocated": 48806939648}
{"step": 2726, "epoch": 4, "loss": 0.08387505136269385, "lr": 6.417124046197635e-06, "grad_norm": 1.5078125, "peak_allocated": 48806939648}
{"step": 2727, "epoch": 4, "loss": 0.09937372967041887, "lr": 6.414574539926575e-06, "grad_norm": 1.453125, "peak_allocated": 48806939648}
{"step": 2728, "epoch": 4, "loss": 0.08490507755635829, "lr": 6.41202463380506e-06, "grad_norm": 1.34375, "peak_allocated": 48806939648}
{"step": 2729, "epoch": 4, "loss": 0.11213009900011209, "lr": 6.4094743285538616e-06, "grad_norm": 1.484375, "peak_allocated": 48806939648}
{"step": 2730, "epoch": 4, "loss": 0.08558173718056497, "lr": 6.406923624893862e-06, "grad_norm": 1.34375, "peak_allocated": 48806939648}
{"step": 2731, "epoch": 4, "loss": 0.0732685524270408, "lr": 6.40437252354605e-06, "grad_norm": 1.3046875, "peak_allocated": 48806939648}
{"step": 2732, "epoch": 4, "loss": 0.08104839085087412, "lr": 6.4018210252315405e-06, "grad_norm": 1.234375, "peak_allocated": 48806939648}
{"step": 2733, "epoch": 4, "loss": 0.09341336180727532, "lr": 6.399269130671545e-06, "grad_norm": 1.421875, "peak_allocated": 48806939648}
{"step": 2734, "epoch": 4, "loss": 0.09364778449374983, "lr": 6.396716840587398e-06, "grad_norm": 1.5, "peak_allocated": 48806939648}
{"step": 2735, "epoch": 4, "loss": 0.10043191144044764, "lr": 6.394164155700543e-06, "grad_norm": 1.6953125, "peak_allocated": 48806939648}
{"step": 2736, "epoch": 4, "loss": 0.09204832803614726, "lr": 6.39161107673253e-06, "grad_norm": 1.3671875, "peak_allocated": 48806939648}
{"step": 2737, "epoch": 4, "loss": 0.09754360612003936, "lr": 6.389057604405028e-06, "grad_norm": 1.4453125, "peak_allocated": 48806939648}
{"step": 2738, "epoch": 4, "loss": 0.08818999061163338, "lr": 6.386503739439812e-06, "grad_norm": 1.6015625, "peak_allocated": 48806939648}
{"step": 2739, "epoch": 4, "loss": 0.08384319885065787, "lr": 6.383949482558772e-06, "grad_norm": 1.328125, "peak_allocated": 48806939648}
{"step": 2740, "epoch": 4, "loss": 0.09471857697382326, "lr": 6.381394834483905e-06, "grad_norm": 1.3046875, "peak_allocated": 48806939648}
{"step": 2741, "epoch": 4, "loss": 0.09323506182271231, "lr": 6.378839795937319e-06, "grad_norm": 1.28125, "peak_allocated": 48806939648}
{"step": 2742, "epoch": 4, "loss": 0.08163321304110657, "lr": 6.376284367641237e-06, "grad_norm": 1.3671875, "peak_allocated": 48806939648}
{"step": 2743, "epoch": 4, "loss": 0.10453090767220967, "lr": 6.373728550317985e-06, "grad_norm": 1.5078125, "peak_allocated": 48806939648}
{"step": 2744, "epoch": 4, "loss": 0.08368461474103846, "lr": 6.371172344690005e-06, "grad_norm": 1.328125, "peak_allocated": 48806939648}
{"step": 2745, "epoch": 4, "loss": 0.08712844211028115, "lr": 6.368615751479844e-06, "grad_norm": 1.5, "peak_allocated": 48806939648}
{"step": 2746, "epoch": 4, "loss": 0.0843888884815185, "lr": 6.366058771410164e-06, "grad_norm": 1.421875, "peak_allocated": 48806939648}
{"step": 2747, "epoch": 4, "loss": 0.0797359853551847, "lr": 6.363501405203732e-06, "grad_norm": 1.34375, "peak_allocated": 48806939648}
{"step": 2748, "epoch": 4, "loss": 0.10009606587127651, "lr": 6.360943653583424e-06, "grad_norm": 1.4921875, "peak_allocated": 48806939648}
{"step": 2749, "epoch": 4, "loss": 0.08722659832833149, "lr": 6.358385517272228e-06, "grad_norm": 1.390625, "peak_allocated": 48806939648}
{"step": 2750, "epoch": 4, "loss": 0.09244931176391241, "lr": 6.35582699699324e-06, "grad_norm": 1.5078125, "peak_allocated": 48806939648}
{"step": 2751, "epoch": 4, "loss": 0.08384043838029563, "lr": 6.35326809346966e-06, "grad_norm": 1.3984375, "peak_allocated": 48806939648}
{"step": 2752, "epoch": 4, "loss": 0.08128121290219857, "lr": 6.3507088074248034e-06, "grad_norm": 1.3828125, "peak_allocated": 48806939648}
{"step": 2753, "epoch": 4, "loss": 0.09569001932208696, "lr": 6.348149139582089e-06, "grad_norm": 1.6015625, "peak_allocated": 48806939648}
{"step": 2754, "epoch": 4, "loss": 0.12175475806297188, "lr": 6.345589090665046e-06, "grad_norm": 1.9375, "peak_allocated": 48806939648}
{"step": 2755, "epoch": 4, "loss": 0.11381451543284803, "lr": 6.34302866139731e-06, "grad_norm": 1.484375, "peak_allocated": 48806939648}
{"step": 2756, "epoch": 4, "loss": 0.08275380285312439, "lr": 6.340467852502622e-06, "grad_norm": 1.453125, "peak_allocated": 48806939648}
{"step": 2757, "epoch": 4, "loss": 0.1055980047977025, "lr": 6.337906664704836e-06, "grad_norm": 1.53125, "peak_allocated": 48806939648}
{"step": 2758, "epoch": 4, "loss": 0.10419725187499114, "lr": 6.335345098727906e-06, "grad_norm": 1.5859375, "peak_allocated": 48806939648}
{"step": 2759, "epoch": 4, "loss": 0.0786841693241533, "lr": 6.332783155295899e-06, "grad_norm": 1.328125, "peak_allocated": 48806939648}
{"step": 2760, "epoch": 4, "loss": 0.09799693771271341, "lr": 6.330220835132986e-06, "grad_norm": 1.4921875, "peak_allocated": 48806939648}
{"step": 2761, "epoch": 4, "loss": 0.10043233213863513, "lr": 6.327658138963444e-06, "grad_norm": 1.515625, "peak_allocated": 48806939648}
{"step": 2762, "epoch": 4, "loss": 0.10014987804688492, "lr": 6.3250950675116585e-06, "grad_norm": 1.5, "peak_allocated": 48806939648}
{"step": 2763, "epoch": 4, "loss": 0.1032311380713938, "lr": 6.322531621502118e-06, "grad_norm": 1.3125, "peak_allocated": 48806939648}
{"step": 2764, "epoch": 4, "loss": 0.10003653821646333, "lr": 6.31996780165942e-06, "grad_norm": 1.5390625, "peak_allocated": 48806939648}
{"step": 2765, "epoch": 4, "loss": 0.1004444090891489, "lr": 6.317403608708264e-06, "grad_norm": 1.609375, "peak_allocated": 48806939648}
{"step": 2766, "epoch": 4, "loss": 0.08840644288765843, "lr": 6.314839043373459e-06, "grad_norm": 1.1875, "peak_allocated": 48806939648}
{"step": 2767, "epoch": 4, "loss": 0.09272217019850706, "lr": 6.312274106379917e-06, "grad_norm": 1.4375, "peak_allocated": 48806939648}
{"step": 2768, "epoch": 4, "loss": 0.09283226253309705, "lr": 6.309708798452654e-06, "grad_norm": 1.53125, "peak_allocated": 48806939648}
{"step": 2769, "epoch": 4, "loss": 0.08326323033082962, "lr": 6.307143120316795e-06, "grad_norm": 1.8125, "peak_allocated": 48806939648}
{"step": 2770, "epoch": 4, "loss": 0.09787061787068435, "lr": 6.304577072697566e-06, "grad_norm": 1.5703125, "peak_allocated": 48806939648}
{"step": 2771, "epoch": 4, "loss": 0.08316031180122255, "lr": 6.302010656320297e-06, "grad_norm": 1.4140625, "peak_allocated": 48806939648}
{"step": 2772, "epoch": 4, "loss": 0.08598779047822272, "lr": 6.299443871910423e-06, "grad_norm": 1.609375, "peak_allocated": 48806939648}
{"step": 2773, "epoch": 4, "loss": 0.105784764716762, "lr": 6.296876720193487e-06, "grad_norm": 1.5859375, "peak_allocated": 48806939648}
{"step": 2774, "epoch": 4, "loss": 0.11294419059667621, "lr": 6.29430920189513e-06, "grad_norm": 1.515625, "peak_allocated": 48806939648}
{"step": 2775, "epoch": 4, "loss": 0.07778183750656537, "lr": 6.2917413177411006e-06, "grad_norm": 1.3046875, "peak_allocated": 48806939648}
{"step": 2776, "epoch": 4, "loss": 0.10461718456050748, "lr": 6.289173068457247e-06, "grad_norm": 1.4375, "peak_allocated": 48806939648}
{"step": 2777, "epoch": 4, "loss": 0.09332100225145973, "lr": 6.2866044547695256e-06, "grad_norm": 1.578125, "peak_allocated": 48806939648}
{"step": 2778, "epoch": 4, "loss": 0.07204137819633845, "lr": 6.284035477403992e-06, "grad_norm": 1.1953125, "peak_allocated": 48806939648}
{"step": 2779, "epoch": 4, "loss": 0.07007877572524496, "lr": 6.281466137086803e-06, "grad_norm": 1.21875, "peak_allocated": 48806939648}
{"step": 2780, "epoch": 4, "loss": 0.08100827836203126, "lr": 6.278896434544226e-06, "grad_norm": 1.4375, "peak_allocated": 48806939648}
{"step": 2781, "epoch": 4, "loss": 0.06902381635927081, "lr": 6.276326370502621e-06, "grad_norm": 1.375, "peak_allocated": 48806939648}
{"step": 2782, "epoch": 4, "loss": 0.10075379417719485, "lr": 6.273755945688458e-06, "grad_norm": 1.515625, "peak_allocated": 48806939648}
{"step": 2783, "epoch": 4, "loss": 0.08370294919034856, "lr": 6.271185160828302e-06, "grad_norm": 1.2890625, "peak_allocated": 48806939648}
{"step": 2784, "epoch": 4, "loss": 0.09713814441130311, "lr": 6.2686140166488285e-06, "grad_norm": 1.3671875, "peak_allocated": 48806939648}
{"step": 2785, "epoch": 4, "loss": 0.10252951663272604, "lr": 6.266042513876805e-06, "grad_norm": 1.4140625, "peak_allocated": 48806939648}
{"step": 2786, "epoch": 4, "loss": 0.11395963257456738, "lr": 6.263470653239105e-06, "grad_norm": 1.5, "peak_allocated": 48806939648}
{"step": 2787, "epoch": 4, "loss": 0.09325147920312171, "lr": 6.260898435462705e-06, "grad_norm": 1.5859375, "peak_allocated": 48806939648}
{"step": 2788, "epoch": 4, "loss": 0.08454441235224597, "lr": 6.258325861274681e-06, "grad_norm": 1.296875, "peak_allocated": 48806939648}
{"step": 2789, "epoch": 4, "loss": 0.10677183926775664, "lr": 6.2557529314022084e-06, "grad_norm": 1.71875, "peak_allocated": 48806939648}
{"step": 2790, "epoch": 4, "loss": 0.10091627956996731, "lr": 6.2531796465725635e-06, "grad_norm": 1.65625, "peak_allocated": 48806939648}
{"step": 2791, "epoch": 4, "loss": 0.08640879915794268, "lr": 6.250606007513123e-06, "grad_norm": 1.5, "peak_allocated": 48806939648}
{"step": 2792, "epoch": 4, "loss": 0.0837747986343774, "lr": 6.248032014951363e-06, "grad_norm": 1.203125, "peak_allocated": 48806939648}
{"step": 2793, "epoch": 4, "loss": 0.09586376687396503, "lr": 6.245457669614863e-06, "grad_norm": 1.6875, "peak_allocated": 48806939648}
{"step": 2794, "epoch": 4, "loss": 0.078065143203749, "lr": 6.2428829722313014e-06, "grad_norm": 1.2578125, "peak_allocated": 48806939648}
{"step": 2795, "epoch": 4, "loss": 0.08272587499260288, "lr": 6.2403079235284506e-06, "grad_norm": 1.203125, "peak_allocated": 48806939648}
{"step": 2796, "epoch": 4, "loss": 0.09538688009086045, "lr": 6.237732524234188e-06, "grad_norm": 1.6328125, "peak_allocated": 48806939648}
{"step": 2797, "epoch": 4, "loss": 0.11425071281901912, "lr": 6.235156775076488e-06, "grad_norm": 1.6953125, "peak_allocated": 48806939648}
{"step": 2798, "epoch": 4, "loss": 0.08977143316794446, "lr": 6.232580676783425e-06, "grad_norm": 1.53125, "peak_allocated": 48806939648}
{"step": 2799, "epoch": 4, "loss": 0.12737145532146718, "lr": 6.230004230083171e-06, "grad_norm": 1.8828125, "peak_allocated": 48806939648}
{"step": 2800, "epoch": 4, "loss": 0.06176256338143834, "lr": 6.227427435703997e-06, "grad_norm": 1.296875, "peak_allocated": 48806939648}
{"step": 2801, "epoch": 4, "loss": 0.07813448713265807, "lr": 6.224850294374271e-06, "grad_norm": 1.296875, "peak_allocated": 48806939648}
{"step": 2802, "epoch": 4, "loss": 0.06522055417698766, "lr": 6.222272806822463e-06, "grad_norm": 1.359375, "peak_allocated": 48806939648}
{"step": 2803, "epoch": 4, "loss": 0.1023431100444264, "lr": 6.219694973777133e-06, "grad_norm": 1.59375, "peak_allocated": 48806939648}
{"step": 2804, "epoch": 4, "loss": 0.10786017077371454, "lr": 6.2171167959669484e-06, "grad_norm": 1.84375, "peak_allocated": 48806939648}
{"step": 2805, "epoch": 4, "loss": 0.0690818694023181, "lr": 6.214538274120668e-06, "grad_norm": 1.640625, "peak_allocated": 48806939648}
{"step": 2806, "epoch": 4, "loss": 0.09216192501611264, "lr": 6.211959408967148e-06, "grad_norm": 1.4140625, "peak_allocated": 48806939648}
{"step": 2807, "epoch": 4, "loss": 0.09002855561027276, "lr": 6.2093802012353454e-06, "grad_norm": 1.4453125, "peak_allocated": 48806939648}
{"step": 2808, "epoch": 4, "loss": 0.09446166479338078, "lr": 6.206800651654309e-06, "grad_norm": 1.40625, "peak_allocated": 48806939648}
{"step": 2809, "epoch": 4, "loss": 0.09233993374968229, "lr": 6.204220760953188e-06, "grad_norm": 1.4375, "peak_allocated": 48806939648}
{"step": 2810, "epoch": 4, "loss": 0.10845944966720385, "lr": 6.201640529861227e-06, "grad_norm": 1.6484375, "peak_allocated": 48806939648}
{"step": 2811, "epoch": 4, "loss": 0.10133465948817552, "lr": 6.199059959107765e-06, "grad_norm": 1.6640625, "peak_allocated": 48806939648}
{"step": 2812, "epoch": 4, "loss": 0.09310982214533048, "lr": 6.19647904942224e-06, "grad_norm": 1.6953125, "peak_allocated": 48806939648}
{"step": 2813, "epoch": 4, "loss": 0.11298564146833544, "lr": 6.193897801534181e-06, "grad_norm": 1.578125, "peak_allocated": 48806939648}
{"step": 2814, "epoch": 4, "loss": 0.11650067622908292, "lr": 6.191316216173222e-06, "grad_norm": 1.875, "peak_allocated": 48806939648}
{"step": 2815, "epoch": 4, "loss": 0.08092512554399461, "lr": 6.188734294069083e-06, "grad_norm": 1.34375, "peak_allocated": 48806939648}
{"step": 2816, "epoch": 4, "loss": 0.08461065063560391, "lr": 6.186152035951581e-06, "grad_norm": 1.3359375, "peak_allocated": 48806939648}
{"step": 2817, "epoch": 4, "loss": 0.1165402551013969, "lr": 6.1835694425506335e-06, "grad_norm": 1.6328125, "peak_allocated": 48806939648}
{"step": 2818, "epoch": 4, "loss": 0.07920215094460606, "lr": 6.180986514596244e-06, "grad_norm": 1.3984375, "peak_allocated": 48806939648}
{"step": 2819, "epoch": 4, "loss": 0.09168097809310151, "lr": 6.178403252818519e-06, "grad_norm": 1.5078125, "peak_allocated": 48806939648}
{"step": 2820, "epoch": 4, "loss": 0.11675745710080264, "lr": 6.175819657947654e-06, "grad_norm": 1.8046875, "peak_allocated": 48806939648}
{"step": 2821, "epoch": 4, "loss": 0.1036942790614587, "lr": 6.1732357307139415e-06, "grad_norm": 1.6640625, "peak_allocated": 48806939648}
{"step": 2822, "epoch": 4, "loss": 0.06275170425373462, "lr": 6.170651471847766e-06, "grad_norm": 1.234375, "peak_allocated": 48806939648}
{"step": 2823, "epoch": 4, "loss": 0.11344087293979399, "lr": 6.168066882079606e-06, "grad_norm": 1.6875, "peak_allocated": 48806939648}
{"step": 2824, "epoch": 4, "loss": 0.11546371498783138, "lr": 6.165481962140037e-06, "grad_norm": 1.6328125, "peak_allocated": 48806939648}
{"step": 2825, "epoch": 4, "loss": 0.0921356036876066, "lr": 6.162896712759721e-06, "grad_norm": 1.484375, "peak_allocated": 48806939648}
{"step": 2826, "epoch": 4, "loss": 0.11879166873416007, "lr": 6.160311134669419e-06, "grad_norm": 1.6328125, "peak_allocated": 48806939648}
{"step": 2827, "epoch": 4, "loss": 0.11073330980538168, "lr": 6.157725228599983e-06, "grad_norm": 1.8671875, "peak_allocated": 48806939648}
{"step": 2828, "epoch": 4, "loss": 0.09036930018710988, "lr": 6.155138995282358e-06, "grad_norm": 1.5, "peak_allocated": 48806939648}
{"step": 2829, "epoch": 4, "loss": 0.10651763499803846, "lr": 6.15255243544758e-06, "grad_norm": 1.4453125, "peak_allocated": 48806939648}
{"step": 2830, "epoch": 4, "loss": 0.081522770318694, "lr": 6.149965549826781e-06, "grad_norm": 1.2265625, "peak_allocated": 48806939648}
{"step": 2831, "epoch": 4, "loss": 0.0885790173861483, "lr": 6.147378339151178e-06, "grad_norm": 1.3046875, "peak_allocated": 48806939648}
{"step": 2832, "epoch": 4, "loss": 0.11668301407762902, "lr": 6.144790804152089e-06, "grad_norm": 1.6015625, "peak_allocated": 48806939648}
{"step": 2833, "epoch": 4, "loss": 0.12084829776932651, "lr": 6.142202945560915e-06, "grad_norm": 1.640625, "peak_allocated": 48806939648}
{"step": 2834, "epoch": 4, "loss": 0.09632695059913488, "lr": 6.1396147641091565e-06, "grad_norm": 1.609375, "peak_allocated": 48806939648}
{"step": 2835, "epoch": 4, "loss": 0.08132647291220577, "lr": 6.137026260528399e-06, "grad_norm": 1.3203125, "peak_allocated": 48806939648}
{"step": 2836, "epoch": 4, "loss": 0.11671293111755476, "lr": 6.134437435550322e-06, "grad_norm": 1.6015625, "peak_allocated": 48806939648}
{"step": 2837, "epoch": 4, "loss": 0.0892292569451703, "lr": 6.131848289906697e-06, "grad_norm": 1.734375, "peak_allocated": 48806939648}
{"step": 2838, "epoch": 4, "loss": 0.09508578717375331, "lr": 6.12925882432938e-06, "grad_norm": 1.40625, "peak_allocated": 48806939648}
{"step": 2839, "epoch": 4, "loss": 0.0916005935526034, "lr": 6.126669039550326e-06, "grad_norm": 1.4375, "peak_allocated": 48806939648}
{"step": 2840, "epoch": 4, "loss": 0.10496505068719157, "lr": 6.124078936301573e-06, "grad_norm": 1.4609375, "peak_allocated": 48806939648}
{"step": 2841, "epoch": 4, "loss": 0.09515723029294954, "lr": 6.1214885153152535e-06, "grad_norm": 1.5234375, "peak_allocated": 48806939648}
{"step": 2842, "epoch": 4, "loss": 0.0857986951514086, "lr": 6.11889777732359e-06, "grad_norm": 1.5, "peak_allocated": 48806939648}
{"step": 2843, "epoch": 4, "loss": 0.12470454151512451, "lr": 6.116306723058891e-06, "grad_norm": 1.640625, "peak_allocated": 48806939648}
{"step": 2844, "epoch": 4, "loss": 0.06184390110919423, "lr": 6.1137153532535565e-06, "grad_norm": 1.0859375, "peak_allocated": 48806939648}
{"step": 2845, "epoch": 4, "loss": 0.07443919633729475, "lr": 6.111123668640076e-06, "grad_norm": 1.1953125, "peak_allocated": 48806939648}
{"step": 2846, "epoch": 4, "loss": 0.11509959768985761, "lr": 6.108531669951027e-06, "grad_norm": 1.5625, "peak_allocated": 48806939648}
{"step": 2847, "epoch": 4, "loss": 0.10051839407779571, "lr": 6.105939357919076e-06, "grad_norm": 1.7265625, "peak_allocated": 48806939648}
{"step": 2848, "epoch": 4, "loss": 0.05929575451607548, "lr": 6.10334673327698e-06, "grad_norm": 1.3203125, "peak_allocated": 48806939648}
{"step": 2849, "epoch": 4, "loss": 0.12243903781671975, "lr": 6.100753796757583e-06, "grad_norm": 1.5390625, "peak_allocated": 48806939648}
{"step": 2850, "epoch": 4, "loss": 0.09038683169308039, "lr": 6.098160549093814e-06, "grad_norm": 1.3125, "peak_allocated": 48806939648}
{"step": 2851, "epoch": 4, "loss": 0.06904801117091239, "lr": 6.095566991018696e-06, "grad_norm": 1.21875, "peak_allocated": 48806939648}
{"step": 2852, "epoch": 4, "loss": 0.1011392639666851, "lr": 6.092973123265335e-06, "grad_norm": 1.5390625, "peak_allocated": 48806939648}
{"step": 2853, "epoch": 4, "loss": 0.11470649921834165, "lr": 6.090378946566925e-06, "grad_norm": 1.546875, "peak_allocated": 48806939648}
{"step": 2854, "epoch": 4, "loss": 0.09044517277499019, "lr": 6.08778446165675e-06, "grad_norm": 1.375, "peak_allocated": 48806939648}
{"step": 2855, "epoch": 4, "loss": 0.10071336239424288, "lr": 6.085189669268181e-06, "grad_norm": 1.703125, "peak_allocated": 48806939648}
{"step": 2856, "epoch": 4, "loss": 0.0969394463633217, "lr": 6.082594570134672e-06, "grad_norm": 1.46875, "peak_allocated": 48806939648}
{"step": 2857, "epoch": 4, "loss": 0.08628325262628092, "lr": 6.079999164989769e-06, "grad_norm": 1.3671875, "peak_allocated": 48806939648}
{"step": 2858, "epoch": 4, "loss": 0.06282589278509207, "lr": 6.077403454567099e-06, "grad_norm": 1.2421875, "peak_allocated": 48806939648}
{"step": 2859, "epoch": 4, "loss": 0.08765538074872345, "lr": 6.074807439600379e-06, "grad_norm": 1.3828125, "peak_allocated": 48806939648}
{"step": 2860, "epoch": 4, "loss": 0.07398937683861853, "lr": 6.072211120823411e-06, "grad_norm": 1.5078125, "peak_allocated": 48806939648}
{"step": 2861, "epoch": 4, "loss": 0.08468879095551388, "lr": 6.0696144989700824e-06, "grad_norm": 1.2890625, "peak_allocated": 48806939648}
{"step": 2862, "epoch": 4, "loss": 0.10480821615407886, "lr": 6.067017574774369e-06, "grad_norm": 1.7734375, "peak_allocated": 48806939648}
{"step": 2863, "epoch": 4, "loss": 0.09428139221460241, "lr": 6.064420348970327e-06, "grad_norm": 1.6015625, "peak_allocated": 48806939648}
{"step": 2864, "epoch": 4, "loss": 0.06975229289058167, "lr": 6.061822822292103e-06, "grad_norm": 1.203125, "peak_allocated": 48806939648}
{"step": 2865, "epoch": 4, "loss": 0.08708879992452527, "lr": 6.059224995473926e-06, "grad_norm": 1.46875, "peak_allocated": 48806939648}
{"step": 2866, "epoch": 4, "loss": 0.10405302505919486, "lr": 6.056626869250108e-06, "grad_norm": 1.515625, "peak_allocated": 48806939648}
{"step": 2867, "epoch": 4, "loss": 0.08666277342725019, "lr": 6.054028444355051e-06, "grad_norm": 1.3515625, "peak_allocated": 48806939648}
{"step": 2868, "epoch": 4, "loss": 0.07324442779400561, "lr": 6.051429721523237e-06, "grad_norm": 1.1640625, "peak_allocated": 48806939648}
{"step": 2869, "epoch": 4, "loss": 0.10728527506913257, "lr": 6.048830701489233e-06, "grad_norm": 1.6484375, "peak_allocated": 48806939648}
{"step": 2870, "epoch": 4, "loss": 0.10721098069708439, "lr": 6.046231384987692e-06, "grad_norm": 1.5, "peak_allocated": 48806939648}
{"step": 2871, "epoch": 4, "loss": 0.10513448792770584, "lr": 6.0436317727533465e-06, "grad_norm": 1.703125, "peak_allocated": 48806939648}
{"step": 2872, "epoch": 4, "loss": 0.08214559614619908, "lr": 6.041031865521019e-06, "grad_norm": 1.2734375, "peak_allocated": 48806939648}
{"step": 2873, "epoch": 4, "loss": 0.09789511662651863, "lr": 6.038431664025609e-06, "grad_norm": 1.4453125, "peak_allocated": 48806939648}
{"step": 2874, "epoch": 4, "loss": 0.07611795090934276, "lr": 6.035831169002103e-06, "grad_norm": 1.265625, "peak_allocated": 48806939648}
{"step": 2875, "epoch": 4, "loss": 0.09223011036528773, "lr": 6.033230381185571e-06, "grad_norm": 1.40625, "peak_allocated": 48806939648}
{"step": 2876, "epoch": 4, "loss": 0.06500352821286179, "lr": 6.030629301311162e-06, "grad_norm": 1.4765625, "peak_allocated": 48806939648}
{"step": 2877, "epoch": 4, "loss": 0.07177430909374714, "lr": 6.02802793011411e-06, "grad_norm": 1.453125, "peak_allocated": 48806939648}
{"step": 2878, "epoch": 4, "loss": 0.08166316007376373, "lr": 6.025426268329731e-06, "grad_norm": 1.6875, "peak_allocated": 48806939648}
{"step": 2879, "epoch": 4, "loss": 0.09017412340516945, "lr": 6.022824316693425e-06, "grad_norm": 1.578125, "peak_allocated": 48806939648}
{"step": 2880, "epoch": 4, "loss": 0.07789847134039518, "lr": 6.02022207594067e-06, "grad_norm": 1.5234375, "peak_allocated": 48806939648}
{"step": 2881, "epoch": 4, "loss": 0.09193799343338113, "lr": 6.0176195468070294e-06, "grad_norm": 1.265625, "peak_allocated": 48806939648}
{"step": 2882, "epoch": 4, "loss": 0.0926368572022302, "lr": 6.015016730028147e-06, "grad_norm": 1.6796875, "peak_allocated": 48806939648}
{"step": 2883, "epoch": 4, "loss": 0.09837944496208086, "lr": 6.012413626339744e-06, "grad_norm": 1.53125, "peak_allocated": 48806939648}
{"step": 2884, "epoch": 4, "loss": 0.11935245388387693, "lr": 6.0098102364776325e-06, "grad_norm": 1.6015625, "peak_allocated": 48806939648}
{"step": 2885, "epoch": 4, "loss": 0.10164891146543198, "lr": 6.007206561177694e-06, "grad_norm": 1.4609375, "peak_allocated": 48806939648}
{"step": 2886, "epoch": 4, "loss": 0.09124136817820556, "lr": 6.004602601175897e-06, "grad_norm": 1.28125, "peak_allocated": 48806939648}
{"step": 2887, "epoch": 4, "loss": 0.10361983737941396, "lr": 6.00199835720829e-06, "grad_norm": 1.59375, "peak_allocated": 48806939648}
{"step": 2888, "epoch": 4, "loss": 0.11109119337558222, "lr": 5.999393830011001e-06, "grad_norm": 1.640625, "peak_allocated": 48806939648}
{"step": 2889, "epoch": 4, "loss": 0.09798865442896824, "lr": 5.99678902032024e-06, "grad_norm": 1.390625, "peak_allocated": 48806939648}
{"step": 2890, "epoch": 4, "loss": 0.09368857686240192, "lr": 5.994183928872292e-06, "grad_norm": 1.8515625, "peak_allocated": 48806939648}
{"step": 2891, "epoch": 4, "loss": 0.10519260879929655, "lr": 5.991578556403525e-06, "grad_norm": 1.4296875, "peak_allocated": 48806939648}
{"step": 2892, "epoch": 4, "loss": 0.07254740669096048, "lr": 5.9889729036503886e-06, "grad_norm": 1.34375, "peak_allocated": 48806939648}
{"step": 2893, "epoch": 4, "loss": 0.1044014116589967, "lr": 5.986366971349407e-06, "grad_norm": 1.3828125, "peak_allocated": 48806939648}
{"step": 2894, "epoch": 4, "loss": 0.06726979504484021, "lr": 5.983760760237185e-06, "grad_norm": 1.203125, "peak_allocated": 48806939648}
{"step": 2895, "epoch": 4, "loss": 0.08326253933280592, "lr": 5.98115427105041e-06, "grad_norm": 1.2578125, "peak_allocated": 48806939648}
{"step": 2896, "epoch": 4, "loss": 0.06700561892682018, "lr": 5.978547504525841e-06, "grad_norm": 1.3203125, "peak_allocated": 48806939648}
{"step": 2897, "epoch": 4, "loss": 0.08874949416141044, "lr": 5.975940461400322e-06, "grad_norm": 1.4921875, "peak_allocated": 48806939648}
{"step": 2898, "epoch": 4, "loss": 0.08617614609152144, "lr": 5.973333142410772e-06, "grad_norm": 1.5546875, "peak_allocated": 48806939648}
{"step": 2899, "epoch": 4, "loss": 0.08486427756423878, "lr": 5.9707255482941875e-06, "grad_norm": 1.4609375, "peak_allocated": 48806939648}
{"step": 2900, "epoch": 4, "loss": 0.10409882768025498, "lr": 5.968117679787643e-06, "grad_norm": 1.4296875, "peak_allocated": 48806939648}
{"step": 2901, "epoch": 4, "loss": 0.10380704580620516, "lr": 5.965509537628293e-06, "grad_norm": 1.546875, "peak_allocated": 48806939648}
{"step": 2902, "epoch": 4, "loss": 0.07289650508693947, "lr": 5.962901122553366e-06, "grad_norm": 1.4609375, "peak_allocated": 48806939648}
{"step": 2903, "epoch": 4, "loss": 0.08371609253559076, "lr": 5.960292435300169e-06, "grad_norm": 1.5703125, "peak_allocated": 48806939648}
{"step": 2904, "epoch": 4, "loss": 0.07904526727471334, "lr": 5.957683476606088e-06, "grad_norm": 1.3984375, "peak_allocated": 48806939648}
{"step": 2905, "epoch": 4, "loss": 0.1106016897212933, "lr": 5.955074247208583e-06, "grad_norm": 1.53125, "peak_allocated": 48806939648}
{"step": 2906, "epoch": 4, "loss": 0.10652300061728433, "lr": 5.952464747845189e-06, "grad_norm": 1.7265625, "peak_allocated": 48806939648}
{"step": 2907, "epoch": 4, "loss": 0.1014804443806718, "lr": 5.949854979253522e-06, "grad_norm": 1.5078125, "peak_allocated": 48806939648}
{"step": 2908, "epoch": 4, "loss": 0.10484673002431104, "lr": 5.947244942171272e-06, "grad_norm": 1.453125, "peak_allocated": 48806939648}
{"step": 2909, "epoch": 4, "loss": 0.10003962718762376, "lr": 5.944634637336205e-06, "grad_norm": 1.421875, "peak_allocated": 48806939648}
{"step": 2910, "epoch": 4, "loss": 0.06247904095027929, "lr": 5.942024065486162e-06, "grad_norm": 1.4140625, "peak_allocated": 48806939648}
{"step": 2911, "epoch": 4, "loss": 0.06861035773256575, "lr": 5.9394132273590565e-06, "grad_norm": 1.296875, "peak_allocated": 48806939648}
{"step": 2912, "epoch": 4, "loss": 0.1099116962489618, "lr": 5.9368021236928855e-06, "grad_norm": 1.640625, "peak_allocated": 48806939648}
{"step": 2913, "epoch": 4, "loss": 0.09959414620174184, "lr": 5.934190755225714e-06, "grad_norm": 1.6796875, "peak_allocated": 48806939648}
{"step": 2914, "epoch": 4, "loss": 0.10275873150930485, "lr": 5.931579122695681e-06, "grad_norm": 1.6875, "peak_allocated": 48806939648}
{"step": 2915, "epoch": 4, "loss": 0.10697975919891434, "lr": 5.928967226841008e-06, "grad_norm": 1.734375, "peak_allocated": 48806939648}
{"step": 2916, "epoch": 4, "loss": 0.06959367057759895, "lr": 5.926355068399984e-06, "grad_norm": 1.296875, "peak_allocated": 48806939648}
{"step": 2917, "epoch": 4, "loss": 0.12154233626531974, "lr": 5.923742648110975e-06, "grad_norm": 1.6484375, "peak_allocated": 48806939648}
{"step": 2918, "epoch": 4, "loss": 0.09610757045168256, "lr": 5.92112996671242e-06, "grad_norm": 1.4453125, "peak_allocated": 48806939648}
{"step": 2919, "epoch": 4, "loss": 0.11458990717948225, "lr": 5.91851702494283e-06, "grad_norm": 1.6171875, "peak_allocated": 48806939648}
{"step": 2920, "epoch": 4, "loss": 0.06801387796211256, "lr": 5.915903823540795e-06, "grad_norm": 1.3203125, "peak_allocated": 48806939648}
{"step": 2921, "epoch": 4, "loss": 0.07589335824636916, "lr": 5.913290363244973e-06, "grad_norm": 1.21875, "peak_allocated": 48806939648}
{"step": 2922, "epoch": 4, "loss": 0.08296796294948681, "lr": 5.910676644794098e-06, "grad_norm": 1.3203125, "peak_allocated": 48806939648}
{"step": 2923, "epoch": 4, "loss": 0.10292002641429704, "lr": 5.908062668926976e-06, "grad_norm": 1.5078125, "peak_allocated": 48806939648}
{"step": 2924, "epoch": 4, "loss": 0.06760372940215086, "lr": 5.905448436382486e-06, "grad_norm": 1.4375, "peak_allocated": 48806939648}
{"step": 2925, "epoch": 4, "loss": 0.09720578902384745, "lr": 5.902833947899581e-06, "grad_norm": 1.578125, "peak_allocated": 48806939648}
{"step": 2926, "epoch": 4, "loss": 0.11804242553671877, "lr": 5.900219204217281e-06, "grad_norm": 1.6640625, "peak_allocated": 48806939648}
{"step": 2927, "epoch": 4, "loss": 0.09510502564557012, "lr": 5.8976042060746874e-06, "grad_norm": 1.3515625, "peak_allocated": 48806939648}
{"step": 2928, "epoch": 4, "loss": 0.07807289182700113, "lr": 5.8949889542109636e-06, "grad_norm": 1.2890625, "peak_allocated": 48806939648}
{"step": 2929, "epoch": 4, "loss": 0.08628746551953796, "lr": 5.892373449365352e-06, "grad_norm": 1.3828125, "peak_allocated": 48806939648}
{"step": 2930, "epoch": 4, "loss": 0.07280550402707217, "lr": 5.889757692277163e-06, "grad_norm": 1.421875, "peak_allocated": 48806939648}
{"step": 2931, "epoch": 4, "loss": 0.09815661677869388, "lr": 5.887141683685778e-06, "grad_norm": 1.640625, "peak_allocated": 48806939648}
{"step": 2932, "epoch": 4, "loss": 0.07527183101818435, "lr": 5.884525424330653e-06, "grad_norm": 1.28125, "peak_allocated": 48806939648}
{"step": 2933, "epoch": 4, "loss": 0.09092196999974964, "lr": 5.881908914951311e-06, "grad_norm": 1.578125, "peak_allocated": 48806939648}
{"step": 2934, "epoch": 4, "loss": 0.08462161216303188, "lr": 5.879292156287346e-06, "grad_norm": 1.3359375, "peak_allocated": 48806939648}
{"step": 2935, "epoch": 4, "loss": 0.07229535380977128, "lr": 5.876675149078425e-06, "grad_norm": 1.40625, "peak_allocated": 48806939648}
{"step": 2936, "epoch": 4, "loss": 0.0800952985418259, "lr": 5.874057894064283e-06, "grad_norm": 1.2578125, "peak_allocated": 48806939648}
{"step": 2937, "epoch": 4, "loss": 0.08343922278770768, "lr": 5.871440391984728e-06, "grad_norm": 1.5234375, "peak_allocated": 48806939648}
{"step": 2938, "epoch": 4, "loss": 0.10164285530745869, "lr": 5.8688226435796345e-06, "grad_norm": 1.546875, "peak_allocated": 48806939648}
{"step": 2939, "epoch": 4, "loss": 0.09814911383541863, "lr": 5.866204649588947e-06, "grad_norm": 1.5234375, "peak_allocated": 48806939648}
{"step": 2940, "epoch": 4, "loss": 0.1085467647067835, "lr": 5.863586410752682e-06, "grad_norm": 1.6484375, "peak_allocated": 48806939648}
{"step": 2941, "epoch": 4, "loss": 0.08210842454988761, "lr": 5.860967927810921e-06, "grad_norm": 1.6796875, "peak_allocated": 48806939648}
{"step": 2942, "epoch": 4, "loss": 0.09078985267678973, "lr": 5.858349201503819e-06, "grad_norm": 1.3359375, "peak_allocated": 48806939648}
{"step": 2943, "epoch": 4, "loss": 0.09433270682776035, "lr": 5.855730232571598e-06, "grad_norm": 1.5078125, "peak_allocated": 48806939648}
{"step": 2944, "epoch": 4, "loss": 0.10144327596595311, "lr": 5.853111021754547e-06, "grad_norm": 1.4296875, "peak_allocated": 48806939648}
{"step": 2945, "epoch": 4, "loss": 0.09279881581262311, "lr": 5.8504915697930265e-06, "grad_norm": 1.5390625, "peak_allocated": 48806939648}
{"step": 2946, "epoch": 4, "loss": 0.08269351940963804, "lr": 5.84787187742746e-06, "grad_norm": 1.3984375, "peak_allocated": 48806939648}
{"step": 2947, "epoch": 4, "loss": 0.07947666859788398, "lr": 5.845251945398347e-06, "grad_norm": 1.3828125, "peak_allocated": 48806939648}
{"step": 2948, "epoch": 4, "loss": 0.1330020887008127, "lr": 5.842631774446247e-06, "grad_norm": 2.0625, "peak_allocated": 48806939648}
{"step": 2949, "epoch": 4, "loss": 0.0930013718941039, "lr": 5.84001136531179e-06, "grad_norm": 1.421875, "peak_allocated": 48806939648}
{"step": 2950, "epoch": 4, "loss": 0.10868375840297069, "lr": 5.837390718735676e-06, "grad_norm": 1.921875, "peak_allocated": 48806939648}
{"step": 2951, "epoch": 4, "loss": 0.08958812076495497, "lr": 5.834769835458667e-06, "grad_norm": 1.2265625, "peak_allocated": 48806939648}
{"step": 2952, "epoch": 4, "loss": 0.0777417819106673, "lr": 5.832148716221595e-06, "grad_norm": 1.3046875, "peak_allocated": 48806939648}
{"step": 2953, "epoch": 4, "loss": 0.06306985355690518, "lr": 5.829527361765361e-06, "grad_norm": 1.3984375, "peak_allocated": 48806939648}
{"step": 2954, "epoch": 4, "loss": 0.07828246420245256, "lr": 5.826905772830924e-06, "grad_norm": 1.5625, "peak_allocated": 48806939648}
{"step": 2955, "epoch": 4, "loss": 0.08495241089863427, "lr": 5.824283950159319e-06, "grad_norm": 1.21875, "peak_allocated": 48806939648}
{"step": 2956, "epoch": 4, "loss": 0.06748275064459028, "lr": 5.821661894491644e-06, "grad_norm": 1.234375, "peak_allocated": 48806939648}
{"step": 2957, "epoch": 4, "loss": 0.0806509340368871, "lr": 5.81903960656906e-06, "grad_norm": 1.484375, "peak_allocated": 48806939648}
{"step": 2958, "epoch": 4, "loss": 0.08633873053214562, "lr": 5.816417087132795e-06, "grad_norm": 1.359375, "peak_allocated": 48806939648}
{"step": 2959, "epoch": 4, "loss": 0.09645763467258502, "lr": 5.813794336924144e-06, "grad_norm": 1.4140625, "peak_allocated": 48806939648}
{"step": 2960, "epoch": 4, "loss": 0.08589501274231341, "lr": 5.811171356684466e-06, "grad_norm": 1.3984375, "peak_allocated": 48806939648}
{"step": 2961, "epoch": 4, "loss": 0.09601610020059753, "lr": 5.8085481471551856e-06, "grad_norm": 1.546875, "peak_allocated": 48806939648}
{"step": 2962, "epoch": 4, "loss": 0.09325510229387653, "lr": 5.80592470907779e-06, "grad_norm": 1.359375, "peak_allocated": 48806939648}
{"step": 2963, "epoch": 4, "loss": 0.09956025371344827, "lr": 5.8033010431938355e-06, "grad_norm": 1.46875, "peak_allocated": 48806939648}
{"step": 2964, "epoch": 4, "loss": 0.11400686400616505, "lr": 5.800677150244938e-06, "grad_norm": 1.765625, "peak_allocated": 48806939648}
{"step": 2965, "epoch": 4, "loss": 0.11301273717997619, "lr": 5.7980530309727814e-06, "grad_norm": 1.71875, "peak_allocated": 48806939648}
{"step": 2966, "epoch": 4, "loss": 0.08640132376989977, "lr": 5.795428686119111e-06, "grad_norm": 1.46875, "peak_allocated": 48806939648}
{"step": 2967, "epoch": 4, "loss": 0.10026885276671497, "lr": 5.7928041164257365e-06, "grad_norm": 1.4375, "peak_allocated": 48806939648}
{"step": 2968, "epoch": 4, "loss": 0.06634763792747875, "lr": 5.790179322634531e-06, "grad_norm": 1.2734375, "peak_allocated": 48806939648}
{"step": 2969, "epoch": 4, "loss": 0.09494137150805408, "lr": 5.787554305487433e-06, "grad_norm": 1.46875, "peak_allocated": 48806939648}
{"step": 2970, "epoch": 4, "loss": 0.11313579443836892, "lr": 5.784929065726442e-06, "grad_norm": 1.609375, "peak_allocated": 48806939648}
{"step": 2971, "epoch": 4, "loss": 0.1185333286027426, "lr": 5.78230360409362e-06, "grad_norm": 1.7109375, "peak_allocated": 48806939648}
{"step": 2972, "epoch": 4, "loss": 0.09649600808223455, "lr": 5.779677921331094e-06, "grad_norm": 1.640625, "peak_allocated": 48806939648}
{"step": 2973, "epoch": 4, "loss": 0.09064210546599426, "lr": 5.777052018181051e-06, "grad_norm": 1.296875, "peak_allocated": 48806939648}
{"step": 2974, "epoch": 4, "loss": 0.0711657938982483, "lr": 5.77442589538574e-06, "grad_norm": 1.1796875, "peak_allocated": 48806939648}
{"step": 2975, "epoch": 4, "loss": 0.07827537307295845, "lr": 5.771799553687476e-06, "grad_norm": 1.421875, "peak_allocated": 48806939648}
{"step": 2976, "epoch": 4, "loss": 0.08244225189444565, "lr": 5.769172993828632e-06, "grad_norm": 1.578125, "peak_allocated": 48806939648}
{"step": 2977, "epoch": 4, "loss": 0.11015079858263717, "lr": 5.766546216551647e-06, "grad_norm": 1.5859375, "peak_allocated": 48806939648}
{"step": 2978, "epoch": 4, "loss": 0.09261726355933324, "lr": 5.763919222599016e-06, "grad_norm": 1.453125, "peak_allocated": 48806939648}
{"step": 2979, "epoch": 4, "loss": 0.11340004587170402, "lr": 5.761292012713295e-06, "grad_norm": 1.65625, "peak_allocated": 48806939648}
{"step": 2980, "epoch": 4, "loss": 0.1060795608514097, "lr": 5.75866458763711e-06, "grad_norm": 1.6875, "peak_allocated": 48806939648}
{"step": 2981, "epoch": 4, "loss": 0.09183389395984223, "lr": 5.7560369481131376e-06, "grad_norm": 1.6015625, "peak_allocated": 48806939648}
{"step": 2982, "epoch": 4, "loss": 0.11459483585827032, "lr": 5.753409094884118e-06, "grad_norm": 1.65625, "peak_allocated": 48806939648}
{"step": 2983, "epoch": 4, "loss": 0.07454203923201821, "lr": 5.750781028692856e-06, "grad_norm": 1.4296875, "peak_allocated": 48806939648}
{"step": 2984, "epoch": 4, "loss": 0.10534748856138054, "lr": 5.748152750282212e-06, "grad_norm": 1.578125, "peak_allocated": 48806939648}
{"step": 2985, "epoch": 4, "loss": 0.09899025610816488, "lr": 5.745524260395109e-06, "grad_norm": 1.4453125, "peak_allocated": 48806939648}
{"step": 2986, "epoch": 4, "loss": 0.06617716290219146, "lr": 5.742895559774526e-06, "grad_norm": 1.265625, "peak_allocated": 48806939648}
{"step": 2987, "epoch": 4, "loss": 0.056682709963144444, "lr": 5.740266649163507e-06, "grad_norm": 1.171875, "peak_allocated": 48806939648}
{"step": 2988, "epoch": 4, "loss": 0.11792406956550215, "lr": 5.737637529305151e-06, "grad_norm": 1.7578125, "peak_allocated": 48806939648}
{"step": 2989, "epoch": 4, "loss": 0.09513746921270795, "lr": 5.7350082009426175e-06, "grad_norm": 1.5390625, "peak_allocated": 48806939648}
{"step": 2990, "epoch": 4, "loss": 0.12486956789921802, "lr": 5.732378664819126e-06, "grad_norm": 1.84375, "peak_allocated": 48806939648}
{"step": 2991, "epoch": 4, "loss": 0.07346154555477324, "lr": 5.729748921677954e-06, "grad_norm": 1.40625, "peak_allocated": 48806939648}
{"step": 2992, "epoch": 4, "loss": 0.09125082469837392, "lr": 5.727118972262437e-06, "grad_norm": 1.3125, "peak_allocated": 48806939648}
{"step": 2993, "epoch": 4, "loss": 0.10264922573237228, "lr": 5.724488817315967e-06, "grad_norm": 1.6015625, "peak_allocated": 48806939648}
{"step": 2994, "epoch": 4, "loss": 0.10069794208290103, "lr": 5.721858457582e-06, "grad_norm": 1.3984375, "peak_allocated": 48806939648}
{"step": 2995, "epoch": 4, "loss": 0.08948062423174302, "lr": 5.719227893804043e-06, "grad_norm": 1.3515625, "peak_allocated": 48806939648}
{"step": 2996, "epoch": 4, "loss": 0.06566470748086445, "lr": 5.716597126725666e-06, "grad_norm": 1.2890625, "peak_allocated": 48806939648}
{"step": 2997, "epoch": 4, "loss": 0.09665418489485739, "lr": 5.713966157090493e-06, "grad_norm": 1.421875, "peak_allocated": 48806939648}
{"step": 2998, "epoch": 4, "loss": 0.08829876218719657, "lr": 5.711334985642209e-06, "grad_norm": 1.4140625, "peak_allocated": 48806939648}
{"step": 2999, "epoch": 4, "loss": 0.11081755258269281, "lr": 5.70870361312455e-06, "grad_norm": 1.90625, "peak_allocated": 48806939648}
{"step": 3000, "epoch": 4, "loss": 0.09132958340555893, "lr": 5.706072040281315e-06, "grad_norm": 1.3359375, "peak_allocated": 48806939648}
{"event": "train_stage", "stage": "checkpoint_published", "rank": 0, "local_rank": 0, "world_size": 4, "checkpoint": "step-00003000-5878f74d", "best": false}
{"step": 3001, "epoch": 4, "loss": 0.11733525014727485, "lr": 5.703440267856355e-06, "grad_norm": 1.671875, "peak_allocated": 48806939648}
{"step": 3002, "epoch": 4, "loss": 0.10482103842508027, "lr": 5.7008082965935805e-06, "grad_norm": 1.671875, "peak_allocated": 48806939648}
{"step": 3003, "epoch": 4, "loss": 0.1143717703341244, "lr": 5.698176127236959e-06, "grad_norm": 1.78125, "peak_allocated": 48806939648}
{"step": 3004, "epoch": 4, "loss": 0.0885493002255072, "lr": 5.69554376053051e-06, "grad_norm": 1.515625, "peak_allocated": 48806939648}
{"step": 3005, "epoch": 4, "loss": 0.1037062254989549, "lr": 5.692911197218312e-06, "grad_norm": 1.5234375, "peak_allocated": 48806939648}
{"step": 3006, "epoch": 4, "loss": 0.09374076990941996, "lr": 5.690278438044495e-06, "grad_norm": 1.4375, "peak_allocated": 48806939648}
{"step": 3007, "epoch": 4, "loss": 0.07501186284822944, "lr": 5.687645483753252e-06, "grad_norm": 1.4765625, "peak_allocated": 48806939648}
{"step": 3008, "epoch": 4, "loss": 0.08952480411069871, "lr": 5.685012335088824e-06, "grad_norm": 1.703125, "peak_allocated": 48806939648}
{"step": 3009, "epoch": 4, "loss": 0.09229768301178146, "lr": 5.682378992795509e-06, "grad_norm": 1.6796875, "peak_allocated": 48806939648}
{"step": 3010, "epoch": 4, "loss": 0.08230915593211316, "lr": 5.6797454576176616e-06, "grad_norm": 1.3359375, "peak_allocated": 48806939648}
{"step": 3011, "epoch": 4, "loss": 0.08497419270860397, "lr": 5.677111730299688e-06, "grad_norm": 1.390625, "peak_allocated": 48806939648}
{"step": 3012, "epoch": 4, "loss": 0.07556202221260586, "lr": 5.674477811586053e-06, "grad_norm": 1.2109375, "peak_allocated": 48806939648}
{"step": 3013, "epoch": 4, "loss": 0.08130216061176569, "lr": 5.671843702221271e-06, "grad_norm": 1.5234375, "peak_allocated": 48806939648}
{"step": 3014, "epoch": 4, "loss": 0.125061828646462, "lr": 5.669209402949911e-06, "grad_norm": 1.7421875, "peak_allocated": 48806939648}
{"step": 3015, "epoch": 4, "loss": 0.09611579105688657, "lr": 5.666574914516598e-06, "grad_norm": 1.6171875, "peak_allocated": 48806939648}
{"step": 3016, "epoch": 4, "loss": 0.06736065462867573, "lr": 5.663940237666009e-06, "grad_norm": 1.2109375, "peak_allocated": 48806939648}
{"step": 3017, "epoch": 4, "loss": 0.1224161289701866, "lr": 5.661305373142874e-06, "grad_norm": 1.6640625, "peak_allocated": 48806939648}
{"step": 3018, "epoch": 4, "loss": 0.08439417286933146, "lr": 5.6586703216919784e-06, "grad_norm": 1.4296875, "peak_allocated": 48806939648}
{"step": 3019, "epoch": 4, "loss": 0.08644713792077778, "lr": 5.656035084058156e-06, "grad_norm": 1.5078125, "peak_allocated": 48806939648}
{"step": 3020, "epoch": 4, "loss": 0.1013754908892175, "lr": 5.653399660986297e-06, "grad_norm": 1.421875, "peak_allocated": 48806939648}
{"step": 3021, "epoch": 4, "loss": 0.10549831626615223, "lr": 5.6507640532213425e-06, "grad_norm": 1.546875, "peak_allocated": 48806939648}
{"step": 3022, "epoch": 4, "loss": 0.09392358391482998, "lr": 5.648128261508287e-06, "grad_norm": 1.5390625, "peak_allocated": 48806939648}
{"step": 3023, "epoch": 4, "loss": 0.11931859087156622, "lr": 5.645492286592173e-06, "grad_norm": 1.8046875, "peak_allocated": 48806939648}
{"step": 3024, "epoch": 4, "loss": 0.11163441844728056, "lr": 5.642856129218102e-06, "grad_norm": 1.671875, "peak_allocated": 48806939648}
{"step": 3025, "epoch": 4, "loss": 0.08957373804349093, "lr": 5.6402197901312205e-06, "grad_norm": 1.5234375, "peak_allocated": 48806939648}
{"step": 3026, "epoch": 4, "loss": 0.07758920936441643, "lr": 5.63758327007673e-06, "grad_norm": 1.4375, "peak_allocated": 48806939648}
{"step": 3027, "epoch": 4, "loss": 0.11576299740556974, "lr": 5.634946569799881e-06, "grad_norm": 1.609375, "peak_allocated": 48806939648}
{"step": 3028, "epoch": 4, "loss": 0.10140923540342248, "lr": 5.632309690045977e-06, "grad_norm": 1.6015625, "peak_allocated": 48806939648}
{"step": 3029, "epoch": 4, "loss": 0.07716105422003251, "lr": 5.629672631560369e-06, "grad_norm": 1.3671875, "peak_allocated": 48806939648}
{"step": 3030, "epoch": 4, "loss": 0.09183026248766514, "lr": 5.627035395088462e-06, "grad_norm": 1.6171875, "peak_allocated": 48806939648}
{"step": 3031, "epoch": 4, "loss": 0.09409752674400806, "lr": 5.62439798137571e-06, "grad_norm": 1.71875, "peak_allocated": 48806939648}
{"step": 3032, "epoch": 4, "loss": 0.10865377135527576, "lr": 5.621760391167618e-06, "grad_norm": 1.578125, "peak_allocated": 48806939648}
{"step": 3033, "epoch": 4, "loss": 0.10470895619675787, "lr": 5.619122625209738e-06, "grad_norm": 1.6953125, "peak_allocated": 48806939648}
{"step": 3034, "epoch": 4, "loss": 0.09963865484217031, "lr": 5.616484684247676e-06, "grad_norm": 1.328125, "peak_allocated": 48806939648}
{"step": 3035, "epoch": 4, "loss": 0.10927112788881439, "lr": 5.613846569027084e-06, "grad_norm": 1.40625, "peak_allocated": 48806939648}
{"step": 3036, "epoch": 4, "loss": 0.09840806512606445, "lr": 5.611208280293662e-06, "grad_norm": 1.7109375, "peak_allocated": 48806939648}
{"step": 3037, "epoch": 4, "loss": 0.07294062869790983, "lr": 5.608569818793164e-06, "grad_norm": 1.3359375, "peak_allocated": 48806939648}
{"step": 3038, "epoch": 4, "loss": 0.07678386583359571, "lr": 5.60593118527139e-06, "grad_norm": 1.2578125, "peak_allocated": 48806939648}
{"step": 3039, "epoch": 4, "loss": 0.07915992429860089, "lr": 5.603292380474189e-06, "grad_norm": 1.5703125, "peak_allocated": 48806939648}
{"step": 3040, "epoch": 4, "loss": 0.07988882915613944, "lr": 5.600653405147458e-06, "grad_norm": 1.6640625, "peak_allocated": 48806939648}
{"step": 3041, "epoch": 4, "loss": 0.08556428369144625, "lr": 5.598014260037142e-06, "grad_norm": 1.421875, "peak_allocated": 48806939648}
{"step": 3042, "epoch": 4, "loss": 0.10261704786900828, "lr": 5.5953749458892346e-06, "grad_norm": 1.640625, "peak_allocated": 48806939648}
{"step": 3043, "epoch": 4, "loss": 0.0835636873342094, "lr": 5.592735463449777e-06, "grad_norm": 1.296875, "peak_allocated": 48806939648}
{"step": 3044, "epoch": 4, "loss": 0.09774706086218467, "lr": 5.5900958134648585e-06, "grad_norm": 1.3828125, "peak_allocated": 48806939648}
{"step": 3045, "epoch": 4, "loss": 0.09445568422958352, "lr": 5.587455996680617e-06, "grad_norm": 1.3046875, "peak_allocated": 48806939648}
{"step": 3046, "epoch": 4, "loss": 0.10968654533718195, "lr": 5.5848160138432305e-06, "grad_norm": 1.90625, "peak_allocated": 48806939648}
{"step": 3047, "epoch": 4, "loss": 0.09856646327656529, "lr": 5.582175865698936e-06, "grad_norm": 1.375, "peak_allocated": 48806939648}
{"step": 3048, "epoch": 4, "loss": 0.10796963842980684, "lr": 5.579535552994006e-06, "grad_norm": 1.7890625, "peak_allocated": 48806939648}
{"step": 3049, "epoch": 4, "loss": 0.09790530631147878, "lr": 5.576895076474763e-06, "grad_norm": 1.640625, "peak_allocated": 48806939648}
{"step": 3050, "epoch": 4, "loss": 0.12522212658099488, "lr": 5.574254436887581e-06, "grad_norm": 1.75, "peak_allocated": 48806939648}
{"step": 3051, "epoch": 4, "loss": 0.11101292881420262, "lr": 5.571613634978872e-06, "grad_norm": 1.78125, "peak_allocated": 48806939648}
{"step": 3052, "epoch": 4, "loss": 0.11852116246926, "lr": 5.568972671495102e-06, "grad_norm": 1.734375, "peak_allocated": 48806939648}
{"step": 3053, "epoch": 4, "loss": 0.07412841122313311, "lr": 5.566331547182776e-06, "grad_norm": 1.3125, "peak_allocated": 48806939648}
{"step": 3054, "epoch": 4, "loss": 0.08938542658628947, "lr": 5.563690262788446e-06, "grad_norm": 1.6171875, "peak_allocated": 48806939648}
{"step": 3055, "epoch": 4, "loss": 0.07463219673077229, "lr": 5.561048819058711e-06, "grad_norm": 1.5390625, "peak_allocated": 48806939648}
{"step": 3056, "epoch": 4, "loss": 0.09805483446929329, "lr": 5.558407216740214e-06, "grad_norm": 1.640625, "peak_allocated": 48806939648}
{"step": 3057, "epoch": 4, "loss": 0.08286197569423773, "lr": 5.555765456579644e-06, "grad_norm": 1.2265625, "peak_allocated": 48806939648}
{"step": 3058, "epoch": 4, "loss": 0.09719140802029909, "lr": 5.5531235393237345e-06, "grad_norm": 1.625, "peak_allocated": 48806939648}
{"step": 3059, "epoch": 4, "loss": 0.09014277047257095, "lr": 5.550481465719259e-06, "grad_norm": 1.3515625, "peak_allocated": 48806939648}
{"step": 3060, "epoch": 4, "loss": 0.08206211538575187, "lr": 5.547839236513043e-06, "grad_norm": 1.4140625, "peak_allocated": 48806939648}
{"step": 3061, "epoch": 4, "loss": 0.08884019494737495, "lr": 5.545196852451947e-06, "grad_norm": 1.5, "peak_allocated": 48806939648}
{"step": 3062, "epoch": 4, "loss": 0.08086254769393464, "lr": 5.5425543142828855e-06, "grad_norm": 1.28125, "peak_allocated": 48806939648}
{"step": 3063, "epoch": 4, "loss": 0.0859735080612725, "lr": 5.539911622752806e-06, "grad_norm": 1.4140625, "peak_allocated": 48806939648}
{"step": 3064, "epoch": 4, "loss": 0.10435095826866915, "lr": 5.537268778608708e-06, "grad_norm": 1.5703125, "peak_allocated": 48806939648}
{"step": 3065, "epoch": 4, "loss": 0.08726620266432161, "lr": 5.5346257825976275e-06, "grad_norm": 1.421875, "peak_allocated": 48806939648}
{"step": 3066, "epoch": 4, "loss": 0.09775825470303894, "lr": 5.5319826354666494e-06, "grad_norm": 1.53125, "peak_allocated": 48806939648}
{"step": 3067, "epoch": 4, "loss": 0.08744577136908435, "lr": 5.529339337962898e-06, "grad_norm": 1.375, "peak_allocated": 48806939648}
{"step": 3068, "epoch": 4, "loss": 0.09013695649152026, "lr": 5.526695890833539e-06, "grad_norm": 1.3828125, "peak_allocated": 48806939648}
{"step": 3069, "epoch": 4, "loss": 0.10908145072684226, "lr": 5.524052294825783e-06, "grad_norm": 1.4453125, "peak_allocated": 48806939648}
{"step": 3070, "epoch": 4, "loss": 0.08487590780368154, "lr": 5.521408550686879e-06, "grad_norm": 1.453125, "peak_allocated": 48806939648}
{"step": 3071, "epoch": 4, "loss": 0.08015112354569026, "lr": 5.518764659164123e-06, "grad_norm": 1.34375, "peak_allocated": 48806939648}
{"step": 3072, "epoch": 4, "loss": 0.08052613242728517, "lr": 5.516120621004852e-06, "grad_norm": 1.3671875, "peak_allocated": 48806939648}
{"step": 3073, "epoch": 4, "loss": 0.09276292495773011, "lr": 5.513476436956439e-06, "grad_norm": 1.515625, "peak_allocated": 48806939648}
{"step": 3074, "epoch": 4, "loss": 0.0713751287427444, "lr": 5.510832107766303e-06, "grad_norm": 1.2421875, "peak_allocated": 48806939648}
{"step": 3075, "epoch": 4, "loss": 0.08270704248179382, "lr": 5.508187634181903e-06, "grad_norm": 1.46875, "peak_allocated": 48806939648}
{"step": 3076, "epoch": 4, "loss": 0.09516261793645238, "lr": 5.505543016950739e-06, "grad_norm": 1.359375, "peak_allocated": 48806939648}
{"step": 3077, "epoch": 4, "loss": 0.10420161302098804, "lr": 5.50289825682035e-06, "grad_norm": 1.4375, "peak_allocated": 48806939648}
{"step": 3078, "epoch": 4, "loss": 0.1210178031334731, "lr": 5.500253354538317e-06, "grad_norm": 1.765625, "peak_allocated": 48806939648}
{"step": 3079, "epoch": 4, "loss": 0.08499275782699381, "lr": 5.497608310852261e-06, "grad_norm": 1.4453125, "peak_allocated": 48806939648}
{"step": 3080, "epoch": 4, "loss": 0.0870919476062084, "lr": 5.494963126509845e-06, "grad_norm": 1.4296875, "peak_allocated": 48806939648}
{"step": 3081, "epoch": 4, "loss": 0.08000590017495807, "lr": 5.492317802258767e-06, "grad_norm": 1.4609375, "peak_allocated": 48806939648}
{"step": 3082, "epoch": 4, "loss": 0.11852296678278466, "lr": 5.489672338846767e-06, "grad_norm": 1.8046875, "peak_allocated": 48806939648}
{"step": 3083, "epoch": 4, "loss": 0.07803045335683285, "lr": 5.487026737021626e-06, "grad_norm": 1.484375, "peak_allocated": 48806939648}
{"step": 3084, "epoch": 4, "loss": 0.08407506107811265, "lr": 5.48438099753116e-06, "grad_norm": 1.5078125, "peak_allocated": 48806939648}
{"step": 3085, "epoch": 4, "loss": 0.07426253182113364, "lr": 5.481735121123229e-06, "grad_norm": 1.1953125, "peak_allocated": 48806939648}
{"step": 3086, "epoch": 4, "loss": 0.10427884755489511, "lr": 5.479089108545728e-06, "grad_norm": 1.5703125, "peak_allocated": 48806939648}
{"step": 3087, "epoch": 4, "loss": 0.09824924927262697, "lr": 5.476442960546593e-06, "grad_norm": 1.40625, "peak_allocated": 48806939648}
{"step": 3088, "epoch": 4, "loss": 0.10595967099261816, "lr": 5.473796677873796e-06, "grad_norm": 1.6484375, "peak_allocated": 48806939648}
{"step": 3089, "epoch": 4, "loss": 0.10462407283409138, "lr": 5.471150261275347e-06, "grad_norm": 1.4609375, "peak_allocated": 48806939648}
{"step": 3090, "epoch": 4, "loss": 0.10601698659131936, "lr": 5.468503711499294e-06, "grad_norm": 1.5625, "peak_allocated": 48806939648}
{"step": 3091, "epoch": 4, "loss": 0.07885174665845827, "lr": 5.4658570292937285e-06, "grad_norm": 1.234375, "peak_allocated": 48806939648}
{"step": 3092, "epoch": 4, "loss": 0.07924022701215437, "lr": 5.463210215406769e-06, "grad_norm": 1.2734375, "peak_allocated": 48806939648}
{"step": 3093, "epoch": 4, "loss": 0.10791008865768885, "lr": 5.460563270586581e-06, "grad_norm": 1.5546875, "peak_allocated": 48806939648}
{"step": 3094, "epoch": 4, "loss": 0.09288148430014126, "lr": 5.457916195581359e-06, "grad_norm": 1.6171875, "peak_allocated": 48806939648}
{"step": 3095, "epoch": 4, "loss": 0.09012068867872686, "lr": 5.455268991139339e-06, "grad_norm": 1.4453125, "peak_allocated": 48806939648}
{"step": 3096, "epoch": 4, "loss": 0.09055826081492062, "lr": 5.452621658008795e-06, "grad_norm": 1.3203125, "peak_allocated": 48806939648}
{"step": 3097, "epoch": 4, "loss": 0.08786001719889691, "lr": 5.449974196938032e-06, "grad_norm": 1.4921875, "peak_allocated": 48806939648}
{"step": 3098, "epoch": 4, "loss": 0.08336618698679837, "lr": 5.447326608675394e-06, "grad_norm": 1.4609375, "peak_allocated": 48806939648}
{"step": 3099, "epoch": 4, "loss": 0.1044726832469743, "lr": 5.444678893969263e-06, "grad_norm": 1.4765625, "peak_allocated": 48806939648}
{"step": 3100, "epoch": 4, "loss": 0.057862324215465756, "lr": 5.442031053568055e-06, "grad_norm": 1.296875, "peak_allocated": 48806939648}
{"step": 3101, "epoch": 4, "loss": 0.08413613545876408, "lr": 5.439383088220219e-06, "grad_norm": 1.578125, "peak_allocated": 48806939648}
{"step": 3102, "epoch": 4, "loss": 0.10050920526122475, "lr": 5.4367349986742425e-06, "grad_norm": 1.5, "peak_allocated": 48806939648}
{"step": 3103, "epoch": 4, "loss": 0.1087080725994567, "lr": 5.43408678567865e-06, "grad_norm": 1.5859375, "peak_allocated": 48806939648}
{"step": 3104, "epoch": 4, "loss": 0.10854606681366818, "lr": 5.431438449981993e-06, "grad_norm": 1.7109375, "peak_allocated": 48806939648}
{"step": 3105, "epoch": 4, "loss": 0.10360538861141466, "lr": 5.428789992332867e-06, "grad_norm": 1.7109375, "peak_allocated": 48806939648}
{"step": 3106, "epoch": 4, "loss": 0.10778309141687296, "lr": 5.4261414134798965e-06, "grad_norm": 1.5625, "peak_allocated": 48806939648}
{"step": 3107, "epoch": 4, "loss": 0.0929558717961475, "lr": 5.4234927141717405e-06, "grad_norm": 1.625, "peak_allocated": 48806939648}
{"step": 3108, "epoch": 4, "loss": 0.0982731173246238, "lr": 5.420843895157095e-06, "grad_norm": 1.6484375, "peak_allocated": 48806939648}
{"step": 3109, "epoch": 4, "loss": 0.09800017325991361, "lr": 5.418194957184687e-06, "grad_norm": 1.3984375, "peak_allocated": 48806939648}
{"step": 3110, "epoch": 4, "loss": 0.08001745714311394, "lr": 5.4155459010032785e-06, "grad_norm": 1.4921875, "peak_allocated": 48806939648}
{"event": "train_stage", "stage": "validation_loss_complete", "rank": 0, "local_rank": 0, "world_size": 4, "epoch": 5, "val_loss": 0.12437861229636572, "training_seconds": 1639.61, "validation_loss_seconds": 47.34}
{"event": "train_stage", "stage": "validation_gleu_complete", "rank": 0, "local_rank": 0, "world_size": 4, "epoch": 5, "elapsed_seconds": 2921.76, "gleu": 38.5392, "invalid_utf8": 2, "budget_exhausted": 3, "generation_backend": "global-prefix-guarded-greedy-v1", "cache_preliminary_skips": 239775, "cache_guard_refreshes": 5935, "max_rank_peak_allocated_bytes": 48806939648}
{"event": "train_stage", "stage": "checkpoint_published", "rank": 0, "local_rank": 0, "world_size": 4, "checkpoint": "step-00003110-bfbd03a5", "best": true}
{"event": "train_stage", "stage": "epoch_complete", "rank": 0, "local_rank": 0, "world_size": 4, "epoch": 5, "global_step": 3110, "selection_metric": "val_gleu", "best": true, "val_loss": 0.12437861229636572, "val_gleu": 38.5392, "elapsed_seconds": 4681.6}
{"step": 3111, "epoch": 5, "loss": 0.10643372727356437, "lr": 5.412896727361663e-06, "grad_norm": 1.46875, "peak_allocated": 48806939648}
{"step": 3112, "epoch": 5, "loss": 0.09699273623641576, "lr": 5.410247437008669e-06, "grad_norm": 1.59375, "peak_allocated": 48806939648}
{"step": 3113, "epoch": 5, "loss": 0.0952968408651579, "lr": 5.40759803069316e-06, "grad_norm": 1.53125, "peak_allocated": 48806939648}
{"step": 3114, "epoch": 5, "loss": 0.08933212156163235, "lr": 5.404948509164027e-06, "grad_norm": 1.3671875, "peak_allocated": 48806939648}
{"step": 3115, "epoch": 5, "loss": 0.10164397176461691, "lr": 5.4022988731702e-06, "grad_norm": 1.4453125, "peak_allocated": 48806939648}
{"step": 3116, "epoch": 5, "loss": 0.09284262448146054, "lr": 5.3996491234606355e-06, "grad_norm": 1.8203125, "peak_allocated": 48806939648}
{"step": 3117, "epoch": 5, "loss": 0.0715252709893367, "lr": 5.396999260784323e-06, "grad_norm": 1.1953125, "peak_allocated": 48806939648}
{"step": 3118, "epoch": 5, "loss": 0.09655632363962945, "lr": 5.394349285890288e-06, "grad_norm": 1.46875, "peak_allocated": 48806939648}
{"step": 3119, "epoch": 5, "loss": 0.0839806104364181, "lr": 5.3916991995275835e-06, "grad_norm": 1.296875, "peak_allocated": 48806939648}
{"step": 3120, "epoch": 5, "loss": 0.07941094009112769, "lr": 5.389049002445298e-06, "grad_norm": 1.5390625, "peak_allocated": 48806939648}
{"step": 3121, "epoch": 5, "loss": 0.10168259044596603, "lr": 5.386398695392549e-06, "grad_norm": 1.34375, "peak_allocated": 48806939648}
{"step": 3122, "epoch": 5, "loss": 0.07494655834454657, "lr": 5.3837482791184806e-06, "grad_norm": 1.4453125, "peak_allocated": 48806939648}
{"step": 3123, "epoch": 5, "loss": 0.10538839716579133, "lr": 5.381097754372276e-06, "grad_norm": 1.59375, "peak_allocated": 48806939648}
{"step": 3124, "epoch": 5, "loss": 0.09246483424178581, "lr": 5.378447121903146e-06, "grad_norm": 1.375, "peak_allocated": 48806939648}
{"step": 3125, "epoch": 5, "loss": 0.11191099567753965, "lr": 5.375796382460327e-06, "grad_norm": 1.375, "peak_allocated": 48806939648}
{"step": 3126, "epoch": 5, "loss": 0.10203089272440255, "lr": 5.373145536793094e-06, "grad_norm": 1.71875, "peak_allocated": 48806939648}
{"step": 3127, "epoch": 5, "loss": 0.08497786862580542, "lr": 5.3704945856507464e-06, "grad_norm": 1.4140625, "peak_allocated": 48806939648}
{"step": 3128, "epoch": 5, "loss": 0.09598487285420909, "lr": 5.367843529782615e-06, "grad_norm": 1.421875, "peak_allocated": 48806939648}
{"step": 3129, "epoch": 5, "loss": 0.09294990231626786, "lr": 5.365192369938058e-06, "grad_norm": 1.359375, "peak_allocated": 48806939648}
{"step": 3130, "epoch": 5, "loss": 0.08500683726990008, "lr": 5.362541106866469e-06, "grad_norm": 1.6015625, "peak_allocated": 48806939648}
{"step": 3131, "epoch": 5, "loss": 0.08981162901793158, "lr": 5.359889741317262e-06, "grad_norm": 1.1875, "peak_allocated": 48806939648}
{"step": 3132, "epoch": 5, "loss": 0.0850937439698377, "lr": 5.357238274039888e-06, "grad_norm": 1.4921875, "peak_allocated": 48806939648}
{"step": 3133, "epoch": 5, "loss": 0.09181371744698501, "lr": 5.354586705783824e-06, "grad_norm": 1.546875, "peak_allocated": 48806939648}
{"step": 3134, "epoch": 5, "loss": 0.10181598735041916, "lr": 5.351935037298573e-06, "grad_norm": 1.453125, "peak_allocated": 48806939648}
{"step": 3135, "epoch": 5, "loss": 0.08913275450079283, "lr": 5.349283269333669e-06, "grad_norm": 1.5, "peak_allocated": 48806939648}
{"step": 3136, "epoch": 5, "loss": 0.09963744955197011, "lr": 5.3466314026386755e-06, "grad_norm": 1.5234375, "peak_allocated": 48806939648}
{"step": 3137, "epoch": 5, "loss": 0.08102263323497857, "lr": 5.343979437963178e-06, "grad_norm": 1.328125, "peak_allocated": 48806939648}
{"step": 3138, "epoch": 5, "loss": 0.10058377579975365, "lr": 5.3413273760567955e-06, "grad_norm": 1.796875, "peak_allocated": 48806939648}
{"step": 3139, "epoch": 5, "loss": 0.0759027844440261, "lr": 5.338675217669173e-06, "grad_norm": 1.4140625, "peak_allocated": 48806939648}
{"step": 3140, "epoch": 5, "loss": 0.09196812596830979, "lr": 5.336022963549984e-06, "grad_norm": 1.46875, "peak_allocated": 48806939648}
{"step": 3141, "epoch": 5, "loss": 0.08962230685078146, "lr": 5.333370614448925e-06, "grad_norm": 1.2265625, "peak_allocated": 48806939648}
{"step": 3142, "epoch": 5, "loss": 0.08669627283594598, "lr": 5.33071817111572e-06, "grad_norm": 1.5390625, "peak_allocated": 48806939648}
{"step": 3143, "epoch": 5, "loss": 0.08511056914018514, "lr": 5.328065634300127e-06, "grad_norm": 1.328125, "peak_allocated": 48806939648}
{"step": 3144, "epoch": 5, "loss": 0.0900583590259965, "lr": 5.32541300475192e-06, "grad_norm": 1.3203125, "peak_allocated": 48806939648}
{"step": 3145, "epoch": 5, "loss": 0.09340071308323411, "lr": 5.322760283220905e-06, "grad_norm": 1.578125, "peak_allocated": 48806939648}
{"step": 3146, "epoch": 5, "loss": 0.06767747851103613, "lr": 5.320107470456915e-06, "grad_norm": 1.2578125, "peak_allocated": 48806939648}
{"step": 3147, "epoch": 5, "loss": 0.09277740360583185, "lr": 5.3174545672098045e-06, "grad_norm": 1.4453125, "peak_allocated": 48806939648}
{"step": 3148, "epoch": 5, "loss": 0.10205165222694987, "lr": 5.314801574229458e-06, "grad_norm": 1.59375, "peak_allocated": 48806939648}
{"step": 3149, "epoch": 5, "loss": 0.08062534857740669, "lr": 5.312148492265782e-06, "grad_norm": 1.3515625, "peak_allocated": 48806939648}
{"step": 3150, "epoch": 5, "loss": 0.07364912847810896, "lr": 5.30949532206871e-06, "grad_norm": 1.453125, "peak_allocated": 48806939648}
{"step": 3151, "epoch": 5, "loss": 0.09671393549477912, "lr": 5.306842064388198e-06, "grad_norm": 1.515625, "peak_allocated": 48806939648}
{"step": 3152, "epoch": 5, "loss": 0.10049164471376044, "lr": 5.3041887199742304e-06, "grad_norm": 1.4765625, "peak_allocated": 48806939648}
{"step": 3153, "epoch": 5, "loss": 0.0805821726119823, "lr": 5.3015352895768154e-06, "grad_norm": 1.4609375, "peak_allocated": 48806939648}
{"step": 3154, "epoch": 5, "loss": 0.0866713905663397, "lr": 5.298881773945982e-06, "grad_norm": 1.4765625, "peak_allocated": 48806939648}
{"step": 3155, "epoch": 5, "loss": 0.08262950913062536, "lr": 5.296228173831788e-06, "grad_norm": 1.40625, "peak_allocated": 48806939648}
{"step": 3156, "epoch": 5, "loss": 0.08143488302163573, "lr": 5.293574489984311e-06, "grad_norm": 1.4296875, "peak_allocated": 48806939648}
{"step": 3157, "epoch": 5, "loss": 0.09310658471208476, "lr": 5.290920723153653e-06, "grad_norm": 1.546875, "peak_allocated": 48806939648}
{"step": 3158, "epoch": 5, "loss": 0.07733669144216257, "lr": 5.288266874089944e-06, "grad_norm": 1.453125, "peak_allocated": 48806939648}
{"step": 3159, "epoch": 5, "loss": 0.07861663096242587, "lr": 5.28561294354333e-06, "grad_norm": 1.5859375, "peak_allocated": 48806939648}
{"step": 3160, "epoch": 5, "loss": 0.07076279133091404, "lr": 5.282958932263988e-06, "grad_norm": 1.28125, "peak_allocated": 48806939648}
{"step": 3161, "epoch": 5, "loss": 0.1157888528357148, "lr": 5.280304841002109e-06, "grad_norm": 1.5078125, "peak_allocated": 48806939648}
{"step": 3162, "epoch": 5, "loss": 0.0594798115307968, "lr": 5.277650670507916e-06, "grad_norm": 1.2109375, "peak_allocated": 48806939648}
{"step": 3163, "epoch": 5, "loss": 0.0790964370048502, "lr": 5.274996421531645e-06, "grad_norm": 1.421875, "peak_allocated": 48806939648}
{"step": 3164, "epoch": 5, "loss": 0.1128638434636131, "lr": 5.272342094823562e-06, "grad_norm": 1.84375, "peak_allocated": 48806939648}
{"step": 3165, "epoch": 5, "loss": 0.08244203157695094, "lr": 5.269687691133949e-06, "grad_norm": 1.53125, "peak_allocated": 48806939648}
{"step": 3166, "epoch": 5, "loss": 0.08511988041363656, "lr": 5.267033211213116e-06, "grad_norm": 1.453125, "peak_allocated": 48806939648}
{"step": 3167, "epoch": 5, "loss": 0.09118594159886068, "lr": 5.264378655811388e-06, "grad_norm": 1.609375, "peak_allocated": 48806939648}
{"step": 3168, "epoch": 5, "loss": 0.06967727534787115, "lr": 5.261724025679118e-06, "grad_norm": 1.390625, "peak_allocated": 48806939648}
{"step": 3169, "epoch": 5, "loss": 0.0926260040897419, "lr": 5.259069321566672e-06, "grad_norm": 1.4921875, "peak_allocated": 48806939648}
{"step": 3170, "epoch": 5, "loss": 0.1013698327875176, "lr": 5.256414544224446e-06, "grad_norm": 1.7109375, "peak_allocated": 48806939648}
{"step": 3171, "epoch": 5, "loss": 0.10839112525341686, "lr": 5.253759694402848e-06, "grad_norm": 1.578125, "peak_allocated": 48806939648}
{"step": 3172, "epoch": 5, "loss": 0.09636669546197588, "lr": 5.251104772852312e-06, "grad_norm": 1.6015625, "peak_allocated": 48806939648}
{"step": 3173, "epoch": 5, "loss": 0.0864151819458221, "lr": 5.248449780323292e-06, "grad_norm": 1.5234375, "peak_allocated": 48806939648}
{"step": 3174, "epoch": 5, "loss": 0.08507842773911338, "lr": 5.245794717566262e-06, "grad_norm": 1.6875, "peak_allocated": 48806939648}
{"step": 3175, "epoch": 5, "loss": 0.1011173673898029, "lr": 5.243139585331711e-06, "grad_norm": 1.4765625, "peak_allocated": 48806939648}
{"step": 3176, "epoch": 5, "loss": 0.10351697910636373, "lr": 5.240484384370156e-06, "grad_norm": 1.671875, "peak_allocated": 48806939648}
{"step": 3177, "epoch": 5, "loss": 0.11163642566221683, "lr": 5.237829115432125e-06, "grad_norm": 1.453125, "peak_allocated": 48806939648}
{"step": 3178, "epoch": 5, "loss": 0.09555254445895231, "lr": 5.235173779268171e-06, "grad_norm": 1.5234375, "peak_allocated": 48806939648}
{"step": 3179, "epoch": 5, "loss": 0.07142324350073842, "lr": 5.232518376628863e-06, "grad_norm": 1.3984375, "peak_allocated": 48806939648}
{"step": 3180, "epoch": 5, "loss": 0.07088526673023557, "lr": 5.229862908264791e-06, "grad_norm": 1.3359375, "peak_allocated": 48806939648}
{"step": 3181, "epoch": 5, "loss": 0.07015492966565917, "lr": 5.227207374926563e-06, "grad_norm": 1.2734375, "peak_allocated": 48806939648}
{"step": 3182, "epoch": 5, "loss": 0.09631100145629819, "lr": 5.224551777364803e-06, "grad_norm": 1.5703125, "peak_allocated": 48806939648}
{"step": 3183, "epoch": 5, "loss": 0.09379420730736614, "lr": 5.221896116330157e-06, "grad_norm": 1.6171875, "peak_allocated": 48806939648}
{"step": 3184, "epoch": 5, "loss": 0.08970615233066018, "lr": 5.2192403925732845e-06, "grad_norm": 1.6171875, "peak_allocated": 48806939648}
{"step": 3185, "epoch": 5, "loss": 0.10023366140182874, "lr": 5.216584606844869e-06, "grad_norm": 1.640625, "peak_allocated": 48806939648}
{"step": 3186, "epoch": 5, "loss": 0.08999599582135659, "lr": 5.2139287598956035e-06, "grad_norm": 1.4296875, "peak_allocated": 48806939648}
{"step": 3187, "epoch": 5, "loss": 0.10994153587195113, "lr": 5.211272852476203e-06, "grad_norm": 1.59375, "peak_allocated": 48806939648}
{"step": 3188, "epoch": 5, "loss": 0.07838607570152369, "lr": 5.208616885337404e-06, "grad_norm": 1.5078125, "peak_allocated": 48806939648}
{"step": 3189, "epoch": 5, "loss": 0.06935695811156938, "lr": 5.2059608592299485e-06, "grad_norm": 1.59375, "peak_allocated": 48806939648}
{"step": 3190, "epoch": 5, "loss": 0.10646807168341453, "lr": 5.203304774904606e-06, "grad_norm": 1.7421875, "peak_allocated": 48806939648}
{"step": 3191, "epoch": 5, "loss": 0.10526692934084762, "lr": 5.200648633112156e-06, "grad_norm": 1.5859375, "peak_allocated": 48806939648}
{"step": 3192, "epoch": 5, "loss": 0.07627511372130295, "lr": 5.197992434603397e-06, "grad_norm": 1.5078125, "peak_allocated": 48806939648}
{"step": 3193, "epoch": 5, "loss": 0.10916958878831032, "lr": 5.1953361801291425e-06, "grad_norm": 1.8984375, "peak_allocated": 48806939648}
{"step": 3194, "epoch": 5, "loss": 0.10526466482537854, "lr": 5.192679870440221e-06, "grad_norm": 1.84375, "peak_allocated": 48806939648}
{"step": 3195, "epoch": 5, "loss": 0.07917242108919688, "lr": 5.190023506287483e-06, "grad_norm": 1.671875, "peak_allocated": 48806939648}
{"step": 3196, "epoch": 5, "loss": 0.08830887881072168, "lr": 5.187367088421783e-06, "grad_norm": 1.5234375, "peak_allocated": 48806939648}
{"step": 3197, "epoch": 5, "loss": 0.08134488626643553, "lr": 5.184710617593998e-06, "grad_norm": 1.46875, "peak_allocated": 48806939648}
{"step": 3198, "epoch": 5, "loss": 0.10684719235427607, "lr": 5.182054094555024e-06, "grad_norm": 1.703125, "peak_allocated": 48806939648}
{"step": 3199, "epoch": 5, "loss": 0.08051837099444159, "lr": 5.17939752005576e-06, "grad_norm": 1.46875, "peak_allocated": 48806939648}
{"step": 3200, "epoch": 5, "loss": 0.08221809858929154, "lr": 5.176740894847129e-06, "grad_norm": 1.3828125, "peak_allocated": 48806939648}
{"step": 3201, "epoch": 5, "loss": 0.08619743587178008, "lr": 5.1740842196800656e-06, "grad_norm": 1.390625, "peak_allocated": 48806939648}
{"step": 3202, "epoch": 5, "loss": 0.07788927085425136, "lr": 5.171427495305518e-06, "grad_norm": 1.28125, "peak_allocated": 48806939648}
{"step": 3203, "epoch": 5, "loss": 0.08480182558749662, "lr": 5.16877072247445e-06, "grad_norm": 1.3203125, "peak_allocated": 48806939648}
{"step": 3204, "epoch": 5, "loss": 0.09818879324709721, "lr": 5.166113901937835e-06, "grad_norm": 1.6953125, "peak_allocated": 48806939648}
{"step": 3205, "epoch": 5, "loss": 0.06975672409703242, "lr": 5.163457034446665e-06, "grad_norm": 1.1328125, "peak_allocated": 48806939648}
{"step": 3206, "epoch": 5, "loss": 0.06839608927711824, "lr": 5.160800120751942e-06, "grad_norm": 1.4765625, "peak_allocated": 48806939648}
{"step": 3207, "epoch": 5, "loss": 0.0740539814696392, "lr": 5.158143161604683e-06, "grad_norm": 1.4140625, "peak_allocated": 48806939648}
{"step": 3208, "epoch": 5, "loss": 0.0788783656719563, "lr": 5.155486157755916e-06, "grad_norm": 1.2421875, "peak_allocated": 48806939648}
{"step": 3209, "epoch": 5, "loss": 0.0747053048343444, "lr": 5.152829109956682e-06, "grad_norm": 1.1796875, "peak_allocated": 48806939648}
{"step": 3210, "epoch": 5, "loss": 0.07774304089863998, "lr": 5.150172018958038e-06, "grad_norm": 1.265625, "peak_allocated": 48806939648}
{"step": 3211, "epoch": 5, "loss": 0.11778032267301351, "lr": 5.147514885511045e-06, "grad_norm": 2.015625, "peak_allocated": 48806939648}
{"step": 3212, "epoch": 5, "loss": 0.082199775832783, "lr": 5.144857710366785e-06, "grad_norm": 1.3984375, "peak_allocated": 48806939648}
{"step": 3213, "epoch": 5, "loss": 0.08237909020282451, "lr": 5.142200494276347e-06, "grad_norm": 1.53125, "peak_allocated": 48806939648}
{"step": 3214, "epoch": 5, "loss": 0.08153312291785678, "lr": 5.139543237990832e-06, "grad_norm": 1.34375, "peak_allocated": 48806939648}
{"step": 3215, "epoch": 5, "loss": 0.11256615895366417, "lr": 5.136885942261354e-06, "grad_norm": 1.6328125, "peak_allocated": 48806939648}
{"step": 3216, "epoch": 5, "loss": 0.08193881238754086, "lr": 5.134228607839036e-06, "grad_norm": 1.546875, "peak_allocated": 48806939648}
{"step": 3217, "epoch": 5, "loss": 0.08613162333832858, "lr": 5.131571235475013e-06, "grad_norm": 1.5078125, "peak_allocated": 48806939648}
{"step": 3218, "epoch": 5, "loss": 0.09377070783169468, "lr": 5.128913825920431e-06, "grad_norm": 1.4375, "peak_allocated": 48806939648}
{"step": 3219, "epoch": 5, "loss": 0.0725626066721493, "lr": 5.1262563799264455e-06, "grad_norm": 1.2734375, "peak_allocated": 48806939648}
{"step": 3220, "epoch": 5, "loss": 0.08426639264847646, "lr": 5.123598898244223e-06, "grad_norm": 1.21875, "peak_allocated": 48806939648}
{"step": 3221, "epoch": 5, "loss": 0.08899184406729163, "lr": 5.120941381624942e-06, "grad_norm": 1.546875, "peak_allocated": 48806939648}
{"step": 3222, "epoch": 5, "loss": 0.09574789493595731, "lr": 5.118283830819785e-06, "grad_norm": 1.875, "peak_allocated": 48806939648}
{"step": 3223, "epoch": 5, "loss": 0.06791744233532575, "lr": 5.1156262465799545e-06, "grad_norm": 1.2734375, "peak_allocated": 48806939648}
{"step": 3224, "epoch": 5, "loss": 0.08263808589416761, "lr": 5.112968629656649e-06, "grad_norm": 1.4453125, "peak_allocated": 48806939648}
{"step": 3225, "epoch": 5, "loss": 0.10113486843260146, "lr": 5.110310980801089e-06, "grad_norm": 1.5625, "peak_allocated": 48806939648}
{"step": 3226, "epoch": 5, "loss": 0.109352545816519, "lr": 5.107653300764494e-06, "grad_norm": 1.4140625, "peak_allocated": 48806939648}
{"step": 3227, "epoch": 5, "loss": 0.0750104895277348, "lr": 5.1049955902980986e-06, "grad_norm": 1.265625, "peak_allocated": 48806939648}
{"step": 3228, "epoch": 5, "loss": 0.0646758396848151, "lr": 5.102337850153145e-06, "grad_norm": 1.6796875, "peak_allocated": 48806939648}
{"step": 3229, "epoch": 5, "loss": 0.09051480897354557, "lr": 5.09968008108088e-06, "grad_norm": 1.40625, "peak_allocated": 48806939648}
{"step": 3230, "epoch": 5, "loss": 0.08173610627092495, "lr": 5.097022283832566e-06, "grad_norm": 1.5, "peak_allocated": 48806939648}
{"step": 3231, "epoch": 5, "loss": 0.06874782735315443, "lr": 5.094364459159464e-06, "grad_norm": 1.34375, "peak_allocated": 48806939648}
{"step": 3232, "epoch": 5, "loss": 0.09373620860371192, "lr": 5.091706607812848e-06, "grad_norm": 1.6015625, "peak_allocated": 48806939648}
{"step": 3233, "epoch": 5, "loss": 0.0890399667626583, "lr": 5.089048730544003e-06, "grad_norm": 1.453125, "peak_allocated": 48806939648}
{"step": 3234, "epoch": 5, "loss": 0.11100743463137042, "lr": 5.086390828104213e-06, "grad_norm": 1.6640625, "peak_allocated": 48806939648}
{"step": 3235, "epoch": 5, "loss": 0.1077452161865637, "lr": 5.083732901244776e-06, "grad_norm": 1.7265625, "peak_allocated": 48806939648}
{"step": 3236, "epoch": 5, "loss": 0.09228785828722871, "lr": 5.081074950716997e-06, "grad_norm": 1.4921875, "peak_allocated": 48806939648}
{"step": 3237, "epoch": 5, "loss": 0.09035065331863801, "lr": 5.078416977272178e-06, "grad_norm": 1.5703125, "peak_allocated": 48806939648}
{"step": 3238, "epoch": 5, "loss": 0.10465542824575799, "lr": 5.07575898166164e-06, "grad_norm": 1.84375, "peak_allocated": 48806939648}
{"step": 3239, "epoch": 5, "loss": 0.10028224538962852, "lr": 5.073100964636702e-06, "grad_norm": 1.703125, "peak_allocated": 48806939648}
{"step": 3240, "epoch": 5, "loss": 0.08587681044746673, "lr": 5.0704429269486945e-06, "grad_norm": 1.5859375, "peak_allocated": 48806939648}
{"step": 3241, "epoch": 5, "loss": 0.08934321530496037, "lr": 5.06778486934895e-06, "grad_norm": 1.4140625, "peak_allocated": 48806939648}
{"step": 3242, "epoch": 5, "loss": 0.09116112119644601, "lr": 5.065126792588807e-06, "grad_norm": 1.71875, "peak_allocated": 48806939648}
{"step": 3243, "epoch": 5, "loss": 0.08587778311435455, "lr": 5.062468697419612e-06, "grad_norm": 1.296875, "peak_allocated": 48806939648}
{"step": 3244, "epoch": 5, "loss": 0.08560673549686351, "lr": 5.0598105845927135e-06, "grad_norm": 1.4375, "peak_allocated": 48806939648}
{"step": 3245, "epoch": 5, "loss": 0.07984670485781285, "lr": 5.0571524548594675e-06, "grad_norm": 1.5, "peak_allocated": 48806939648}
{"step": 3246, "epoch": 5, "loss": 0.07993025966960558, "lr": 5.054494308971233e-06, "grad_norm": 1.3671875, "peak_allocated": 48806939648}
{"step": 3247, "epoch": 5, "loss": 0.09040186726697653, "lr": 5.051836147679374e-06, "grad_norm": 1.5859375, "peak_allocated": 48806939648}
{"step": 3248, "epoch": 5, "loss": 0.09379447684598835, "lr": 5.0491779717352616e-06, "grad_norm": 1.4375, "peak_allocated": 48806939648}
{"step": 3249, "epoch": 5, "loss": 0.08012592101783593, "lr": 5.046519781890266e-06, "grad_norm": 1.5546875, "peak_allocated": 48806939648}
{"step": 3250, "epoch": 5, "loss": 0.08703534555209264, "lr": 5.043861578895765e-06, "grad_norm": 1.3984375, "peak_allocated": 48806939648}
{"step": 3251, "epoch": 5, "loss": 0.08093306434858027, "lr": 5.041203363503139e-06, "grad_norm": 1.5, "peak_allocated": 48806939648}
{"step": 3252, "epoch": 5, "loss": 0.07267910563690069, "lr": 5.03854513646377e-06, "grad_norm": 1.4453125, "peak_allocated": 48806939648}
{"step": 3253, "epoch": 5, "loss": 0.09751564651224717, "lr": 5.0358868985290475e-06, "grad_norm": 1.4453125, "peak_allocated": 48806939648}
{"step": 3254, "epoch": 5, "loss": 0.0878637225497835, "lr": 5.033228650450362e-06, "grad_norm": 1.734375, "peak_allocated": 48806939648}
{"step": 3255, "epoch": 5, "loss": 0.10034803767977075, "lr": 5.030570392979107e-06, "grad_norm": 1.3984375, "peak_allocated": 48806939648}
{"step": 3256, "epoch": 5, "loss": 0.09235682778085749, "lr": 5.027912126866677e-06, "grad_norm": 1.5703125, "peak_allocated": 48806939648}
{"step": 3257, "epoch": 5, "loss": 0.08191351204484397, "lr": 5.0252538528644715e-06, "grad_norm": 1.4296875, "peak_allocated": 48806939648}
{"step": 3258, "epoch": 5, "loss": 0.0819813115813416, "lr": 5.02259557172389e-06, "grad_norm": 1.484375, "peak_allocated": 48806939648}
{"step": 3259, "epoch": 5, "loss": 0.0758979961288761, "lr": 5.019937284196333e-06, "grad_norm": 1.359375, "peak_allocated": 48806939648}
{"step": 3260, "epoch": 5, "loss": 0.07613397245953205, "lr": 5.017278991033209e-06, "grad_norm": 1.234375, "peak_allocated": 48806939648}
{"step": 3261, "epoch": 5, "loss": 0.08695352592200985, "lr": 5.014620692985923e-06, "grad_norm": 1.4375, "peak_allocated": 48806939648}
{"step": 3262, "epoch": 5, "loss": 0.08245046370201245, "lr": 5.0119623908058805e-06, "grad_norm": 1.609375, "peak_allocated": 48806939648}
{"step": 3263, "epoch": 5, "loss": 0.08245404673006809, "lr": 5.009304085244491e-06, "grad_norm": 1.578125, "peak_allocated": 48806939648}
{"step": 3264, "epoch": 5, "loss": 0.10623548064150055, "lr": 5.006645777053164e-06, "grad_norm": 1.5859375, "peak_allocated": 48806939648}
{"step": 3265, "epoch": 5, "loss": 0.10395343752106151, "lr": 5.00398746698331e-06, "grad_norm": 1.671875, "peak_allocated": 48806939648}
{"step": 3266, "epoch": 5, "loss": 0.10343544734477421, "lr": 5.0013291557863395e-06, "grad_norm": 1.6875, "peak_allocated": 48806939648}
{"step": 3267, "epoch": 5, "loss": 0.08672299105060753, "lr": 4.998670844213661e-06, "grad_norm": 1.484375, "peak_allocated": 48806939648}
{"step": 3268, "epoch": 5, "loss": 0.09036041827717817, "lr": 4.9960125330166905e-06, "grad_norm": 1.5, "peak_allocated": 48806939648}
{"step": 3269, "epoch": 5, "loss": 0.08767408888070025, "lr": 4.993354222946838e-06, "grad_norm": 1.4296875, "peak_allocated": 48806939648}
{"step": 3270, "epoch": 5, "loss": 0.08660749262462626, "lr": 4.99069591475551e-06, "grad_norm": 1.8515625, "peak_allocated": 48806939648}
{"step": 3271, "epoch": 5, "loss": 0.08288419600014998, "lr": 4.98803760919412e-06, "grad_norm": 1.3359375, "peak_allocated": 48806939648}
{"step": 3272, "epoch": 5, "loss": 0.09048318309037272, "lr": 4.9853793070140795e-06, "grad_norm": 1.4453125, "peak_allocated": 48806939648}
{"step": 3273, "epoch": 5, "loss": 0.08032635999516577, "lr": 4.982721008966793e-06, "grad_norm": 1.4609375, "peak_allocated": 48806939648}
{"step": 3274, "epoch": 5, "loss": 0.099363886875697, "lr": 4.980062715803668e-06, "grad_norm": 1.7421875, "peak_allocated": 48806939648}
{"step": 3275, "epoch": 5, "loss": 0.07809768563096976, "lr": 4.977404428276113e-06, "grad_norm": 1.515625, "peak_allocated": 48806939648}
{"step": 3276, "epoch": 5, "loss": 0.09857913075183501, "lr": 4.974746147135531e-06, "grad_norm": 1.7109375, "peak_allocated": 48806939648}
{"step": 3277, "epoch": 5, "loss": 0.07682687767026487, "lr": 4.972087873133324e-06, "grad_norm": 1.4765625, "peak_allocated": 48806939648}
{"step": 3278, "epoch": 5, "loss": 0.09418165397474751, "lr": 4.969429607020893e-06, "grad_norm": 1.6328125, "peak_allocated": 48806939648}
{"step": 3279, "epoch": 5, "loss": 0.08427734076820906, "lr": 4.966771349549639e-06, "grad_norm": 1.5, "peak_allocated": 48806939648}
{"step": 3280, "epoch": 5, "loss": 0.09416021656373322, "lr": 4.964113101470953e-06, "grad_norm": 1.59375, "peak_allocated": 48806939648}
{"step": 3281, "epoch": 5, "loss": 0.07936372840370212, "lr": 4.961454863536231e-06, "grad_norm": 1.484375, "peak_allocated": 48806939648}
{"step": 3282, "epoch": 5, "loss": 0.11947351606111689, "lr": 4.9587966364968635e-06, "grad_norm": 2.0625, "peak_allocated": 48806939648}
{"step": 3283, "epoch": 5, "loss": 0.07466304814737508, "lr": 4.956138421104237e-06, "grad_norm": 1.4609375, "peak_allocated": 48806939648}
{"step": 3284, "epoch": 5, "loss": 0.08284612818321845, "lr": 4.953480218109735e-06, "grad_norm": 1.671875, "peak_allocated": 48806939648}
{"step": 3285, "epoch": 5, "loss": 0.06895813890182993, "lr": 4.950822028264741e-06, "grad_norm": 1.1640625, "peak_allocated": 48806939648}
{"step": 3286, "epoch": 5, "loss": 0.08827829452301979, "lr": 4.9481638523206275e-06, "grad_norm": 1.3515625, "peak_allocated": 48806939648}
{"step": 3287, "epoch": 5, "loss": 0.0865342389969639, "lr": 4.9455056910287685e-06, "grad_norm": 1.375, "peak_allocated": 48806939648}
{"step": 3288, "epoch": 5, "loss": 0.10110142659966473, "lr": 4.942847545140533e-06, "grad_norm": 1.515625, "peak_allocated": 48806939648}
{"step": 3289, "epoch": 5, "loss": 0.08574095537952942, "lr": 4.940189415407287e-06, "grad_norm": 1.375, "peak_allocated": 48806939648}
{"step": 3290, "epoch": 5, "loss": 0.10302935121879885, "lr": 4.937531302580389e-06, "grad_norm": 1.515625, "peak_allocated": 48806939648}
{"step": 3291, "epoch": 5, "loss": 0.0913941723666674, "lr": 4.934873207411193e-06, "grad_norm": 1.375, "peak_allocated": 48806939648}
{"step": 3292, "epoch": 5, "loss": 0.10199621854439521, "lr": 4.932215130651052e-06, "grad_norm": 1.7890625, "peak_allocated": 48806939648}
{"step": 3293, "epoch": 5, "loss": 0.08048219906060763, "lr": 4.929557073051307e-06, "grad_norm": 1.46875, "peak_allocated": 48806939648}
{"step": 3294, "epoch": 5, "loss": 0.08639088741561614, "lr": 4.9268990353632986e-06, "grad_norm": 1.328125, "peak_allocated": 48806939648}
{"step": 3295, "epoch": 5, "loss": 0.08387080752804946, "lr": 4.924241018338362e-06, "grad_norm": 1.6171875, "peak_allocated": 48806939648}
{"step": 3296, "epoch": 5, "loss": 0.07866553421520377, "lr": 4.921583022727824e-06, "grad_norm": 1.375, "peak_allocated": 48806939648}
{"step": 3297, "epoch": 5, "loss": 0.10650312387524256, "lr": 4.918925049283006e-06, "grad_norm": 1.5, "peak_allocated": 48806939648}
{"step": 3298, "epoch": 5, "loss": 0.11296467257910481, "lr": 4.916267098755223e-06, "grad_norm": 1.546875, "peak_allocated": 48806939648}
{"step": 3299, "epoch": 5, "loss": 0.0731644239856571, "lr": 4.913609171895788e-06, "grad_norm": 1.359375, "peak_allocated": 48806939648}
{"step": 3300, "epoch": 5, "loss": 0.07073793507405174, "lr": 4.910951269455999e-06, "grad_norm": 1.2890625, "peak_allocated": 48806939648}
{"step": 3301, "epoch": 5, "loss": 0.09768543394108742, "lr": 4.908293392187153e-06, "grad_norm": 1.5625, "peak_allocated": 48806939648}
{"step": 3302, "epoch": 5, "loss": 0.09492986242813634, "lr": 4.905635540840539e-06, "grad_norm": 1.53125, "peak_allocated": 48806939648}
{"step": 3303, "epoch": 5, "loss": 0.09042816609858416, "lr": 4.902977716167436e-06, "grad_norm": 1.6171875, "peak_allocated": 48806939648}
{"step": 3304, "epoch": 5, "loss": 0.0871875892796584, "lr": 4.90031991891912e-06, "grad_norm": 1.5390625, "peak_allocated": 48806939648}
{"step": 3305, "epoch": 5, "loss": 0.0812973210329332, "lr": 4.897662149846858e-06, "grad_norm": 1.7734375, "peak_allocated": 48806939648}
{"step": 3306, "epoch": 5, "loss": 0.07916854866676354, "lr": 4.895004409701903e-06, "grad_norm": 1.2421875, "peak_allocated": 48806939648}
{"step": 3307, "epoch": 5, "loss": 0.0950607693668352, "lr": 4.892346699235507e-06, "grad_norm": 1.609375, "peak_allocated": 48806939648}
{"step": 3308, "epoch": 5, "loss": 0.0937886972124763, "lr": 4.889689019198913e-06, "grad_norm": 1.59375, "peak_allocated": 48806939648}
{"step": 3309, "epoch": 5, "loss": 0.07646526098251342, "lr": 4.887031370343352e-06, "grad_norm": 1.359375, "peak_allocated": 48806939648}
{"step": 3310, "epoch": 5, "loss": 0.07508318932449892, "lr": 4.884373753420047e-06, "grad_norm": 1.3203125, "peak_allocated": 48806939648}
{"step": 3311, "epoch": 5, "loss": 0.08409377813877125, "lr": 4.881716169180214e-06, "grad_norm": 1.4453125, "peak_allocated": 48806939648}
{"step": 3312, "epoch": 5, "loss": 0.06527608077606706, "lr": 4.879058618375061e-06, "grad_norm": 1.265625, "peak_allocated": 48806939648}
{"step": 3313, "epoch": 5, "loss": 0.0757024129655471, "lr": 4.876401101755779e-06, "grad_norm": 1.390625, "peak_allocated": 48806939648}
{"step": 3314, "epoch": 5, "loss": 0.09708728295327665, "lr": 4.873743620073556e-06, "grad_norm": 1.9921875, "peak_allocated": 48806939648}
{"step": 3315, "epoch": 5, "loss": 0.08944759194160078, "lr": 4.871086174079572e-06, "grad_norm": 1.5, "peak_allocated": 48806939648}
{"step": 3316, "epoch": 5, "loss": 0.08008924269782645, "lr": 4.868428764524989e-06, "grad_norm": 1.3515625, "peak_allocated": 48806939648}
{"step": 3317, "epoch": 5, "loss": 0.07866450370076421, "lr": 4.865771392160965e-06, "grad_norm": 1.328125, "peak_allocated": 48806939648}
{"step": 3318, "epoch": 5, "loss": 0.09432043748543747, "lr": 4.863114057738646e-06, "grad_norm": 1.515625, "peak_allocated": 48806939648}
{"step": 3319, "epoch": 5, "loss": 0.0967352651637041, "lr": 4.86045676200917e-06, "grad_norm": 1.5234375, "peak_allocated": 48806939648}
{"step": 3320, "epoch": 5, "loss": 0.07968796149129907, "lr": 4.857799505723655e-06, "grad_norm": 1.421875, "peak_allocated": 48806939648}
{"step": 3321, "epoch": 5, "loss": 0.13049384027125505, "lr": 4.8551422896332155e-06, "grad_norm": 1.953125, "peak_allocated": 48806939648}
{"step": 3322, "epoch": 5, "loss": 0.08629796193625745, "lr": 4.852485114488957e-06, "grad_norm": 1.4375, "peak_allocated": 48806939648}
{"step": 3323, "epoch": 5, "loss": 0.08249378667053782, "lr": 4.849827981041964e-06, "grad_norm": 1.234375, "peak_allocated": 48806939648}
{"step": 3324, "epoch": 5, "loss": 0.07418837138435716, "lr": 4.847170890043318e-06, "grad_norm": 1.5859375, "peak_allocated": 48806939648}
{"step": 3325, "epoch": 5, "loss": 0.06730144328094774, "lr": 4.844513842244086e-06, "grad_norm": 1.4765625, "peak_allocated": 48806939648}
{"step": 3326, "epoch": 5, "loss": 0.09777889996639684, "lr": 4.841856838395319e-06, "grad_norm": 1.6015625, "peak_allocated": 48806939648}
{"step": 3327, "epoch": 5, "loss": 0.09022408536909984, "lr": 4.839199879248059e-06, "grad_norm": 1.5703125, "peak_allocated": 48806939648}
{"step": 3328, "epoch": 5, "loss": 0.0891027970479652, "lr": 4.836542965553336e-06, "grad_norm": 1.5859375, "peak_allocated": 48806939648}
{"step": 3329, "epoch": 5, "loss": 0.08609137836420237, "lr": 4.833886098062167e-06, "grad_norm": 1.53125, "peak_allocated": 48806939648}
{"step": 3330, "epoch": 5, "loss": 0.06785147403669362, "lr": 4.831229277525552e-06, "grad_norm": 1.15625, "peak_allocated": 48806939648}
{"step": 3331, "epoch": 5, "loss": 0.07408593317721446, "lr": 4.828572504694482e-06, "grad_norm": 1.5, "peak_allocated": 48806939648}
{"step": 3332, "epoch": 5, "loss": 0.10346473844148187, "lr": 4.825915780319937e-06, "grad_norm": 1.6484375, "peak_allocated": 48806939648}
{"step": 3333, "epoch": 5, "loss": 0.10234772554648847, "lr": 4.823259105152874e-06, "grad_norm": 1.515625, "peak_allocated": 48806939648}
{"step": 3334, "epoch": 5, "loss": 0.09285510316455191, "lr": 4.820602479944242e-06, "grad_norm": 1.6796875, "peak_allocated": 48806939648}
{"step": 3335, "epoch": 5, "loss": 0.09352122610079659, "lr": 4.817945905444979e-06, "grad_norm": 1.421875, "peak_allocated": 48806939648}
{"step": 3336, "epoch": 5, "loss": 0.09519910171255608, "lr": 4.8152893824060025e-06, "grad_norm": 1.5859375, "peak_allocated": 48806939648}
{"step": 3337, "epoch": 5, "loss": 0.07533428244698236, "lr": 4.8126329115782185e-06, "grad_norm": 1.3203125, "peak_allocated": 48806939648}
{"step": 3338, "epoch": 5, "loss": 0.08611302681647874, "lr": 4.809976493712518e-06, "grad_norm": 1.421875, "peak_allocated": 48806939648}
{"step": 3339, "epoch": 5, "loss": 0.06803971444575638, "lr": 4.80732012955978e-06, "grad_norm": 1.4765625, "peak_allocated": 48806939648}
{"step": 3340, "epoch": 5, "loss": 0.08334444789146213, "lr": 4.804663819870859e-06, "grad_norm": 1.40625, "peak_allocated": 48806939648}
{"step": 3341, "epoch": 5, "loss": 0.0797773356205836, "lr": 4.802007565396604e-06, "grad_norm": 1.3359375, "peak_allocated": 48806939648}
{"step": 3342, "epoch": 5, "loss": 0.09532252202908109, "lr": 4.799351366887846e-06, "grad_norm": 1.53125, "peak_allocated": 48806939648}
{"step": 3343, "epoch": 5, "loss": 0.08241033021650836, "lr": 4.7966952250953955e-06, "grad_norm": 1.34375, "peak_allocated": 48806939648}
{"step": 3344, "epoch": 5, "loss": 0.08579971949109184, "lr": 4.7940391407700515e-06, "grad_norm": 1.7265625, "peak_allocated": 48806939648}
{"step": 3345, "epoch": 5, "loss": 0.08648747905330083, "lr": 4.791383114662599e-06, "grad_norm": 1.4453125, "peak_allocated": 48806939648}
{"step": 3346, "epoch": 5, "loss": 0.07047264553001804, "lr": 4.7887271475237974e-06, "grad_norm": 1.5234375, "peak_allocated": 48806939648}
{"step": 3347, "epoch": 5, "loss": 0.06988113145689334, "lr": 4.786071240104398e-06, "grad_norm": 1.4765625, "peak_allocated": 48806939648}
{"step": 3348, "epoch": 5, "loss": 0.08308866591354076, "lr": 4.7834153931551324e-06, "grad_norm": 1.359375, "peak_allocated": 48806939648}
{"step": 3349, "epoch": 5, "loss": 0.08583506740008791, "lr": 4.780759607426716e-06, "grad_norm": 1.5234375, "peak_allocated": 48806939648}
{"step": 3350, "epoch": 5, "loss": 0.08336700058909792, "lr": 4.778103883669844e-06, "grad_norm": 1.4296875, "peak_allocated": 48806939648}
{"step": 3351, "epoch": 5, "loss": 0.09167411275534222, "lr": 4.7754482226351975e-06, "grad_norm": 1.53125, "peak_allocated": 48806939648}
{"step": 3352, "epoch": 5, "loss": 0.11779964865561117, "lr": 4.7727926250734396e-06, "grad_norm": 1.765625, "peak_allocated": 48806939648}
{"step": 3353, "epoch": 5, "loss": 0.08969206792094564, "lr": 4.7701370917352105e-06, "grad_norm": 1.5390625, "peak_allocated": 48806939648}
{"step": 3354, "epoch": 5, "loss": 0.06898544057594722, "lr": 4.767481623371138e-06, "grad_norm": 1.140625, "peak_allocated": 48806939648}
{"step": 3355, "epoch": 5, "loss": 0.09359640126835529, "lr": 4.764826220731832e-06, "grad_norm": 1.6484375, "peak_allocated": 48806939648}
{"step": 3356, "epoch": 5, "loss": 0.09501657738827388, "lr": 4.762170884567877e-06, "grad_norm": 1.6171875, "peak_allocated": 48806939648}
{"step": 3357, "epoch": 5, "loss": 0.09203887361511214, "lr": 4.7595156156298456e-06, "grad_norm": 1.375, "peak_allocated": 48806939648}
{"step": 3358, "epoch": 5, "loss": 0.09001465856323539, "lr": 4.75686041466829e-06, "grad_norm": 1.421875, "peak_allocated": 48806939648}
{"step": 3359, "epoch": 5, "loss": 0.06888345805025298, "lr": 4.754205282433741e-06, "grad_norm": 1.1484375, "peak_allocated": 48806939648}
{"step": 3360, "epoch": 5, "loss": 0.07639699990369642, "lr": 4.7515502196767085e-06, "grad_norm": 1.4296875, "peak_allocated": 48806939648}
{"step": 3361, "epoch": 5, "loss": 0.08210350469725539, "lr": 4.748895227147689e-06, "grad_norm": 1.65625, "peak_allocated": 48806939648}
{"step": 3362, "epoch": 5, "loss": 0.08624806122638186, "lr": 4.746240305597154e-06, "grad_norm": 1.5078125, "peak_allocated": 48806939648}
{"step": 3363, "epoch": 5, "loss": 0.07555912407696141, "lr": 4.743585455775555e-06, "grad_norm": 1.4140625, "peak_allocated": 48806939648}
{"step": 3364, "epoch": 5, "loss": 0.0805487122036662, "lr": 4.740930678433327e-06, "grad_norm": 1.4609375, "peak_allocated": 48806939648}
{"step": 3365, "epoch": 5, "loss": 0.08855102080586963, "lr": 4.738275974320884e-06, "grad_norm": 1.8515625, "peak_allocated": 48806939648}
{"step": 3366, "epoch": 5, "loss": 0.08446890488531203, "lr": 4.735621344188613e-06, "grad_norm": 1.4609375, "peak_allocated": 48806939648}
{"step": 3367, "epoch": 5, "loss": 0.08829492114989175, "lr": 4.732966788786885e-06, "grad_norm": 1.609375, "peak_allocated": 48806939648}
{"step": 3368, "epoch": 5, "loss": 0.05584699800306594, "lr": 4.730312308866052e-06, "grad_norm": 1.21875, "peak_allocated": 48806939648}
{"step": 3369, "epoch": 5, "loss": 0.08904535319955263, "lr": 4.72765790517644e-06, "grad_norm": 1.375, "peak_allocated": 48806939648}
{"step": 3370, "epoch": 5, "loss": 0.08150610507568049, "lr": 4.7250035784683556e-06, "grad_norm": 1.53125, "peak_allocated": 48806939648}
{"step": 3371, "epoch": 5, "loss": 0.1043600501718507, "lr": 4.722349329492085e-06, "grad_norm": 1.578125, "peak_allocated": 48806939648}
{"step": 3372, "epoch": 5, "loss": 0.08870871155830393, "lr": 4.719695158997892e-06, "grad_norm": 1.5390625, "peak_allocated": 48806939648}
{"step": 3373, "epoch": 5, "loss": 0.09041356568660484, "lr": 4.717041067736014e-06, "grad_norm": 1.40625, "peak_allocated": 48806939648}
{"step": 3374, "epoch": 5, "loss": 0.09221393842329818, "lr": 4.714387056456671e-06, "grad_norm": 1.5390625, "peak_allocated": 48806939648}
{"step": 3375, "epoch": 5, "loss": 0.061830680342861634, "lr": 4.711733125910059e-06, "grad_norm": 1.3046875, "peak_allocated": 48806939648}
{"step": 3376, "epoch": 5, "loss": 0.11191725367651055, "lr": 4.709079276846349e-06, "grad_norm": 1.8203125, "peak_allocated": 48806939648}
{"step": 3377, "epoch": 5, "loss": 0.06569735123446063, "lr": 4.706425510015691e-06, "grad_norm": 1.328125, "peak_allocated": 48806939648}
{"step": 3378, "epoch": 5, "loss": 0.09225095590589484, "lr": 4.7037718261682155e-06, "grad_norm": 1.515625, "peak_allocated": 48806939648}
{"step": 3379, "epoch": 5, "loss": 0.08396874265423163, "lr": 4.701118226054019e-06, "grad_norm": 1.2890625, "peak_allocated": 48806939648}
{"step": 3380, "epoch": 5, "loss": 0.09478588382740082, "lr": 4.698464710423186e-06, "grad_norm": 1.7890625, "peak_allocated": 48806939648}
{"step": 3381, "epoch": 5, "loss": 0.10586224321446787, "lr": 4.6958112800257695e-06, "grad_norm": 1.6015625, "peak_allocated": 48806939648}
{"step": 3382, "epoch": 5, "loss": 0.1015216470518746, "lr": 4.693157935611803e-06, "grad_norm": 1.4609375, "peak_allocated": 48806939648}
{"step": 3383, "epoch": 5, "loss": 0.08807000783032277, "lr": 4.690504677931292e-06, "grad_norm": 1.578125, "peak_allocated": 48806939648}
{"step": 3384, "epoch": 5, "loss": 0.07832845206381661, "lr": 4.687851507734218e-06, "grad_norm": 1.53125, "peak_allocated": 48806939648}
{"step": 3385, "epoch": 5, "loss": 0.08564278410950389, "lr": 4.685198425770544e-06, "grad_norm": 1.5234375, "peak_allocated": 48806939648}
{"step": 3386, "epoch": 5, "loss": 0.09401453732111476, "lr": 4.682545432790196e-06, "grad_norm": 1.5703125, "peak_allocated": 48806939648}
{"step": 3387, "epoch": 5, "loss": 0.08126316088117391, "lr": 4.679892529543086e-06, "grad_norm": 1.578125, "peak_allocated": 48806939648}
{"step": 3388, "epoch": 5, "loss": 0.08453332588039393, "lr": 4.677239716779096e-06, "grad_norm": 1.5234375, "peak_allocated": 48806939648}
{"step": 3389, "epoch": 5, "loss": 0.07047689834158216, "lr": 4.674586995248081e-06, "grad_norm": 1.453125, "peak_allocated": 48806939648}
{"step": 3390, "epoch": 5, "loss": 0.0773603494554865, "lr": 4.671934365699875e-06, "grad_norm": 1.40625, "peak_allocated": 48806939648}
{"step": 3391, "epoch": 5, "loss": 0.07475349339987179, "lr": 4.66928182888428e-06, "grad_norm": 1.390625, "peak_allocated": 48806939648}
{"step": 3392, "epoch": 5, "loss": 0.10759493625586576, "lr": 4.666629385551078e-06, "grad_norm": 1.6015625, "peak_allocated": 48806939648}
{"step": 3393, "epoch": 5, "loss": 0.1098052453644547, "lr": 4.6639770364500175e-06, "grad_norm": 1.671875, "peak_allocated": 48806939648}
{"step": 3394, "epoch": 5, "loss": 0.07347132528783135, "lr": 4.661324782330827e-06, "grad_norm": 1.4609375, "peak_allocated": 48806939648}
{"step": 3395, "epoch": 5, "loss": 0.0672095452734196, "lr": 4.658672623943205e-06, "grad_norm": 1.15625, "peak_allocated": 48806939648}
{"step": 3396, "epoch": 5, "loss": 0.08642643514913737, "lr": 4.656020562036824e-06, "grad_norm": 1.6171875, "peak_allocated": 48806939648}
{"step": 3397, "epoch": 5, "loss": 0.09836320551190977, "lr": 4.653368597361326e-06, "grad_norm": 1.625, "peak_allocated": 48806939648}
{"step": 3398, "epoch": 5, "loss": 0.08546563629126441, "lr": 4.6507167306663326e-06, "grad_norm": 1.4921875, "peak_allocated": 48806939648}
{"step": 3399, "epoch": 5, "loss": 0.12167979894488339, "lr": 4.648064962701428e-06, "grad_norm": 1.7109375, "peak_allocated": 48806939648}
{"step": 3400, "epoch": 5, "loss": 0.11328200860612694, "lr": 4.645413294216177e-06, "grad_norm": 1.84375, "peak_allocated": 48806939648}
{"step": 3401, "epoch": 5, "loss": 0.08390087167896468, "lr": 4.6427617259601125e-06, "grad_norm": 1.6171875, "peak_allocated": 48806939648}
{"step": 3402, "epoch": 5, "loss": 0.09934776666114567, "lr": 4.640110258682739e-06, "grad_norm": 1.65625, "peak_allocated": 48806939648}
{"step": 3403, "epoch": 5, "loss": 0.09148225703543804, "lr": 4.637458893133533e-06, "grad_norm": 1.8125, "peak_allocated": 48806939648}
{"step": 3404, "epoch": 5, "loss": 0.08232958170888154, "lr": 4.634807630061942e-06, "grad_norm": 1.4375, "peak_allocated": 48806939648}
{"step": 3405, "epoch": 5, "loss": 0.07697214242181591, "lr": 4.632156470217388e-06, "grad_norm": 1.3359375, "peak_allocated": 48806939648}
{"step": 3406, "epoch": 5, "loss": 0.08983272626018383, "lr": 4.629505414349255e-06, "grad_norm": 1.78125, "peak_allocated": 48806939648}
{"step": 3407, "epoch": 5, "loss": 0.08359204185380154, "lr": 4.626854463206907e-06, "grad_norm": 1.46875, "peak_allocated": 48806939648}
{"step": 3408, "epoch": 5, "loss": 0.10591361725716385, "lr": 4.624203617539674e-06, "grad_norm": 1.7421875, "peak_allocated": 48806939648}
{"step": 3409, "epoch": 5, "loss": 0.09138827474709105, "lr": 4.621552878096857e-06, "grad_norm": 1.5078125, "peak_allocated": 48806939648}
{"step": 3410, "epoch": 5, "loss": 0.11686884103867538, "lr": 4.618902245627725e-06, "grad_norm": 1.6640625, "peak_allocated": 48806939648}
{"step": 3411, "epoch": 5, "loss": 0.07761209006697595, "lr": 4.61625172088152e-06, "grad_norm": 1.578125, "peak_allocated": 48806939648}
{"step": 3412, "epoch": 5, "loss": 0.0704860931406695, "lr": 4.613601304607455e-06, "grad_norm": 1.3671875, "peak_allocated": 48806939648}
{"step": 3413, "epoch": 5, "loss": 0.09811029364629156, "lr": 4.610950997554703e-06, "grad_norm": 1.78125, "peak_allocated": 48806939648}
{"step": 3414, "epoch": 5, "loss": 0.08929151869281472, "lr": 4.6083008004724165e-06, "grad_norm": 1.4375, "peak_allocated": 48806939648}
{"step": 3415, "epoch": 5, "loss": 0.10069922453572641, "lr": 4.605650714109713e-06, "grad_norm": 1.46875, "peak_allocated": 48806939648}
{"step": 3416, "epoch": 5, "loss": 0.08665127952497712, "lr": 4.603000739215678e-06, "grad_norm": 1.640625, "peak_allocated": 48806939648}
{"step": 3417, "epoch": 5, "loss": 0.08708398986142458, "lr": 4.600350876539366e-06, "grad_norm": 1.578125, "peak_allocated": 48806939648}
{"step": 3418, "epoch": 5, "loss": 0.09511469060413046, "lr": 4.597701126829802e-06, "grad_norm": 1.5078125, "peak_allocated": 48806939648}
{"step": 3419, "epoch": 5, "loss": 0.10721404047257559, "lr": 4.5950514908359735e-06, "grad_norm": 1.9453125, "peak_allocated": 48806939648}
{"step": 3420, "epoch": 5, "loss": 0.10771588908575543, "lr": 4.592401969306841e-06, "grad_norm": 1.40625, "peak_allocated": 48806939648}
{"step": 3421, "epoch": 5, "loss": 0.061714343955232336, "lr": 4.589752562991331e-06, "grad_norm": 1.234375, "peak_allocated": 48806939648}
{"step": 3422, "epoch": 5, "loss": 0.10358172500069765, "lr": 4.587103272638339e-06, "grad_norm": 1.4453125, "peak_allocated": 48806939648}
{"step": 3423, "epoch": 5, "loss": 0.07588769427197435, "lr": 4.584454098996723e-06, "grad_norm": 1.4296875, "peak_allocated": 48806939648}
{"step": 3424, "epoch": 5, "loss": 0.08866716657967125, "lr": 4.5818050428153135e-06, "grad_norm": 1.578125, "peak_allocated": 48806939648}
{"step": 3425, "epoch": 5, "loss": 0.08535784442401739, "lr": 4.579156104842907e-06, "grad_norm": 1.3203125, "peak_allocated": 48806939648}
{"step": 3426, "epoch": 5, "loss": 0.09240875914542862, "lr": 4.576507285828261e-06, "grad_norm": 1.609375, "peak_allocated": 48806939648}
{"step": 3427, "epoch": 5, "loss": 0.07943021413710741, "lr": 4.573858586520105e-06, "grad_norm": 1.3515625, "peak_allocated": 48806939648}
{"step": 3428, "epoch": 5, "loss": 0.094941474775636, "lr": 4.571210007667135e-06, "grad_norm": 1.4921875, "peak_allocated": 48806939648}
{"step": 3429, "epoch": 5, "loss": 0.08284365902339125, "lr": 4.568561550018008e-06, "grad_norm": 1.4453125, "peak_allocated": 48806939648}
{"step": 3430, "epoch": 5, "loss": 0.11402689974334604, "lr": 4.565913214321352e-06, "grad_norm": 1.7265625, "peak_allocated": 48806939648}
{"step": 3431, "epoch": 5, "loss": 0.07782255627896861, "lr": 4.5632650013257574e-06, "grad_norm": 1.5859375, "peak_allocated": 48806939648}
{"step": 3432, "epoch": 5, "loss": 0.09425505320372002, "lr": 4.560616911779784e-06, "grad_norm": 1.5859375, "peak_allocated": 48806939648}
{"step": 3433, "epoch": 5, "loss": 0.0812851298361603, "lr": 4.557968946431947e-06, "grad_norm": 1.328125, "peak_allocated": 48806939648}
{"step": 3434, "epoch": 5, "loss": 0.09310756203190769, "lr": 4.5553211060307375e-06, "grad_norm": 1.453125, "peak_allocated": 48806939648}
{"step": 3435, "epoch": 5, "loss": 0.09380755916519971, "lr": 4.552673391324609e-06, "grad_norm": 1.546875, "peak_allocated": 48806939648}
{"step": 3436, "epoch": 5, "loss": 0.07666314045570276, "lr": 4.55002580306197e-06, "grad_norm": 1.640625, "peak_allocated": 48806939648}
{"step": 3437, "epoch": 5, "loss": 0.09814598348701502, "lr": 4.547378341991206e-06, "grad_norm": 1.671875, "peak_allocated": 48806939648}
{"step": 3438, "epoch": 5, "loss": 0.0765595258088169, "lr": 4.544731008860663e-06, "grad_norm": 1.4140625, "peak_allocated": 48806939648}
{"step": 3439, "epoch": 5, "loss": 0.07025181823098026, "lr": 4.542083804418643e-06, "grad_norm": 1.5234375, "peak_allocated": 48806939648}
{"step": 3440, "epoch": 5, "loss": 0.0874434472669078, "lr": 4.5394367294134205e-06, "grad_norm": 1.8203125, "peak_allocated": 48806939648}
{"step": 3441, "epoch": 5, "loss": 0.08496459671635706, "lr": 4.536789784593231e-06, "grad_norm": 1.4921875, "peak_allocated": 48806939648}
{"step": 3442, "epoch": 5, "loss": 0.07984745986125102, "lr": 4.534142970706274e-06, "grad_norm": 1.390625, "peak_allocated": 48806939648}
{"step": 3443, "epoch": 5, "loss": 0.07647879475245788, "lr": 4.531496288500706e-06, "grad_norm": 1.6015625, "peak_allocated": 48806939648}
{"step": 3444, "epoch": 5, "loss": 0.08428792772282051, "lr": 4.528849738724654e-06, "grad_norm": 1.5625, "peak_allocated": 48806939648}
{"step": 3445, "epoch": 5, "loss": 0.08458361292394594, "lr": 4.526203322126207e-06, "grad_norm": 1.484375, "peak_allocated": 48806939648}
{"step": 3446, "epoch": 5, "loss": 0.09476249872424442, "lr": 4.523557039453408e-06, "grad_norm": 1.53125, "peak_allocated": 48806939648}
{"step": 3447, "epoch": 5, "loss": 0.08626767011061769, "lr": 4.520910891454272e-06, "grad_norm": 1.7578125, "peak_allocated": 48806939648}
{"step": 3448, "epoch": 5, "loss": 0.07997310237076721, "lr": 4.518264878876773e-06, "grad_norm": 1.7578125, "peak_allocated": 48806939648}
{"step": 3449, "epoch": 5, "loss": 0.09090199484988219, "lr": 4.515619002468842e-06, "grad_norm": 1.53125, "peak_allocated": 48806939648}
{"step": 3450, "epoch": 5, "loss": 0.0960563828857142, "lr": 4.512973262978376e-06, "grad_norm": 1.6328125, "peak_allocated": 48806939648}
{"step": 3451, "epoch": 5, "loss": 0.0820934876572742, "lr": 4.5103276611532335e-06, "grad_norm": 1.515625, "peak_allocated": 48806939648}
{"step": 3452, "epoch": 5, "loss": 0.09061003186514473, "lr": 4.507682197741235e-06, "grad_norm": 1.59375, "peak_allocated": 48806939648}
{"step": 3453, "epoch": 5, "loss": 0.08952480937135998, "lr": 4.505036873490156e-06, "grad_norm": 1.5234375, "peak_allocated": 48806939648}
{"step": 3454, "epoch": 5, "loss": 0.09304049745370359, "lr": 4.502391689147738e-06, "grad_norm": 1.6015625, "peak_allocated": 48806939648}
{"step": 3455, "epoch": 5, "loss": 0.08434451783567501, "lr": 4.4997466454616855e-06, "grad_norm": 1.5703125, "peak_allocated": 48806939648}
{"step": 3456, "epoch": 5, "loss": 0.08127290099419522, "lr": 4.497101743179652e-06, "grad_norm": 1.4921875, "peak_allocated": 48806939648}
{"step": 3457, "epoch": 5, "loss": 0.05741407196773096, "lr": 4.494456983049263e-06, "grad_norm": 1.234375, "peak_allocated": 48806939648}
{"step": 3458, "epoch": 5, "loss": 0.08816149481994358, "lr": 4.491812365818099e-06, "grad_norm": 1.4609375, "peak_allocated": 48806939648}
{"step": 3459, "epoch": 5, "loss": 0.09957443589145051, "lr": 4.489167892233698e-06, "grad_norm": 1.6796875, "peak_allocated": 48806939648}
{"step": 3460, "epoch": 5, "loss": 0.08685942081603207, "lr": 4.486523563043562e-06, "grad_norm": 1.53125, "peak_allocated": 48806939648}
{"step": 3461, "epoch": 5, "loss": 0.11227445270037692, "lr": 4.4838793789951484e-06, "grad_norm": 1.8203125, "peak_allocated": 48806939648}
{"step": 3462, "epoch": 5, "loss": 0.08677836445797049, "lr": 4.481235340835878e-06, "grad_norm": 1.5546875, "peak_allocated": 48806939648}
{"step": 3463, "epoch": 5, "loss": 0.08672918633904819, "lr": 4.478591449313123e-06, "grad_norm": 1.578125, "peak_allocated": 48806939648}
{"step": 3464, "epoch": 5, "loss": 0.09834270829809647, "lr": 4.47594770517422e-06, "grad_norm": 1.7109375, "peak_allocated": 48806939648}
{"step": 3465, "epoch": 5, "loss": 0.06731098272656376, "lr": 4.473304109166463e-06, "grad_norm": 1.3359375, "peak_allocated": 48806939648}
{"step": 3466, "epoch": 5, "loss": 0.06920140662524403, "lr": 4.4706606620371035e-06, "grad_norm": 1.578125, "peak_allocated": 48806939648}
{"step": 3467, "epoch": 5, "loss": 0.0714424215608769, "lr": 4.4680173645333505e-06, "grad_norm": 1.421875, "peak_allocated": 48806939648}
{"step": 3468, "epoch": 5, "loss": 0.08197126669235091, "lr": 4.465374217402374e-06, "grad_norm": 1.2734375, "peak_allocated": 48806939648}
{"step": 3469, "epoch": 5, "loss": 0.10245102948887949, "lr": 4.462731221391295e-06, "grad_norm": 1.8125, "peak_allocated": 48806939648}
{"step": 3470, "epoch": 5, "loss": 0.1016920270419305, "lr": 4.460088377247195e-06, "grad_norm": 1.5703125, "peak_allocated": 48806939648}
{"step": 3471, "epoch": 5, "loss": 0.09459116920550292, "lr": 4.457445685717116e-06, "grad_norm": 1.5546875, "peak_allocated": 48806939648}
{"step": 3472, "epoch": 5, "loss": 0.06567781814389198, "lr": 4.454803147548054e-06, "grad_norm": 1.3203125, "peak_allocated": 48806939648}
{"step": 3473, "epoch": 5, "loss": 0.11818802626108443, "lr": 4.452160763486959e-06, "grad_norm": 1.8828125, "peak_allocated": 48806939648}
{"step": 3474, "epoch": 5, "loss": 0.07573237958407988, "lr": 4.4495185342807415e-06, "grad_norm": 1.3203125, "peak_allocated": 48806939648}
{"step": 3475, "epoch": 5, "loss": 0.10103985511824604, "lr": 4.446876460676268e-06, "grad_norm": 1.7578125, "peak_allocated": 48806939648}
{"step": 3476, "epoch": 5, "loss": 0.07851455342696191, "lr": 4.444234543420357e-06, "grad_norm": 1.46875, "peak_allocated": 48806939648}
{"step": 3477, "epoch": 5, "loss": 0.06985564028404491, "lr": 4.441592783259786e-06, "grad_norm": 1.28125, "peak_allocated": 48806939648}
{"step": 3478, "epoch": 5, "loss": 0.09540083909928873, "lr": 4.438951180941291e-06, "grad_norm": 1.4765625, "peak_allocated": 48806939648}
{"step": 3479, "epoch": 5, "loss": 0.10045524755861908, "lr": 4.436309737211556e-06, "grad_norm": 1.671875, "peak_allocated": 48806939648}
{"step": 3480, "epoch": 5, "loss": 0.09189856562865051, "lr": 4.433668452817226e-06, "grad_norm": 1.6484375, "peak_allocated": 48806939648}
{"step": 3481, "epoch": 5, "loss": 0.06292194950749914, "lr": 4.431027328504898e-06, "grad_norm": 1.671875, "peak_allocated": 48806939648}
{"step": 3482, "epoch": 5, "loss": 0.0898014484411587, "lr": 4.428386365021129e-06, "grad_norm": 1.75, "peak_allocated": 48806939648}
{"step": 3483, "epoch": 5, "loss": 0.06394229082187879, "lr": 4.425745563112422e-06, "grad_norm": 1.3359375, "peak_allocated": 48806939648}
{"step": 3484, "epoch": 5, "loss": 0.08282460855252771, "lr": 4.423104923525239e-06, "grad_norm": 1.6953125, "peak_allocated": 48806939648}
{"step": 3485, "epoch": 5, "loss": 0.07812468683052069, "lr": 4.420464447005998e-06, "grad_norm": 1.4296875, "peak_allocated": 48806939648}
{"step": 3486, "epoch": 5, "loss": 0.08359904518985577, "lr": 4.417824134301066e-06, "grad_norm": 1.609375, "peak_allocated": 48806939648}
{"step": 3487, "epoch": 5, "loss": 0.08136022003534812, "lr": 4.4151839861567695e-06, "grad_norm": 1.2890625, "peak_allocated": 48806939648}
{"step": 3488, "epoch": 5, "loss": 0.07851104668033043, "lr": 4.412544003319387e-06, "grad_norm": 1.2265625, "peak_allocated": 48806939648}
{"step": 3489, "epoch": 5, "loss": 0.09105754445722555, "lr": 4.409904186535142e-06, "grad_norm": 1.546875, "peak_allocated": 48806939648}
{"step": 3490, "epoch": 5, "loss": 0.08586259489272392, "lr": 4.407264536550224e-06, "grad_norm": 1.53125, "peak_allocated": 48806939648}
{"step": 3491, "epoch": 5, "loss": 0.08233091559814433, "lr": 4.404625054110766e-06, "grad_norm": 1.6328125, "peak_allocated": 48806939648}
{"step": 3492, "epoch": 5, "loss": 0.07680486721133245, "lr": 4.401985739962859e-06, "grad_norm": 1.40625, "peak_allocated": 48806939648}
{"step": 3493, "epoch": 5, "loss": 0.07779448018296432, "lr": 4.3993465948525435e-06, "grad_norm": 1.3359375, "peak_allocated": 48806939648}
{"step": 3494, "epoch": 5, "loss": 0.11891232299093356, "lr": 4.396707619525811e-06, "grad_norm": 1.8125, "peak_allocated": 48806939648}
{"step": 3495, "epoch": 5, "loss": 0.0714722951823703, "lr": 4.394068814728612e-06, "grad_norm": 1.515625, "peak_allocated": 48806939648}
{"step": 3496, "epoch": 5, "loss": 0.09448970183730125, "lr": 4.391430181206838e-06, "grad_norm": 1.703125, "peak_allocated": 48806939648}
{"step": 3497, "epoch": 5, "loss": 0.09999669412812065, "lr": 4.3887917197063394e-06, "grad_norm": 1.5390625, "peak_allocated": 48806939648}
{"step": 3498, "epoch": 5, "loss": 0.07009735274125088, "lr": 4.386153430972919e-06, "grad_norm": 1.4921875, "peak_allocated": 48806939648}
{"step": 3499, "epoch": 5, "loss": 0.0888507102522182, "lr": 4.3835153157523256e-06, "grad_norm": 1.6171875, "peak_allocated": 48806939648}
{"step": 3500, "epoch": 5, "loss": 0.10135075036340133, "lr": 4.380877374790262e-06, "grad_norm": 1.578125, "peak_allocated": 48806939648}
{"event": "train_stage", "stage": "checkpoint_published", "rank": 0, "local_rank": 0, "world_size": 4, "checkpoint": "step-00003500-82504198", "best": false}
{"step": 3501, "epoch": 5, "loss": 0.09809433129997941, "lr": 4.378239608832382e-06, "grad_norm": 1.4296875, "peak_allocated": 48806939648}
{"step": 3502, "epoch": 5, "loss": 0.09375457611496278, "lr": 4.375602018624292e-06, "grad_norm": 1.4921875, "peak_allocated": 48806939648}
{"step": 3503, "epoch": 5, "loss": 0.08355742316160883, "lr": 4.37296460491154e-06, "grad_norm": 1.375, "peak_allocated": 48806939648}
{"step": 3504, "epoch": 5, "loss": 0.07670996813872429, "lr": 4.370327368439633e-06, "grad_norm": 1.34375, "peak_allocated": 48806939648}
{"step": 3505, "epoch": 5, "loss": 0.07860683089423302, "lr": 4.367690309954026e-06, "grad_norm": 1.3671875, "peak_allocated": 48806939648}
{"step": 3506, "epoch": 5, "loss": 0.09625274879398026, "lr": 4.36505343020012e-06, "grad_norm": 1.53125, "peak_allocated": 48806939648}
{"step": 3507, "epoch": 5, "loss": 0.08475754070396538, "lr": 4.362416729923271e-06, "grad_norm": 1.5390625, "peak_allocated": 48806939648}
{"step": 3508, "epoch": 5, "loss": 0.09566570093315656, "lr": 4.359780209868781e-06, "grad_norm": 1.671875, "peak_allocated": 48806939648}
{"step": 3509, "epoch": 5, "loss": 0.09860698724607911, "lr": 4.3571438707819e-06, "grad_norm": 1.546875, "peak_allocated": 48806939648}
{"step": 3510, "epoch": 5, "loss": 0.11431345591484206, "lr": 4.354507713407828e-06, "grad_norm": 1.890625, "peak_allocated": 48806939648}
{"step": 3511, "epoch": 5, "loss": 0.09812941747282662, "lr": 4.351871738491715e-06, "grad_norm": 1.5390625, "peak_allocated": 48806939648}
{"step": 3512, "epoch": 5, "loss": 0.07150307984933563, "lr": 4.349235946778659e-06, "grad_norm": 1.5390625, "peak_allocated": 48806939648}
{"step": 3513, "epoch": 5, "loss": 0.09259680246868736, "lr": 4.346600339013705e-06, "grad_norm": 1.7265625, "peak_allocated": 48806939648}
{"step": 3514, "epoch": 5, "loss": 0.07811276449958304, "lr": 4.343964915941845e-06, "grad_norm": 1.4375, "peak_allocated": 48806939648}
{"step": 3515, "epoch": 5, "loss": 0.08733336090502, "lr": 4.341329678308024e-06, "grad_norm": 1.484375, "peak_allocated": 48806939648}
{"step": 3516, "epoch": 5, "loss": 0.09519400655693201, "lr": 4.338694626857127e-06, "grad_norm": 1.5234375, "peak_allocated": 48806939648}
{"step": 3517, "epoch": 5, "loss": 0.10343745281747647, "lr": 4.336059762333992e-06, "grad_norm": 1.7421875, "peak_allocated": 48806939648}
{"step": 3518, "epoch": 5, "loss": 0.0712522600417206, "lr": 4.3334250854834035e-06, "grad_norm": 1.25, "peak_allocated": 48806939648}
{"step": 3519, "epoch": 5, "loss": 0.09111387058143447, "lr": 4.330790597050091e-06, "grad_norm": 1.7109375, "peak_allocated": 48806939648}
{"step": 3520, "epoch": 5, "loss": 0.07527251998875656, "lr": 4.32815629777873e-06, "grad_norm": 1.484375, "peak_allocated": 48806939648}
{"step": 3521, "epoch": 5, "loss": 0.07534150390354763, "lr": 4.3255221884139475e-06, "grad_norm": 1.3359375, "peak_allocated": 48806939648}
{"step": 3522, "epoch": 5, "loss": 0.08233699012055451, "lr": 4.3228882697003136e-06, "grad_norm": 1.46875, "peak_allocated": 48806939648}
{"step": 3523, "epoch": 5, "loss": 0.11629545304256661, "lr": 4.320254542382341e-06, "grad_norm": 1.6796875, "peak_allocated": 48806939648}
{"step": 3524, "epoch": 5, "loss": 0.10099270309029676, "lr": 4.317621007204492e-06, "grad_norm": 1.5, "peak_allocated": 48806939648}
{"step": 3525, "epoch": 5, "loss": 0.10371262092295103, "lr": 4.314987664911178e-06, "grad_norm": 1.5390625, "peak_allocated": 48806939648}
{"step": 3526, "epoch": 5, "loss": 0.07451501751070473, "lr": 4.312354516246749e-06, "grad_norm": 1.3515625, "peak_allocated": 48806939648}
{"step": 3527, "epoch": 5, "loss": 0.08180405617330794, "lr": 4.309721561955506e-06, "grad_norm": 1.484375, "peak_allocated": 48806939648}
{"step": 3528, "epoch": 5, "loss": 0.09157594024285344, "lr": 4.307088802781692e-06, "grad_norm": 1.4375, "peak_allocated": 48806939648}
{"step": 3529, "epoch": 5, "loss": 0.11741979214534819, "lr": 4.304456239469492e-06, "grad_norm": 1.6875, "peak_allocated": 48806939648}
{"step": 3530, "epoch": 5, "loss": 0.06579532478961188, "lr": 4.301823872763041e-06, "grad_norm": 1.234375, "peak_allocated": 48806939648}
{"step": 3531, "epoch": 5, "loss": 0.0761305557880116, "lr": 4.299191703406419e-06, "grad_norm": 1.25, "peak_allocated": 48806939648}
{"step": 3532, "epoch": 5, "loss": 0.08413271354876257, "lr": 4.2965597321436455e-06, "grad_norm": 1.40625, "peak_allocated": 48806939648}
{"step": 3533, "epoch": 5, "loss": 0.08838719620473809, "lr": 4.293927959718686e-06, "grad_norm": 1.546875, "peak_allocated": 48806939648}
{"step": 3534, "epoch": 5, "loss": 0.10998886339073703, "lr": 4.29129638687545e-06, "grad_norm": 1.7734375, "peak_allocated": 48806939648}
{"step": 3535, "epoch": 5, "loss": 0.07713388397245634, "lr": 4.288665014357793e-06, "grad_norm": 1.515625, "peak_allocated": 48806939648}
{"step": 3536, "epoch": 5, "loss": 0.07944799575438752, "lr": 4.286033842909507e-06, "grad_norm": 1.3671875, "peak_allocated": 48806939648}
{"step": 3537, "epoch": 5, "loss": 0.0914104841381265, "lr": 4.2834028732743346e-06, "grad_norm": 1.546875, "peak_allocated": 48806939648}
{"step": 3538, "epoch": 5, "loss": 0.09241248596362767, "lr": 4.2807721061959585e-06, "grad_norm": 1.875, "peak_allocated": 48806939648}
{"step": 3539, "epoch": 5, "loss": 0.11279089417936361, "lr": 4.278141542418001e-06, "grad_norm": 1.78125, "peak_allocated": 48806939648}
{"step": 3540, "epoch": 5, "loss": 0.09868706473905316, "lr": 4.275511182684033e-06, "grad_norm": 1.3984375, "peak_allocated": 48806939648}
{"step": 3541, "epoch": 5, "loss": 0.09376594862073827, "lr": 4.272881027737567e-06, "grad_norm": 1.7109375, "peak_allocated": 48806939648}
{"step": 3542, "epoch": 5, "loss": 0.10609667541088798, "lr": 4.270251078322048e-06, "grad_norm": 1.390625, "peak_allocated": 48806939648}
{"step": 3543, "epoch": 5, "loss": 0.0749679039766219, "lr": 4.267621335180875e-06, "grad_norm": 1.4140625, "peak_allocated": 48806939648}
{"step": 3544, "epoch": 5, "loss": 0.10879736776395027, "lr": 4.264991799057383e-06, "grad_norm": 1.71875, "peak_allocated": 48806939648}
{"step": 3545, "epoch": 5, "loss": 0.09457634073414913, "lr": 4.26236247069485e-06, "grad_norm": 1.4296875, "peak_allocated": 48806939648}
{"step": 3546, "epoch": 5, "loss": 0.0834432709090682, "lr": 4.2597333508364934e-06, "grad_norm": 1.3515625, "peak_allocated": 48806939648}
{"step": 3547, "epoch": 5, "loss": 0.10297771799475029, "lr": 4.257104440225474e-06, "grad_norm": 1.796875, "peak_allocated": 48806939648}
{"step": 3548, "epoch": 5, "loss": 0.11696240911582727, "lr": 4.254475739604893e-06, "grad_norm": 1.65625, "peak_allocated": 48806939648}
{"step": 3549, "epoch": 5, "loss": 0.09152161787008553, "lr": 4.251847249717789e-06, "grad_norm": 1.421875, "peak_allocated": 48806939648}
{"step": 3550, "epoch": 5, "loss": 0.08651332829363556, "lr": 4.2492189713071445e-06, "grad_norm": 1.5078125, "peak_allocated": 48806939648}
{"step": 3551, "epoch": 5, "loss": 0.1322549168388753, "lr": 4.246590905115883e-06, "grad_norm": 1.640625, "peak_allocated": 48806939648}
{"step": 3552, "epoch": 5, "loss": 0.09380774864467076, "lr": 4.243963051886865e-06, "grad_norm": 1.4140625, "peak_allocated": 48806939648}
{"step": 3553, "epoch": 5, "loss": 0.13086849340561743, "lr": 4.2413354123628914e-06, "grad_norm": 1.765625, "peak_allocated": 48806939648}
{"step": 3554, "epoch": 5, "loss": 0.10441434071851179, "lr": 4.238707987286705e-06, "grad_norm": 1.7578125, "peak_allocated": 48806939648}
{"step": 3555, "epoch": 5, "loss": 0.09291837785479634, "lr": 4.236080777400987e-06, "grad_norm": 1.625, "peak_allocated": 48806939648}
{"step": 3556, "epoch": 5, "loss": 0.09537147776119387, "lr": 4.233453783448355e-06, "grad_norm": 1.578125, "peak_allocated": 48806939648}
{"step": 3557, "epoch": 5, "loss": 0.09914949159478716, "lr": 4.230827006171368e-06, "grad_norm": 1.546875, "peak_allocated": 48806939648}
{"step": 3558, "epoch": 5, "loss": 0.09513659763837087, "lr": 4.228200446312525e-06, "grad_norm": 1.703125, "peak_allocated": 48806939648}
{"step": 3559, "epoch": 5, "loss": 0.07969126855386159, "lr": 4.2255741046142614e-06, "grad_norm": 1.6484375, "peak_allocated": 48806939648}
{"step": 3560, "epoch": 5, "loss": 0.10616258503877929, "lr": 4.222947981818951e-06, "grad_norm": 1.6015625, "peak_allocated": 48806939648}
{"step": 3561, "epoch": 5, "loss": 0.07127912328105183, "lr": 4.2203220786689094e-06, "grad_norm": 1.515625, "peak_allocated": 48806939648}
{"step": 3562, "epoch": 5, "loss": 0.12054132060396518, "lr": 4.217696395906381e-06, "grad_norm": 1.53125, "peak_allocated": 48806939648}
{"step": 3563, "epoch": 5, "loss": 0.1060064418971143, "lr": 4.21507093427356e-06, "grad_norm": 1.8984375, "peak_allocated": 48806939648}
{"step": 3564, "epoch": 5, "loss": 0.08482487577758019, "lr": 4.212445694512567e-06, "grad_norm": 1.3984375, "peak_allocated": 48806939648}
{"step": 3565, "epoch": 5, "loss": 0.08158471524499789, "lr": 4.20982067736547e-06, "grad_norm": 1.53125, "peak_allocated": 48806939648}
{"step": 3566, "epoch": 5, "loss": 0.08825925004193841, "lr": 4.207195883574264e-06, "grad_norm": 1.7421875, "peak_allocated": 48806939648}
{"step": 3567, "epoch": 5, "loss": 0.09229897750311591, "lr": 4.20457131388089e-06, "grad_norm": 1.6015625, "peak_allocated": 48806939648}
{"step": 3568, "epoch": 5, "loss": 0.10566543316346287, "lr": 4.201946969027221e-06, "grad_norm": 1.6640625, "peak_allocated": 48806939648}
{"step": 3569, "epoch": 5, "loss": 0.09902198390133034, "lr": 4.199322849755063e-06, "grad_norm": 1.7109375, "peak_allocated": 48806939648}
{"step": 3570, "epoch": 5, "loss": 0.08808785234463692, "lr": 4.196698956806165e-06, "grad_norm": 1.515625, "peak_allocated": 48806939648}
{"step": 3571, "epoch": 5, "loss": 0.06732205880995272, "lr": 4.1940752909222115e-06, "grad_norm": 1.2421875, "peak_allocated": 48806939648}
{"step": 3572, "epoch": 5, "loss": 0.07889200260508968, "lr": 4.191451852844816e-06, "grad_norm": 1.4140625, "peak_allocated": 48806939648}
{"step": 3573, "epoch": 5, "loss": 0.0916195634680731, "lr": 4.1888286433155344e-06, "grad_norm": 1.484375, "peak_allocated": 48806939648}
{"step": 3574, "epoch": 5, "loss": 0.1062941252444048, "lr": 4.186205663075857e-06, "grad_norm": 1.5078125, "peak_allocated": 48806939648}
{"step": 3575, "epoch": 5, "loss": 0.08280918837299832, "lr": 4.183582912867207e-06, "grad_norm": 1.3671875, "peak_allocated": 48806939648}
{"step": 3576, "epoch": 5, "loss": 0.08591621573873805, "lr": 4.180960393430942e-06, "grad_norm": 1.265625, "peak_allocated": 48806939648}
{"step": 3577, "epoch": 5, "loss": 0.1032117530420892, "lr": 4.178338105508357e-06, "grad_norm": 1.6953125, "peak_allocated": 48806939648}
{"step": 3578, "epoch": 5, "loss": 0.07611340458857492, "lr": 4.175716049840682e-06, "grad_norm": 1.3125, "peak_allocated": 48806939648}
{"step": 3579, "epoch": 5, "loss": 0.07158770793723239, "lr": 4.1730942271690765e-06, "grad_norm": 1.609375, "peak_allocated": 48806939648}
{"step": 3580, "epoch": 5, "loss": 0.09038073647909202, "lr": 4.170472638234641e-06, "grad_norm": 1.765625, "peak_allocated": 48806939648}
{"step": 3581, "epoch": 5, "loss": 0.08828229456383269, "lr": 4.167851283778407e-06, "grad_norm": 1.71875, "peak_allocated": 48806939648}
{"step": 3582, "epoch": 5, "loss": 0.07867959006808045, "lr": 4.1652301645413355e-06, "grad_norm": 1.3359375, "peak_allocated": 48806939648}
{"step": 3583, "epoch": 5, "loss": 0.08117617583878227, "lr": 4.162609281264326e-06, "grad_norm": 1.4140625, "peak_allocated": 48806939648}
{"step": 3584, "epoch": 5, "loss": 0.10258819752060368, "lr": 4.159988634688211e-06, "grad_norm": 1.578125, "peak_allocated": 48806939648}
{"step": 3585, "epoch": 5, "loss": 0.10852775572693624, "lr": 4.157368225553755e-06, "grad_norm": 1.734375, "peak_allocated": 48806939648}
{"step": 3586, "epoch": 5, "loss": 0.07246041336411789, "lr": 4.1547480546016545e-06, "grad_norm": 1.2421875, "peak_allocated": 48806939648}
{"step": 3587, "epoch": 5, "loss": 0.07416145897729048, "lr": 4.15212812257254e-06, "grad_norm": 1.5, "peak_allocated": 48806939648}
{"step": 3588, "epoch": 5, "loss": 0.11754804737932686, "lr": 4.149508430206977e-06, "grad_norm": 1.6015625, "peak_allocated": 48806939648}
{"step": 3589, "epoch": 5, "loss": 0.07854894651395697, "lr": 4.1468889782454546e-06, "grad_norm": 1.625, "peak_allocated": 48806939648}
{"step": 3590, "epoch": 5, "loss": 0.07578975932626035, "lr": 4.144269767428403e-06, "grad_norm": 1.5546875, "peak_allocated": 48806939648}
{"step": 3591, "epoch": 5, "loss": 0.11337383283077206, "lr": 4.141650798496183e-06, "grad_norm": 1.6484375, "peak_allocated": 48806939648}
{"step": 3592, "epoch": 5, "loss": 0.10507412453148735, "lr": 4.139032072189081e-06, "grad_norm": 1.5390625, "peak_allocated": 48806939648}
{"step": 3593, "epoch": 5, "loss": 0.09781698308885098, "lr": 4.136413589247319e-06, "grad_norm": 1.6796875, "peak_allocated": 48806939648}
{"step": 3594, "epoch": 5, "loss": 0.08453219608377427, "lr": 4.133795350411053e-06, "grad_norm": 1.40625, "peak_allocated": 48806939648}
{"step": 3595, "epoch": 5, "loss": 0.11642802832990934, "lr": 4.131177356420367e-06, "grad_norm": 1.6796875, "peak_allocated": 48806939648}
{"step": 3596, "epoch": 5, "loss": 0.09734523256199912, "lr": 4.128559608015273e-06, "grad_norm": 1.4609375, "peak_allocated": 48806939648}
{"step": 3597, "epoch": 5, "loss": 0.08625204581061774, "lr": 4.125942105935717e-06, "grad_norm": 1.328125, "peak_allocated": 48806939648}
{"step": 3598, "epoch": 5, "loss": 0.0777120430939743, "lr": 4.123324850921577e-06, "grad_norm": 1.359375, "peak_allocated": 48806939648}
{"step": 3599, "epoch": 5, "loss": 0.09972118604126876, "lr": 4.120707843712655e-06, "grad_norm": 1.828125, "peak_allocated": 48806939648}
{"step": 3600, "epoch": 5, "loss": 0.10924895791526229, "lr": 4.11809108504869e-06, "grad_norm": 1.6640625, "peak_allocated": 48806939648}
{"step": 3601, "epoch": 5, "loss": 0.08087505931192254, "lr": 4.11547457566935e-06, "grad_norm": 1.8671875, "peak_allocated": 48806939648}
{"step": 3602, "epoch": 5, "loss": 0.07854227862252519, "lr": 4.112858316314223e-06, "grad_norm": 1.46875, "peak_allocated": 48806939648}
{"step": 3603, "epoch": 5, "loss": 0.10562294714214551, "lr": 4.110242307722839e-06, "grad_norm": 1.6015625, "peak_allocated": 48806939648}
{"step": 3604, "epoch": 5, "loss": 0.0999507844401221, "lr": 4.107626550634649e-06, "grad_norm": 1.640625, "peak_allocated": 48806939648}
{"step": 3605, "epoch": 5, "loss": 0.07672779363585955, "lr": 4.105011045789037e-06, "grad_norm": 1.5390625, "peak_allocated": 48806939648}
{"step": 3606, "epoch": 5, "loss": 0.10568690666884463, "lr": 4.102395793925314e-06, "grad_norm": 1.78125, "peak_allocated": 48806939648}
{"step": 3607, "epoch": 5, "loss": 0.08732671652166536, "lr": 4.099780795782719e-06, "grad_norm": 1.6484375, "peak_allocated": 48806939648}
{"step": 3608, "epoch": 5, "loss": 0.07775203476446887, "lr": 4.097166052100422e-06, "grad_norm": 1.4140625, "peak_allocated": 48806939648}
{"step": 3609, "epoch": 5, "loss": 0.07136189293603158, "lr": 4.094551563617515e-06, "grad_norm": 1.3046875, "peak_allocated": 48806939648}
{"step": 3610, "epoch": 5, "loss": 0.10119869250999138, "lr": 4.091937331073025e-06, "grad_norm": 1.59375, "peak_allocated": 48806939648}
{"step": 3611, "epoch": 5, "loss": 0.10449135008756621, "lr": 4.0893233552059045e-06, "grad_norm": 1.609375, "peak_allocated": 48806939648}
{"step": 3612, "epoch": 5, "loss": 0.0834251073521913, "lr": 4.08670963675503e-06, "grad_norm": 1.4296875, "peak_allocated": 48806939648}
{"step": 3613, "epoch": 5, "loss": 0.10757476379894755, "lr": 4.0840961764592055e-06, "grad_norm": 1.625, "peak_allocated": 48806939648}
{"step": 3614, "epoch": 5, "loss": 0.07897716382419288, "lr": 4.08148297505717e-06, "grad_norm": 1.484375, "peak_allocated": 48806939648}
{"step": 3615, "epoch": 5, "loss": 0.07121302643915915, "lr": 4.078870033287582e-06, "grad_norm": 1.328125, "peak_allocated": 48806939648}
{"step": 3616, "epoch": 5, "loss": 0.085881124338672, "lr": 4.0762573518890265e-06, "grad_norm": 1.515625, "peak_allocated": 48806939648}
{"step": 3617, "epoch": 5, "loss": 0.10522598704172076, "lr": 4.073644931600016e-06, "grad_norm": 1.796875, "peak_allocated": 48806939648}
{"step": 3618, "epoch": 5, "loss": 0.11465776579059435, "lr": 4.071032773158994e-06, "grad_norm": 1.4296875, "peak_allocated": 48806939648}
{"step": 3619, "epoch": 5, "loss": 0.08530353597191877, "lr": 4.06842087730432e-06, "grad_norm": 1.328125, "peak_allocated": 48806939648}
{"step": 3620, "epoch": 5, "loss": 0.08296233589877762, "lr": 4.065809244774288e-06, "grad_norm": 1.46875, "peak_allocated": 48806939648}
{"step": 3621, "epoch": 5, "loss": 0.09785017792312477, "lr": 4.063197876307117e-06, "grad_norm": 1.59375, "peak_allocated": 48806939648}
{"step": 3622, "epoch": 5, "loss": 0.08787963332728162, "lr": 4.060586772640945e-06, "grad_norm": 1.5, "peak_allocated": 48806939648}
{"step": 3623, "epoch": 5, "loss": 0.10888278303562911, "lr": 4.05797593451384e-06, "grad_norm": 1.78125, "peak_allocated": 48806939648}
{"step": 3624, "epoch": 5, "loss": 0.09012223096459619, "lr": 4.055365362663795e-06, "grad_norm": 1.5625, "peak_allocated": 48806939648}
{"step": 3625, "epoch": 5, "loss": 0.10264448443250457, "lr": 4.052755057828729e-06, "grad_norm": 1.609375, "peak_allocated": 48806939648}
{"step": 3626, "epoch": 5, "loss": 0.08457700141704472, "lr": 4.050145020746479e-06, "grad_norm": 1.703125, "peak_allocated": 48806939648}
{"step": 3627, "epoch": 5, "loss": 0.08350488492089073, "lr": 4.047535252154812e-06, "grad_norm": 1.546875, "peak_allocated": 48806939648}
{"step": 3628, "epoch": 5, "loss": 0.0924379977308243, "lr": 4.0449257527914196e-06, "grad_norm": 1.4609375, "peak_allocated": 48806939648}
{"step": 3629, "epoch": 5, "loss": 0.09226946340167427, "lr": 4.042316523393913e-06, "grad_norm": 1.703125, "peak_allocated": 48806939648}
{"step": 3630, "epoch": 5, "loss": 0.07286139864535693, "lr": 4.039707564699831e-06, "grad_norm": 1.40625, "peak_allocated": 48806939648}
{"step": 3631, "epoch": 5, "loss": 0.07971659082023856, "lr": 4.037098877446637e-06, "grad_norm": 1.4296875, "peak_allocated": 48806939648}
{"step": 3632, "epoch": 5, "loss": 0.10125977087624834, "lr": 4.03449046237171e-06, "grad_norm": 1.640625, "peak_allocated": 48806939648}
{"step": 3633, "epoch": 5, "loss": 0.10746151852550266, "lr": 4.031882320212358e-06, "grad_norm": 1.65625, "peak_allocated": 48806939648}
{"step": 3634, "epoch": 5, "loss": 0.10331778651108613, "lr": 4.029274451705813e-06, "grad_norm": 1.5234375, "peak_allocated": 48806939648}
{"step": 3635, "epoch": 5, "loss": 0.09201930002484443, "lr": 4.0266668575892294e-06, "grad_norm": 1.5078125, "peak_allocated": 48806939648}
{"step": 3636, "epoch": 5, "loss": 0.09796329248022466, "lr": 4.024059538599679e-06, "grad_norm": 1.734375, "peak_allocated": 48806939648}
{"step": 3637, "epoch": 5, "loss": 0.08374218117831082, "lr": 4.021452495474159e-06, "grad_norm": 1.40625, "peak_allocated": 48806939648}
{"step": 3638, "epoch": 5, "loss": 0.06663046568117635, "lr": 4.018845728949593e-06, "grad_norm": 1.2890625, "peak_allocated": 48806939648}
{"step": 3639, "epoch": 5, "loss": 0.07910830670844755, "lr": 4.016239239762817e-06, "grad_norm": 1.390625, "peak_allocated": 48806939648}
{"step": 3640, "epoch": 5, "loss": 0.12114678060957391, "lr": 4.013633028650595e-06, "grad_norm": 1.9765625, "peak_allocated": 48806939648}
{"step": 3641, "epoch": 5, "loss": 0.07979690163453759, "lr": 4.011027096349615e-06, "grad_norm": 1.3125, "peak_allocated": 48806939648}
{"step": 3642, "epoch": 5, "loss": 0.0857882127213473, "lr": 4.008421443596477e-06, "grad_norm": 1.5546875, "peak_allocated": 48806939648}
{"step": 3643, "epoch": 5, "loss": 0.09072234389460544, "lr": 4.00581607112771e-06, "grad_norm": 1.5078125, "peak_allocated": 48806939648}
{"step": 3644, "epoch": 5, "loss": 0.0918681871031978, "lr": 4.003210979679761e-06, "grad_norm": 1.4921875, "peak_allocated": 48806939648}
{"step": 3645, "epoch": 5, "loss": 0.09241200326847562, "lr": 4.000606169989001e-06, "grad_norm": 1.6484375, "peak_allocated": 48806939648}
{"step": 3646, "epoch": 5, "loss": 0.08818898465452657, "lr": 3.998001642791711e-06, "grad_norm": 1.5625, "peak_allocated": 48806939648}
{"step": 3647, "epoch": 5, "loss": 0.10023710758727837, "lr": 3.995397398824104e-06, "grad_norm": 1.65625, "peak_allocated": 48806939648}
{"step": 3648, "epoch": 5, "loss": 0.08133521385817889, "lr": 3.9927934388223075e-06, "grad_norm": 1.5703125, "peak_allocated": 48806939648}
{"step": 3649, "epoch": 5, "loss": 0.08982699615313154, "lr": 3.990189763522369e-06, "grad_norm": 1.4609375, "peak_allocated": 48806939648}
{"step": 3650, "epoch": 5, "loss": 0.07373043396111757, "lr": 3.987586373660255e-06, "grad_norm": 1.546875, "peak_allocated": 48806939648}
{"step": 3651, "epoch": 5, "loss": 0.08848991686604495, "lr": 3.984983269971856e-06, "grad_norm": 1.7734375, "peak_allocated": 48806939648}
{"step": 3652, "epoch": 5, "loss": 0.08124374284830091, "lr": 3.982380453192972e-06, "grad_norm": 1.5234375, "peak_allocated": 48806939648}
{"step": 3653, "epoch": 5, "loss": 0.08423155348172924, "lr": 3.979777924059331e-06, "grad_norm": 1.5234375, "peak_allocated": 48806939648}
{"step": 3654, "epoch": 5, "loss": 0.09982370806045833, "lr": 3.977175683306576e-06, "grad_norm": 1.7578125, "peak_allocated": 48806939648}
{"step": 3655, "epoch": 5, "loss": 0.09284285997563121, "lr": 3.9745737316702704e-06, "grad_norm": 1.6875, "peak_allocated": 48806939648}
{"step": 3656, "epoch": 5, "loss": 0.11747136757570333, "lr": 3.971972069885892e-06, "grad_norm": 1.921875, "peak_allocated": 48806939648}
{"step": 3657, "epoch": 5, "loss": 0.08858628421832543, "lr": 3.969370698688839e-06, "grad_norm": 1.4921875, "peak_allocated": 48806939648}
{"step": 3658, "epoch": 5, "loss": 0.10019306413448882, "lr": 3.966769618814431e-06, "grad_norm": 1.5546875, "peak_allocated": 48806939648}
{"step": 3659, "epoch": 5, "loss": 0.06421009920459833, "lr": 3.964168830997898e-06, "grad_norm": 1.21875, "peak_allocated": 48806939648}
{"step": 3660, "epoch": 5, "loss": 0.08204488144498591, "lr": 3.9615683359743915e-06, "grad_norm": 1.4140625, "peak_allocated": 48806939648}
{"step": 3661, "epoch": 5, "loss": 0.06914884464889794, "lr": 3.958968134478983e-06, "grad_norm": 1.296875, "peak_allocated": 48806939648}
{"step": 3662, "epoch": 5, "loss": 0.08472821916517756, "lr": 3.956368227246654e-06, "grad_norm": 1.546875, "peak_allocated": 48806939648}
{"step": 3663, "epoch": 5, "loss": 0.07638389202812308, "lr": 3.9537686150123094e-06, "grad_norm": 1.515625, "peak_allocated": 48806939648}
{"step": 3664, "epoch": 5, "loss": 0.07499699942424679, "lr": 3.951169298510767e-06, "grad_norm": 1.3515625, "peak_allocated": 48806939648}
{"step": 3665, "epoch": 5, "loss": 0.090315403846196, "lr": 3.948570278476766e-06, "grad_norm": 1.6875, "peak_allocated": 48806939648}
{"step": 3666, "epoch": 5, "loss": 0.08182010658863348, "lr": 3.945971555644951e-06, "grad_norm": 1.59375, "peak_allocated": 48806939648}
{"step": 3667, "epoch": 5, "loss": 0.09484271120367496, "lr": 3.943373130749893e-06, "grad_norm": 1.5234375, "peak_allocated": 48806939648}
{"step": 3668, "epoch": 5, "loss": 0.10285921751881383, "lr": 3.940775004526077e-06, "grad_norm": 1.609375, "peak_allocated": 48806939648}
{"step": 3669, "epoch": 5, "loss": 0.08032545221752478, "lr": 3.938177177707899e-06, "grad_norm": 1.5, "peak_allocated": 48806939648}
{"step": 3670, "epoch": 5, "loss": 0.09661337338832343, "lr": 3.935579651029674e-06, "grad_norm": 1.6015625, "peak_allocated": 48806939648}
{"step": 3671, "epoch": 5, "loss": 0.08786035605922125, "lr": 3.932982425225635e-06, "grad_norm": 1.5625, "peak_allocated": 48806939648}
{"step": 3672, "epoch": 5, "loss": 0.08212625896084985, "lr": 3.930385501029919e-06, "grad_norm": 1.6171875, "peak_allocated": 48806939648}
{"step": 3673, "epoch": 5, "loss": 0.09758838499112384, "lr": 3.92778887917659e-06, "grad_norm": 1.5546875, "peak_allocated": 48806939648}
{"step": 3674, "epoch": 5, "loss": 0.07877978480849679, "lr": 3.925192560399622e-06, "grad_norm": 1.3828125, "peak_allocated": 48806939648}
{"step": 3675, "epoch": 5, "loss": 0.09471840471237906, "lr": 3.922596545432903e-06, "grad_norm": 1.3828125, "peak_allocated": 48806939648}
{"step": 3676, "epoch": 5, "loss": 0.09518701739353004, "lr": 3.920000835010232e-06, "grad_norm": 1.375, "peak_allocated": 48806939648}
{"step": 3677, "epoch": 5, "loss": 0.08433256352313803, "lr": 3.917405429865327e-06, "grad_norm": 1.5, "peak_allocated": 48806939648}
{"step": 3678, "epoch": 5, "loss": 0.09611379300034127, "lr": 3.9148103307318206e-06, "grad_norm": 1.6796875, "peak_allocated": 48806939648}
{"step": 3679, "epoch": 5, "loss": 0.07794209340990302, "lr": 3.912215538343251e-06, "grad_norm": 1.375, "peak_allocated": 48806939648}
{"step": 3680, "epoch": 5, "loss": 0.08665283415714373, "lr": 3.909621053433077e-06, "grad_norm": 1.5, "peak_allocated": 48806939648}
{"step": 3681, "epoch": 5, "loss": 0.09535242766041667, "lr": 3.907026876734668e-06, "grad_norm": 1.625, "peak_allocated": 48806939648}
{"step": 3682, "epoch": 5, "loss": 0.10199965581609914, "lr": 3.904433008981307e-06, "grad_norm": 1.59375, "peak_allocated": 48806939648}
{"step": 3683, "epoch": 5, "loss": 0.0929911945295973, "lr": 3.9018394509061866e-06, "grad_norm": 1.625, "peak_allocated": 48806939648}
{"step": 3684, "epoch": 5, "loss": 0.10453417790136597, "lr": 3.899246203242418e-06, "grad_norm": 1.609375, "peak_allocated": 48806939648}
{"step": 3685, "epoch": 5, "loss": 0.09622031514602065, "lr": 3.896653266723021e-06, "grad_norm": 1.6640625, "peak_allocated": 48806939648}
{"step": 3686, "epoch": 5, "loss": 0.09992682816354864, "lr": 3.894060642080925e-06, "grad_norm": 1.3984375, "peak_allocated": 48806939648}
{"step": 3687, "epoch": 5, "loss": 0.09464002552420925, "lr": 3.891468330048974e-06, "grad_norm": 1.5390625, "peak_allocated": 48806939648}
{"step": 3688, "epoch": 5, "loss": 0.08303247130152934, "lr": 3.888876331359926e-06, "grad_norm": 1.3671875, "peak_allocated": 48806939648}
{"step": 3689, "epoch": 5, "loss": 0.09141500778257282, "lr": 3.886284646746445e-06, "grad_norm": 1.5078125, "peak_allocated": 48806939648}
{"step": 3690, "epoch": 5, "loss": 0.08896929641483227, "lr": 3.88369327694111e-06, "grad_norm": 1.359375, "peak_allocated": 48806939648}
{"step": 3691, "epoch": 5, "loss": 0.07610790767335915, "lr": 3.8811022226764115e-06, "grad_norm": 1.453125, "peak_allocated": 48806939648}
{"step": 3692, "epoch": 5, "loss": 0.08208896827259954, "lr": 3.878511484684747e-06, "grad_norm": 1.7578125, "peak_allocated": 48806939648}
{"step": 3693, "epoch": 5, "loss": 0.08949296656446948, "lr": 3.875921063698428e-06, "grad_norm": 1.5703125, "peak_allocated": 48806939648}
{"step": 3694, "epoch": 5, "loss": 0.07794221759693963, "lr": 3.873330960449676e-06, "grad_norm": 1.5234375, "peak_allocated": 48806939648}
{"step": 3695, "epoch": 5, "loss": 0.07881782433050011, "lr": 3.870741175670621e-06, "grad_norm": 1.4375, "peak_allocated": 48806939648}
{"step": 3696, "epoch": 5, "loss": 0.11839588731716301, "lr": 3.868151710093305e-06, "grad_norm": 1.828125, "peak_allocated": 48806939648}
{"step": 3697, "epoch": 5, "loss": 0.09579411056386514, "lr": 3.865562564449678e-06, "grad_norm": 1.5625, "peak_allocated": 48806939648}
{"step": 3698, "epoch": 5, "loss": 0.08224814398759027, "lr": 3.862973739471602e-06, "grad_norm": 1.5078125, "peak_allocated": 48806939648}
{"step": 3699, "epoch": 5, "loss": 0.08481782162614275, "lr": 3.860385235890845e-06, "grad_norm": 1.5625, "peak_allocated": 48806939648}
{"step": 3700, "epoch": 5, "loss": 0.09012006672450387, "lr": 3.857797054439085e-06, "grad_norm": 1.4296875, "peak_allocated": 48806939648}
{"step": 3701, "epoch": 5, "loss": 0.06689080514460363, "lr": 3.855209195847913e-06, "grad_norm": 1.3515625, "peak_allocated": 48806939648}
{"step": 3702, "epoch": 5, "loss": 0.1117884244233324, "lr": 3.852621660848823e-06, "grad_norm": 1.953125, "peak_allocated": 48806939648}
{"step": 3703, "epoch": 5, "loss": 0.08706370509954033, "lr": 3.850034450173221e-06, "grad_norm": 1.578125, "peak_allocated": 48806939648}
{"step": 3704, "epoch": 5, "loss": 0.0953835964980177, "lr": 3.84744756455242e-06, "grad_norm": 1.515625, "peak_allocated": 48806939648}
{"step": 3705, "epoch": 5, "loss": 0.08247285793598687, "lr": 3.844861004717643e-06, "grad_norm": 1.484375, "peak_allocated": 48806939648}
{"step": 3706, "epoch": 5, "loss": 0.07729384675149634, "lr": 3.842274771400018e-06, "grad_norm": 1.578125, "peak_allocated": 48806939648}
{"step": 3707, "epoch": 5, "loss": 0.09183182236331422, "lr": 3.839688865330581e-06, "grad_norm": 1.46875, "peak_allocated": 48806939648}
{"step": 3708, "epoch": 5, "loss": 0.08480888799995798, "lr": 3.83710328724028e-06, "grad_norm": 1.453125, "peak_allocated": 48806939648}
{"step": 3709, "epoch": 5, "loss": 0.09063304626286199, "lr": 3.834518037859964e-06, "grad_norm": 1.453125, "peak_allocated": 48806939648}
{"step": 3710, "epoch": 5, "loss": 0.07460776118526033, "lr": 3.831933117920393e-06, "grad_norm": 1.3359375, "peak_allocated": 48806939648}
{"step": 3711, "epoch": 5, "loss": 0.07499280770410875, "lr": 3.829348528152236e-06, "grad_norm": 1.484375, "peak_allocated": 48806939648}
{"step": 3712, "epoch": 5, "loss": 0.07801954847525555, "lr": 3.82676426928606e-06, "grad_norm": 1.40625, "peak_allocated": 48806939648}
{"step": 3713, "epoch": 5, "loss": 0.08723519854401326, "lr": 3.824180342052347e-06, "grad_norm": 1.703125, "peak_allocated": 48806939648}
{"step": 3714, "epoch": 5, "loss": 0.07184542378139767, "lr": 3.821596747181482e-06, "grad_norm": 1.3671875, "peak_allocated": 48806939648}
{"step": 3715, "epoch": 5, "loss": 0.09819180772355071, "lr": 3.819013485403758e-06, "grad_norm": 1.7265625, "peak_allocated": 48806939648}
{"step": 3716, "epoch": 5, "loss": 0.07977753865621534, "lr": 3.816430557449369e-06, "grad_norm": 1.4453125, "peak_allocated": 48806939648}
{"step": 3717, "epoch": 5, "loss": 0.07372862613851847, "lr": 3.8138479640484187e-06, "grad_norm": 1.4140625, "peak_allocated": 48806939648}
{"step": 3718, "epoch": 5, "loss": 0.09987996923676225, "lr": 3.8112657059309195e-06, "grad_norm": 1.71875, "peak_allocated": 48806939648}
{"step": 3719, "epoch": 5, "loss": 0.11473016635432834, "lr": 3.8086837838267793e-06, "grad_norm": 1.7421875, "peak_allocated": 48806939648}
{"step": 3720, "epoch": 5, "loss": 0.0785346896104864, "lr": 3.8061021984658186e-06, "grad_norm": 1.3984375, "peak_allocated": 48806939648}
{"step": 3721, "epoch": 5, "loss": 0.09715908901069294, "lr": 3.8035209505777625e-06, "grad_norm": 1.71875, "peak_allocated": 48806939648}
{"step": 3722, "epoch": 5, "loss": 0.10115020589471362, "lr": 3.8009400408922364e-06, "grad_norm": 1.6875, "peak_allocated": 48806939648}
{"step": 3723, "epoch": 5, "loss": 0.08961487721576601, "lr": 3.7983594701387737e-06, "grad_norm": 1.53125, "peak_allocated": 48806939648}
{"step": 3724, "epoch": 5, "loss": 0.0850464188936465, "lr": 3.795779239046814e-06, "grad_norm": 1.578125, "peak_allocated": 48806939648}
{"step": 3725, "epoch": 5, "loss": 0.08396489692156231, "lr": 3.793199348345692e-06, "grad_norm": 1.5234375, "peak_allocated": 48806939648}
{"step": 3726, "epoch": 5, "loss": 0.08926047121275467, "lr": 3.7906197987646554e-06, "grad_norm": 1.8203125, "peak_allocated": 48806939648}
{"step": 3727, "epoch": 5, "loss": 0.08145595390278547, "lr": 3.7880405910328517e-06, "grad_norm": 1.3046875, "peak_allocated": 48806939648}
{"step": 3728, "epoch": 5, "loss": 0.08306536495712523, "lr": 3.785461725879333e-06, "grad_norm": 1.453125, "peak_allocated": 48806939648}
{"step": 3729, "epoch": 5, "loss": 0.07902395861749165, "lr": 3.782883204033052e-06, "grad_norm": 1.6171875, "peak_allocated": 48806939648}
{"step": 3730, "epoch": 5, "loss": 0.07249105042770364, "lr": 3.780305026222867e-06, "grad_norm": 1.3515625, "peak_allocated": 48806939648}
{"step": 3731, "epoch": 5, "loss": 0.08187052256343173, "lr": 3.7777271931775404e-06, "grad_norm": 1.40625, "peak_allocated": 48806939648}
{"step": 3732, "epoch": 5, "loss": 0.10579852417775995, "lr": 3.7751497056257306e-06, "grad_norm": 2.140625, "peak_allocated": 48806939648}
{"event": "train_stage", "stage": "validation_loss_complete", "rank": 0, "local_rank": 0, "world_size": 4, "epoch": 6, "val_loss": 0.12599957432090694, "training_seconds": 1588.92, "validation_loss_seconds": 47.06}
{"event": "train_stage", "stage": "validation_gleu_complete", "rank": 0, "local_rank": 0, "world_size": 4, "epoch": 6, "elapsed_seconds": 2888.64, "gleu": 38.4754, "invalid_utf8": 2, "budget_exhausted": 3, "generation_backend": "global-prefix-guarded-greedy-v1", "cache_preliminary_skips": 239569, "cache_guard_refreshes": 5967, "max_rank_peak_allocated_bytes": 48806939648}
{"event": "train_stage", "stage": "checkpoint_published", "rank": 0, "local_rank": 0, "world_size": 4, "checkpoint": "step-00003732-c8d51414", "best": false}
{"event": "train_stage", "stage": "epoch_complete", "rank": 0, "local_rank": 0, "world_size": 4, "epoch": 6, "global_step": 3732, "selection_metric": "val_gleu", "best": false, "val_loss": 0.12599957432090694, "val_gleu": 38.4754, "elapsed_seconds": 4597.24}
{"step": 3733, "epoch": 6, "loss": 0.07053897086147758, "lr": 3.7725725642960047e-06, "grad_norm": 1.2109375, "peak_allocated": 48806939648}
{"step": 3734, "epoch": 6, "loss": 0.0811446503596482, "lr": 3.769995769916831e-06, "grad_norm": 1.3203125, "peak_allocated": 48806939648}
{"step": 3735, "epoch": 6, "loss": 0.09435779595117684, "lr": 3.767419323216576e-06, "grad_norm": 1.5, "peak_allocated": 48806939648}
{"step": 3736, "epoch": 6, "loss": 0.0825611590975501, "lr": 3.764843224923513e-06, "grad_norm": 1.4140625, "peak_allocated": 48806939648}
{"step": 3737, "epoch": 6, "loss": 0.09478252085560528, "lr": 3.762267475765813e-06, "grad_norm": 1.8671875, "peak_allocated": 48806939648}
{"step": 3738, "epoch": 6, "loss": 0.09975641615995075, "lr": 3.7596920764715515e-06, "grad_norm": 1.65625, "peak_allocated": 48806939648}
{"step": 3739, "epoch": 6, "loss": 0.10507395222814003, "lr": 3.7571170277687006e-06, "grad_norm": 1.765625, "peak_allocated": 48806939648}
{"step": 3740, "epoch": 6, "loss": 0.08413677969204808, "lr": 3.754542330385137e-06, "grad_norm": 1.3203125, "peak_allocated": 48806939648}
{"step": 3741, "epoch": 6, "loss": 0.08609983930744901, "lr": 3.7519679850486384e-06, "grad_norm": 1.6875, "peak_allocated": 48806939648}
{"step": 3742, "epoch": 6, "loss": 0.0771580027352293, "lr": 3.7493939924868795e-06, "grad_norm": 1.5, "peak_allocated": 48806939648}
{"step": 3743, "epoch": 6, "loss": 0.07335209393677403, "lr": 3.746820353427438e-06, "grad_norm": 1.296875, "peak_allocated": 48806939648}
{"step": 3744, "epoch": 6, "loss": 0.082092381110098, "lr": 3.7442470685977945e-06, "grad_norm": 1.2578125, "peak_allocated": 48806939648}
{"step": 3745, "epoch": 6, "loss": 0.08926681703613457, "lr": 3.7416741387253203e-06, "grad_norm": 1.734375, "peak_allocated": 48806939648}
{"step": 3746, "epoch": 6, "loss": 0.0922818281184032, "lr": 3.739101564537295e-06, "grad_norm": 1.7265625, "peak_allocated": 48806939648}
{"step": 3747, "epoch": 6, "loss": 0.08908260247152475, "lr": 3.7365293467608953e-06, "grad_norm": 1.453125, "peak_allocated": 48806939648}
{"step": 3748, "epoch": 6, "loss": 0.09426166240583717, "lr": 3.7339574861231974e-06, "grad_norm": 1.6328125, "peak_allocated": 48806939648}
{"step": 3749, "epoch": 6, "loss": 0.0798327880251096, "lr": 3.7313859833511736e-06, "grad_norm": 1.46875, "peak_allocated": 48806939648}
{"step": 3750, "epoch": 6, "loss": 0.08676856394807718, "lr": 3.7288148391716977e-06, "grad_norm": 1.4921875, "peak_allocated": 48806939648}
{"step": 3751, "epoch": 6, "loss": 0.08507260389513838, "lr": 3.7262440543115446e-06, "grad_norm": 1.3125, "peak_allocated": 48806939648}
{"step": 3752, "epoch": 6, "loss": 0.08372483049259555, "lr": 3.7236736294973807e-06, "grad_norm": 1.5703125, "peak_allocated": 48806939648}
{"step": 3753, "epoch": 6, "loss": 0.061621746252586464, "lr": 3.721103565455776e-06, "grad_norm": 1.359375, "peak_allocated": 48806939648}
{"step": 3754, "epoch": 6, "loss": 0.09295180880811285, "lr": 3.7185338629131984e-06, "grad_norm": 1.625, "peak_allocated": 48806939648}
{"step": 3755, "epoch": 6, "loss": 0.09127277267590943, "lr": 3.7159645225960104e-06, "grad_norm": 1.5625, "peak_allocated": 48806939648}
{"step": 3756, "epoch": 6, "loss": 0.06806402615102125, "lr": 3.713395545230476e-06, "grad_norm": 1.234375, "peak_allocated": 48806939648}
{"step": 3757, "epoch": 6, "loss": 0.09332939663379128, "lr": 3.710826931542753e-06, "grad_norm": 1.5859375, "peak_allocated": 48806939648}
{"step": 3758, "epoch": 6, "loss": 0.08336563343897246, "lr": 3.7082586822589015e-06, "grad_norm": 1.4765625, "peak_allocated": 48806939648}
{"step": 3759, "epoch": 6, "loss": 0.07939637279249656, "lr": 3.7056907981048714e-06, "grad_norm": 1.4609375, "peak_allocated": 48806939648}
{"step": 3760, "epoch": 6, "loss": 0.09515162442093544, "lr": 3.7031232798065143e-06, "grad_norm": 1.5390625, "peak_allocated": 48806939648}
{"step": 3761, "epoch": 6, "loss": 0.06228215106279789, "lr": 3.7005561280895787e-06, "grad_norm": 1.3984375, "peak_allocated": 48806939648}
{"step": 3762, "epoch": 6, "loss": 0.097287418373954, "lr": 3.6979893436797054e-06, "grad_norm": 1.46875, "peak_allocated": 48806939648}
{"step": 3763, "epoch": 6, "loss": 0.08365467694496974, "lr": 3.6954229273024357e-06, "grad_norm": 1.6796875, "peak_allocated": 48806939648}
{"step": 3764, "epoch": 6, "loss": 0.09379471996275042, "lr": 3.6928568796832077e-06, "grad_norm": 1.8828125, "peak_allocated": 48806939648}
{"step": 3765, "epoch": 6, "loss": 0.08291718605693417, "lr": 3.6902912015473474e-06, "grad_norm": 1.6328125, "peak_allocated": 48806939648}
{"step": 3766, "epoch": 6, "loss": 0.10035943535008472, "lr": 3.687725893620085e-06, "grad_norm": 1.9140625, "peak_allocated": 48806939648}
{"step": 3767, "epoch": 6, "loss": 0.10178900937694059, "lr": 3.6851609566265424e-06, "grad_norm": 1.671875, "peak_allocated": 48806939648}
{"step": 3768, "epoch": 6, "loss": 0.09708636090569775, "lr": 3.6825963912917375e-06, "grad_norm": 1.6796875, "peak_allocated": 48806939648}
{"step": 3769, "epoch": 6, "loss": 0.07788639350048017, "lr": 3.680032198340582e-06, "grad_norm": 1.4765625, "peak_allocated": 48806939648}
{"step": 3770, "epoch": 6, "loss": 0.08862901202331845, "lr": 3.677468378497883e-06, "grad_norm": 1.3828125, "peak_allocated": 48806939648}
{"step": 3771, "epoch": 6, "loss": 0.07979827026644887, "lr": 3.6749049324883436e-06, "grad_norm": 1.3125, "peak_allocated": 48806939648}
{"step": 3772, "epoch": 6, "loss": 0.09922242826178262, "lr": 3.6723418610365568e-06, "grad_norm": 1.6796875, "peak_allocated": 48806939648}
{"step": 3773, "epoch": 6, "loss": 0.09347328761590926, "lr": 3.669779164867015e-06, "grad_norm": 1.765625, "peak_allocated": 48806939648}
{"step": 3774, "epoch": 6, "loss": 0.0905756705680755, "lr": 3.6672168447041024e-06, "grad_norm": 1.3515625, "peak_allocated": 48806939648}
{"step": 3775, "epoch": 6, "loss": 0.08614071039427995, "lr": 3.6646549012720954e-06, "grad_norm": 1.65625, "peak_allocated": 48806939648}
{"step": 3776, "epoch": 6, "loss": 0.1063979334038827, "lr": 3.662093335295166e-06, "grad_norm": 1.8671875, "peak_allocated": 48806939648}
{"step": 3777, "epoch": 6, "loss": 0.0753926000933285, "lr": 3.659532147497378e-06, "grad_norm": 1.3828125, "peak_allocated": 48806939648}
{"step": 3778, "epoch": 6, "loss": 0.09091474735147417, "lr": 3.656971338602692e-06, "grad_norm": 1.46875, "peak_allocated": 48806939648}
{"step": 3779, "epoch": 6, "loss": 0.08507412703871897, "lr": 3.654410909334955e-06, "grad_norm": 1.5078125, "peak_allocated": 48806939648}
{"step": 3780, "epoch": 6, "loss": 0.09599545771518339, "lr": 3.6518508604179114e-06, "grad_norm": 1.65625, "peak_allocated": 48806939648}
{"step": 3781, "epoch": 6, "loss": 0.08942221602712223, "lr": 3.6492911925751995e-06, "grad_norm": 1.359375, "peak_allocated": 48806939648}
{"step": 3782, "epoch": 6, "loss": 0.06984241061237545, "lr": 3.6467319065303414e-06, "grad_norm": 1.3359375, "peak_allocated": 48806939648}
{"step": 3783, "epoch": 6, "loss": 0.08548675208495786, "lr": 3.6441730030067625e-06, "grad_norm": 1.5234375, "peak_allocated": 48806939648}
{"step": 3784, "epoch": 6, "loss": 0.06507599171577388, "lr": 3.6416144827277743e-06, "grad_norm": 1.5546875, "peak_allocated": 48806939648}
{"step": 3785, "epoch": 6, "loss": 0.08826498279634307, "lr": 3.6390563464165783e-06, "grad_norm": 1.390625, "peak_allocated": 48806939648}
{"step": 3786, "epoch": 6, "loss": 0.07027534419497036, "lr": 3.6364985947962707e-06, "grad_norm": 1.34375, "peak_allocated": 48806939648}
{"step": 3787, "epoch": 6, "loss": 0.10007071806108717, "lr": 3.6339412285898366e-06, "grad_norm": 1.5390625, "peak_allocated": 48806939648}
{"step": 3788, "epoch": 6, "loss": 0.07656446691920572, "lr": 3.631384248520158e-06, "grad_norm": 1.5859375, "peak_allocated": 48806939648}
{"step": 3789, "epoch": 6, "loss": 0.09693724195888537, "lr": 3.628827655309998e-06, "grad_norm": 1.5703125, "peak_allocated": 48806939648}
{"step": 3790, "epoch": 6, "loss": 0.06808979291747369, "lr": 3.6262714496820153e-06, "grad_norm": 1.328125, "peak_allocated": 48806939648}
{"step": 3791, "epoch": 6, "loss": 0.07838047016623115, "lr": 3.623715632358765e-06, "grad_norm": 1.2734375, "peak_allocated": 48806939648}
{"step": 3792, "epoch": 6, "loss": 0.0840963713340271, "lr": 3.6211602040626815e-06, "grad_norm": 1.515625, "peak_allocated": 48806939648}
{"step": 3793, "epoch": 6, "loss": 0.08270650169129289, "lr": 3.618605165516096e-06, "grad_norm": 1.34375, "peak_allocated": 48806939648}
{"step": 3794, "epoch": 6, "loss": 0.11218493865057136, "lr": 3.616050517441231e-06, "grad_norm": 1.859375, "peak_allocated": 48806939648}
{"step": 3795, "epoch": 6, "loss": 0.09043900981921617, "lr": 3.6134962605601897e-06, "grad_norm": 1.6953125, "peak_allocated": 48806939648}
{"step": 3796, "epoch": 6, "loss": 0.09122531403126956, "lr": 3.610942395594974e-06, "grad_norm": 1.6875, "peak_allocated": 48806939648}
{"step": 3797, "epoch": 6, "loss": 0.09029775348834757, "lr": 3.6083889232674703e-06, "grad_norm": 1.4609375, "peak_allocated": 48806939648}
{"step": 3798, "epoch": 6, "loss": 0.07402582612077012, "lr": 3.6058358442994603e-06, "grad_norm": 1.4765625, "peak_allocated": 48806939648}
{"step": 3799, "epoch": 6, "loss": 0.06570624747463348, "lr": 3.6032831594126028e-06, "grad_norm": 1.2421875, "peak_allocated": 48806939648}
{"step": 3800, "epoch": 6, "loss": 0.07375503640108522, "lr": 3.6007308693284554e-06, "grad_norm": 1.4140625, "peak_allocated": 48806939648}
{"step": 3801, "epoch": 6, "loss": 0.09626476737588849, "lr": 3.5981789747684625e-06, "grad_norm": 1.5546875, "peak_allocated": 48806939648}
{"step": 3802, "epoch": 6, "loss": 0.1075742500856501, "lr": 3.5956274764539504e-06, "grad_norm": 1.4921875, "peak_allocated": 48806939648}
{"step": 3803, "epoch": 6, "loss": 0.08455688981721148, "lr": 3.5930763751061403e-06, "grad_norm": 1.5546875, "peak_allocated": 48806939648}
{"step": 3804, "epoch": 6, "loss": 0.12272981795827, "lr": 3.59052567144614e-06, "grad_norm": 1.921875, "peak_allocated": 48806939648}
{"step": 3805, "epoch": 6, "loss": 0.10458107287013833, "lr": 3.5879753661949412e-06, "grad_norm": 1.671875, "peak_allocated": 48806939648}
{"step": 3806, "epoch": 6, "loss": 0.07618711362225385, "lr": 3.585425460073427e-06, "grad_norm": 1.390625, "peak_allocated": 48806939648}
{"step": 3807, "epoch": 6, "loss": 0.09232980881189146, "lr": 3.5828759538023655e-06, "grad_norm": 1.578125, "peak_allocated": 48806939648}
{"step": 3808, "epoch": 6, "loss": 0.08060504246860396, "lr": 3.580326848102415e-06, "grad_norm": 1.5, "peak_allocated": 48806939648}
{"step": 3809, "epoch": 6, "loss": 0.08052445692831979, "lr": 3.5777781436941137e-06, "grad_norm": 1.3515625, "peak_allocated": 48806939648}
{"step": 3810, "epoch": 6, "loss": 0.09811511303016031, "lr": 3.5752298412978924e-06, "grad_norm": 1.6171875, "peak_allocated": 48806939648}
{"step": 3811, "epoch": 6, "loss": 0.09085761891708061, "lr": 3.5726819416340687e-06, "grad_norm": 1.5703125, "peak_allocated": 48806939648}
{"step": 3812, "epoch": 6, "loss": 0.09603045949395149, "lr": 3.5701344454228404e-06, "grad_norm": 1.4453125, "peak_allocated": 48806939648}
{"step": 3813, "epoch": 6, "loss": 0.09126481562651581, "lr": 3.5675873533842977e-06, "grad_norm": 1.6171875, "peak_allocated": 48806939648}
{"step": 3814, "epoch": 6, "loss": 0.0809109797940731, "lr": 3.5650406662384145e-06, "grad_norm": 1.4140625, "peak_allocated": 48806939648}
{"step": 3815, "epoch": 6, "loss": 0.08863561629893228, "lr": 3.5624943847050462e-06, "grad_norm": 1.8515625, "peak_allocated": 48806939648}
{"step": 3816, "epoch": 6, "loss": 0.0923409010987498, "lr": 3.55994850950394e-06, "grad_norm": 1.578125, "peak_allocated": 48806939648}
{"step": 3817, "epoch": 6, "loss": 0.10074604974646895, "lr": 3.5574030413547246e-06, "grad_norm": 1.65625, "peak_allocated": 48806939648}
{"step": 3818, "epoch": 6, "loss": 0.0953823340440434, "lr": 3.554857980976914e-06, "grad_norm": 1.59375, "peak_allocated": 48806939648}
{"step": 3819, "epoch": 6, "loss": 0.08209653767856973, "lr": 3.552313329089907e-06, "grad_norm": 1.375, "peak_allocated": 48806939648}
{"step": 3820, "epoch": 6, "loss": 0.09770828491985735, "lr": 3.5497690864129876e-06, "grad_norm": 1.4921875, "peak_allocated": 48806939648}
{"step": 3821, "epoch": 6, "loss": 0.08104662079082317, "lr": 3.547225253665325e-06, "grad_norm": 1.4140625, "peak_allocated": 48806939648}
{"step": 3822, "epoch": 6, "loss": 0.06819624996680379, "lr": 3.5446818315659683e-06, "grad_norm": 1.34375, "peak_allocated": 48806939648}
{"step": 3823, "epoch": 6, "loss": 0.07770442274683541, "lr": 3.5421388208338537e-06, "grad_norm": 1.3984375, "peak_allocated": 48806939648}
{"step": 3824, "epoch": 6, "loss": 0.06933506205962311, "lr": 3.5395962221878046e-06, "grad_norm": 1.25, "peak_allocated": 48806939648}
{"step": 3825, "epoch": 6, "loss": 0.09389546925548008, "lr": 3.53705403634652e-06, "grad_norm": 1.6953125, "peak_allocated": 48806939648}
{"step": 3826, "epoch": 6, "loss": 0.0854987055865766, "lr": 3.534512264028588e-06, "grad_norm": 1.578125, "peak_allocated": 48806939648}
{"step": 3827, "epoch": 6, "loss": 0.09368757478323539, "lr": 3.531970905952478e-06, "grad_norm": 1.59375, "peak_allocated": 48806939648}
{"step": 3828, "epoch": 6, "loss": 0.08945646443723292, "lr": 3.529429962836546e-06, "grad_norm": 1.5, "peak_allocated": 48806939648}
{"step": 3829, "epoch": 6, "loss": 0.11287020342212209, "lr": 3.5268894353990202e-06, "grad_norm": 1.5625, "peak_allocated": 48806939648}
{"step": 3830, "epoch": 6, "loss": 0.07760072400307526, "lr": 3.5243493243580235e-06, "grad_norm": 1.2890625, "peak_allocated": 48806939648}
{"step": 3831, "epoch": 6, "loss": 0.11495584995512342, "lr": 3.521809630431555e-06, "grad_norm": 1.6484375, "peak_allocated": 48806939648}
{"step": 3832, "epoch": 6, "loss": 0.09214530143542318, "lr": 3.519270354337495e-06, "grad_norm": 1.6484375, "peak_allocated": 48806939648}
{"step": 3833, "epoch": 6, "loss": 0.08541707031823878, "lr": 3.5167314967936094e-06, "grad_norm": 1.6171875, "peak_allocated": 48806939648}
{"step": 3834, "epoch": 6, "loss": 0.07726466214179972, "lr": 3.5141930585175454e-06, "grad_norm": 1.3359375, "peak_allocated": 48806939648}
{"step": 3835, "epoch": 6, "loss": 0.09621155727990048, "lr": 3.5116550402268263e-06, "grad_norm": 1.7734375, "peak_allocated": 48806939648}
{"step": 3836, "epoch": 6, "loss": 0.07131661893850572, "lr": 3.509117442638862e-06, "grad_norm": 1.328125, "peak_allocated": 48806939648}
{"step": 3837, "epoch": 6, "loss": 0.08730580625509542, "lr": 3.5065802664709425e-06, "grad_norm": 1.609375, "peak_allocated": 48806939648}
{"step": 3838, "epoch": 6, "loss": 0.09695162898051483, "lr": 3.5040435124402396e-06, "grad_norm": 1.625, "peak_allocated": 48806939648}
{"step": 3839, "epoch": 6, "loss": 0.10957812748969704, "lr": 3.5015071812638024e-06, "grad_norm": 1.6796875, "peak_allocated": 48806939648}
{"step": 3840, "epoch": 6, "loss": 0.08928146139038978, "lr": 3.4989712736585624e-06, "grad_norm": 1.53125, "peak_allocated": 48806939648}
{"step": 3841, "epoch": 6, "loss": 0.09890385304128045, "lr": 3.4964357903413345e-06, "grad_norm": 1.6953125, "peak_allocated": 48806939648}
{"step": 3842, "epoch": 6, "loss": 0.09943837938041106, "lr": 3.493900732028806e-06, "grad_norm": 1.828125, "peak_allocated": 48806939648}
{"step": 3843, "epoch": 6, "loss": 0.09188498446781869, "lr": 3.491366099437551e-06, "grad_norm": 1.421875, "peak_allocated": 48806939648}
{"step": 3844, "epoch": 6, "loss": 0.0737251490497187, "lr": 3.4888318932840228e-06, "grad_norm": 1.671875, "peak_allocated": 48806939648}
{"step": 3845, "epoch": 6, "loss": 0.07614077270106354, "lr": 3.4862981142845486e-06, "grad_norm": 1.4453125, "peak_allocated": 48806939648}
{"step": 3846, "epoch": 6, "loss": 0.07619049063540184, "lr": 3.4837647631553405e-06, "grad_norm": 1.2890625, "peak_allocated": 48806939648}
{"step": 3847, "epoch": 6, "loss": 0.08304186717218562, "lr": 3.481231840612488e-06, "grad_norm": 1.515625, "peak_allocated": 48806939648}
{"step": 3848, "epoch": 6, "loss": 0.06955122605725071, "lr": 3.478699347371961e-06, "grad_norm": 1.421875, "peak_allocated": 48806939648}
{"step": 3849, "epoch": 6, "loss": 0.108827895927084, "lr": 3.476167284149602e-06, "grad_norm": 1.828125, "peak_allocated": 48806939648}
{"step": 3850, "epoch": 6, "loss": 0.08100651436085676, "lr": 3.473635651661138e-06, "grad_norm": 1.59375, "peak_allocated": 48806939648}
{"step": 3851, "epoch": 6, "loss": 0.08101335094258817, "lr": 3.4711044506221736e-06, "grad_norm": 1.609375, "peak_allocated": 48806939648}
{"step": 3852, "epoch": 6, "loss": 0.06953035031266268, "lr": 3.4685736817481887e-06, "grad_norm": 1.546875, "peak_allocated": 48806939648}
{"step": 3853, "epoch": 6, "loss": 0.10958234639869781, "lr": 3.4660433457545432e-06, "grad_norm": 1.5625, "peak_allocated": 48806939648}
{"step": 3854, "epoch": 6, "loss": 0.08226216857625017, "lr": 3.4635134433564765e-06, "grad_norm": 1.4140625, "peak_allocated": 48806939648}
{"step": 3855, "epoch": 6, "loss": 0.10250720855375853, "lr": 3.460983975269099e-06, "grad_norm": 1.8125, "peak_allocated": 48806939648}
{"step": 3856, "epoch": 6, "loss": 0.11007166334800213, "lr": 3.458454942207403e-06, "grad_norm": 1.7421875, "peak_allocated": 48806939648}
{"step": 3857, "epoch": 6, "loss": 0.10149544497261782, "lr": 3.455926344886259e-06, "grad_norm": 1.640625, "peak_allocated": 48806939648}
{"step": 3858, "epoch": 6, "loss": 0.07860058220025147, "lr": 3.4533981840204122e-06, "grad_norm": 1.34375, "peak_allocated": 48806939648}
{"step": 3859, "epoch": 6, "loss": 0.08680162025583384, "lr": 3.4508704603244838e-06, "grad_norm": 1.390625, "peak_allocated": 48806939648}
{"step": 3860, "epoch": 6, "loss": 0.09555077488743977, "lr": 3.4483431745129727e-06, "grad_norm": 1.59375, "peak_allocated": 48806939648}
{"step": 3861, "epoch": 6, "loss": 0.08368850678979373, "lr": 3.4458163273002555e-06, "grad_norm": 1.4609375, "peak_allocated": 48806939648}
{"step": 3862, "epoch": 6, "loss": 0.08376465648407437, "lr": 3.4432899194005793e-06, "grad_norm": 1.5703125, "peak_allocated": 48806939648}
{"step": 3863, "epoch": 6, "loss": 0.06877246961719152, "lr": 3.440763951528072e-06, "grad_norm": 1.46875, "peak_allocated": 48806939648}
{"step": 3864, "epoch": 6, "loss": 0.08798775750885011, "lr": 3.438238424396739e-06, "grad_norm": 1.609375, "peak_allocated": 48806939648}
{"step": 3865, "epoch": 6, "loss": 0.08781982362717715, "lr": 3.4357133387204535e-06, "grad_norm": 1.4453125, "peak_allocated": 48806939648}
{"step": 3866, "epoch": 6, "loss": 0.07560834565377976, "lr": 3.43318869521297e-06, "grad_norm": 1.4453125, "peak_allocated": 48806939648}
{"step": 3867, "epoch": 6, "loss": 0.08737703216729417, "lr": 3.4306644945879173e-06, "grad_norm": 1.609375, "peak_allocated": 48806939648}
{"step": 3868, "epoch": 6, "loss": 0.09753630146769358, "lr": 3.4281407375588e-06, "grad_norm": 1.765625, "peak_allocated": 48806939648}
{"step": 3869, "epoch": 6, "loss": 0.09372387495162691, "lr": 3.4256174248389908e-06, "grad_norm": 1.5625, "peak_allocated": 48806939648}
{"step": 3870, "epoch": 6, "loss": 0.08066615621628594, "lr": 3.423094557141743e-06, "grad_norm": 1.546875, "peak_allocated": 48806939648}
{"step": 3871, "epoch": 6, "loss": 0.08671263520504449, "lr": 3.4205721351801844e-06, "grad_norm": 1.53125, "peak_allocated": 48806939648}
{"step": 3872, "epoch": 6, "loss": 0.08569587607473109, "lr": 3.4180501596673134e-06, "grad_norm": 1.421875, "peak_allocated": 48806939648}
{"step": 3873, "epoch": 6, "loss": 0.11085563575820401, "lr": 3.415528631316003e-06, "grad_norm": 1.7578125, "peak_allocated": 48806939648}
{"step": 3874, "epoch": 6, "loss": 0.11462051536070031, "lr": 3.413007550839004e-06, "grad_norm": 1.7578125, "peak_allocated": 48806939648}
{"step": 3875, "epoch": 6, "loss": 0.07658689157558986, "lr": 3.410486918948933e-06, "grad_norm": 1.4140625, "peak_allocated": 48806939648}
{"step": 3876, "epoch": 6, "loss": 0.08669291969561843, "lr": 3.407966736358286e-06, "grad_norm": 1.46875, "peak_allocated": 48806939648}
{"step": 3877, "epoch": 6, "loss": 0.10260305948449157, "lr": 3.4054470037794287e-06, "grad_norm": 1.8828125, "peak_allocated": 48806939648}
{"step": 3878, "epoch": 6, "loss": 0.0924462721431457, "lr": 3.402927721924604e-06, "grad_norm": 1.6796875, "peak_allocated": 48806939648}
{"step": 3879, "epoch": 6, "loss": 0.11042038824739166, "lr": 3.4004088915059195e-06, "grad_norm": 1.6640625, "peak_allocated": 48806939648}
{"step": 3880, "epoch": 6, "loss": 0.09188073272906255, "lr": 3.3978905132353632e-06, "grad_norm": 1.4296875, "peak_allocated": 48806939648}
{"step": 3881, "epoch": 6, "loss": 0.09073549604287455, "lr": 3.3953725878247936e-06, "grad_norm": 1.5859375, "peak_allocated": 48806939648}
{"step": 3882, "epoch": 6, "loss": 0.06919963228153626, "lr": 3.392855115985935e-06, "grad_norm": 1.390625, "peak_allocated": 48806939648}
{"step": 3883, "epoch": 6, "loss": 0.08155945558029097, "lr": 3.39033809843039e-06, "grad_norm": 1.375, "peak_allocated": 48806939648}
{"step": 3884, "epoch": 6, "loss": 0.07900904091993646, "lr": 3.3878215358696333e-06, "grad_norm": 1.390625, "peak_allocated": 48806939648}
{"step": 3885, "epoch": 6, "loss": 0.07206290975604035, "lr": 3.3853054290150057e-06, "grad_norm": 1.8515625, "peak_allocated": 48806939648}
{"step": 3886, "epoch": 6, "loss": 0.1000960003162662, "lr": 3.382789778577722e-06, "grad_norm": 1.5625, "peak_allocated": 48806939648}
{"step": 3887, "epoch": 6, "loss": 0.07418418106311304, "lr": 3.38027458526887e-06, "grad_norm": 1.453125, "peak_allocated": 48806939648}
{"step": 3888, "epoch": 6, "loss": 0.09089701731366975, "lr": 3.377759849799407e-06, "grad_norm": 1.640625, "peak_allocated": 48806939648}
{"step": 3889, "epoch": 6, "loss": 0.07651099841807898, "lr": 3.375245572880157e-06, "grad_norm": 1.390625, "peak_allocated": 48806939648}
{"step": 3890, "epoch": 6, "loss": 0.10911600639880625, "lr": 3.3727317552218185e-06, "grad_norm": 1.7890625, "peak_allocated": 48806939648}
{"step": 3891, "epoch": 6, "loss": 0.1023141496782974, "lr": 3.3702183975349624e-06, "grad_norm": 1.609375, "peak_allocated": 48806939648}
{"step": 3892, "epoch": 6, "loss": 0.07207581841252364, "lr": 3.3677055005300224e-06, "grad_norm": 1.390625, "peak_allocated": 48806939648}
{"step": 3893, "epoch": 6, "loss": 0.09247163742105734, "lr": 3.365193064917308e-06, "grad_norm": 1.609375, "peak_allocated": 48806939648}
{"step": 3894, "epoch": 6, "loss": 0.07608878330578793, "lr": 3.3626810914069986e-06, "grad_norm": 1.53125, "peak_allocated": 48806939648}
{"step": 3895, "epoch": 6, "loss": 0.0960588607410224, "lr": 3.360169580709136e-06, "grad_norm": 1.5625, "peak_allocated": 48806939648}
{"step": 3896, "epoch": 6, "loss": 0.07401770808034226, "lr": 3.3576585335336383e-06, "grad_norm": 1.3125, "peak_allocated": 48806939648}
{"step": 3897, "epoch": 6, "loss": 0.06429935508613045, "lr": 3.3551479505902913e-06, "grad_norm": 1.28125, "peak_allocated": 48806939648}
{"step": 3898, "epoch": 6, "loss": 0.09221310108283566, "lr": 3.352637832588746e-06, "grad_norm": 1.6796875, "peak_allocated": 48806939648}
{"step": 3899, "epoch": 6, "loss": 0.07601147631149786, "lr": 3.3501281802385262e-06, "grad_norm": 1.5625, "peak_allocated": 48806939648}
{"step": 3900, "epoch": 6, "loss": 0.08368421193907957, "lr": 3.3476189942490218e-06, "grad_norm": 1.484375, "peak_allocated": 48806939648}
{"step": 3901, "epoch": 6, "loss": 0.08720219442130704, "lr": 3.3451102753294933e-06, "grad_norm": 1.5859375, "peak_allocated": 48806939648}
{"step": 3902, "epoch": 6, "loss": 0.08542017953974816, "lr": 3.342602024189064e-06, "grad_norm": 1.453125, "peak_allocated": 48806939648}
{"step": 3903, "epoch": 6, "loss": 0.0851024146057646, "lr": 3.340094241536729e-06, "grad_norm": 1.5703125, "peak_allocated": 48806939648}
{"step": 3904, "epoch": 6, "loss": 0.0719154483319183, "lr": 3.337586928081352e-06, "grad_norm": 1.2734375, "peak_allocated": 48806939648}
{"step": 3905, "epoch": 6, "loss": 0.08149340862290663, "lr": 3.335080084531661e-06, "grad_norm": 1.6796875, "peak_allocated": 48806939648}
{"step": 3906, "epoch": 6, "loss": 0.0825458881260042, "lr": 3.332573711596252e-06, "grad_norm": 1.5234375, "peak_allocated": 48806939648}
{"step": 3907, "epoch": 6, "loss": 0.0869308608780136, "lr": 3.3300678099835913e-06, "grad_norm": 1.5234375, "peak_allocated": 48806939648}
{"step": 3908, "epoch": 6, "loss": 0.07789209089441813, "lr": 3.3275623804020053e-06, "grad_norm": 1.375, "peak_allocated": 48806939648}
{"step": 3909, "epoch": 6, "loss": 0.08801777012665088, "lr": 3.3250574235596922e-06, "grad_norm": 1.59375, "peak_allocated": 48806939648}
{"step": 3910, "epoch": 6, "loss": 0.08381285430833625, "lr": 3.3225529401647163e-06, "grad_norm": 1.6328125, "peak_allocated": 48806939648}
{"step": 3911, "epoch": 6, "loss": 0.09050785525389926, "lr": 3.320048930925006e-06, "grad_norm": 1.484375, "peak_allocated": 48806939648}
{"step": 3912, "epoch": 6, "loss": 0.07990450098483798, "lr": 3.3175453965483564e-06, "grad_norm": 1.2890625, "peak_allocated": 48806939648}
{"step": 3913, "epoch": 6, "loss": 0.0784789023070524, "lr": 3.315042337742428e-06, "grad_norm": 1.4921875, "peak_allocated": 48806939648}
{"step": 3914, "epoch": 6, "loss": 0.07607436351799451, "lr": 3.3125397552147508e-06, "grad_norm": 1.4140625, "peak_allocated": 48806939648}
{"step": 3915, "epoch": 6, "loss": 0.07128127663743039, "lr": 3.310037649672713e-06, "grad_norm": 1.4296875, "peak_allocated": 48806939648}
{"step": 3916, "epoch": 6, "loss": 0.05959286049235251, "lr": 3.3075360218235725e-06, "grad_norm": 1.3671875, "peak_allocated": 48806939648}
{"step": 3917, "epoch": 6, "loss": 0.10065059711758223, "lr": 3.305034872374453e-06, "grad_norm": 1.546875, "peak_allocated": 48806939648}
{"step": 3918, "epoch": 6, "loss": 0.06365948463058915, "lr": 3.3025342020323405e-06, "grad_norm": 1.578125, "peak_allocated": 48806939648}
{"step": 3919, "epoch": 6, "loss": 0.07968818009170425, "lr": 3.300034011504086e-06, "grad_norm": 1.34375, "peak_allocated": 48806939648}
{"step": 3920, "epoch": 6, "loss": 0.07135581430312257, "lr": 3.2975343014964058e-06, "grad_norm": 1.328125, "peak_allocated": 48806939648}
{"step": 3921, "epoch": 6, "loss": 0.07543119589473585, "lr": 3.2950350727158826e-06, "grad_norm": 1.59375, "peak_allocated": 48806939648}
{"step": 3922, "epoch": 6, "loss": 0.08353358977550786, "lr": 3.2925363258689556e-06, "grad_norm": 1.546875, "peak_allocated": 48806939648}
{"step": 3923, "epoch": 6, "loss": 0.08979312709134184, "lr": 3.2900380616619352e-06, "grad_norm": 1.4609375, "peak_allocated": 48806939648}
{"step": 3924, "epoch": 6, "loss": 0.09479174853449517, "lr": 3.2875402808009945e-06, "grad_norm": 1.6015625, "peak_allocated": 48806939648}
{"step": 3925, "epoch": 6, "loss": 0.11739380289335459, "lr": 3.2850429839921645e-06, "grad_norm": 1.8125, "peak_allocated": 48806939648}
{"step": 3926, "epoch": 6, "loss": 0.07385788127680004, "lr": 3.282546171941345e-06, "grad_norm": 1.375, "peak_allocated": 48806939648}
{"step": 3927, "epoch": 6, "loss": 0.0926678947913081, "lr": 3.2800498453542993e-06, "grad_norm": 1.5625, "peak_allocated": 48806939648}
{"step": 3928, "epoch": 6, "loss": 0.09311455613115573, "lr": 3.277554004936647e-06, "grad_norm": 1.6328125, "peak_allocated": 48806939648}
{"step": 3929, "epoch": 6, "loss": 0.08453385857075288, "lr": 3.2750586513938765e-06, "grad_norm": 1.53125, "peak_allocated": 48806939648}
{"step": 3930, "epoch": 6, "loss": 0.06177223206534858, "lr": 3.272563785431335e-06, "grad_norm": 1.375, "peak_allocated": 48806939648}
{"step": 3931, "epoch": 6, "loss": 0.1092673373835253, "lr": 3.270069407754236e-06, "grad_norm": 1.6796875, "peak_allocated": 48806939648}
{"step": 3932, "epoch": 6, "loss": 0.0853876630392538, "lr": 3.26757551906765e-06, "grad_norm": 1.4296875, "peak_allocated": 48806939648}
{"step": 3933, "epoch": 6, "loss": 0.06960222927559258, "lr": 3.2650821200765127e-06, "grad_norm": 1.4453125, "peak_allocated": 48806939648}
{"step": 3934, "epoch": 6, "loss": 0.09431820639474753, "lr": 3.262589211485621e-06, "grad_norm": 1.8984375, "peak_allocated": 48806939648}
{"step": 3935, "epoch": 6, "loss": 0.0851144834741998, "lr": 3.2600967939996298e-06, "grad_norm": 1.4765625, "peak_allocated": 48806939648}
{"step": 3936, "epoch": 6, "loss": 0.0742664429737831, "lr": 3.2576048683230595e-06, "grad_norm": 1.5625, "peak_allocated": 48806939648}
{"step": 3937, "epoch": 6, "loss": 0.08227049125609406, "lr": 3.2551134351602905e-06, "grad_norm": 1.4765625, "peak_allocated": 48806939648}
{"step": 3938, "epoch": 6, "loss": 0.06049027402470782, "lr": 3.252622495215562e-06, "grad_norm": 1.171875, "peak_allocated": 48806939648}
{"step": 3939, "epoch": 6, "loss": 0.08256680233820858, "lr": 3.2501320491929746e-06, "grad_norm": 1.484375, "peak_allocated": 48806939648}
{"step": 3940, "epoch": 6, "loss": 0.0882188766256684, "lr": 3.247642097796491e-06, "grad_norm": 1.7109375, "peak_allocated": 48806939648}
{"step": 3941, "epoch": 6, "loss": 0.07822784955182721, "lr": 3.245152641729935e-06, "grad_norm": 1.484375, "peak_allocated": 48806939648}
{"step": 3942, "epoch": 6, "loss": 0.08838989460944086, "lr": 3.2426636816969838e-06, "grad_norm": 2.0, "peak_allocated": 48806939648}
{"step": 3943, "epoch": 6, "loss": 0.08087164197719979, "lr": 3.240175218401181e-06, "grad_norm": 1.9140625, "peak_allocated": 48806939648}
{"step": 3944, "epoch": 6, "loss": 0.08976570313156888, "lr": 3.237687252545928e-06, "grad_norm": 1.6875, "peak_allocated": 48806939648}
{"step": 3945, "epoch": 6, "loss": 0.06884154255380956, "lr": 3.235199784834484e-06, "grad_norm": 1.3984375, "peak_allocated": 48806939648}
{"step": 3946, "epoch": 6, "loss": 0.07318930949679524, "lr": 3.2327128159699696e-06, "grad_norm": 1.4921875, "peak_allocated": 48806939648}
{"step": 3947, "epoch": 6, "loss": 0.09933979859560084, "lr": 3.230226346655365e-06, "grad_norm": 1.609375, "peak_allocated": 48806939648}
{"step": 3948, "epoch": 6, "loss": 0.10238464082923851, "lr": 3.2277403775935036e-06, "grad_norm": 1.6328125, "peak_allocated": 48806939648}
{"step": 3949, "epoch": 6, "loss": 0.052594840423215376, "lr": 3.2252549094870834e-06, "grad_norm": 1.234375, "peak_allocated": 48806939648}
{"step": 3950, "epoch": 6, "loss": 0.06364066281944025, "lr": 3.2227699430386592e-06, "grad_norm": 1.53125, "peak_allocated": 48806939648}
{"step": 3951, "epoch": 6, "loss": 0.06714129924665728, "lr": 3.2202854789506445e-06, "grad_norm": 1.359375, "peak_allocated": 48806939648}
{"step": 3952, "epoch": 6, "loss": 0.07332064855064237, "lr": 3.2178015179253075e-06, "grad_norm": 1.5625, "peak_allocated": 48806939648}
{"step": 3953, "epoch": 6, "loss": 0.09755223520158263, "lr": 3.215318060664777e-06, "grad_norm": 1.5859375, "peak_allocated": 48806939648}
{"step": 3954, "epoch": 6, "loss": 0.07900794242300924, "lr": 3.2128351078710425e-06, "grad_norm": 1.6796875, "peak_allocated": 48806939648}
{"step": 3955, "epoch": 6, "loss": 0.0824863325469393, "lr": 3.2103526602459424e-06, "grad_norm": 1.53125, "peak_allocated": 48806939648}
{"step": 3956, "epoch": 6, "loss": 0.07108022006613686, "lr": 3.2078707184911797e-06, "grad_norm": 1.578125, "peak_allocated": 48806939648}
{"step": 3957, "epoch": 6, "loss": 0.08089615480151978, "lr": 3.2053892833083132e-06, "grad_norm": 1.546875, "peak_allocated": 48806939648}
{"step": 3958, "epoch": 6, "loss": 0.08508936013085455, "lr": 3.202908355398755e-06, "grad_norm": 1.578125, "peak_allocated": 48806939648}
{"step": 3959, "epoch": 6, "loss": 0.10751898261027065, "lr": 3.2004279354637756e-06, "grad_norm": 1.8125, "peak_allocated": 48806939648}
{"step": 3960, "epoch": 6, "loss": 0.06260978445324279, "lr": 3.1979480242045047e-06, "grad_norm": 1.1484375, "peak_allocated": 48806939648}
{"step": 3961, "epoch": 6, "loss": 0.08028676063669317, "lr": 3.1954686223219276e-06, "grad_norm": 1.4609375, "peak_allocated": 48806939648}
{"step": 3962, "epoch": 6, "loss": 0.10019601272278826, "lr": 3.19298973051688e-06, "grad_norm": 1.7265625, "peak_allocated": 48806939648}
{"step": 3963, "epoch": 6, "loss": 0.09604127692168865, "lr": 3.190511349490058e-06, "grad_norm": 1.8359375, "peak_allocated": 48806939648}
{"step": 3964, "epoch": 6, "loss": 0.08241431019893872, "lr": 3.1880334799420165e-06, "grad_norm": 1.375, "peak_allocated": 48806939648}
{"step": 3965, "epoch": 6, "loss": 0.061922125530004514, "lr": 3.185556122573157e-06, "grad_norm": 1.140625, "peak_allocated": 48806939648}
{"step": 3966, "epoch": 6, "loss": 0.10460716424419972, "lr": 3.183079278083742e-06, "grad_norm": 1.71875, "peak_allocated": 48806939648}
{"step": 3967, "epoch": 6, "loss": 0.10811759132509705, "lr": 3.1806029471738936e-06, "grad_norm": 1.7578125, "peak_allocated": 48806939648}
{"step": 3968, "epoch": 6, "loss": 0.07992765880291382, "lr": 3.1781271305435767e-06, "grad_norm": 1.5703125, "peak_allocated": 48806939648}
{"step": 3969, "epoch": 6, "loss": 0.0789357181435269, "lr": 3.175651828892622e-06, "grad_norm": 1.515625, "peak_allocated": 48806939648}
{"step": 3970, "epoch": 6, "loss": 0.0962420969211555, "lr": 3.1731770429207078e-06, "grad_norm": 1.484375, "peak_allocated": 48806939648}
{"step": 3971, "epoch": 6, "loss": 0.07116840104051826, "lr": 3.1707027733273717e-06, "grad_norm": 1.53125, "peak_allocated": 48806939648}
{"step": 3972, "epoch": 6, "loss": 0.08075884137731501, "lr": 3.168229020811999e-06, "grad_norm": 1.46875, "peak_allocated": 48806939648}
{"step": 3973, "epoch": 6, "loss": 0.10710455803086702, "lr": 3.1657557860738343e-06, "grad_norm": 1.703125, "peak_allocated": 48806939648}
{"step": 3974, "epoch": 6, "loss": 0.1014604443404916, "lr": 3.1632830698119753e-06, "grad_norm": 1.4375, "peak_allocated": 48806939648}
{"step": 3975, "epoch": 6, "loss": 0.08032088871049471, "lr": 3.1608108727253693e-06, "grad_norm": 1.4921875, "peak_allocated": 48806939648}
{"step": 3976, "epoch": 6, "loss": 0.08396687917210105, "lr": 3.158339195512821e-06, "grad_norm": 1.4765625, "peak_allocated": 48806939648}
{"step": 3977, "epoch": 6, "loss": 0.10346579753158607, "lr": 3.155868038872989e-06, "grad_norm": 1.875, "peak_allocated": 48806939648}
{"step": 3978, "epoch": 6, "loss": 0.08447614662105525, "lr": 3.153397403504377e-06, "grad_norm": 1.3984375, "peak_allocated": 48806939648}
{"step": 3979, "epoch": 6, "loss": 0.07647266186854089, "lr": 3.15092729010535e-06, "grad_norm": 1.5234375, "peak_allocated": 48806939648}
{"step": 3980, "epoch": 6, "loss": 0.09141562346669245, "lr": 3.1484576993741213e-06, "grad_norm": 1.703125, "peak_allocated": 48806939648}
{"step": 3981, "epoch": 6, "loss": 0.09681349801211687, "lr": 3.1459886320087586e-06, "grad_norm": 1.8203125, "peak_allocated": 48806939648}
{"step": 3982, "epoch": 6, "loss": 0.07784326910816576, "lr": 3.1435200887071786e-06, "grad_norm": 1.453125, "peak_allocated": 48806939648}
{"step": 3983, "epoch": 6, "loss": 0.09713383306779688, "lr": 3.141052070167152e-06, "grad_norm": 1.8203125, "peak_allocated": 48806939648}
{"step": 3984, "epoch": 6, "loss": 0.0800021644929263, "lr": 3.138584577086304e-06, "grad_norm": 1.4140625, "peak_allocated": 48806939648}
{"step": 3985, "epoch": 6, "loss": 0.10521622365028296, "lr": 3.1361176101621027e-06, "grad_norm": 1.75, "peak_allocated": 48806939648}
{"step": 3986, "epoch": 6, "loss": 0.07800759916659235, "lr": 3.133651170091876e-06, "grad_norm": 1.6328125, "peak_allocated": 48806939648}
{"step": 3987, "epoch": 6, "loss": 0.08947304013068963, "lr": 3.1311852575727996e-06, "grad_norm": 1.5390625, "peak_allocated": 48806939648}
{"step": 3988, "epoch": 6, "loss": 0.08169261679516067, "lr": 3.128719873301899e-06, "grad_norm": 1.5546875, "peak_allocated": 48806939648}
{"step": 3989, "epoch": 6, "loss": 0.10273146808117806, "lr": 3.126255017976052e-06, "grad_norm": 1.8046875, "peak_allocated": 48806939648}
{"step": 3990, "epoch": 6, "loss": 0.10503403752849995, "lr": 3.1237906922919877e-06, "grad_norm": 1.625, "peak_allocated": 48806939648}
{"step": 3991, "epoch": 6, "loss": 0.07410389291806145, "lr": 3.121326896946285e-06, "grad_norm": 1.546875, "peak_allocated": 48806939648}
{"step": 3992, "epoch": 6, "loss": 0.09844766218699334, "lr": 3.1188636326353684e-06, "grad_norm": 1.7890625, "peak_allocated": 48806939648}
{"step": 3993, "epoch": 6, "loss": 0.07090822489785016, "lr": 3.1164009000555186e-06, "grad_norm": 1.375, "peak_allocated": 48806939648}
{"step": 3994, "epoch": 6, "loss": 0.07814993375805693, "lr": 3.113938699902864e-06, "grad_norm": 1.375, "peak_allocated": 48806939648}
{"step": 3995, "epoch": 6, "loss": 0.07164827756375165, "lr": 3.1114770328733802e-06, "grad_norm": 1.3046875, "peak_allocated": 48806939648}
{"step": 3996, "epoch": 6, "loss": 0.0718782600368886, "lr": 3.109015899662895e-06, "grad_norm": 1.3984375, "peak_allocated": 48806939648}
{"step": 3997, "epoch": 6, "loss": 0.08411353804298084, "lr": 3.1065553009670856e-06, "grad_norm": 1.4609375, "peak_allocated": 48806939648}
{"step": 3998, "epoch": 6, "loss": 0.07320747078663603, "lr": 3.1040952374814726e-06, "grad_norm": 1.7109375, "peak_allocated": 48806939648}
{"step": 3999, "epoch": 6, "loss": 0.08970595136237149, "lr": 3.1016357099014323e-06, "grad_norm": 1.7890625, "peak_allocated": 48806939648}
{"step": 4000, "epoch": 6, "loss": 0.09464943712264662, "lr": 3.0991767189221855e-06, "grad_norm": 1.5625, "peak_allocated": 48806939648}
{"event": "train_stage", "stage": "checkpoint_published", "rank": 0, "local_rank": 0, "world_size": 4, "checkpoint": "step-00004000-4ac10828", "best": false}
{"step": 4001, "epoch": 6, "loss": 0.09945696452481521, "lr": 3.096718265238805e-06, "grad_norm": 1.46875, "peak_allocated": 48806939648}
{"step": 4002, "epoch": 6, "loss": 0.06794458125878407, "lr": 3.094260349546205e-06, "grad_norm": 1.359375, "peak_allocated": 48806939648}
{"step": 4003, "epoch": 6, "loss": 0.08162146716752425, "lr": 3.091802972539155e-06, "grad_norm": 1.5625, "peak_allocated": 48806939648}
{"step": 4004, "epoch": 6, "loss": 0.06731899324891055, "lr": 3.0893461349122694e-06, "grad_norm": 1.3828125, "peak_allocated": 48806939648}
{"step": 4005, "epoch": 6, "loss": 0.09403696978887804, "lr": 3.0868898373600063e-06, "grad_norm": 1.6015625, "peak_allocated": 48806939648}
{"step": 4006, "epoch": 6, "loss": 0.07113510475456684, "lr": 3.084434080576677e-06, "grad_norm": 1.484375, "peak_allocated": 48806939648}
{"step": 4007, "epoch": 6, "loss": 0.09987137529247239, "lr": 3.081978865256438e-06, "grad_norm": 1.609375, "peak_allocated": 48806939648}
{"step": 4008, "epoch": 6, "loss": 0.08149913127582194, "lr": 3.0795241920932905e-06, "grad_norm": 1.3515625, "peak_allocated": 48806939648}
{"step": 4009, "epoch": 6, "loss": 0.09709304608000341, "lr": 3.077070061781086e-06, "grad_norm": 1.4296875, "peak_allocated": 48806939648}
{"step": 4010, "epoch": 6, "loss": 0.090262959945241, "lr": 3.074616475013518e-06, "grad_norm": 1.5703125, "peak_allocated": 48806939648}
{"step": 4011, "epoch": 6, "loss": 0.09942376928611532, "lr": 3.0721634324841347e-06, "grad_norm": 1.8046875, "peak_allocated": 48806939648}
{"step": 4012, "epoch": 6, "loss": 0.06374243626620885, "lr": 3.0697109348863193e-06, "grad_norm": 1.359375, "peak_allocated": 48806939648}
{"step": 4013, "epoch": 6, "loss": 0.08600598394696135, "lr": 3.067258982913308e-06, "grad_norm": 1.5546875, "peak_allocated": 48806939648}
{"step": 4014, "epoch": 6, "loss": 0.09518794211770261, "lr": 3.064807577258184e-06, "grad_norm": 1.5078125, "peak_allocated": 48806939648}
{"step": 4015, "epoch": 6, "loss": 0.08352039777488364, "lr": 3.0623567186138694e-06, "grad_norm": 1.609375, "peak_allocated": 48806939648}
{"step": 4016, "epoch": 6, "loss": 0.08593670661549534, "lr": 3.059906407673138e-06, "grad_norm": 1.59375, "peak_allocated": 48806939648}
{"step": 4017, "epoch": 6, "loss": 0.0908040311430158, "lr": 3.0574566451286094e-06, "grad_norm": 2.140625, "peak_allocated": 48806939648}
{"step": 4018, "epoch": 6, "loss": 0.07140329166180709, "lr": 3.0550074316727385e-06, "grad_norm": 1.5390625, "peak_allocated": 48806939648}
{"step": 4019, "epoch": 6, "loss": 0.0859959357014386, "lr": 3.0525587679978364e-06, "grad_norm": 1.625, "peak_allocated": 48806939648}
{"step": 4020, "epoch": 6, "loss": 0.07429432343699709, "lr": 3.0501106547960523e-06, "grad_norm": 1.3984375, "peak_allocated": 48806939648}
{"step": 4021, "epoch": 6, "loss": 0.07995382084860163, "lr": 3.047663092759384e-06, "grad_norm": 1.3359375, "peak_allocated": 48806939648}
{"step": 4022, "epoch": 6, "loss": 0.07783228243190085, "lr": 3.0452160825796693e-06, "grad_norm": 1.2265625, "peak_allocated": 48806939648}
{"step": 4023, "epoch": 6, "loss": 0.11419967371097653, "lr": 3.0427696249485916e-06, "grad_norm": 2.203125, "peak_allocated": 48806939648}
{"step": 4024, "epoch": 6, "loss": 0.09240550061987954, "lr": 3.040323720557682e-06, "grad_norm": 1.703125, "peak_allocated": 48806939648}
{"step": 4025, "epoch": 6, "loss": 0.07923930727576126, "lr": 3.037878370098306e-06, "grad_norm": 1.5390625, "peak_allocated": 48806939648}
{"step": 4026, "epoch": 6, "loss": 0.0890895791556206, "lr": 3.035433574261681e-06, "grad_norm": 1.5703125, "peak_allocated": 48806939648}
{"step": 4027, "epoch": 6, "loss": 0.10140001874128152, "lr": 3.032989333738865e-06, "grad_norm": 1.671875, "peak_allocated": 48806939648}
{"step": 4028, "epoch": 6, "loss": 0.08292619627584481, "lr": 3.0305456492207587e-06, "grad_norm": 1.4140625, "peak_allocated": 48806939648}
{"step": 4029, "epoch": 6, "loss": 0.09220277483765732, "lr": 3.0281025213981042e-06, "grad_norm": 1.7578125, "peak_allocated": 48806939648}
{"step": 4030, "epoch": 6, "loss": 0.06927672972505176, "lr": 3.0256599509614894e-06, "grad_norm": 1.2734375, "peak_allocated": 48806939648}
{"step": 4031, "epoch": 6, "loss": 0.0741185742906792, "lr": 3.023217938601345e-06, "grad_norm": 1.6015625, "peak_allocated": 48806939648}
{"step": 4032, "epoch": 6, "loss": 0.0809009432651291, "lr": 3.020776485007937e-06, "grad_norm": 1.4296875, "peak_allocated": 48806939648}
{"step": 4033, "epoch": 6, "loss": 0.07356195837157024, "lr": 3.018335590871382e-06, "grad_norm": 1.578125, "peak_allocated": 48806939648}
{"step": 4034, "epoch": 6, "loss": 0.09509997607571039, "lr": 3.0158952568816346e-06, "grad_norm": 1.8046875, "peak_allocated": 48806939648}
{"step": 4035, "epoch": 6, "loss": 0.11096826578401006, "lr": 3.013455483728489e-06, "grad_norm": 1.6640625, "peak_allocated": 48806939648}
{"step": 4036, "epoch": 6, "loss": 0.07021472307189655, "lr": 3.0110162721015857e-06, "grad_norm": 1.3046875, "peak_allocated": 48806939648}
{"step": 4037, "epoch": 6, "loss": 0.09742239732596653, "lr": 3.008577622690405e-06, "grad_norm": 1.453125, "peak_allocated": 48806939648}
{"step": 4038, "epoch": 6, "loss": 0.07426003944235417, "lr": 3.0061395361842637e-06, "grad_norm": 1.484375, "peak_allocated": 48806939648}
{"step": 4039, "epoch": 6, "loss": 0.08658039757821492, "lr": 3.003702013272325e-06, "grad_norm": 1.515625, "peak_allocated": 48806939648}
{"step": 4040, "epoch": 6, "loss": 0.0845420521478213, "lr": 3.0012650546435905e-06, "grad_norm": 1.625, "peak_allocated": 48806939648}
{"step": 4041, "epoch": 6, "loss": 0.06545835267089421, "lr": 2.9988286609869045e-06, "grad_norm": 1.4453125, "peak_allocated": 48806939648}
{"step": 4042, "epoch": 6, "loss": 0.0910330339686963, "lr": 2.9963928329909464e-06, "grad_norm": 1.625, "peak_allocated": 48806939648}
{"step": 4043, "epoch": 6, "loss": 0.08663742233437745, "lr": 2.9939575713442414e-06, "grad_norm": 1.390625, "peak_allocated": 48806939648}
{"step": 4044, "epoch": 6, "loss": 0.09032451209086369, "lr": 2.991522876735154e-06, "grad_norm": 1.5078125, "peak_allocated": 48806939648}
{"step": 4045, "epoch": 6, "loss": 0.09446669736037476, "lr": 2.9890887498518823e-06, "grad_norm": 1.6953125, "peak_allocated": 48806939648}
{"step": 4046, "epoch": 6, "loss": 0.06735059476852498, "lr": 2.9866551913824704e-06, "grad_norm": 1.34375, "peak_allocated": 48806939648}
{"step": 4047, "epoch": 6, "loss": 0.10045264414267857, "lr": 2.9842222020148002e-06, "grad_norm": 1.6796875, "peak_allocated": 48806939648}
{"step": 4048, "epoch": 6, "loss": 0.11007926067140045, "lr": 2.9817897824365917e-06, "grad_norm": 1.5859375, "peak_allocated": 48806939648}
{"step": 4049, "epoch": 6, "loss": 0.08911768846311256, "lr": 2.979357933335404e-06, "grad_norm": 1.8203125, "peak_allocated": 48806939648}
{"step": 4050, "epoch": 6, "loss": 0.07543098324623246, "lr": 2.9769266553986366e-06, "grad_norm": 1.6875, "peak_allocated": 48806939648}
{"step": 4051, "epoch": 6, "loss": 0.09606732674681488, "lr": 2.974495949313526e-06, "grad_norm": 1.8984375, "peak_allocated": 48806939648}
{"step": 4052, "epoch": 6, "loss": 0.0848313399430306, "lr": 2.972065815767145e-06, "grad_norm": 1.5234375, "peak_allocated": 48806939648}
{"step": 4053, "epoch": 6, "loss": 0.09764226810624102, "lr": 2.9696362554464086e-06, "grad_norm": 1.484375, "peak_allocated": 48806939648}
{"step": 4054, "epoch": 6, "loss": 0.09603138972356301, "lr": 2.9672072690380688e-06, "grad_norm": 1.4765625, "peak_allocated": 48806939648}
{"step": 4055, "epoch": 6, "loss": 0.10160693312235382, "lr": 2.9647788572287127e-06, "grad_norm": 1.7265625, "peak_allocated": 48806939648}
{"step": 4056, "epoch": 6, "loss": 0.12418591215748948, "lr": 2.962351020704768e-06, "grad_norm": 1.75, "peak_allocated": 48806939648}
{"step": 4057, "epoch": 6, "loss": 0.09652871418012218, "lr": 2.9599237601525e-06, "grad_norm": 1.5625, "peak_allocated": 48806939648}
{"step": 4058, "epoch": 6, "loss": 0.09810595549848479, "lr": 2.9574970762580067e-06, "grad_norm": 1.6015625, "peak_allocated": 48806939648}
{"step": 4059, "epoch": 6, "loss": 0.08120119634270007, "lr": 2.9550709697072284e-06, "grad_norm": 1.71875, "peak_allocated": 48806939648}
{"step": 4060, "epoch": 6, "loss": 0.10136854779523982, "lr": 2.9526454411859397e-06, "grad_norm": 1.7890625, "peak_allocated": 48806939648}
{"step": 4061, "epoch": 6, "loss": 0.09904425908775341, "lr": 2.950220491379752e-06, "grad_norm": 1.890625, "peak_allocated": 48806939648}
{"step": 4062, "epoch": 6, "loss": 0.08920436030453678, "lr": 2.9477961209741127e-06, "grad_norm": 1.296875, "peak_allocated": 48806939648}
{"step": 4063, "epoch": 6, "loss": 0.07736806412946799, "lr": 2.945372330654307e-06, "grad_norm": 1.453125, "peak_allocated": 48806939648}
{"step": 4064, "epoch": 6, "loss": 0.0886235961352968, "lr": 2.9429491211054573e-06, "grad_norm": 1.5703125, "peak_allocated": 48806939648}
{"step": 4065, "epoch": 6, "loss": 0.07884919374744008, "lr": 2.9405264930125144e-06, "grad_norm": 1.6796875, "peak_allocated": 48806939648}
{"step": 4066, "epoch": 6, "loss": 0.07193970880929876, "lr": 2.938104447060273e-06, "grad_norm": 1.5234375, "peak_allocated": 48806939648}
{"step": 4067, "epoch": 6, "loss": 0.11092648336798011, "lr": 2.9356829839333616e-06, "grad_norm": 1.640625, "peak_allocated": 48806939648}
{"step": 4068, "epoch": 6, "loss": 0.07723412896418892, "lr": 2.9332621043162403e-06, "grad_norm": 1.59375, "peak_allocated": 48806939648}
{"step": 4069, "epoch": 6, "loss": 0.0893083093522524, "lr": 2.930841808893207e-06, "grad_norm": 1.5234375, "peak_allocated": 48806939648}
{"step": 4070, "epoch": 6, "loss": 0.07454005054326034, "lr": 2.928422098348394e-06, "grad_norm": 1.5625, "peak_allocated": 48806939648}
{"step": 4071, "epoch": 6, "loss": 0.0705069911521995, "lr": 2.9260029733657714e-06, "grad_norm": 1.484375, "peak_allocated": 48806939648}
{"step": 4072, "epoch": 6, "loss": 0.08115930396461682, "lr": 2.9235844346291358e-06, "grad_norm": 1.328125, "peak_allocated": 48806939648}
{"step": 4073, "epoch": 6, "loss": 0.10223722327003662, "lr": 2.9211664828221258e-06, "grad_norm": 1.8125, "peak_allocated": 48806939648}
{"step": 4074, "epoch": 6, "loss": 0.06272968553329247, "lr": 2.9187491186282128e-06, "grad_norm": 1.3984375, "peak_allocated": 48806939648}
{"step": 4075, "epoch": 6, "loss": 0.08289234876484933, "lr": 2.9163323427306957e-06, "grad_norm": 1.78125, "peak_allocated": 48806939648}
{"step": 4076, "epoch": 6, "loss": 0.08378302107028301, "lr": 2.913916155812717e-06, "grad_norm": 1.3828125, "peak_allocated": 48806939648}
{"step": 4077, "epoch": 6, "loss": 0.10861724619741059, "lr": 2.9115005585572453e-06, "grad_norm": 1.8515625, "peak_allocated": 48806939648}
{"step": 4078, "epoch": 6, "loss": 0.097514457269906, "lr": 2.909085551647084e-06, "grad_norm": 1.7734375, "peak_allocated": 48806939648}
{"step": 4079, "epoch": 6, "loss": 0.08853234403766011, "lr": 2.9066711357648738e-06, "grad_norm": 1.5390625, "peak_allocated": 48806939648}
{"step": 4080, "epoch": 6, "loss": 0.06583312100552076, "lr": 2.904257311593083e-06, "grad_norm": 1.2578125, "peak_allocated": 48806939648}
{"step": 4081, "epoch": 6, "loss": 0.09640700159296206, "lr": 2.901844079814016e-06, "grad_norm": 1.7421875, "peak_allocated": 48806939648}
{"step": 4082, "epoch": 6, "loss": 0.10601748054794562, "lr": 2.8994314411098044e-06, "grad_norm": 1.6015625, "peak_allocated": 48806939648}
{"step": 4083, "epoch": 6, "loss": 0.08359045326505303, "lr": 2.8970193961624215e-06, "grad_norm": 1.3828125, "peak_allocated": 48806939648}
{"step": 4084, "epoch": 6, "loss": 0.09557446826030819, "lr": 2.8946079456536665e-06, "grad_norm": 1.640625, "peak_allocated": 48806939648}
{"step": 4085, "epoch": 6, "loss": 0.0708456769336497, "lr": 2.8921970902651673e-06, "grad_norm": 1.6328125, "peak_allocated": 48806939648}
{"step": 4086, "epoch": 6, "loss": 0.10730153980792795, "lr": 2.8897868306783943e-06, "grad_norm": 1.7578125, "peak_allocated": 48806939648}
{"step": 4087, "epoch": 6, "loss": 0.08363148645663059, "lr": 2.88737716757464e-06, "grad_norm": 1.6015625, "peak_allocated": 48806939648}
{"step": 4088, "epoch": 6, "loss": 0.08886746507001936, "lr": 2.8849681016350305e-06, "grad_norm": 1.390625, "peak_allocated": 48806939648}
{"step": 4089, "epoch": 6, "loss": 0.11461443129062367, "lr": 2.8825596335405236e-06, "grad_norm": 1.8515625, "peak_allocated": 48806939648}
{"step": 4090, "epoch": 6, "loss": 0.06900540479695576, "lr": 2.880151763971911e-06, "grad_norm": 1.4296875, "peak_allocated": 48806939648}
{"step": 4091, "epoch": 6, "loss": 0.09025550657180043, "lr": 2.8777444936098124e-06, "grad_norm": 1.7578125, "peak_allocated": 48806939648}
{"step": 4092, "epoch": 6, "loss": 0.0910873902151766, "lr": 2.875337823134675e-06, "grad_norm": 1.5546875, "peak_allocated": 48806939648}
{"step": 4093, "epoch": 6, "loss": 0.0832053979723836, "lr": 2.8729317532267845e-06, "grad_norm": 1.6640625, "peak_allocated": 48806939648}
{"step": 4094, "epoch": 6, "loss": 0.0933200833438695, "lr": 2.8705262845662503e-06, "grad_norm": 1.5546875, "peak_allocated": 48806939648}
{"step": 4095, "epoch": 6, "loss": 0.10822890265165921, "lr": 2.868121417833013e-06, "grad_norm": 1.9609375, "peak_allocated": 48806939648}
{"step": 4096, "epoch": 6, "loss": 0.10736638157509222, "lr": 2.865717153706843e-06, "grad_norm": 1.7109375, "peak_allocated": 48806939648}
{"step": 4097, "epoch": 6, "loss": 0.07736976223551571, "lr": 2.863313492867344e-06, "grad_norm": 1.296875, "peak_allocated": 48806939648}
{"step": 4098, "epoch": 6, "loss": 0.09196005397574628, "lr": 2.8609104359939447e-06, "grad_norm": 1.59375, "peak_allocated": 48806939648}
{"step": 4099, "epoch": 6, "loss": 0.09179957350977812, "lr": 2.8585079837659034e-06, "grad_norm": 1.75, "peak_allocated": 48806939648}
{"step": 4100, "epoch": 6, "loss": 0.07873206042546467, "lr": 2.8561061368623146e-06, "grad_norm": 1.3828125, "peak_allocated": 48806939648}
{"step": 4101, "epoch": 6, "loss": 0.09816971774416484, "lr": 2.853704895962087e-06, "grad_norm": 1.5703125, "peak_allocated": 48806939648}
{"step": 4102, "epoch": 6, "loss": 0.08767262723630011, "lr": 2.8513042617439734e-06, "grad_norm": 1.8046875, "peak_allocated": 48806939648}
{"step": 4103, "epoch": 6, "loss": 0.07814329033142789, "lr": 2.848904234886545e-06, "grad_norm": 1.4296875, "peak_allocated": 48806939648}
{"step": 4104, "epoch": 6, "loss": 0.11426311173323492, "lr": 2.8465048160682097e-06, "grad_norm": 1.78125, "peak_allocated": 48806939648}
{"step": 4105, "epoch": 6, "loss": 0.10295764122775782, "lr": 2.8441060059671944e-06, "grad_norm": 1.8046875, "peak_allocated": 48806939648}
{"step": 4106, "epoch": 6, "loss": 0.08956617113706544, "lr": 2.8417078052615588e-06, "grad_norm": 1.7265625, "peak_allocated": 48806939648}
{"step": 4107, "epoch": 6, "loss": 0.0948127822936797, "lr": 2.839310214629194e-06, "grad_norm": 1.796875, "peak_allocated": 48806939648}
{"step": 4108, "epoch": 6, "loss": 0.07885382358076257, "lr": 2.836913234747808e-06, "grad_norm": 1.5546875, "peak_allocated": 48806939648}
{"step": 4109, "epoch": 6, "loss": 0.0810743775453231, "lr": 2.8345168662949476e-06, "grad_norm": 1.5390625, "peak_allocated": 48806939648}
{"step": 4110, "epoch": 6, "loss": 0.07575649993533973, "lr": 2.832121109947981e-06, "grad_norm": 1.6640625, "peak_allocated": 48806939648}
{"step": 4111, "epoch": 6, "loss": 0.08614964103090514, "lr": 2.8297259663841004e-06, "grad_norm": 1.5, "peak_allocated": 48806939648}
{"step": 4112, "epoch": 6, "loss": 0.07750561186508995, "lr": 2.8273314362803337e-06, "grad_norm": 1.5, "peak_allocated": 48806939648}
{"step": 4113, "epoch": 6, "loss": 0.07036719847391616, "lr": 2.8249375203135267e-06, "grad_norm": 1.640625, "peak_allocated": 48806939648}
{"step": 4114, "epoch": 6, "loss": 0.08017509648725962, "lr": 2.822544219160361e-06, "grad_norm": 1.5703125, "peak_allocated": 48806939648}
{"step": 4115, "epoch": 6, "loss": 0.08302822983194806, "lr": 2.8201515334973307e-06, "grad_norm": 1.4296875, "peak_allocated": 48806939648}
{"step": 4116, "epoch": 6, "loss": 0.07921541889334224, "lr": 2.817759464000769e-06, "grad_norm": 1.3984375, "peak_allocated": 48806939648}
{"step": 4117, "epoch": 6, "loss": 0.07511476979516324, "lr": 2.8153680113468285e-06, "grad_norm": 1.5078125, "peak_allocated": 48806939648}
{"step": 4118, "epoch": 6, "loss": 0.10432474656917679, "lr": 2.8129771762114866e-06, "grad_norm": 1.796875, "peak_allocated": 48806939648}
{"step": 4119, "epoch": 6, "loss": 0.12591087617089905, "lr": 2.8105869592705525e-06, "grad_norm": 2.25, "peak_allocated": 48806939648}
{"step": 4120, "epoch": 6, "loss": 0.06846453829567985, "lr": 2.808197361199654e-06, "grad_norm": 1.5625, "peak_allocated": 48806939648}
{"step": 4121, "epoch": 6, "loss": 0.09772760167056903, "lr": 2.8058083826742467e-06, "grad_norm": 1.640625, "peak_allocated": 48806939648}
{"step": 4122, "epoch": 6, "loss": 0.08732933875496955, "lr": 2.803420024369609e-06, "grad_norm": 1.5234375, "peak_allocated": 48806939648}
{"step": 4123, "epoch": 6, "loss": 0.07405192323556767, "lr": 2.8010322869608496e-06, "grad_norm": 1.546875, "peak_allocated": 48806939648}
{"step": 4124, "epoch": 6, "loss": 0.08577290693771135, "lr": 2.798645171122895e-06, "grad_norm": 1.5625, "peak_allocated": 48806939648}
{"step": 4125, "epoch": 6, "loss": 0.05425671617655001, "lr": 2.7962586775304977e-06, "grad_norm": 1.171875, "peak_allocated": 48806939648}
{"step": 4126, "epoch": 6, "loss": 0.06497981087030144, "lr": 2.79387280685824e-06, "grad_norm": 1.3046875, "peak_allocated": 48806939648}
{"step": 4127, "epoch": 6, "loss": 0.08555077789910817, "lr": 2.7914875597805207e-06, "grad_norm": 1.359375, "peak_allocated": 48806939648}
{"step": 4128, "epoch": 6, "loss": 0.07845183434026014, "lr": 2.7891029369715656e-06, "grad_norm": 1.5078125, "peak_allocated": 48806939648}
{"step": 4129, "epoch": 6, "loss": 0.07597476741919121, "lr": 2.786718939105421e-06, "grad_norm": 1.25, "peak_allocated": 48806939648}
{"step": 4130, "epoch": 6, "loss": 0.09764393320994305, "lr": 2.7843355668559664e-06, "grad_norm": 1.75, "peak_allocated": 48806939648}
{"step": 4131, "epoch": 6, "loss": 0.06763971513626438, "lr": 2.781952820896888e-06, "grad_norm": 1.421875, "peak_allocated": 48806939648}
{"step": 4132, "epoch": 6, "loss": 0.08871295087431606, "lr": 2.7795707019017093e-06, "grad_norm": 1.359375, "peak_allocated": 48806939648}
{"step": 4133, "epoch": 6, "loss": 0.08632773894980789, "lr": 2.777189210543774e-06, "grad_norm": 1.734375, "peak_allocated": 48806939648}
{"step": 4134, "epoch": 6, "loss": 0.08693894269039239, "lr": 2.774808347496242e-06, "grad_norm": 1.5703125, "peak_allocated": 48806939648}
{"step": 4135, "epoch": 6, "loss": 0.08072280309581796, "lr": 2.772428113432101e-06, "grad_norm": 1.5234375, "peak_allocated": 48806939648}
{"step": 4136, "epoch": 6, "loss": 0.0861120171604652, "lr": 2.7700485090241564e-06, "grad_norm": 1.46875, "peak_allocated": 48806939648}
{"step": 4137, "epoch": 6, "loss": 0.08227948544863585, "lr": 2.7676695349450457e-06, "grad_norm": 1.40625, "peak_allocated": 48806939648}
{"step": 4138, "epoch": 6, "loss": 0.09612333396861875, "lr": 2.765291191867212e-06, "grad_norm": 1.453125, "peak_allocated": 48806939648}
{"step": 4139, "epoch": 6, "loss": 0.09071821538297205, "lr": 2.762913480462935e-06, "grad_norm": 1.5, "peak_allocated": 48806939648}
{"step": 4140, "epoch": 6, "loss": 0.09229405450862804, "lr": 2.7605364014043124e-06, "grad_norm": 1.5078125, "peak_allocated": 48806939648}
{"step": 4141, "epoch": 6, "loss": 0.07915293618789862, "lr": 2.7581599553632533e-06, "grad_norm": 1.3515625, "peak_allocated": 48806939648}
{"step": 4142, "epoch": 6, "loss": 0.07408136282196708, "lr": 2.7557841430115016e-06, "grad_norm": 1.6796875, "peak_allocated": 48806939648}
{"step": 4143, "epoch": 6, "loss": 0.10081307834940925, "lr": 2.753408965020612e-06, "grad_norm": 1.6875, "peak_allocated": 48806939648}
{"step": 4144, "epoch": 6, "loss": 0.07753006529121347, "lr": 2.7510344220619695e-06, "grad_norm": 1.6171875, "peak_allocated": 48806939648}
{"step": 4145, "epoch": 6, "loss": 0.09413281484654532, "lr": 2.7486605148067656e-06, "grad_norm": 1.6640625, "peak_allocated": 48806939648}
{"step": 4146, "epoch": 6, "loss": 0.09089196505387134, "lr": 2.7462872439260267e-06, "grad_norm": 1.6796875, "peak_allocated": 48806939648}
{"step": 4147, "epoch": 6, "loss": 0.06597567921483957, "lr": 2.743914610090591e-06, "grad_norm": 1.3671875, "peak_allocated": 48806939648}
{"step": 4148, "epoch": 6, "loss": 0.09875518610638105, "lr": 2.7415426139711167e-06, "grad_norm": 1.46875, "peak_allocated": 48806939648}
{"step": 4149, "epoch": 6, "loss": 0.08483437437128533, "lr": 2.739171256238087e-06, "grad_norm": 1.5703125, "peak_allocated": 48806939648}
{"step": 4150, "epoch": 6, "loss": 0.0971936117661229, "lr": 2.7368005375617996e-06, "grad_norm": 1.71875, "peak_allocated": 48806939648}
{"step": 4151, "epoch": 6, "loss": 0.0877523187241908, "lr": 2.7344304586123737e-06, "grad_norm": 1.3125, "peak_allocated": 48806939648}
{"step": 4152, "epoch": 6, "loss": 0.07165353266183942, "lr": 2.7320610200597447e-06, "grad_norm": 1.390625, "peak_allocated": 48806939648}
{"step": 4153, "epoch": 6, "loss": 0.06805280219667882, "lr": 2.7296922225736737e-06, "grad_norm": 1.3671875, "peak_allocated": 48806939648}
{"step": 4154, "epoch": 6, "loss": 0.0884157533443467, "lr": 2.727324066823735e-06, "grad_norm": 1.546875, "peak_allocated": 48806939648}
{"step": 4155, "epoch": 6, "loss": 0.07566140461548683, "lr": 2.72495655347932e-06, "grad_norm": 1.5078125, "peak_allocated": 48806939648}
{"step": 4156, "epoch": 6, "loss": 0.10786100708543411, "lr": 2.7225896832096453e-06, "grad_norm": 1.7421875, "peak_allocated": 48806939648}
{"step": 4157, "epoch": 6, "loss": 0.09477972006961943, "lr": 2.7202234566837417e-06, "grad_norm": 1.6875, "peak_allocated": 48806939648}
{"step": 4158, "epoch": 6, "loss": 0.08331920244298291, "lr": 2.7178578745704552e-06, "grad_norm": 1.7578125, "peak_allocated": 48806939648}
{"step": 4159, "epoch": 6, "loss": 0.08384605923599404, "lr": 2.715492937538453e-06, "grad_norm": 1.6015625, "peak_allocated": 48806939648}
{"step": 4160, "epoch": 6, "loss": 0.08201307826121725, "lr": 2.7131286462562235e-06, "grad_norm": 1.4375, "peak_allocated": 48806939648}
{"step": 4161, "epoch": 6, "loss": 0.09849670010596649, "lr": 2.710765001392065e-06, "grad_norm": 1.5625, "peak_allocated": 48806939648}
{"step": 4162, "epoch": 6, "loss": 0.11203416138995617, "lr": 2.7084020036140967e-06, "grad_norm": 1.71875, "peak_allocated": 48806939648}
{"step": 4163, "epoch": 6, "loss": 0.08458644107427483, "lr": 2.706039653590257e-06, "grad_norm": 1.71875, "peak_allocated": 48806939648}
{"step": 4164, "epoch": 6, "loss": 0.10071426756691872, "lr": 2.7036779519882984e-06, "grad_norm": 1.734375, "peak_allocated": 48806939648}
{"step": 4165, "epoch": 6, "loss": 0.10010221936375609, "lr": 2.701316899475791e-06, "grad_norm": 1.515625, "peak_allocated": 48806939648}
{"step": 4166, "epoch": 6, "loss": 0.0879304267394428, "lr": 2.6989564967201187e-06, "grad_norm": 1.453125, "peak_allocated": 48806939648}
{"step": 4167, "epoch": 6, "loss": 0.062368153889975735, "lr": 2.6965967443884885e-06, "grad_norm": 1.3359375, "peak_allocated": 48806939648}
{"step": 4168, "epoch": 6, "loss": 0.12607628334369775, "lr": 2.6942376431479168e-06, "grad_norm": 2.015625, "peak_allocated": 48806939648}
{"step": 4169, "epoch": 6, "loss": 0.08262768822956774, "lr": 2.691879193665238e-06, "grad_norm": 1.6796875, "peak_allocated": 48806939648}
{"step": 4170, "epoch": 6, "loss": 0.09629748166007222, "lr": 2.689521396607107e-06, "grad_norm": 1.78125, "peak_allocated": 48806939648}
{"step": 4171, "epoch": 6, "loss": 0.11290266483796296, "lr": 2.687164252639983e-06, "grad_norm": 1.703125, "peak_allocated": 48806939648}
{"step": 4172, "epoch": 6, "loss": 0.07926499009705777, "lr": 2.684807762430154e-06, "grad_norm": 1.3828125, "peak_allocated": 48806939648}
{"step": 4173, "epoch": 6, "loss": 0.09542273074227173, "lr": 2.682451926643712e-06, "grad_norm": 1.6328125, "peak_allocated": 48806939648}
{"step": 4174, "epoch": 6, "loss": 0.0685784104061518, "lr": 2.6800967459465736e-06, "grad_norm": 1.359375, "peak_allocated": 48806939648}
{"step": 4175, "epoch": 6, "loss": 0.09350571436387421, "lr": 2.6777422210044634e-06, "grad_norm": 1.796875, "peak_allocated": 48806939648}
{"step": 4176, "epoch": 6, "loss": 0.08820925426869751, "lr": 2.6753883524829205e-06, "grad_norm": 1.7265625, "peak_allocated": 48806939648}
{"step": 4177, "epoch": 6, "loss": 0.09212842908809223, "lr": 2.6730351410473068e-06, "grad_norm": 1.484375, "peak_allocated": 48806939648}
{"step": 4178, "epoch": 6, "loss": 0.09463507499036357, "lr": 2.6706825873627844e-06, "grad_norm": 1.71875, "peak_allocated": 48806939648}
{"step": 4179, "epoch": 6, "loss": 0.09719271933026831, "lr": 2.6683306920943437e-06, "grad_norm": 1.75, "peak_allocated": 48806939648}
{"step": 4180, "epoch": 6, "loss": 0.0716184420180986, "lr": 2.66597945590678e-06, "grad_norm": 1.53125, "peak_allocated": 48806939648}
{"step": 4181, "epoch": 6, "loss": 0.09834147321475308, "lr": 2.6636288794647043e-06, "grad_norm": 1.703125, "peak_allocated": 48806939648}
{"step": 4182, "epoch": 6, "loss": 0.10139424181929288, "lr": 2.661278963432544e-06, "grad_norm": 1.59375, "peak_allocated": 48806939648}
{"step": 4183, "epoch": 6, "loss": 0.07355385477196867, "lr": 2.6589297084745357e-06, "grad_norm": 1.40625, "peak_allocated": 48806939648}
{"step": 4184, "epoch": 6, "loss": 0.07681274640839728, "lr": 2.656581115254736e-06, "grad_norm": 1.4375, "peak_allocated": 48806939648}
{"step": 4185, "epoch": 6, "loss": 0.06660278850974566, "lr": 2.6542331844370017e-06, "grad_norm": 1.4921875, "peak_allocated": 48806939648}
{"step": 4186, "epoch": 6, "loss": 0.0644314079729272, "lr": 2.651885916685017e-06, "grad_norm": 1.3359375, "peak_allocated": 48806939648}
{"step": 4187, "epoch": 6, "loss": 0.07402925811685906, "lr": 2.649539312662269e-06, "grad_norm": 1.3828125, "peak_allocated": 48806939648}
{"step": 4188, "epoch": 6, "loss": 0.08878504749230007, "lr": 2.6471933730320575e-06, "grad_norm": 1.421875, "peak_allocated": 48806939648}
{"step": 4189, "epoch": 6, "loss": 0.08373787597267589, "lr": 2.6448480984575027e-06, "grad_norm": 1.5625, "peak_allocated": 48806939648}
{"step": 4190, "epoch": 6, "loss": 0.07086707612337774, "lr": 2.6425034896015276e-06, "grad_norm": 1.453125, "peak_allocated": 48806939648}
{"step": 4191, "epoch": 6, "loss": 0.06878099117603197, "lr": 2.6401595471268725e-06, "grad_norm": 1.2890625, "peak_allocated": 48806939648}
{"step": 4192, "epoch": 6, "loss": 0.07340908156569793, "lr": 2.6378162716960843e-06, "grad_norm": 1.4375, "peak_allocated": 48806939648}
{"step": 4193, "epoch": 6, "loss": 0.07880295058557618, "lr": 2.6354736639715284e-06, "grad_norm": 1.7578125, "peak_allocated": 48806939648}
{"step": 4194, "epoch": 6, "loss": 0.0860840050916713, "lr": 2.6331317246153755e-06, "grad_norm": 1.6484375, "peak_allocated": 48806939648}
{"step": 4195, "epoch": 6, "loss": 0.08467902568562888, "lr": 2.6307904542896084e-06, "grad_norm": 1.7109375, "peak_allocated": 48806939648}
{"step": 4196, "epoch": 6, "loss": 0.0765333535513931, "lr": 2.6284498536560253e-06, "grad_norm": 1.390625, "peak_allocated": 48806939648}
{"step": 4197, "epoch": 6, "loss": 0.07959733272334188, "lr": 2.626109923376229e-06, "grad_norm": 1.5625, "peak_allocated": 48806939648}
{"step": 4198, "epoch": 6, "loss": 0.08913429537266548, "lr": 2.623770664111637e-06, "grad_norm": 1.65625, "peak_allocated": 48806939648}
{"step": 4199, "epoch": 6, "loss": 0.0988195795542368, "lr": 2.6214320765234713e-06, "grad_norm": 1.8203125, "peak_allocated": 48806939648}
{"step": 4200, "epoch": 6, "loss": 0.07532965387569741, "lr": 2.619094161272775e-06, "grad_norm": 1.4296875, "peak_allocated": 48806939648}
{"step": 4201, "epoch": 6, "loss": 0.10728850661159757, "lr": 2.61675691902039e-06, "grad_norm": 1.75, "peak_allocated": 48806939648}
{"step": 4202, "epoch": 6, "loss": 0.06330917302356942, "lr": 2.6144203504269726e-06, "grad_norm": 1.453125, "peak_allocated": 48806939648}
{"step": 4203, "epoch": 6, "loss": 0.07035267099403818, "lr": 2.6120844561529914e-06, "grad_norm": 1.4765625, "peak_allocated": 48806939648}
{"step": 4204, "epoch": 6, "loss": 0.0771349634950034, "lr": 2.6097492368587195e-06, "grad_norm": 1.5390625, "peak_allocated": 48806939648}
{"step": 4205, "epoch": 6, "loss": 0.1029868239808445, "lr": 2.607414693204241e-06, "grad_norm": 1.7890625, "peak_allocated": 48806939648}
{"step": 4206, "epoch": 6, "loss": 0.09754987351274898, "lr": 2.6050808258494487e-06, "grad_norm": 1.53125, "peak_allocated": 48806939648}
{"step": 4207, "epoch": 6, "loss": 0.06792179094406559, "lr": 2.602747635454047e-06, "grad_norm": 1.40625, "peak_allocated": 48806939648}
{"step": 4208, "epoch": 6, "loss": 0.08961799504349352, "lr": 2.600415122677545e-06, "grad_norm": 1.5078125, "peak_allocated": 48806939648}
{"step": 4209, "epoch": 6, "loss": 0.0818731324124376, "lr": 2.5980832881792615e-06, "grad_norm": 1.4921875, "peak_allocated": 48806939648}
{"step": 4210, "epoch": 6, "loss": 0.09974216843260092, "lr": 2.5957521326183287e-06, "grad_norm": 1.6328125, "peak_allocated": 48806939648}
{"step": 4211, "epoch": 6, "loss": 0.09638725298825135, "lr": 2.593421656653675e-06, "grad_norm": 1.703125, "peak_allocated": 48806939648}
{"step": 4212, "epoch": 6, "loss": 0.08402518117499368, "lr": 2.5910918609440493e-06, "grad_norm": 1.484375, "peak_allocated": 48806939648}
{"step": 4213, "epoch": 6, "loss": 0.08745343610184235, "lr": 2.588762746147999e-06, "grad_norm": 1.5, "peak_allocated": 48806939648}
{"step": 4214, "epoch": 6, "loss": 0.10492501712165607, "lr": 2.586434312923887e-06, "grad_norm": 1.5546875, "peak_allocated": 48806939648}
{"step": 4215, "epoch": 6, "loss": 0.1039902440798656, "lr": 2.5841065619298778e-06, "grad_norm": 1.7109375, "peak_allocated": 48806939648}
{"step": 4216, "epoch": 6, "loss": 0.07806019554689479, "lr": 2.581779493823943e-06, "grad_norm": 1.59375, "peak_allocated": 48806939648}
{"step": 4217, "epoch": 6, "loss": 0.07794536493783118, "lr": 2.579453109263867e-06, "grad_norm": 1.5859375, "peak_allocated": 48806939648}
{"step": 4218, "epoch": 6, "loss": 0.09618804048026983, "lr": 2.5771274089072305e-06, "grad_norm": 1.65625, "peak_allocated": 48806939648}
{"step": 4219, "epoch": 6, "loss": 0.07912483547694908, "lr": 2.5748023934114335e-06, "grad_norm": 1.796875, "peak_allocated": 48806939648}
{"step": 4220, "epoch": 6, "loss": 0.08154199038832426, "lr": 2.5724780634336733e-06, "grad_norm": 1.5234375, "peak_allocated": 48806939648}
{"step": 4221, "epoch": 6, "loss": 0.08644107344159921, "lr": 2.5701544196309543e-06, "grad_norm": 1.7578125, "peak_allocated": 48806939648}
{"step": 4222, "epoch": 6, "loss": 0.0942035165214905, "lr": 2.5678314626600926e-06, "grad_norm": 1.53125, "peak_allocated": 48806939648}
{"step": 4223, "epoch": 6, "loss": 0.08314546536850696, "lr": 2.5655091931777025e-06, "grad_norm": 1.59375, "peak_allocated": 48806939648}
{"step": 4224, "epoch": 6, "loss": 0.0658902294331039, "lr": 2.5631876118402143e-06, "grad_norm": 1.3046875, "peak_allocated": 48806939648}
{"step": 4225, "epoch": 6, "loss": 0.0600259412317023, "lr": 2.5608667193038493e-06, "grad_norm": 1.421875, "peak_allocated": 48806939648}
{"step": 4226, "epoch": 6, "loss": 0.09296940413632857, "lr": 2.5585465162246483e-06, "grad_norm": 1.484375, "peak_allocated": 48806939648}
{"step": 4227, "epoch": 6, "loss": 0.09121482351431147, "lr": 2.556227003258448e-06, "grad_norm": 1.5625, "peak_allocated": 48806939648}
{"step": 4228, "epoch": 6, "loss": 0.10447330064047017, "lr": 2.5539081810608925e-06, "grad_norm": 1.8046875, "peak_allocated": 48806939648}
{"step": 4229, "epoch": 6, "loss": 0.061022836996361296, "lr": 2.5515900502874334e-06, "grad_norm": 1.421875, "peak_allocated": 48806939648}
{"step": 4230, "epoch": 6, "loss": 0.11958634106282562, "lr": 2.549272611593325e-06, "grad_norm": 1.875, "peak_allocated": 48806939648}
{"step": 4231, "epoch": 6, "loss": 0.09219567797997569, "lr": 2.5469558656336245e-06, "grad_norm": 1.3671875, "peak_allocated": 48806939648}
{"step": 4232, "epoch": 6, "loss": 0.07732626018854812, "lr": 2.5446398130631934e-06, "grad_norm": 1.8125, "peak_allocated": 48806939648}
{"step": 4233, "epoch": 6, "loss": 0.07362093560697983, "lr": 2.5423244545366997e-06, "grad_norm": 1.5, "peak_allocated": 48806939648}
{"step": 4234, "epoch": 6, "loss": 0.05267457338600966, "lr": 2.540009790708615e-06, "grad_norm": 1.3984375, "peak_allocated": 48806939648}
{"step": 4235, "epoch": 6, "loss": 0.11565854942031374, "lr": 2.5376958222332095e-06, "grad_norm": 1.625, "peak_allocated": 48806939648}
{"step": 4236, "epoch": 6, "loss": 0.076111184301746, "lr": 2.5353825497645646e-06, "grad_norm": 1.6640625, "peak_allocated": 48806939648}
{"step": 4237, "epoch": 6, "loss": 0.08941701112546795, "lr": 2.53306997395656e-06, "grad_norm": 1.6875, "peak_allocated": 48806939648}
{"step": 4238, "epoch": 6, "loss": 0.08961474023692587, "lr": 2.5307580954628786e-06, "grad_norm": 1.515625, "peak_allocated": 48806939648}
{"step": 4239, "epoch": 6, "loss": 0.08738535799841014, "lr": 2.528446914937006e-06, "grad_norm": 1.625, "peak_allocated": 48806939648}
{"step": 4240, "epoch": 6, "loss": 0.10433573128921088, "lr": 2.526136433032235e-06, "grad_norm": 1.7734375, "peak_allocated": 48806939648}
{"step": 4241, "epoch": 6, "loss": 0.07559994363257161, "lr": 2.5238266504016556e-06, "grad_norm": 1.328125, "peak_allocated": 48806939648}
{"step": 4242, "epoch": 6, "loss": 0.07490700658113303, "lr": 2.5215175676981603e-06, "grad_norm": 1.5859375, "peak_allocated": 48806939648}
{"step": 4243, "epoch": 6, "loss": 0.1063300630223855, "lr": 2.5192091855744494e-06, "grad_norm": 1.6875, "peak_allocated": 48806939648}
{"step": 4244, "epoch": 6, "loss": 0.08291271115518374, "lr": 2.5169015046830194e-06, "grad_norm": 1.5859375, "peak_allocated": 48806939648}
{"step": 4245, "epoch": 6, "loss": 0.09463528416468206, "lr": 2.5145945256761694e-06, "grad_norm": 1.6875, "peak_allocated": 48806939648}
{"step": 4246, "epoch": 6, "loss": 0.06837536978404148, "lr": 2.512288249206002e-06, "grad_norm": 1.453125, "peak_allocated": 48806939648}
{"step": 4247, "epoch": 6, "loss": 0.08187218960750021, "lr": 2.5099826759244217e-06, "grad_norm": 1.53125, "peak_allocated": 48806939648}
{"step": 4248, "epoch": 6, "loss": 0.09599013220075478, "lr": 2.5076778064831314e-06, "grad_norm": 1.875, "peak_allocated": 48806939648}
{"step": 4249, "epoch": 6, "loss": 0.0580694028515768, "lr": 2.505373641533636e-06, "grad_norm": 1.4453125, "peak_allocated": 48806939648}
{"step": 4250, "epoch": 6, "loss": 0.07706066811804725, "lr": 2.5030701817272463e-06, "grad_norm": 1.3046875, "peak_allocated": 48806939648}
{"step": 4251, "epoch": 6, "loss": 0.09194657721900805, "lr": 2.5007674277150618e-06, "grad_norm": 1.4453125, "peak_allocated": 48806939648}
{"step": 4252, "epoch": 6, "loss": 0.08224214765417692, "lr": 2.498465380147997e-06, "grad_norm": 1.6640625, "peak_allocated": 48806939648}
{"step": 4253, "epoch": 6, "loss": 0.08940095293340328, "lr": 2.496164039676756e-06, "grad_norm": 1.4921875, "peak_allocated": 48806939648}
{"step": 4254, "epoch": 6, "loss": 0.07975227699230976, "lr": 2.493863406951847e-06, "grad_norm": 1.5625, "peak_allocated": 48806939648}
{"step": 4255, "epoch": 6, "loss": 0.0736246012568465, "lr": 2.4915634826235796e-06, "grad_norm": 1.4453125, "peak_allocated": 48806939648}
{"step": 4256, "epoch": 6, "loss": 0.09359230951725916, "lr": 2.489264267342059e-06, "grad_norm": 1.6796875, "peak_allocated": 48806939648}
{"step": 4257, "epoch": 6, "loss": 0.10913905327372388, "lr": 2.4869657617571986e-06, "grad_norm": 1.9140625, "peak_allocated": 48806939648}
{"step": 4258, "epoch": 6, "loss": 0.08690159361536341, "lr": 2.4846679665186956e-06, "grad_norm": 1.5546875, "peak_allocated": 48806939648}
{"step": 4259, "epoch": 6, "loss": 0.08651409524494634, "lr": 2.4823708822760635e-06, "grad_norm": 1.6015625, "peak_allocated": 48806939648}
{"step": 4260, "epoch": 6, "loss": 0.1042389462981136, "lr": 2.4800745096786038e-06, "grad_norm": 1.84375, "peak_allocated": 48806939648}
{"step": 4261, "epoch": 6, "loss": 0.08264219182530078, "lr": 2.4777788493754195e-06, "grad_norm": 1.421875, "peak_allocated": 48806939648}
{"step": 4262, "epoch": 6, "loss": 0.07968796361395925, "lr": 2.4754839020154157e-06, "grad_norm": 1.34375, "peak_allocated": 48806939648}
{"step": 4263, "epoch": 6, "loss": 0.07528639195806322, "lr": 2.4731896682472926e-06, "grad_norm": 1.453125, "peak_allocated": 48806939648}
{"step": 4264, "epoch": 6, "loss": 0.0693219212032706, "lr": 2.470896148719549e-06, "grad_norm": 1.375, "peak_allocated": 48806939648}
{"step": 4265, "epoch": 6, "loss": 0.08220178635046292, "lr": 2.46860334408048e-06, "grad_norm": 1.515625, "peak_allocated": 48806939648}
{"step": 4266, "epoch": 6, "loss": 0.09415061695202079, "lr": 2.4663112549781837e-06, "grad_norm": 1.640625, "peak_allocated": 48806939648}
{"step": 4267, "epoch": 6, "loss": 0.08692566172642753, "lr": 2.4640198820605526e-06, "grad_norm": 1.515625, "peak_allocated": 48806939648}
{"step": 4268, "epoch": 6, "loss": 0.10056869442646757, "lr": 2.4617292259752747e-06, "grad_norm": 1.578125, "peak_allocated": 48806939648}
{"step": 4269, "epoch": 6, "loss": 0.09216349557098742, "lr": 2.459439287369842e-06, "grad_norm": 1.59375, "peak_allocated": 48806939648}
{"step": 4270, "epoch": 6, "loss": 0.09237622287834822, "lr": 2.457150066891537e-06, "grad_norm": 1.7421875, "peak_allocated": 48806939648}
{"step": 4271, "epoch": 6, "loss": 0.09320340884508758, "lr": 2.454861565187443e-06, "grad_norm": 1.71875, "peak_allocated": 48806939648}
{"step": 4272, "epoch": 6, "loss": 0.09078979551096694, "lr": 2.4525737829044355e-06, "grad_norm": 1.7578125, "peak_allocated": 48806939648}
{"step": 4273, "epoch": 6, "loss": 0.09763806758953861, "lr": 2.450286720689195e-06, "grad_norm": 1.4765625, "peak_allocated": 48806939648}
{"step": 4274, "epoch": 6, "loss": 0.09208678078571157, "lr": 2.448000379188191e-06, "grad_norm": 1.7265625, "peak_allocated": 48806939648}
{"step": 4275, "epoch": 6, "loss": 0.08366112011126274, "lr": 2.4457147590476905e-06, "grad_norm": 1.5078125, "peak_allocated": 48806939648}
{"step": 4276, "epoch": 6, "loss": 0.09038440951020713, "lr": 2.4434298609137606e-06, "grad_norm": 1.6484375, "peak_allocated": 48806939648}
{"step": 4277, "epoch": 6, "loss": 0.07484620618591349, "lr": 2.441145685432261e-06, "grad_norm": 1.3359375, "peak_allocated": 48806939648}
{"step": 4278, "epoch": 6, "loss": 0.08240280243721196, "lr": 2.438862233248847e-06, "grad_norm": 1.609375, "peak_allocated": 48806939648}
{"step": 4279, "epoch": 6, "loss": 0.09742029537964199, "lr": 2.4365795050089686e-06, "grad_norm": 1.6953125, "peak_allocated": 48806939648}
{"step": 4280, "epoch": 6, "loss": 0.08781241363136245, "lr": 2.4342975013578768e-06, "grad_norm": 1.65625, "peak_allocated": 48806939648}
{"step": 4281, "epoch": 6, "loss": 0.08921975650603603, "lr": 2.432016222940611e-06, "grad_norm": 1.6015625, "peak_allocated": 48806939648}
{"step": 4282, "epoch": 6, "loss": 0.07889745059022632, "lr": 2.429735670402007e-06, "grad_norm": 1.484375, "peak_allocated": 48806939648}
{"step": 4283, "epoch": 6, "loss": 0.07094640163086227, "lr": 2.4274558443867023e-06, "grad_norm": 1.4609375, "peak_allocated": 48806939648}
{"step": 4284, "epoch": 6, "loss": 0.06758612479104849, "lr": 2.425176745539116e-06, "grad_norm": 1.4296875, "peak_allocated": 48806939648}
{"step": 4285, "epoch": 6, "loss": 0.09228505719824967, "lr": 2.422898374503475e-06, "grad_norm": 1.78125, "peak_allocated": 48806939648}
{"step": 4286, "epoch": 6, "loss": 0.09995857089810636, "lr": 2.4206207319237907e-06, "grad_norm": 1.6875, "peak_allocated": 48806939648}
{"step": 4287, "epoch": 6, "loss": 0.10235752012644384, "lr": 2.4183438184438763e-06, "grad_norm": 1.8125, "peak_allocated": 48806939648}
{"step": 4288, "epoch": 6, "loss": 0.06457003186319622, "lr": 2.4160676347073332e-06, "grad_norm": 1.2890625, "peak_allocated": 48806939648}
{"step": 4289, "epoch": 6, "loss": 0.08234788945412053, "lr": 2.4137921813575567e-06, "grad_norm": 1.4375, "peak_allocated": 48806939648}
{"step": 4290, "epoch": 6, "loss": 0.08260971317492286, "lr": 2.411517459037742e-06, "grad_norm": 1.3984375, "peak_allocated": 48806939648}
{"step": 4291, "epoch": 6, "loss": 0.07902680310208608, "lr": 2.409243468390868e-06, "grad_norm": 1.6015625, "peak_allocated": 48806939648}
{"step": 4292, "epoch": 6, "loss": 0.0830951362765234, "lr": 2.4069702100597147e-06, "grad_norm": 1.5703125, "peak_allocated": 48806939648}
{"step": 4293, "epoch": 6, "loss": 0.09016274991545223, "lr": 2.4046976846868523e-06, "grad_norm": 1.546875, "peak_allocated": 48806939648}
{"step": 4294, "epoch": 6, "loss": 0.08304425935696005, "lr": 2.4024258929146414e-06, "grad_norm": 1.2578125, "peak_allocated": 48806939648}
{"step": 4295, "epoch": 6, "loss": 0.09017525215183468, "lr": 2.4001548353852412e-06, "grad_norm": 1.6953125, "peak_allocated": 48806939648}
{"step": 4296, "epoch": 6, "loss": 0.07254998845448184, "lr": 2.3978845127405957e-06, "grad_norm": 1.546875, "peak_allocated": 48806939648}
{"step": 4297, "epoch": 6, "loss": 0.07903292767396018, "lr": 2.3956149256224513e-06, "grad_norm": 1.46875, "peak_allocated": 48806939648}
{"step": 4298, "epoch": 6, "loss": 0.08324144279879349, "lr": 2.393346074672333e-06, "grad_norm": 1.5546875, "peak_allocated": 48806939648}
{"step": 4299, "epoch": 6, "loss": 0.09890463546015682, "lr": 2.3910779605315703e-06, "grad_norm": 1.6015625, "peak_allocated": 48806939648}
{"step": 4300, "epoch": 6, "loss": 0.09616112773104789, "lr": 2.3888105838412776e-06, "grad_norm": 1.5859375, "peak_allocated": 48806939648}
{"step": 4301, "epoch": 6, "loss": 0.08005094777488317, "lr": 2.386543945242361e-06, "grad_norm": 1.625, "peak_allocated": 48806939648}
{"step": 4302, "epoch": 6, "loss": 0.09047424368609204, "lr": 2.3842780453755232e-06, "grad_norm": 1.625, "peak_allocated": 48806939648}
{"step": 4303, "epoch": 6, "loss": 0.06253119424083839, "lr": 2.3820128848812518e-06, "grad_norm": 1.3046875, "peak_allocated": 48806939648}
{"step": 4304, "epoch": 6, "loss": 0.10242877131427772, "lr": 2.3797484643998282e-06, "grad_norm": 1.5859375, "peak_allocated": 48806939648}
{"step": 4305, "epoch": 6, "loss": 0.06610229406079136, "lr": 2.3774847845713233e-06, "grad_norm": 1.3515625, "peak_allocated": 48806939648}
{"step": 4306, "epoch": 6, "loss": 0.09555716487603629, "lr": 2.3752218460356025e-06, "grad_norm": 1.6171875, "peak_allocated": 48806939648}
{"step": 4307, "epoch": 6, "loss": 0.0737918579800898, "lr": 2.3729596494323176e-06, "grad_norm": 1.2734375, "peak_allocated": 48806939648}
{"step": 4308, "epoch": 6, "loss": 0.05952099662183077, "lr": 2.37069819540091e-06, "grad_norm": 1.46875, "peak_allocated": 48806939648}
{"step": 4309, "epoch": 6, "loss": 0.09590743956345878, "lr": 2.368437484580617e-06, "grad_norm": 1.6328125, "peak_allocated": 48806939648}
{"step": 4310, "epoch": 6, "loss": 0.10151536810808526, "lr": 2.3661775176104596e-06, "grad_norm": 1.875, "peak_allocated": 48806939648}
{"step": 4311, "epoch": 6, "loss": 0.11540589703409866, "lr": 2.3639182951292516e-06, "grad_norm": 1.5078125, "peak_allocated": 48806939648}
{"step": 4312, "epoch": 6, "loss": 0.07202339080105304, "lr": 2.3616598177755938e-06, "grad_norm": 1.3203125, "peak_allocated": 48806939648}
{"step": 4313, "epoch": 6, "loss": 0.10481699388312213, "lr": 2.359402086187884e-06, "grad_norm": 1.640625, "peak_allocated": 48806939648}
{"step": 4314, "epoch": 6, "loss": 0.09404869691220469, "lr": 2.3571451010042956e-06, "grad_norm": 1.6015625, "peak_allocated": 48806939648}
{"step": 4315, "epoch": 6, "loss": 0.08263640149685718, "lr": 2.354888862862804e-06, "grad_norm": 1.4375, "peak_allocated": 48806939648}
{"step": 4316, "epoch": 6, "loss": 0.06478250131616738, "lr": 2.352633372401166e-06, "grad_norm": 1.3671875, "peak_allocated": 48806939648}
{"step": 4317, "epoch": 6, "loss": 0.10517519845768888, "lr": 2.350378630256932e-06, "grad_norm": 1.703125, "peak_allocated": 48806939648}
{"step": 4318, "epoch": 6, "loss": 0.08396951490596109, "lr": 2.3481246370674373e-06, "grad_norm": 1.484375, "peak_allocated": 48806939648}
{"step": 4319, "epoch": 6, "loss": 0.0659788727383879, "lr": 2.3458713934698036e-06, "grad_norm": 1.3828125, "peak_allocated": 48806939648}
{"step": 4320, "epoch": 6, "loss": 0.10053520131257286, "lr": 2.3436189001009496e-06, "grad_norm": 1.7109375, "peak_allocated": 48806939648}
{"step": 4321, "epoch": 6, "loss": 0.09129038044201462, "lr": 2.341367157597569e-06, "grad_norm": 1.7890625, "peak_allocated": 48806939648}
{"step": 4322, "epoch": 6, "loss": 0.08365179824653808, "lr": 2.3391161665961547e-06, "grad_norm": 1.3828125, "peak_allocated": 48806939648}
{"step": 4323, "epoch": 6, "loss": 0.0835370647647426, "lr": 2.336865927732982e-06, "grad_norm": 1.421875, "peak_allocated": 48806939648}
{"step": 4324, "epoch": 6, "loss": 0.08811604113857863, "lr": 2.3346164416441113e-06, "grad_norm": 1.484375, "peak_allocated": 48806939648}
{"step": 4325, "epoch": 6, "loss": 0.08024283321900047, "lr": 2.332367708965398e-06, "grad_norm": 1.4921875, "peak_allocated": 48806939648}
{"step": 4326, "epoch": 6, "loss": 0.10408736643502228, "lr": 2.330119730332475e-06, "grad_norm": 1.5546875, "peak_allocated": 48806939648}
{"step": 4327, "epoch": 6, "loss": 0.08013773612389927, "lr": 2.3278725063807733e-06, "grad_norm": 1.609375, "peak_allocated": 48806939648}
{"step": 4328, "epoch": 6, "loss": 0.10258504241731795, "lr": 2.3256260377454954e-06, "grad_norm": 1.5546875, "peak_allocated": 48806939648}
{"step": 4329, "epoch": 6, "loss": 0.09103390821036736, "lr": 2.3233803250616455e-06, "grad_norm": 1.8359375, "peak_allocated": 48806939648}
{"step": 4330, "epoch": 6, "loss": 0.08780447738094382, "lr": 2.3211353689640053e-06, "grad_norm": 1.5546875, "peak_allocated": 48806939648}
{"step": 4331, "epoch": 6, "loss": 0.1023719142828736, "lr": 2.318891170087143e-06, "grad_norm": 1.8515625, "peak_allocated": 48806939648}
{"step": 4332, "epoch": 6, "loss": 0.0927349694815841, "lr": 2.3166477290654187e-06, "grad_norm": 1.4140625, "peak_allocated": 48806939648}
{"step": 4333, "epoch": 6, "loss": 0.08771741567480872, "lr": 2.314405046532972e-06, "grad_norm": 1.2890625, "peak_allocated": 48806939648}
{"step": 4334, "epoch": 6, "loss": 0.06248091833028154, "lr": 2.3121631231237306e-06, "grad_norm": 1.484375, "peak_allocated": 48806939648}
{"step": 4335, "epoch": 6, "loss": 0.09788824374670062, "lr": 2.3099219594714054e-06, "grad_norm": 1.6328125, "peak_allocated": 48806939648}
{"step": 4336, "epoch": 6, "loss": 0.11095526586048529, "lr": 2.307681556209499e-06, "grad_norm": 1.875, "peak_allocated": 48806939648}
{"step": 4337, "epoch": 6, "loss": 0.06766341430436448, "lr": 2.3054419139712913e-06, "grad_norm": 1.4609375, "peak_allocated": 48806939648}
{"step": 4338, "epoch": 6, "loss": 0.09144398373752541, "lr": 2.303203033389849e-06, "grad_norm": 1.8203125, "peak_allocated": 48806939648}
{"step": 4339, "epoch": 6, "loss": 0.09984938523391877, "lr": 2.3009649150980296e-06, "grad_norm": 1.6875, "peak_allocated": 48806939648}
{"step": 4340, "epoch": 6, "loss": 0.06629188593594744, "lr": 2.2987275597284668e-06, "grad_norm": 1.3671875, "peak_allocated": 48806939648}
{"step": 4341, "epoch": 6, "loss": 0.08812059965352041, "lr": 2.296490967913584e-06, "grad_norm": 1.7265625, "peak_allocated": 48806939648}
{"step": 4342, "epoch": 6, "loss": 0.07968155184917325, "lr": 2.294255140285584e-06, "grad_norm": 1.515625, "peak_allocated": 48806939648}
{"step": 4343, "epoch": 6, "loss": 0.09136350030967044, "lr": 2.2920200774764604e-06, "grad_norm": 1.6796875, "peak_allocated": 48806939648}
{"step": 4344, "epoch": 6, "loss": 0.08648002290811892, "lr": 2.2897857801179855e-06, "grad_norm": 1.6328125, "peak_allocated": 48806939648}
{"step": 4345, "epoch": 6, "loss": 0.1150675732140622, "lr": 2.2875522488417148e-06, "grad_norm": 1.6640625, "peak_allocated": 48806939648}
{"step": 4346, "epoch": 6, "loss": 0.08450095302213378, "lr": 2.285319484278992e-06, "grad_norm": 1.59375, "peak_allocated": 48806939648}
{"step": 4347, "epoch": 6, "loss": 0.06820411049316649, "lr": 2.2830874870609388e-06, "grad_norm": 1.359375, "peak_allocated": 48806939648}
{"step": 4348, "epoch": 6, "loss": 0.0976582677733987, "lr": 2.280856257818464e-06, "grad_norm": 2.015625, "peak_allocated": 48806939648}
{"step": 4349, "epoch": 6, "loss": 0.09745298520607237, "lr": 2.2786257971822543e-06, "grad_norm": 1.796875, "peak_allocated": 48806939648}
{"step": 4350, "epoch": 6, "loss": 0.10987330792339002, "lr": 2.2763961057827873e-06, "grad_norm": 1.6328125, "peak_allocated": 48806939648}
{"step": 4351, "epoch": 6, "loss": 0.07235134688982119, "lr": 2.274167184250315e-06, "grad_norm": 1.5546875, "peak_allocated": 48806939648}
{"step": 4352, "epoch": 6, "loss": 0.06620449277093136, "lr": 2.2719390332148743e-06, "grad_norm": 1.3359375, "peak_allocated": 48806939648}
{"step": 4353, "epoch": 6, "loss": 0.07786904053703358, "lr": 2.269711653306291e-06, "grad_norm": 1.46875, "peak_allocated": 48806939648}
{"step": 4354, "epoch": 6, "loss": 0.0723338060003778, "lr": 2.2674850451541585e-06, "grad_norm": 1.578125, "peak_allocated": 48806939648}
{"event": "train_stage", "stage": "validation_loss_complete", "rank": 0, "local_rank": 0, "world_size": 4, "epoch": 7, "val_loss": 0.12687268734057527, "training_seconds": 1598.67, "validation_loss_seconds": 47.98}
{"event": "train_stage", "stage": "validation_gleu_complete", "rank": 0, "local_rank": 0, "world_size": 4, "epoch": 7, "elapsed_seconds": 2901.61, "gleu": 38.8266, "invalid_utf8": 2, "budget_exhausted": 3, "generation_backend": "global-prefix-guarded-greedy-v1", "cache_preliminary_skips": 238916, "cache_guard_refreshes": 5958, "max_rank_peak_allocated_bytes": 48806939648}
{"event": "train_stage", "stage": "checkpoint_published", "rank": 0, "local_rank": 0, "world_size": 4, "checkpoint": "step-00004354-a73d4081", "best": true}
{"event": "train_stage", "stage": "epoch_complete", "rank": 0, "local_rank": 0, "world_size": 4, "epoch": 7, "global_step": 4354, "selection_metric": "val_gleu", "best": true, "val_loss": 0.12687268734057527, "val_gleu": 38.8266, "elapsed_seconds": 4617.68}
{"step": 4355, "epoch": 7, "loss": 0.08371136234719838, "lr": 2.265259209387867e-06, "grad_norm": 1.421875, "peak_allocated": 48806939648}
{"step": 4356, "epoch": 7, "loss": 0.08422501662194178, "lr": 2.263034146636577e-06, "grad_norm": 1.71875, "peak_allocated": 48806939648}
{"step": 4357, "epoch": 7, "loss": 0.0745526440416848, "lr": 2.2608098575292415e-06, "grad_norm": 1.421875, "peak_allocated": 48806939648}
{"step": 4358, "epoch": 7, "loss": 0.09973223129013827, "lr": 2.258586342694585e-06, "grad_norm": 1.8125, "peak_allocated": 48806939648}
{"step": 4359, "epoch": 7, "loss": 0.07390158582370168, "lr": 2.256363602761115e-06, "grad_norm": 1.40625, "peak_allocated": 48806939648}
{"step": 4360, "epoch": 7, "loss": 0.10585695522962374, "lr": 2.2541416383571284e-06, "grad_norm": 1.5625, "peak_allocated": 48806939648}
{"step": 4361, "epoch": 7, "loss": 0.07660891004092346, "lr": 2.251920450110689e-06, "grad_norm": 1.578125, "peak_allocated": 48806939648}
{"step": 4362, "epoch": 7, "loss": 0.08295791493744413, "lr": 2.2497000386496533e-06, "grad_norm": 1.5, "peak_allocated": 48806939648}
{"step": 4363, "epoch": 7, "loss": 0.07633902708554921, "lr": 2.247480404601652e-06, "grad_norm": 1.359375, "peak_allocated": 48806939648}
{"step": 4364, "epoch": 7, "loss": 0.08254122927284402, "lr": 2.2452615485940955e-06, "grad_norm": 1.390625, "peak_allocated": 48806939648}
{"step": 4365, "epoch": 7, "loss": 0.08831140130094639, "lr": 2.243043471254181e-06, "grad_norm": 1.4765625, "peak_allocated": 48806939648}
{"step": 4366, "epoch": 7, "loss": 0.07054592826806534, "lr": 2.240826173208876e-06, "grad_norm": 1.1953125, "peak_allocated": 48806939648}
{"step": 4367, "epoch": 7, "loss": 0.0994871810189864, "lr": 2.2386096550849384e-06, "grad_norm": 1.6171875, "peak_allocated": 48806939648}
{"step": 4368, "epoch": 7, "loss": 0.0687927008885695, "lr": 2.2363939175088933e-06, "grad_norm": 1.5625, "peak_allocated": 48806939648}
{"step": 4369, "epoch": 7, "loss": 0.09650982232497228, "lr": 2.2341789611070564e-06, "grad_norm": 1.640625, "peak_allocated": 48806939648}
{"step": 4370, "epoch": 7, "loss": 0.0832290358526709, "lr": 2.231964786505517e-06, "grad_norm": 1.4375, "peak_allocated": 48806939648}
{"step": 4371, "epoch": 7, "loss": 0.08777070621776446, "lr": 2.229751394330141e-06, "grad_norm": 1.6015625, "peak_allocated": 48806939648}
{"step": 4372, "epoch": 7, "loss": 0.10441079850830387, "lr": 2.2275387852065823e-06, "grad_norm": 1.7578125, "peak_allocated": 48806939648}
{"step": 4373, "epoch": 7, "loss": 0.08519093079236732, "lr": 2.225326959760264e-06, "grad_norm": 1.75, "peak_allocated": 48806939648}
{"step": 4374, "epoch": 7, "loss": 0.09162302424841004, "lr": 2.2231159186163925e-06, "grad_norm": 1.734375, "peak_allocated": 48806939648}
{"step": 4375, "epoch": 7, "loss": 0.06771249575179057, "lr": 2.220905662399949e-06, "grad_norm": 1.4375, "peak_allocated": 48806939648}
{"step": 4376, "epoch": 7, "loss": 0.08498493152042842, "lr": 2.218696191735698e-06, "grad_norm": 1.671875, "peak_allocated": 48806939648}
{"step": 4377, "epoch": 7, "loss": 0.07778783582520148, "lr": 2.216487507248179e-06, "grad_norm": 1.53125, "peak_allocated": 48806939648}
{"step": 4378, "epoch": 7, "loss": 0.09866927932147698, "lr": 2.2142796095617063e-06, "grad_norm": 1.671875, "peak_allocated": 48806939648}
{"step": 4379, "epoch": 7, "loss": 0.10047084568224826, "lr": 2.212072499300379e-06, "grad_norm": 1.6015625, "peak_allocated": 48806939648}
{"step": 4380, "epoch": 7, "loss": 0.0795773752601215, "lr": 2.2098661770880675e-06, "grad_norm": 1.5546875, "peak_allocated": 48806939648}
{"step": 4381, "epoch": 7, "loss": 0.10172946177218965, "lr": 2.207660643548422e-06, "grad_norm": 1.7109375, "peak_allocated": 48806939648}
{"step": 4382, "epoch": 7, "loss": 0.06654066105462553, "lr": 2.2054558993048667e-06, "grad_norm": 1.4921875, "peak_allocated": 48806939648}
{"step": 4383, "epoch": 7, "loss": 0.08888469978192742, "lr": 2.2032519449806095e-06, "grad_norm": 1.6328125, "peak_allocated": 48806939648}
{"step": 4384, "epoch": 7, "loss": 0.06862474689805174, "lr": 2.201048781198629e-06, "grad_norm": 1.578125, "peak_allocated": 48806939648}
{"step": 4385, "epoch": 7, "loss": 0.06765039966713204, "lr": 2.198846408581679e-06, "grad_norm": 1.4375, "peak_allocated": 48806939648}
{"step": 4386, "epoch": 7, "loss": 0.08192991603622285, "lr": 2.1966448277522978e-06, "grad_norm": 1.6640625, "peak_allocated": 48806939648}
{"step": 4387, "epoch": 7, "loss": 0.06639793408231946, "lr": 2.194444039332792e-06, "grad_norm": 1.703125, "peak_allocated": 48806939648}
{"step": 4388, "epoch": 7, "loss": 0.07328434587675403, "lr": 2.192244043945248e-06, "grad_norm": 1.2734375, "peak_allocated": 48806939648}
{"step": 4389, "epoch": 7, "loss": 0.07819837731802756, "lr": 2.190044842211525e-06, "grad_norm": 1.6328125, "peak_allocated": 48806939648}
{"step": 4390, "epoch": 7, "loss": 0.07612583235204069, "lr": 2.187846434753263e-06, "grad_norm": 1.609375, "peak_allocated": 48806939648}
{"step": 4391, "epoch": 7, "loss": 0.08640608555156716, "lr": 2.185648822191873e-06, "grad_norm": 1.296875, "peak_allocated": 48806939648}
{"step": 4392, "epoch": 7, "loss": 0.07488737069249497, "lr": 2.1834520051485414e-06, "grad_norm": 1.2890625, "peak_allocated": 48806939648}
{"step": 4393, "epoch": 7, "loss": 0.07017330276218144, "lr": 2.181255984244236e-06, "grad_norm": 1.765625, "peak_allocated": 48806939648}
{"step": 4394, "epoch": 7, "loss": 0.05619344237119997, "lr": 2.1790607600996873e-06, "grad_norm": 1.0546875, "peak_allocated": 48806939648}
{"step": 4395, "epoch": 7, "loss": 0.07300432567609046, "lr": 2.176866333335414e-06, "grad_norm": 1.4453125, "peak_allocated": 48806939648}
{"step": 4396, "epoch": 7, "loss": 0.09010110487843634, "lr": 2.1746727045716987e-06, "grad_norm": 1.59375, "peak_allocated": 48806939648}
{"step": 4397, "epoch": 7, "loss": 0.07955279304698905, "lr": 2.1724798744286076e-06, "grad_norm": 1.5078125, "peak_allocated": 48806939648}
{"step": 4398, "epoch": 7, "loss": 0.09304714269345139, "lr": 2.1702878435259743e-06, "grad_norm": 1.6171875, "peak_allocated": 48806939648}
{"step": 4399, "epoch": 7, "loss": 0.06904182201587294, "lr": 2.1680966124834072e-06, "grad_norm": 1.2421875, "peak_allocated": 48806939648}
{"step": 4400, "epoch": 7, "loss": 0.09509975296411281, "lr": 2.165906181920296e-06, "grad_norm": 1.5625, "peak_allocated": 48806939648}
{"step": 4401, "epoch": 7, "loss": 0.0769593499074855, "lr": 2.1637165524557906e-06, "grad_norm": 1.78125, "peak_allocated": 48806939648}
{"step": 4402, "epoch": 7, "loss": 0.07445752720745509, "lr": 2.161527724708828e-06, "grad_norm": 1.4140625, "peak_allocated": 48806939648}
{"step": 4403, "epoch": 7, "loss": 0.1061715281257624, "lr": 2.15933969929811e-06, "grad_norm": 1.5703125, "peak_allocated": 48806939648}
{"step": 4404, "epoch": 7, "loss": 0.0889957189057019, "lr": 2.157152476842114e-06, "grad_norm": 1.640625, "peak_allocated": 48806939648}
{"step": 4405, "epoch": 7, "loss": 0.08270274174424042, "lr": 2.1549660579590943e-06, "grad_norm": 1.4140625, "peak_allocated": 48806939648}
{"step": 4406, "epoch": 7, "loss": 0.07215254651224075, "lr": 2.15278044326707e-06, "grad_norm": 1.4140625, "peak_allocated": 48806939648}
{"step": 4407, "epoch": 7, "loss": 0.07335087771973188, "lr": 2.1505956333838435e-06, "grad_norm": 1.5546875, "peak_allocated": 48806939648}
{"step": 4408, "epoch": 7, "loss": 0.09600583251602354, "lr": 2.1484116289269762e-06, "grad_norm": 1.5546875, "peak_allocated": 48806939648}
{"step": 4409, "epoch": 7, "loss": 0.08448138329251041, "lr": 2.1462284305138147e-06, "grad_norm": 1.5078125, "peak_allocated": 48806939648}
{"step": 4410, "epoch": 7, "loss": 0.08967785209204848, "lr": 2.1440460387614713e-06, "grad_norm": 1.609375, "peak_allocated": 48806939648}
{"step": 4411, "epoch": 7, "loss": 0.0841357115425478, "lr": 2.141864454286829e-06, "grad_norm": 1.578125, "peak_allocated": 48806939648}
{"step": 4412, "epoch": 7, "loss": 0.07156109177404638, "lr": 2.1396836777065483e-06, "grad_norm": 1.421875, "peak_allocated": 48806939648}
{"step": 4413, "epoch": 7, "loss": 0.06751301296710799, "lr": 2.137503709637057e-06, "grad_norm": 1.203125, "peak_allocated": 48806939648}
{"step": 4414, "epoch": 7, "loss": 0.08583436375016479, "lr": 2.1353245506945548e-06, "grad_norm": 1.484375, "peak_allocated": 48806939648}
{"step": 4415, "epoch": 7, "loss": 0.08034539754450873, "lr": 2.133146201495011e-06, "grad_norm": 1.3125, "peak_allocated": 48806939648}
{"step": 4416, "epoch": 7, "loss": 0.10974488491277573, "lr": 2.1309686626541733e-06, "grad_norm": 1.90625, "peak_allocated": 48806939648}
{"step": 4417, "epoch": 7, "loss": 0.08983914628664631, "lr": 2.1287919347875518e-06, "grad_norm": 1.65625, "peak_allocated": 48806939648}
{"step": 4418, "epoch": 7, "loss": 0.07408540939151921, "lr": 2.1266160185104305e-06, "grad_norm": 1.6171875, "peak_allocated": 48806939648}
{"step": 4419, "epoch": 7, "loss": 0.07745408889862289, "lr": 2.1244409144378677e-06, "grad_norm": 1.59375, "peak_allocated": 48806939648}
{"step": 4420, "epoch": 7, "loss": 0.08544109300455469, "lr": 2.122266623184686e-06, "grad_norm": 1.703125, "peak_allocated": 48806939648}
{"step": 4421, "epoch": 7, "loss": 0.11418014439151053, "lr": 2.1200931453654823e-06, "grad_norm": 1.8984375, "peak_allocated": 48806939648}
{"step": 4422, "epoch": 7, "loss": 0.07964919536827808, "lr": 2.117920481594619e-06, "grad_norm": 1.375, "peak_allocated": 48806939648}
{"step": 4423, "epoch": 7, "loss": 0.06802933226581277, "lr": 2.1157486324862377e-06, "grad_norm": 1.3203125, "peak_allocated": 48806939648}
{"step": 4424, "epoch": 7, "loss": 0.08453710887318877, "lr": 2.1135775986542396e-06, "grad_norm": 1.5390625, "peak_allocated": 48806939648}
{"step": 4425, "epoch": 7, "loss": 0.09793738692445986, "lr": 2.1114073807122987e-06, "grad_norm": 1.578125, "peak_allocated": 48806939648}
{"step": 4426, "epoch": 7, "loss": 0.08226060516493457, "lr": 2.109237979273863e-06, "grad_norm": 1.46875, "peak_allocated": 48806939648}
{"step": 4427, "epoch": 7, "loss": 0.09375379275595434, "lr": 2.107069394952144e-06, "grad_norm": 1.6015625, "peak_allocated": 48806939648}
{"step": 4428, "epoch": 7, "loss": 0.0757967673933412, "lr": 2.104901628360125e-06, "grad_norm": 1.4609375, "peak_allocated": 48806939648}
{"step": 4429, "epoch": 7, "loss": 0.05695623292216004, "lr": 2.1027346801105537e-06, "grad_norm": 1.2578125, "peak_allocated": 48806939648}
{"step": 4430, "epoch": 7, "loss": 0.08926312349329865, "lr": 2.100568550815955e-06, "grad_norm": 1.5078125, "peak_allocated": 48806939648}
{"step": 4431, "epoch": 7, "loss": 0.08972311121011513, "lr": 2.0984032410886156e-06, "grad_norm": 1.5703125, "peak_allocated": 48806939648}
{"step": 4432, "epoch": 7, "loss": 0.058268943816619685, "lr": 2.0962387515405904e-06, "grad_norm": 1.1953125, "peak_allocated": 48806939648}
{"step": 4433, "epoch": 7, "loss": 0.08001207133531699, "lr": 2.094075082783709e-06, "grad_norm": 1.6953125, "peak_allocated": 48806939648}
{"step": 4434, "epoch": 7, "loss": 0.07469178624966394, "lr": 2.091912235429559e-06, "grad_norm": 1.7265625, "peak_allocated": 48806939648}
{"step": 4435, "epoch": 7, "loss": 0.07273102647984696, "lr": 2.0897502100895054e-06, "grad_norm": 1.2734375, "peak_allocated": 48806939648}
{"step": 4436, "epoch": 7, "loss": 0.09561383110213773, "lr": 2.087589007374676e-06, "grad_norm": 1.5546875, "peak_allocated": 48806939648}
{"step": 4437, "epoch": 7, "loss": 0.0880777342521858, "lr": 2.085428627895963e-06, "grad_norm": 1.4296875, "peak_allocated": 48806939648}
{"step": 4438, "epoch": 7, "loss": 0.07531483198644517, "lr": 2.0832690722640346e-06, "grad_norm": 1.3515625, "peak_allocated": 48806939648}
{"step": 4439, "epoch": 7, "loss": 0.07246016433218565, "lr": 2.081110341089318e-06, "grad_norm": 1.4765625, "peak_allocated": 48806939648}
{"step": 4440, "epoch": 7, "loss": 0.08676911716355779, "lr": 2.0789524349820152e-06, "grad_norm": 1.5625, "peak_allocated": 48806939648}
{"step": 4441, "epoch": 7, "loss": 0.11794759849074453, "lr": 2.076795354552083e-06, "grad_norm": 2.125, "peak_allocated": 48806939648}
{"step": 4442, "epoch": 7, "loss": 0.08080582245306596, "lr": 2.074639100409258e-06, "grad_norm": 1.5078125, "peak_allocated": 48806939648}
{"step": 4443, "epoch": 7, "loss": 0.07828092220275241, "lr": 2.072483673163036e-06, "grad_norm": 1.6015625, "peak_allocated": 48806939648}
{"step": 4444, "epoch": 7, "loss": 0.08211631081823179, "lr": 2.0703290734226777e-06, "grad_norm": 1.65625, "peak_allocated": 48806939648}
{"step": 4445, "epoch": 7, "loss": 0.10923723797971932, "lr": 2.068175301797217e-06, "grad_norm": 1.890625, "peak_allocated": 48806939648}
{"step": 4446, "epoch": 7, "loss": 0.08034084244822147, "lr": 2.0660223588954466e-06, "grad_norm": 1.34375, "peak_allocated": 48806939648}
{"step": 4447, "epoch": 7, "loss": 0.0954053929085777, "lr": 2.0638702453259283e-06, "grad_norm": 1.640625, "peak_allocated": 48806939648}
{"step": 4448, "epoch": 7, "loss": 0.07984845826074476, "lr": 2.0617189616969876e-06, "grad_norm": 1.5390625, "peak_allocated": 48806939648}
{"step": 4449, "epoch": 7, "loss": 0.07870735677041991, "lr": 2.0595685086167194e-06, "grad_norm": 1.625, "peak_allocated": 48806939648}
{"step": 4450, "epoch": 7, "loss": 0.09151776219698858, "lr": 2.05741888669298e-06, "grad_norm": 1.6015625, "peak_allocated": 48806939648}
{"step": 4451, "epoch": 7, "loss": 0.07546387521878932, "lr": 2.0552700965333893e-06, "grad_norm": 1.5078125, "peak_allocated": 48806939648}
{"step": 4452, "epoch": 7, "loss": 0.0687673534652981, "lr": 2.0531221387453394e-06, "grad_norm": 1.4375, "peak_allocated": 48806939648}
{"step": 4453, "epoch": 7, "loss": 0.10613446727776939, "lr": 2.0509750139359797e-06, "grad_norm": 1.8359375, "peak_allocated": 48806939648}
{"step": 4454, "epoch": 7, "loss": 0.09882962581503602, "lr": 2.048828722712227e-06, "grad_norm": 1.6640625, "peak_allocated": 48806939648}
{"step": 4455, "epoch": 7, "loss": 0.07385995072193363, "lr": 2.0466832656807612e-06, "grad_norm": 1.5, "peak_allocated": 48806939648}
{"step": 4456, "epoch": 7, "loss": 0.08074193556072458, "lr": 2.04453864344803e-06, "grad_norm": 1.5078125, "peak_allocated": 48806939648}
{"step": 4457, "epoch": 7, "loss": 0.09597526298350793, "lr": 2.0423948566202417e-06, "grad_norm": 1.7265625, "peak_allocated": 48806939648}
{"step": 4458, "epoch": 7, "loss": 0.07684539998578895, "lr": 2.0402519058033672e-06, "grad_norm": 1.4375, "peak_allocated": 48806939648}
{"step": 4459, "epoch": 7, "loss": 0.09341924568730085, "lr": 2.038109791603147e-06, "grad_norm": 1.6796875, "peak_allocated": 48806939648}
{"step": 4460, "epoch": 7, "loss": 0.0672597284277195, "lr": 2.03596851462508e-06, "grad_norm": 1.34375, "peak_allocated": 48806939648}
{"step": 4461, "epoch": 7, "loss": 0.08256984040407626, "lr": 2.033828075474429e-06, "grad_norm": 1.453125, "peak_allocated": 48806939648}
{"step": 4462, "epoch": 7, "loss": 0.0853943098100134, "lr": 2.0316884747562194e-06, "grad_norm": 1.5859375, "peak_allocated": 48806939648}
{"step": 4463, "epoch": 7, "loss": 0.074904052025698, "lr": 2.029549713075245e-06, "grad_norm": 1.6640625, "peak_allocated": 48806939648}
{"step": 4464, "epoch": 7, "loss": 0.08012583411284038, "lr": 2.0274117910360565e-06, "grad_norm": 1.328125, "peak_allocated": 48806939648}
{"step": 4465, "epoch": 7, "loss": 0.09200744310683703, "lr": 2.0252747092429675e-06, "grad_norm": 1.5546875, "peak_allocated": 48806939648}
{"step": 4466, "epoch": 7, "loss": 0.10450269971171594, "lr": 2.023138468300061e-06, "grad_norm": 1.75, "peak_allocated": 48806939648}
{"step": 4467, "epoch": 7, "loss": 0.08732586678868327, "lr": 2.0210030688111703e-06, "grad_norm": 1.515625, "peak_allocated": 48806939648}
{"step": 4468, "epoch": 7, "loss": 0.09483167498194808, "lr": 2.018868511379903e-06, "grad_norm": 1.453125, "peak_allocated": 48806939648}
{"step": 4469, "epoch": 7, "loss": 0.09948613044120923, "lr": 2.016734796609619e-06, "grad_norm": 1.796875, "peak_allocated": 48806939648}
{"step": 4470, "epoch": 7, "loss": 0.07345171095078239, "lr": 2.0146019251034492e-06, "grad_norm": 1.40625, "peak_allocated": 48806939648}
{"step": 4471, "epoch": 7, "loss": 0.09129528990224493, "lr": 2.012469897464279e-06, "grad_norm": 1.671875, "peak_allocated": 48806939648}
{"step": 4472, "epoch": 7, "loss": 0.06938555705165614, "lr": 2.0103387142947557e-06, "grad_norm": 1.6015625, "peak_allocated": 48806939648}
{"step": 4473, "epoch": 7, "loss": 0.09603437547714712, "lr": 2.0082083761972956e-06, "grad_norm": 1.75, "peak_allocated": 48806939648}
{"step": 4474, "epoch": 7, "loss": 0.08811834171560715, "lr": 2.006078883774062e-06, "grad_norm": 1.7578125, "peak_allocated": 48806939648}
{"step": 4475, "epoch": 7, "loss": 0.10849042458772062, "lr": 2.003950237626994e-06, "grad_norm": 1.7890625, "peak_allocated": 48806939648}
{"step": 4476, "epoch": 7, "loss": 0.08196603722480549, "lr": 2.001822438357784e-06, "grad_norm": 1.4609375, "peak_allocated": 48806939648}
{"step": 4477, "epoch": 7, "loss": 0.08012067781641478, "lr": 1.999695486567882e-06, "grad_norm": 1.6328125, "peak_allocated": 48806939648}
{"step": 4478, "epoch": 7, "loss": 0.0671572683461599, "lr": 1.9975693828585075e-06, "grad_norm": 1.53125, "peak_allocated": 48806939648}
{"step": 4479, "epoch": 7, "loss": 0.0870003689108899, "lr": 1.9954441278306307e-06, "grad_norm": 1.4765625, "peak_allocated": 48806939648}
{"step": 4480, "epoch": 7, "loss": 0.0816348913432345, "lr": 1.993319722084993e-06, "grad_norm": 1.6015625, "peak_allocated": 48806939648}
{"step": 4481, "epoch": 7, "loss": 0.07046730696850649, "lr": 1.9911961662220814e-06, "grad_norm": 1.5390625, "peak_allocated": 48806939648}
{"step": 4482, "epoch": 7, "loss": 0.0928910353253037, "lr": 1.9890734608421553e-06, "grad_norm": 1.78125, "peak_allocated": 48806939648}
{"step": 4483, "epoch": 7, "loss": 0.0856496170403246, "lr": 1.9869516065452277e-06, "grad_norm": 1.7109375, "peak_allocated": 48806939648}
{"step": 4484, "epoch": 7, "loss": 0.053271421293721394, "lr": 1.9848306039310715e-06, "grad_norm": 1.2890625, "peak_allocated": 48806939648}
{"step": 4485, "epoch": 7, "loss": 0.07619823782340211, "lr": 1.982710453599219e-06, "grad_norm": 1.484375, "peak_allocated": 48806939648}
{"step": 4486, "epoch": 7, "loss": 0.08304270917163908, "lr": 1.9805911561489645e-06, "grad_norm": 1.3515625, "peak_allocated": 48806939648}
{"step": 4487, "epoch": 7, "loss": 0.0847056299911148, "lr": 1.9784727121793566e-06, "grad_norm": 1.6484375, "peak_allocated": 48806939648}
{"step": 4488, "epoch": 7, "loss": 0.09174107919425714, "lr": 1.976355122289205e-06, "grad_norm": 1.5625, "peak_allocated": 48806939648}
{"step": 4489, "epoch": 7, "loss": 0.08048883421697117, "lr": 1.9742383870770797e-06, "grad_norm": 1.5078125, "peak_allocated": 48806939648}
{"step": 4490, "epoch": 7, "loss": 0.08496095869365225, "lr": 1.9721225071413064e-06, "grad_norm": 1.3046875, "peak_allocated": 48806939648}
{"step": 4491, "epoch": 7, "loss": 0.0881419816366793, "lr": 1.970007483079969e-06, "grad_norm": 1.515625, "peak_allocated": 48806939648}
{"step": 4492, "epoch": 7, "loss": 0.09520500585206472, "lr": 1.9678933154909096e-06, "grad_norm": 1.546875, "peak_allocated": 48806939648}
{"step": 4493, "epoch": 7, "loss": 0.06564320731056374, "lr": 1.9657800049717325e-06, "grad_norm": 1.2734375, "peak_allocated": 48806939648}
{"step": 4494, "epoch": 7, "loss": 0.07176461046922349, "lr": 1.963667552119794e-06, "grad_norm": 1.5234375, "peak_allocated": 48806939648}
{"step": 4495, "epoch": 7, "loss": 0.08439382424731226, "lr": 1.961555957532208e-06, "grad_norm": 1.421875, "peak_allocated": 48806939648}
{"step": 4496, "epoch": 7, "loss": 0.09114360540047552, "lr": 1.9594452218058547e-06, "grad_norm": 1.5234375, "peak_allocated": 48806939648}
{"step": 4497, "epoch": 7, "loss": 0.06827156124385345, "lr": 1.957335345537356e-06, "grad_norm": 1.34375, "peak_allocated": 48806939648}
{"step": 4498, "epoch": 7, "loss": 0.08010842348383451, "lr": 1.9552263293231067e-06, "grad_norm": 1.6484375, "peak_allocated": 48806939648}
{"step": 4499, "epoch": 7, "loss": 0.07082140640798855, "lr": 1.953118173759246e-06, "grad_norm": 1.515625, "peak_allocated": 48806939648}
{"step": 4500, "epoch": 7, "loss": 0.07973950860431314, "lr": 1.951010879441681e-06, "grad_norm": 1.578125, "peak_allocated": 48806939648}
{"event": "train_stage", "stage": "checkpoint_published", "rank": 0, "local_rank": 0, "world_size": 4, "checkpoint": "step-00004500-e0e71b27", "best": false}
{"step": 4501, "epoch": 7, "loss": 0.06459424752875563, "lr": 1.948904446966067e-06, "grad_norm": 1.1796875, "peak_allocated": 48806939648}
{"step": 4502, "epoch": 7, "loss": 0.12017587541286538, "lr": 1.9467988769278156e-06, "grad_norm": 1.734375, "peak_allocated": 48806939648}
{"step": 4503, "epoch": 7, "loss": 0.08439533162991043, "lr": 1.944694169922104e-06, "grad_norm": 1.5234375, "peak_allocated": 48806939648}
{"step": 4504, "epoch": 7, "loss": 0.090230715214377, "lr": 1.942590326543851e-06, "grad_norm": 1.8203125, "peak_allocated": 48806939648}
{"step": 4505, "epoch": 7, "loss": 0.09016892761795348, "lr": 1.940487347387745e-06, "grad_norm": 1.734375, "peak_allocated": 48806939648}
{"step": 4506, "epoch": 7, "loss": 0.08489193460244202, "lr": 1.938385233048222e-06, "grad_norm": 1.4453125, "peak_allocated": 48806939648}
{"step": 4507, "epoch": 7, "loss": 0.0699211949649894, "lr": 1.9362839841194748e-06, "grad_norm": 1.296875, "peak_allocated": 48806939648}
{"step": 4508, "epoch": 7, "loss": 0.10795288212888274, "lr": 1.9341836011954547e-06, "grad_norm": 1.8359375, "peak_allocated": 48806939648}
{"step": 4509, "epoch": 7, "loss": 0.10012702601426715, "lr": 1.932084084869863e-06, "grad_norm": 1.5625, "peak_allocated": 48806939648}
{"step": 4510, "epoch": 7, "loss": 0.0802381880731082, "lr": 1.929985435736165e-06, "grad_norm": 1.4609375, "peak_allocated": 48806939648}
{"step": 4511, "epoch": 7, "loss": 0.09157066873804628, "lr": 1.9278876543875672e-06, "grad_norm": 1.46875, "peak_allocated": 48806939648}
{"step": 4512, "epoch": 7, "loss": 0.08465713985498954, "lr": 1.9257907414170447e-06, "grad_norm": 1.5859375, "peak_allocated": 48806939648}
{"step": 4513, "epoch": 7, "loss": 0.07195426056038165, "lr": 1.9236946974173188e-06, "grad_norm": 1.2734375, "peak_allocated": 48806939648}
{"step": 4514, "epoch": 7, "loss": 0.0689651567197127, "lr": 1.9215995229808655e-06, "grad_norm": 1.390625, "peak_allocated": 48806939648}
{"step": 4515, "epoch": 7, "loss": 0.08546011722542189, "lr": 1.9195052186999203e-06, "grad_norm": 1.4921875, "peak_allocated": 48806939648}
{"step": 4516, "epoch": 7, "loss": 0.05777776039065516, "lr": 1.9174117851664677e-06, "grad_norm": 1.421875, "peak_allocated": 48806939648}
{"step": 4517, "epoch": 7, "loss": 0.09350320679924295, "lr": 1.915319222972248e-06, "grad_norm": 1.4765625, "peak_allocated": 48806939648}
{"step": 4518, "epoch": 7, "loss": 0.08311835684782987, "lr": 1.9132275327087528e-06, "grad_norm": 1.6015625, "peak_allocated": 48806939648}
{"step": 4519, "epoch": 7, "loss": 0.07191182676597821, "lr": 1.9111367149672335e-06, "grad_norm": 1.5078125, "peak_allocated": 48806939648}
{"step": 4520, "epoch": 7, "loss": 0.08613036386317481, "lr": 1.9090467703386877e-06, "grad_norm": 1.453125, "peak_allocated": 48806939648}
{"step": 4521, "epoch": 7, "loss": 0.07993401105595803, "lr": 1.9069576994138682e-06, "grad_norm": 1.5234375, "peak_allocated": 48806939648}
{"step": 4522, "epoch": 7, "loss": 0.08274581448799606, "lr": 1.9048695027832864e-06, "grad_norm": 1.5234375, "peak_allocated": 48806939648}
{"step": 4523, "epoch": 7, "loss": 0.07299800832572925, "lr": 1.9027821810371982e-06, "grad_norm": 1.640625, "peak_allocated": 48806939648}
{"step": 4524, "epoch": 7, "loss": 0.060567041275369944, "lr": 1.9006957347656179e-06, "grad_norm": 1.3203125, "peak_allocated": 48806939648}
{"step": 4525, "epoch": 7, "loss": 0.07409869503391173, "lr": 1.898610164558307e-06, "grad_norm": 1.296875, "peak_allocated": 48806939648}
{"step": 4526, "epoch": 7, "loss": 0.07290259581110878, "lr": 1.8965254710047882e-06, "grad_norm": 1.4765625, "peak_allocated": 48806939648}
{"step": 4527, "epoch": 7, "loss": 0.10687407842554149, "lr": 1.8944416546943272e-06, "grad_norm": 1.578125, "peak_allocated": 48806939648}
{"step": 4528, "epoch": 7, "loss": 0.10160154903981795, "lr": 1.8923587162159458e-06, "grad_norm": 1.8046875, "peak_allocated": 48806939648}
{"step": 4529, "epoch": 7, "loss": 0.09676095540527611, "lr": 1.8902766561584197e-06, "grad_norm": 1.5859375, "peak_allocated": 48806939648}
{"step": 4530, "epoch": 7, "loss": 0.08833522989557174, "lr": 1.888195475110272e-06, "grad_norm": 1.8828125, "peak_allocated": 48806939648}
{"step": 4531, "epoch": 7, "loss": 0.07992564386204293, "lr": 1.8861151736597806e-06, "grad_norm": 1.3984375, "peak_allocated": 48806939648}
{"step": 4532, "epoch": 7, "loss": 0.0841383590427556, "lr": 1.884035752394971e-06, "grad_norm": 1.734375, "peak_allocated": 48806939648}
{"step": 4533, "epoch": 7, "loss": 0.08660533399546141, "lr": 1.8819572119036262e-06, "grad_norm": 1.671875, "peak_allocated": 48806939648}
{"step": 4534, "epoch": 7, "loss": 0.09041416085761285, "lr": 1.8798795527732739e-06, "grad_norm": 1.390625, "peak_allocated": 48806939648}
{"step": 4535, "epoch": 7, "loss": 0.08297271801291456, "lr": 1.8778027755911943e-06, "grad_norm": 1.3515625, "peak_allocated": 48806939648}
{"step": 4536, "epoch": 7, "loss": 0.10562323648558503, "lr": 1.8757268809444246e-06, "grad_norm": 1.6875, "peak_allocated": 48806939648}
{"step": 4537, "epoch": 7, "loss": 0.060435530426240384, "lr": 1.8736518694197397e-06, "grad_norm": 1.359375, "peak_allocated": 48806939648}
{"step": 4538, "epoch": 7, "loss": 0.07847600480129374, "lr": 1.8715777416036785e-06, "grad_norm": 1.59375, "peak_allocated": 48806939648}
{"step": 4539, "epoch": 7, "loss": 0.08130652211251448, "lr": 1.8695044980825189e-06, "grad_norm": 1.75, "peak_allocated": 48806939648}
{"step": 4540, "epoch": 7, "loss": 0.07449674290564011, "lr": 1.867432139442299e-06, "grad_norm": 1.265625, "peak_allocated": 48806939648}
{"step": 4541, "epoch": 7, "loss": 0.0707409777486524, "lr": 1.8653606662687985e-06, "grad_norm": 1.3984375, "peak_allocated": 48806939648}
{"step": 4542, "epoch": 7, "loss": 0.08385555860501007, "lr": 1.8632900791475495e-06, "grad_norm": 1.484375, "peak_allocated": 48806939648}
{"step": 4543, "epoch": 7, "loss": 0.11870775850418036, "lr": 1.8612203786638382e-06, "grad_norm": 2.03125, "peak_allocated": 48806939648}
{"step": 4544, "epoch": 7, "loss": 0.09360309966055937, "lr": 1.8591515654026903e-06, "grad_norm": 1.609375, "peak_allocated": 48806939648}
{"step": 4545, "epoch": 7, "loss": 0.10261253641232418, "lr": 1.8570836399488906e-06, "grad_norm": 1.90625, "peak_allocated": 48806939648}
{"step": 4546, "epoch": 7, "loss": 0.09021360225950106, "lr": 1.8550166028869681e-06, "grad_norm": 1.75, "peak_allocated": 48806939648}
{"step": 4547, "epoch": 7, "loss": 0.07436939032593885, "lr": 1.8529504548011995e-06, "grad_norm": 1.3671875, "peak_allocated": 48806939648}
{"step": 4548, "epoch": 7, "loss": 0.08165935054062395, "lr": 1.8508851962756152e-06, "grad_norm": 1.546875, "peak_allocated": 48806939648}
{"step": 4549, "epoch": 7, "loss": 0.06844961366404446, "lr": 1.8488208278939878e-06, "grad_norm": 1.4375, "peak_allocated": 48806939648}
{"step": 4550, "epoch": 7, "loss": 0.08451246313239187, "lr": 1.8467573502398472e-06, "grad_norm": 1.5546875, "peak_allocated": 48806939648}
{"step": 4551, "epoch": 7, "loss": 0.08694526930750603, "lr": 1.8446947638964584e-06, "grad_norm": 1.546875, "peak_allocated": 48806939648}
{"step": 4552, "epoch": 7, "loss": 0.08834247667800167, "lr": 1.8426330694468481e-06, "grad_norm": 1.390625, "peak_allocated": 48806939648}
{"step": 4553, "epoch": 7, "loss": 0.07403049422667966, "lr": 1.8405722674737818e-06, "grad_norm": 1.296875, "peak_allocated": 48806939648}
{"step": 4554, "epoch": 7, "loss": 0.06149414294965008, "lr": 1.8385123585597753e-06, "grad_norm": 1.4375, "peak_allocated": 48806939648}
{"step": 4555, "epoch": 7, "loss": 0.13646255390930156, "lr": 1.8364533432870946e-06, "grad_norm": 2.078125, "peak_allocated": 48806939648}
{"step": 4556, "epoch": 7, "loss": 0.07286941386548856, "lr": 1.8343952222377499e-06, "grad_norm": 1.5390625, "peak_allocated": 48806939648}
{"step": 4557, "epoch": 7, "loss": 0.09241568536069661, "lr": 1.8323379959934994e-06, "grad_norm": 1.6171875, "peak_allocated": 48806939648}
{"step": 4558, "epoch": 7, "loss": 0.09540242389654982, "lr": 1.8302816651358473e-06, "grad_norm": 1.65625, "peak_allocated": 48806939648}
{"step": 4559, "epoch": 7, "loss": 0.11101655031012181, "lr": 1.8282262302460484e-06, "grad_norm": 1.8671875, "peak_allocated": 48806939648}
{"step": 4560, "epoch": 7, "loss": 0.0851231710664283, "lr": 1.8261716919051014e-06, "grad_norm": 1.4921875, "peak_allocated": 48806939648}
{"step": 4561, "epoch": 7, "loss": 0.09245154014507495, "lr": 1.8241180506937495e-06, "grad_norm": 1.6328125, "peak_allocated": 48806939648}
{"step": 4562, "epoch": 7, "loss": 0.0861025260226999, "lr": 1.8220653071924877e-06, "grad_norm": 1.6015625, "peak_allocated": 48806939648}
{"step": 4563, "epoch": 7, "loss": 0.11597760992853796, "lr": 1.820013461981554e-06, "grad_norm": 1.765625, "peak_allocated": 48806939648}
{"step": 4564, "epoch": 7, "loss": 0.11661951623932686, "lr": 1.817962515640932e-06, "grad_norm": 1.9453125, "peak_allocated": 48806939648}
{"step": 4565, "epoch": 7, "loss": 0.0735033174451637, "lr": 1.8159124687503505e-06, "grad_norm": 1.4921875, "peak_allocated": 48806939648}
{"step": 4566, "epoch": 7, "loss": 0.08503183616721387, "lr": 1.8138633218892886e-06, "grad_norm": 1.359375, "peak_allocated": 48806939648}
{"step": 4567, "epoch": 7, "loss": 0.09245532542472618, "lr": 1.8118150756369674e-06, "grad_norm": 1.6640625, "peak_allocated": 48806939648}
{"step": 4568, "epoch": 7, "loss": 0.07963723470258811, "lr": 1.8097677305723517e-06, "grad_norm": 1.3671875, "peak_allocated": 48806939648}
{"step": 4569, "epoch": 7, "loss": 0.08186328606337274, "lr": 1.8077212872741574e-06, "grad_norm": 1.4296875, "peak_allocated": 48806939648}
{"step": 4570, "epoch": 7, "loss": 0.07546844528447284, "lr": 1.8056757463208402e-06, "grad_norm": 1.59375, "peak_allocated": 48806939648}
{"step": 4571, "epoch": 7, "loss": 0.0979896281967395, "lr": 1.8036311082906021e-06, "grad_norm": 1.453125, "peak_allocated": 48806939648}
{"step": 4572, "epoch": 7, "loss": 0.08390897152249259, "lr": 1.8015873737613897e-06, "grad_norm": 1.515625, "peak_allocated": 48806939648}
{"step": 4573, "epoch": 7, "loss": 0.10223840483101317, "lr": 1.7995445433108977e-06, "grad_norm": 1.7578125, "peak_allocated": 48806939648}
{"step": 4574, "epoch": 7, "loss": 0.11097407038667757, "lr": 1.7975026175165605e-06, "grad_norm": 1.8046875, "peak_allocated": 48806939648}
{"step": 4575, "epoch": 7, "loss": 0.051134519747813155, "lr": 1.7954615969555578e-06, "grad_norm": 1.359375, "peak_allocated": 48806939648}
{"step": 4576, "epoch": 7, "loss": 0.07779183500303993, "lr": 1.793421482204818e-06, "grad_norm": 1.4453125, "peak_allocated": 48806939648}
{"step": 4577, "epoch": 7, "loss": 0.0824398597584448, "lr": 1.791382273841004e-06, "grad_norm": 1.3828125, "peak_allocated": 48806939648}
{"step": 4578, "epoch": 7, "loss": 0.09919812832440827, "lr": 1.7893439724405332e-06, "grad_norm": 1.65625, "peak_allocated": 48806939648}
{"step": 4579, "epoch": 7, "loss": 0.07002885706736137, "lr": 1.7873065785795585e-06, "grad_norm": 1.6875, "peak_allocated": 48806939648}
{"step": 4580, "epoch": 7, "loss": 0.10405335234481289, "lr": 1.7852700928339823e-06, "grad_norm": 1.6171875, "peak_allocated": 48806939648}
{"step": 4581, "epoch": 7, "loss": 0.08059492044932844, "lr": 1.7832345157794462e-06, "grad_norm": 1.8125, "peak_allocated": 48806939648}
{"step": 4582, "epoch": 7, "loss": 0.07150021301725641, "lr": 1.7811998479913339e-06, "grad_norm": 1.3046875, "peak_allocated": 48806939648}
{"step": 4583, "epoch": 7, "loss": 0.08378550781683673, "lr": 1.7791660900447804e-06, "grad_norm": 1.6328125, "peak_allocated": 48806939648}
{"step": 4584, "epoch": 7, "loss": 0.08950964072662525, "lr": 1.7771332425146498e-06, "grad_norm": 1.4921875, "peak_allocated": 48806939648}
{"step": 4585, "epoch": 7, "loss": 0.0736270630917461, "lr": 1.775101305975563e-06, "grad_norm": 1.546875, "peak_allocated": 48806939648}
{"step": 4586, "epoch": 7, "loss": 0.07353608092873573, "lr": 1.7730702810018735e-06, "grad_norm": 1.3828125, "peak_allocated": 48806939648}
{"step": 4587, "epoch": 7, "loss": 0.08556227378498811, "lr": 1.7710401681676802e-06, "grad_norm": 1.609375, "peak_allocated": 48806939648}
{"step": 4588, "epoch": 7, "loss": 0.08463578353338592, "lr": 1.7690109680468277e-06, "grad_norm": 1.7578125, "peak_allocated": 48806939648}
{"step": 4589, "epoch": 7, "loss": 0.08655879662869365, "lr": 1.7669826812128953e-06, "grad_norm": 1.546875, "peak_allocated": 48806939648}
{"step": 4590, "epoch": 7, "loss": 0.11003551935181789, "lr": 1.7649553082392152e-06, "grad_norm": 1.8828125, "peak_allocated": 48806939648}
{"step": 4591, "epoch": 7, "loss": 0.09353984376649598, "lr": 1.7629288496988456e-06, "grad_norm": 1.5078125, "peak_allocated": 48806939648}
{"step": 4592, "epoch": 7, "loss": 0.08800963117135639, "lr": 1.7609033061646015e-06, "grad_norm": 1.515625, "peak_allocated": 48806939648}
{"step": 4593, "epoch": 7, "loss": 0.09263626652980773, "lr": 1.7588786782090305e-06, "grad_norm": 1.5234375, "peak_allocated": 48806939648}
{"step": 4594, "epoch": 7, "loss": 0.0947615844878715, "lr": 1.7568549664044222e-06, "grad_norm": 1.640625, "peak_allocated": 48806939648}
{"step": 4595, "epoch": 7, "loss": 0.09258696834152066, "lr": 1.7548321713228117e-06, "grad_norm": 1.7109375, "peak_allocated": 48806939648}
{"step": 4596, "epoch": 7, "loss": 0.08568548247422342, "lr": 1.7528102935359708e-06, "grad_norm": 1.3359375, "peak_allocated": 48806939648}
{"step": 4597, "epoch": 7, "loss": 0.11207405422414699, "lr": 1.7507893336154137e-06, "grad_norm": 1.90625, "peak_allocated": 48806939648}
{"step": 4598, "epoch": 7, "loss": 0.07612931389328412, "lr": 1.7487692921323911e-06, "grad_norm": 1.4296875, "peak_allocated": 48806939648}
{"step": 4599, "epoch": 7, "loss": 0.0794979309996703, "lr": 1.7467501696579031e-06, "grad_norm": 1.5078125, "peak_allocated": 48806939648}
{"step": 4600, "epoch": 7, "loss": 0.08676873048893223, "lr": 1.7447319667626821e-06, "grad_norm": 1.4609375, "peak_allocated": 48806939648}
{"step": 4601, "epoch": 7, "loss": 0.0842519008452357, "lr": 1.742714684017201e-06, "grad_norm": 1.4765625, "peak_allocated": 48806939648}
{"step": 4602, "epoch": 7, "loss": 0.0848605405057719, "lr": 1.7406983219916785e-06, "grad_norm": 1.5078125, "peak_allocated": 48806939648}
{"step": 4603, "epoch": 7, "loss": 0.09958108534664183, "lr": 1.7386828812560674e-06, "grad_norm": 1.5390625, "peak_allocated": 48806939648}
{"step": 4604, "epoch": 7, "loss": 0.11464080695318571, "lr": 1.7366683623800618e-06, "grad_norm": 1.8203125, "peak_allocated": 48806939648}
{"step": 4605, "epoch": 7, "loss": 0.07514655426623584, "lr": 1.7346547659330936e-06, "grad_norm": 1.53125, "peak_allocated": 48806939648}
{"step": 4606, "epoch": 7, "loss": 0.07163128888295567, "lr": 1.7326420924843395e-06, "grad_norm": 1.265625, "peak_allocated": 48806939648}
{"step": 4607, "epoch": 7, "loss": 0.0869810493720804, "lr": 1.7306303426027094e-06, "grad_norm": 1.515625, "peak_allocated": 48806939648}
{"step": 4608, "epoch": 7, "loss": 0.10592067952306071, "lr": 1.728619516856852e-06, "grad_norm": 1.65625, "peak_allocated": 48806939648}
{"step": 4609, "epoch": 7, "loss": 0.09053714042820982, "lr": 1.7266096158151614e-06, "grad_norm": 1.3515625, "peak_allocated": 48806939648}
{"step": 4610, "epoch": 7, "loss": 0.06072162045873702, "lr": 1.7246006400457632e-06, "grad_norm": 1.4453125, "peak_allocated": 48806939648}
{"step": 4611, "epoch": 7, "loss": 0.10225676876742858, "lr": 1.7225925901165253e-06, "grad_norm": 1.859375, "peak_allocated": 48806939648}
{"step": 4612, "epoch": 7, "loss": 0.08484010823286459, "lr": 1.72058546659505e-06, "grad_norm": 1.515625, "peak_allocated": 48806939648}
{"step": 4613, "epoch": 7, "loss": 0.11353351254189714, "lr": 1.7185792700486848e-06, "grad_norm": 1.5390625, "peak_allocated": 48806939648}
{"step": 4614, "epoch": 7, "loss": 0.10491712333708175, "lr": 1.716574001044508e-06, "grad_norm": 1.8359375, "peak_allocated": 48806939648}
{"step": 4615, "epoch": 7, "loss": 0.07772223530228288, "lr": 1.7145696601493384e-06, "grad_norm": 1.4765625, "peak_allocated": 48806939648}
{"step": 4616, "epoch": 7, "loss": 0.06997671051771313, "lr": 1.7125662479297366e-06, "grad_norm": 1.3828125, "peak_allocated": 48806939648}
{"step": 4617, "epoch": 7, "loss": 0.08396247602264797, "lr": 1.71056376495199e-06, "grad_norm": 1.4453125, "peak_allocated": 48806939648}
{"step": 4618, "epoch": 7, "loss": 0.09391063904097197, "lr": 1.7085622117821365e-06, "grad_norm": 1.6171875, "peak_allocated": 48806939648}
{"step": 4619, "epoch": 7, "loss": 0.08509207900685024, "lr": 1.7065615889859416e-06, "grad_norm": 1.59375, "peak_allocated": 48806939648}
{"step": 4620, "epoch": 7, "loss": 0.08247684345679894, "lr": 1.7045618971289096e-06, "grad_norm": 1.453125, "peak_allocated": 48806939648}
{"step": 4621, "epoch": 7, "loss": 0.09972450479316805, "lr": 1.7025631367762863e-06, "grad_norm": 1.84375, "peak_allocated": 48806939648}
{"step": 4622, "epoch": 7, "loss": 0.07569451044589193, "lr": 1.7005653084930484e-06, "grad_norm": 1.484375, "peak_allocated": 48806939648}
{"step": 4623, "epoch": 7, "loss": 0.08373344593776995, "lr": 1.6985684128439156e-06, "grad_norm": 1.6953125, "peak_allocated": 48806939648}
{"step": 4624, "epoch": 7, "loss": 0.07391564741149781, "lr": 1.6965724503933346e-06, "grad_norm": 1.328125, "peak_allocated": 48806939648}
{"step": 4625, "epoch": 7, "loss": 0.10054559281509397, "lr": 1.6945774217054971e-06, "grad_norm": 1.5625, "peak_allocated": 48806939648}
{"step": 4626, "epoch": 7, "loss": 0.08038802095852134, "lr": 1.6925833273443277e-06, "grad_norm": 1.4453125, "peak_allocated": 48806939648}
{"step": 4627, "epoch": 7, "loss": 0.0804876016818106, "lr": 1.6905901678734836e-06, "grad_norm": 1.6640625, "peak_allocated": 48806939648}
{"step": 4628, "epoch": 7, "loss": 0.08531035963730263, "lr": 1.6885979438563648e-06, "grad_norm": 1.9140625, "peak_allocated": 48806939648}
{"step": 4629, "epoch": 7, "loss": 0.11288012040880793, "lr": 1.6866066558561017e-06, "grad_norm": 1.7890625, "peak_allocated": 48806939648}
{"step": 4630, "epoch": 7, "loss": 0.1036600951357287, "lr": 1.6846163044355602e-06, "grad_norm": 1.8671875, "peak_allocated": 48806939648}
{"step": 4631, "epoch": 7, "loss": 0.11057497172898569, "lr": 1.6826268901573422e-06, "grad_norm": 1.625, "peak_allocated": 48806939648}
{"step": 4632, "epoch": 7, "loss": 0.06437340539889075, "lr": 1.6806384135837871e-06, "grad_norm": 1.3359375, "peak_allocated": 48806939648}
{"step": 4633, "epoch": 7, "loss": 0.1026154020062966, "lr": 1.678650875276967e-06, "grad_norm": 1.6875, "peak_allocated": 48806939648}
{"step": 4634, "epoch": 7, "loss": 0.07380535029630957, "lr": 1.6766642757986867e-06, "grad_norm": 1.359375, "peak_allocated": 48806939648}
{"step": 4635, "epoch": 7, "loss": 0.08394468915780419, "lr": 1.6746786157104915e-06, "grad_norm": 1.5859375, "peak_allocated": 48806939648}
{"step": 4636, "epoch": 7, "loss": 0.10688473776645589, "lr": 1.6726938955736555e-06, "grad_norm": 1.8984375, "peak_allocated": 48806939648}
{"step": 4637, "epoch": 7, "loss": 0.06958171680352003, "lr": 1.67071011594919e-06, "grad_norm": 1.3828125, "peak_allocated": 48806939648}
{"step": 4638, "epoch": 7, "loss": 0.09935737741310355, "lr": 1.6687272773978376e-06, "grad_norm": 1.53125, "peak_allocated": 48806939648}
{"step": 4639, "epoch": 7, "loss": 0.07231100802989492, "lr": 1.6667453804800798e-06, "grad_norm": 1.359375, "peak_allocated": 48806939648}
{"step": 4640, "epoch": 7, "loss": 0.08022237003586491, "lr": 1.6647644257561285e-06, "grad_norm": 1.5078125, "peak_allocated": 48806939648}
{"step": 4641, "epoch": 7, "loss": 0.07712029060384938, "lr": 1.6627844137859279e-06, "grad_norm": 1.5078125, "peak_allocated": 48806939648}
{"step": 4642, "epoch": 7, "loss": 0.10408431315946624, "lr": 1.6608053451291605e-06, "grad_norm": 1.6328125, "peak_allocated": 48806939648}
{"step": 4643, "epoch": 7, "loss": 0.07431858712569117, "lr": 1.6588272203452383e-06, "grad_norm": 1.40625, "peak_allocated": 48806939648}
{"step": 4644, "epoch": 7, "loss": 0.07315009304006992, "lr": 1.6568500399933074e-06, "grad_norm": 1.40625, "peak_allocated": 48806939648}
{"step": 4645, "epoch": 7, "loss": 0.06653844703424562, "lr": 1.6548738046322454e-06, "grad_norm": 1.4140625, "peak_allocated": 48806939648}
{"step": 4646, "epoch": 7, "loss": 0.09773004012132804, "lr": 1.6528985148206678e-06, "grad_norm": 2.03125, "peak_allocated": 48806939648}
{"step": 4647, "epoch": 7, "loss": 0.10002708040820738, "lr": 1.6509241711169183e-06, "grad_norm": 1.71875, "peak_allocated": 48806939648}
{"step": 4648, "epoch": 7, "loss": 0.08281858123356362, "lr": 1.6489507740790722e-06, "grad_norm": 1.5703125, "peak_allocated": 48806939648}
{"step": 4649, "epoch": 7, "loss": 0.10286140894455054, "lr": 1.6469783242649451e-06, "grad_norm": 1.75, "peak_allocated": 48806939648}
{"step": 4650, "epoch": 7, "loss": 0.08131676085561908, "lr": 1.6450068222320715e-06, "grad_norm": 1.359375, "peak_allocated": 48806939648}
{"step": 4651, "epoch": 7, "loss": 0.10935505875172692, "lr": 1.643036268537731e-06, "grad_norm": 1.6796875, "peak_allocated": 48806939648}
{"step": 4652, "epoch": 7, "loss": 0.08924137261415291, "lr": 1.6410666637389271e-06, "grad_norm": 1.65625, "peak_allocated": 48806939648}
{"step": 4653, "epoch": 7, "loss": 0.09254761965764363, "lr": 1.6390980083924025e-06, "grad_norm": 1.9921875, "peak_allocated": 48806939648}
{"step": 4654, "epoch": 7, "loss": 0.07700600125939555, "lr": 1.6371303030546193e-06, "grad_norm": 1.5390625, "peak_allocated": 48806939648}
{"step": 4655, "epoch": 7, "loss": 0.08452194969680521, "lr": 1.635163548281783e-06, "grad_norm": 1.5390625, "peak_allocated": 48806939648}
{"step": 4656, "epoch": 7, "loss": 0.07406130727241735, "lr": 1.6331977446298287e-06, "grad_norm": 1.359375, "peak_allocated": 48806939648}
{"step": 4657, "epoch": 7, "loss": 0.08789502440924131, "lr": 1.6312328926544135e-06, "grad_norm": 1.5, "peak_allocated": 48806939648}
{"step": 4658, "epoch": 7, "loss": 0.06790030136480868, "lr": 1.6292689929109367e-06, "grad_norm": 1.5234375, "peak_allocated": 48806939648}
{"step": 4659, "epoch": 7, "loss": 0.08792381312978595, "lr": 1.6273060459545226e-06, "grad_norm": 1.5546875, "peak_allocated": 48806939648}
{"step": 4660, "epoch": 7, "loss": 0.09442177025800916, "lr": 1.6253440523400266e-06, "grad_norm": 1.671875, "peak_allocated": 48806939648}
{"step": 4661, "epoch": 7, "loss": 0.09990047851067595, "lr": 1.6233830126220335e-06, "grad_norm": 1.796875, "peak_allocated": 48806939648}
{"step": 4662, "epoch": 7, "loss": 0.10483268821278373, "lr": 1.6214229273548627e-06, "grad_norm": 1.7734375, "peak_allocated": 48806939648}
{"step": 4663, "epoch": 7, "loss": 0.09757793421422667, "lr": 1.6194637970925635e-06, "grad_norm": 1.6875, "peak_allocated": 48806939648}
{"step": 4664, "epoch": 7, "loss": 0.09328275883684926, "lr": 1.617505622388908e-06, "grad_norm": 1.671875, "peak_allocated": 48806939648}
{"step": 4665, "epoch": 7, "loss": 0.09287368613341362, "lr": 1.6155484037974067e-06, "grad_norm": 1.5859375, "peak_allocated": 48806939648}
{"step": 4666, "epoch": 7, "loss": 0.08462388300940425, "lr": 1.6135921418712959e-06, "grad_norm": 1.609375, "peak_allocated": 48806939648}
{"step": 4667, "epoch": 7, "loss": 0.08710348714597414, "lr": 1.611636837163541e-06, "grad_norm": 1.6796875, "peak_allocated": 48806939648}
{"step": 4668, "epoch": 7, "loss": 0.07889270251193507, "lr": 1.6096824902268371e-06, "grad_norm": 1.484375, "peak_allocated": 48806939648}
{"step": 4669, "epoch": 7, "loss": 0.0867871167853196, "lr": 1.6077291016136121e-06, "grad_norm": 1.515625, "peak_allocated": 48806939648}
{"step": 4670, "epoch": 7, "loss": 0.07468117146682479, "lr": 1.6057766718760192e-06, "grad_norm": 1.3515625, "peak_allocated": 48806939648}
{"step": 4671, "epoch": 7, "loss": 0.06552732284298073, "lr": 1.603825201565939e-06, "grad_norm": 1.2265625, "peak_allocated": 48806939648}
{"step": 4672, "epoch": 7, "loss": 0.10631887950557345, "lr": 1.6018746912349875e-06, "grad_norm": 1.7578125, "peak_allocated": 48806939648}
{"step": 4673, "epoch": 7, "loss": 0.1043918947488502, "lr": 1.5999251414345041e-06, "grad_norm": 1.78125, "peak_allocated": 48806939648}
{"step": 4674, "epoch": 7, "loss": 0.06814426949470549, "lr": 1.5979765527155566e-06, "grad_norm": 1.625, "peak_allocated": 48806939648}
{"step": 4675, "epoch": 7, "loss": 0.08245064226893435, "lr": 1.596028925628942e-06, "grad_norm": 1.53125, "peak_allocated": 48806939648}
{"step": 4676, "epoch": 7, "loss": 0.06224289921734256, "lr": 1.5940822607251889e-06, "grad_norm": 1.34375, "peak_allocated": 48806939648}
{"step": 4677, "epoch": 7, "loss": 0.08988733128761393, "lr": 1.5921365585545485e-06, "grad_norm": 1.46875, "peak_allocated": 48806939648}
{"step": 4678, "epoch": 7, "loss": 0.08090007172425968, "lr": 1.5901918196670023e-06, "grad_norm": 1.3828125, "peak_allocated": 48806939648}
{"step": 4679, "epoch": 7, "loss": 0.09360953239204527, "lr": 1.5882480446122633e-06, "grad_norm": 1.5078125, "peak_allocated": 48806939648}
{"step": 4680, "epoch": 7, "loss": 0.09931955059147501, "lr": 1.5863052339397623e-06, "grad_norm": 1.625, "peak_allocated": 48806939648}
{"step": 4681, "epoch": 7, "loss": 0.09400462275625707, "lr": 1.5843633881986682e-06, "grad_norm": 1.6015625, "peak_allocated": 48806939648}
{"step": 4682, "epoch": 7, "loss": 0.09690581768764993, "lr": 1.5824225079378686e-06, "grad_norm": 1.765625, "peak_allocated": 48806939648}
{"step": 4683, "epoch": 7, "loss": 0.08256184302336908, "lr": 1.5804825937059865e-06, "grad_norm": 1.5703125, "peak_allocated": 48806939648}
{"step": 4684, "epoch": 7, "loss": 0.07779873140152763, "lr": 1.5785436460513653e-06, "grad_norm": 1.390625, "peak_allocated": 48806939648}
{"step": 4685, "epoch": 7, "loss": 0.07601446715575551, "lr": 1.5766056655220757e-06, "grad_norm": 1.578125, "peak_allocated": 48806939648}
{"step": 4686, "epoch": 7, "loss": 0.09219412998497487, "lr": 1.5746686526659211e-06, "grad_norm": 1.515625, "peak_allocated": 48806939648}
{"step": 4687, "epoch": 7, "loss": 0.0907947792293736, "lr": 1.572732608030421e-06, "grad_norm": 1.7109375, "peak_allocated": 48806939648}
{"step": 4688, "epoch": 7, "loss": 0.08424165181977462, "lr": 1.5707975321628315e-06, "grad_norm": 1.546875, "peak_allocated": 48806939648}
{"step": 4689, "epoch": 7, "loss": 0.10087410371879979, "lr": 1.5688634256101288e-06, "grad_norm": 1.5390625, "peak_allocated": 48806939648}
{"step": 4690, "epoch": 7, "loss": 0.07856606371698636, "lr": 1.5669302889190159e-06, "grad_norm": 1.4921875, "peak_allocated": 48806939648}
{"step": 4691, "epoch": 7, "loss": 0.07504704884285088, "lr": 1.5649981226359246e-06, "grad_norm": 1.5546875, "peak_allocated": 48806939648}
{"step": 4692, "epoch": 7, "loss": 0.11219836585591786, "lr": 1.5630669273070076e-06, "grad_norm": 2.015625, "peak_allocated": 48806939648}
{"step": 4693, "epoch": 7, "loss": 0.07981607434103102, "lr": 1.561136703478151e-06, "grad_norm": 1.46875, "peak_allocated": 48806939648}
{"step": 4694, "epoch": 7, "loss": 0.09228765290082604, "lr": 1.5592074516949552e-06, "grad_norm": 1.5234375, "peak_allocated": 48806939648}
{"step": 4695, "epoch": 7, "loss": 0.10066086039610553, "lr": 1.5572791725027553e-06, "grad_norm": 1.7890625, "peak_allocated": 48806939648}
{"step": 4696, "epoch": 7, "loss": 0.06325124609406023, "lr": 1.5553518664466073e-06, "grad_norm": 1.2421875, "peak_allocated": 48806939648}
{"step": 4697, "epoch": 7, "loss": 0.08136938221286982, "lr": 1.5534255340712906e-06, "grad_norm": 1.6015625, "peak_allocated": 48806939648}
{"step": 4698, "epoch": 7, "loss": 0.0738448973482033, "lr": 1.5515001759213156e-06, "grad_norm": 1.6796875, "peak_allocated": 48806939648}
{"step": 4699, "epoch": 7, "loss": 0.0948469820394571, "lr": 1.5495757925409106e-06, "grad_norm": 1.78125, "peak_allocated": 48806939648}
{"step": 4700, "epoch": 7, "loss": 0.08899011932297464, "lr": 1.5476523844740321e-06, "grad_norm": 1.65625, "peak_allocated": 48806939648}
{"step": 4701, "epoch": 7, "loss": 0.10819960692186684, "lr": 1.5457299522643582e-06, "grad_norm": 1.734375, "peak_allocated": 48806939648}
{"step": 4702, "epoch": 7, "loss": 0.09918810285009795, "lr": 1.543808496455295e-06, "grad_norm": 1.8046875, "peak_allocated": 48806939648}
{"step": 4703, "epoch": 7, "loss": 0.06541128595923758, "lr": 1.5418880175899708e-06, "grad_norm": 1.40625, "peak_allocated": 48806939648}
{"step": 4704, "epoch": 7, "loss": 0.08119804442024113, "lr": 1.5399685162112337e-06, "grad_norm": 1.4921875, "peak_allocated": 48806939648}
{"step": 4705, "epoch": 7, "loss": 0.077389260870937, "lr": 1.5380499928616638e-06, "grad_norm": 1.625, "peak_allocated": 48806939648}
{"step": 4706, "epoch": 7, "loss": 0.0741198667528258, "lr": 1.5361324480835576e-06, "grad_norm": 1.484375, "peak_allocated": 48806939648}
{"step": 4707, "epoch": 7, "loss": 0.1012503760843847, "lr": 1.5342158824189386e-06, "grad_norm": 1.578125, "peak_allocated": 48806939648}
{"step": 4708, "epoch": 7, "loss": 0.08170997057244912, "lr": 1.5323002964095501e-06, "grad_norm": 1.4375, "peak_allocated": 48806939648}
{"step": 4709, "epoch": 7, "loss": 0.08214029424215065, "lr": 1.5303856905968638e-06, "grad_norm": 1.3515625, "peak_allocated": 48806939648}
{"step": 4710, "epoch": 7, "loss": 0.08407552456187782, "lr": 1.528472065522071e-06, "grad_norm": 1.40625, "peak_allocated": 48806939648}
{"step": 4711, "epoch": 7, "loss": 0.0776935853306505, "lr": 1.5265594217260832e-06, "grad_norm": 1.4609375, "peak_allocated": 48806939648}
{"step": 4712, "epoch": 7, "loss": 0.07624922859540925, "lr": 1.524647759749542e-06, "grad_norm": 1.6015625, "peak_allocated": 48806939648}
{"step": 4713, "epoch": 7, "loss": 0.08901223800916241, "lr": 1.5227370801328045e-06, "grad_norm": 1.5546875, "peak_allocated": 48806939648}
{"step": 4714, "epoch": 7, "loss": 0.10576758339533701, "lr": 1.5208273834159525e-06, "grad_norm": 1.6796875, "peak_allocated": 48806939648}
{"step": 4715, "epoch": 7, "loss": 0.08082534625921496, "lr": 1.5189186701387893e-06, "grad_norm": 1.4453125, "peak_allocated": 48806939648}
{"step": 4716, "epoch": 7, "loss": 0.09780622740712626, "lr": 1.5170109408408434e-06, "grad_norm": 1.765625, "peak_allocated": 48806939648}
{"step": 4717, "epoch": 7, "loss": 0.08165531350692502, "lr": 1.5151041960613617e-06, "grad_norm": 1.6015625, "peak_allocated": 48806939648}
{"step": 4718, "epoch": 7, "loss": 0.10394397215133808, "lr": 1.513198436339312e-06, "grad_norm": 1.796875, "peak_allocated": 48806939648}
{"step": 4719, "epoch": 7, "loss": 0.08185694112317886, "lr": 1.51129366221339e-06, "grad_norm": 1.6015625, "peak_allocated": 48806939648}
{"step": 4720, "epoch": 7, "loss": 0.05699694505758594, "lr": 1.5093898742220025e-06, "grad_norm": 1.375, "peak_allocated": 48806939648}
{"step": 4721, "epoch": 7, "loss": 0.09715380122397749, "lr": 1.507487072903288e-06, "grad_norm": 1.65625, "peak_allocated": 48806939648}
{"step": 4722, "epoch": 7, "loss": 0.10140465646465596, "lr": 1.5055852587950987e-06, "grad_norm": 2.015625, "peak_allocated": 48806939648}
{"step": 4723, "epoch": 7, "loss": 0.08853588148385891, "lr": 1.5036844324350126e-06, "grad_norm": 1.59375, "peak_allocated": 48806939648}
{"step": 4724, "epoch": 7, "loss": 0.08561719810262954, "lr": 1.5017845943603259e-06, "grad_norm": 1.6171875, "peak_allocated": 48806939648}
{"step": 4725, "epoch": 7, "loss": 0.09090944065845048, "lr": 1.499885745108054e-06, "grad_norm": 1.640625, "peak_allocated": 48806939648}
{"step": 4726, "epoch": 7, "loss": 0.06626122125180996, "lr": 1.4979878852149394e-06, "grad_norm": 1.75, "peak_allocated": 48806939648}
{"step": 4727, "epoch": 7, "loss": 0.07530589222669179, "lr": 1.496091015217434e-06, "grad_norm": 1.4375, "peak_allocated": 48806939648}
{"step": 4728, "epoch": 7, "loss": 0.08587168770750185, "lr": 1.4941951356517214e-06, "grad_norm": 1.59375, "peak_allocated": 48806939648}
{"step": 4729, "epoch": 7, "loss": 0.08925528127627819, "lr": 1.492300247053698e-06, "grad_norm": 1.453125, "peak_allocated": 48806939648}
{"step": 4730, "epoch": 7, "loss": 0.0939900340863328, "lr": 1.4904063499589804e-06, "grad_norm": 1.78125, "peak_allocated": 48806939648}
{"step": 4731, "epoch": 7, "loss": 0.07034807739989479, "lr": 1.488513444902911e-06, "grad_norm": 1.4765625, "peak_allocated": 48806939648}
{"step": 4732, "epoch": 7, "loss": 0.09702815161064435, "lr": 1.4866215324205424e-06, "grad_norm": 1.78125, "peak_allocated": 48806939648}
{"step": 4733, "epoch": 7, "loss": 0.09388364880286786, "lr": 1.4847306130466583e-06, "grad_norm": 1.5859375, "peak_allocated": 48806939648}
{"step": 4734, "epoch": 7, "loss": 0.07593690668553468, "lr": 1.4828406873157475e-06, "grad_norm": 1.4921875, "peak_allocated": 48806939648}
{"step": 4735, "epoch": 7, "loss": 0.1104629086558837, "lr": 1.4809517557620312e-06, "grad_norm": 1.953125, "peak_allocated": 48806939648}
{"step": 4736, "epoch": 7, "loss": 0.077521635834302, "lr": 1.4790638189194411e-06, "grad_norm": 1.40625, "peak_allocated": 48806939648}
{"step": 4737, "epoch": 7, "loss": 0.08929141048849218, "lr": 1.47717687732163e-06, "grad_norm": 1.6796875, "peak_allocated": 48806939648}
{"step": 4738, "epoch": 7, "loss": 0.0818934374571108, "lr": 1.4752909315019726e-06, "grad_norm": 1.4609375, "peak_allocated": 48806939648}
{"step": 4739, "epoch": 7, "loss": 0.08920750334687684, "lr": 1.4734059819935581e-06, "grad_norm": 1.71875, "peak_allocated": 48806939648}
{"step": 4740, "epoch": 7, "loss": 0.07054015667895454, "lr": 1.4715220293291953e-06, "grad_norm": 1.6171875, "peak_allocated": 48806939648}
{"step": 4741, "epoch": 7, "loss": 0.07440634732320774, "lr": 1.4696390740414097e-06, "grad_norm": 1.2734375, "peak_allocated": 48806939648}
{"step": 4742, "epoch": 7, "loss": 0.08004053160320158, "lr": 1.4677571166624499e-06, "grad_norm": 1.5625, "peak_allocated": 48806939648}
{"step": 4743, "epoch": 7, "loss": 0.10987684858087274, "lr": 1.465876157724277e-06, "grad_norm": 1.703125, "peak_allocated": 48806939648}
{"step": 4744, "epoch": 7, "loss": 0.09006294245315978, "lr": 1.4639961977585705e-06, "grad_norm": 1.4453125, "peak_allocated": 48806939648}
{"step": 4745, "epoch": 7, "loss": 0.09155853210505237, "lr": 1.4621172372967325e-06, "grad_norm": 1.6953125, "peak_allocated": 48806939648}
{"step": 4746, "epoch": 7, "loss": 0.06893094453274203, "lr": 1.4602392768698763e-06, "grad_norm": 1.4140625, "peak_allocated": 48806939648}
{"step": 4747, "epoch": 7, "loss": 0.09296848313211742, "lr": 1.4583623170088368e-06, "grad_norm": 1.6640625, "peak_allocated": 48806939648}
{"step": 4748, "epoch": 7, "loss": 0.08345835992510582, "lr": 1.456486358244162e-06, "grad_norm": 1.4921875, "peak_allocated": 48806939648}
{"step": 4749, "epoch": 7, "loss": 0.08424103993287647, "lr": 1.454611401106123e-06, "grad_norm": 1.5390625, "peak_allocated": 48806939648}
{"step": 4750, "epoch": 7, "loss": 0.07186612601163322, "lr": 1.4527374461247019e-06, "grad_norm": 1.453125, "peak_allocated": 48806939648}
{"step": 4751, "epoch": 7, "loss": 0.07781145140056513, "lr": 1.4508644938295991e-06, "grad_norm": 1.5625, "peak_allocated": 48806939648}
{"step": 4752, "epoch": 7, "loss": 0.0747902976892216, "lr": 1.4489925447502352e-06, "grad_norm": 1.28125, "peak_allocated": 48806939648}
{"step": 4753, "epoch": 7, "loss": 0.06805078020243421, "lr": 1.4471215994157428e-06, "grad_norm": 1.4609375, "peak_allocated": 48806939648}
{"step": 4754, "epoch": 7, "loss": 0.09763504687195518, "lr": 1.4452516583549726e-06, "grad_norm": 1.5703125, "peak_allocated": 48806939648}
{"step": 4755, "epoch": 7, "loss": 0.0841997472768749, "lr": 1.4433827220964885e-06, "grad_norm": 1.546875, "peak_allocated": 48806939648}
{"step": 4756, "epoch": 7, "loss": 0.08725913371493847, "lr": 1.4415147911685772e-06, "grad_norm": 1.515625, "peak_allocated": 48806939648}
{"step": 4757, "epoch": 7, "loss": 0.0848961542016347, "lr": 1.4396478660992351e-06, "grad_norm": 1.703125, "peak_allocated": 48806939648}
{"step": 4758, "epoch": 7, "loss": 0.0818757781906338, "lr": 1.4377819474161747e-06, "grad_norm": 1.5859375, "peak_allocated": 48806939648}
{"step": 4759, "epoch": 7, "loss": 0.08717873879093087, "lr": 1.4359170356468305e-06, "grad_norm": 1.65625, "peak_allocated": 48806939648}
{"step": 4760, "epoch": 7, "loss": 0.07426946902534658, "lr": 1.434053131318341e-06, "grad_norm": 1.5078125, "peak_allocated": 48806939648}
{"step": 4761, "epoch": 7, "loss": 0.06665380819458532, "lr": 1.4321902349575705e-06, "grad_norm": 1.6015625, "peak_allocated": 48806939648}
{"step": 4762, "epoch": 7, "loss": 0.08798074521300413, "lr": 1.4303283470910922e-06, "grad_norm": 1.7421875, "peak_allocated": 48806939648}
{"step": 4763, "epoch": 7, "loss": 0.08132289920127794, "lr": 1.4284674682451988e-06, "grad_norm": 1.4375, "peak_allocated": 48806939648}
{"step": 4764, "epoch": 7, "loss": 0.10854869858863261, "lr": 1.4266075989458938e-06, "grad_norm": 1.6015625, "peak_allocated": 48806939648}
{"step": 4765, "epoch": 7, "loss": 0.09569300170067352, "lr": 1.4247487397188953e-06, "grad_norm": 1.7578125, "peak_allocated": 48806939648}
{"step": 4766, "epoch": 7, "loss": 0.08077533085895715, "lr": 1.4228908910896422e-06, "grad_norm": 1.7109375, "peak_allocated": 48806939648}
{"step": 4767, "epoch": 7, "loss": 0.06664873291175642, "lr": 1.4210340535832762e-06, "grad_norm": 1.375, "peak_allocated": 48806939648}
{"step": 4768, "epoch": 7, "loss": 0.08158908111626374, "lr": 1.4191782277246653e-06, "grad_norm": 1.7421875, "peak_allocated": 48806939648}
{"step": 4769, "epoch": 7, "loss": 0.0697481151569201, "lr": 1.4173234140383841e-06, "grad_norm": 1.4609375, "peak_allocated": 48806939648}
{"step": 4770, "epoch": 7, "loss": 0.07286367736580383, "lr": 1.4154696130487216e-06, "grad_norm": 1.9921875, "peak_allocated": 48806939648}
{"step": 4771, "epoch": 7, "loss": 0.08700098923384811, "lr": 1.413616825279686e-06, "grad_norm": 1.7734375, "peak_allocated": 48806939648}
{"step": 4772, "epoch": 7, "loss": 0.08626859904914534, "lr": 1.4117650512549914e-06, "grad_norm": 1.4375, "peak_allocated": 48806939648}
{"step": 4773, "epoch": 7, "loss": 0.0883815238308316, "lr": 1.4099142914980735e-06, "grad_norm": 1.8046875, "peak_allocated": 48806939648}
{"step": 4774, "epoch": 7, "loss": 0.08593492785354581, "lr": 1.4080645465320714e-06, "grad_norm": 1.53125, "peak_allocated": 48806939648}
{"step": 4775, "epoch": 7, "loss": 0.08685437223411628, "lr": 1.4062158168798474e-06, "grad_norm": 1.421875, "peak_allocated": 48806939648}
{"step": 4776, "epoch": 7, "loss": 0.0809374427987319, "lr": 1.4043681030639712e-06, "grad_norm": 1.4453125, "peak_allocated": 48806939648}
{"step": 4777, "epoch": 7, "loss": 0.08185414523629918, "lr": 1.4025214056067237e-06, "grad_norm": 1.4609375, "peak_allocated": 48806939648}
{"step": 4778, "epoch": 7, "loss": 0.0846862325155764, "lr": 1.4006757250301056e-06, "grad_norm": 1.46875, "peak_allocated": 48806939648}
{"step": 4779, "epoch": 7, "loss": 0.08807116953751588, "lr": 1.3988310618558243e-06, "grad_norm": 1.6328125, "peak_allocated": 48806939648}
{"step": 4780, "epoch": 7, "loss": 0.08654652095670734, "lr": 1.3969874166053006e-06, "grad_norm": 1.8125, "peak_allocated": 48806939648}
{"step": 4781, "epoch": 7, "loss": 0.07218680068066664, "lr": 1.3951447897996668e-06, "grad_norm": 1.4453125, "peak_allocated": 48806939648}
{"step": 4782, "epoch": 7, "loss": 0.07168481374498403, "lr": 1.3933031819597714e-06, "grad_norm": 1.3046875, "peak_allocated": 48806939648}
{"step": 4783, "epoch": 7, "loss": 0.0954382735657607, "lr": 1.391462593606171e-06, "grad_norm": 1.546875, "peak_allocated": 48806939648}
{"step": 4784, "epoch": 7, "loss": 0.08684590429868534, "lr": 1.3896230252591336e-06, "grad_norm": 1.5703125, "peak_allocated": 48806939648}
{"step": 4785, "epoch": 7, "loss": 0.10238189545768013, "lr": 1.387784477438644e-06, "grad_norm": 2.046875, "peak_allocated": 48806939648}
{"step": 4786, "epoch": 7, "loss": 0.0676563327293755, "lr": 1.3859469506643925e-06, "grad_norm": 1.2265625, "peak_allocated": 48806939648}
{"step": 4787, "epoch": 7, "loss": 0.08693760735686959, "lr": 1.384110445455784e-06, "grad_norm": 1.4296875, "peak_allocated": 48806939648}
{"step": 4788, "epoch": 7, "loss": 0.09066359427069345, "lr": 1.382274962331932e-06, "grad_norm": 1.6484375, "peak_allocated": 48806939648}
{"step": 4789, "epoch": 7, "loss": 0.08553285404616702, "lr": 1.3804405018116657e-06, "grad_norm": 1.5703125, "peak_allocated": 48806939648}
{"step": 4790, "epoch": 7, "loss": 0.0839457885659164, "lr": 1.378607064413522e-06, "grad_norm": 1.4453125, "peak_allocated": 48806939648}
{"step": 4791, "epoch": 7, "loss": 0.08789933211640369, "lr": 1.3767746506557471e-06, "grad_norm": 1.71875, "peak_allocated": 48806939648}
{"step": 4792, "epoch": 7, "loss": 0.07097650896203223, "lr": 1.3749432610563047e-06, "grad_norm": 1.4140625, "peak_allocated": 48806939648}
{"step": 4793, "epoch": 7, "loss": 0.0669565983889927, "lr": 1.3731128961328571e-06, "grad_norm": 1.3984375, "peak_allocated": 48806939648}
{"step": 4794, "epoch": 7, "loss": 0.0959024262182215, "lr": 1.37128355640279e-06, "grad_norm": 1.640625, "peak_allocated": 48806939648}
{"step": 4795, "epoch": 7, "loss": 0.08377845568884432, "lr": 1.3694552423831897e-06, "grad_norm": 1.53125, "peak_allocated": 48806939648}
{"step": 4796, "epoch": 7, "loss": 0.0802616730514621, "lr": 1.3676279545908595e-06, "grad_norm": 1.5078125, "peak_allocated": 48806939648}
{"step": 4797, "epoch": 7, "loss": 0.072174985470794, "lr": 1.365801693542307e-06, "grad_norm": 1.4375, "peak_allocated": 48806939648}
{"step": 4798, "epoch": 7, "loss": 0.08836980589347515, "lr": 1.363976459753752e-06, "grad_norm": 1.578125, "peak_allocated": 48806939648}
{"step": 4799, "epoch": 7, "loss": 0.08863946696808638, "lr": 1.362152253741127e-06, "grad_norm": 1.734375, "peak_allocated": 48806939648}
{"step": 4800, "epoch": 7, "loss": 0.10893365094093813, "lr": 1.3603290760200655e-06, "grad_norm": 1.765625, "peak_allocated": 48806939648}
{"step": 4801, "epoch": 7, "loss": 0.09447364671325355, "lr": 1.3585069271059198e-06, "grad_norm": 1.6171875, "peak_allocated": 48806939648}
{"step": 4802, "epoch": 7, "loss": 0.10206004800927569, "lr": 1.3566858075137462e-06, "grad_norm": 1.625, "peak_allocated": 48806939648}
{"step": 4803, "epoch": 7, "loss": 0.09795164404812925, "lr": 1.3548657177583096e-06, "grad_norm": 1.796875, "peak_allocated": 48806939648}
{"step": 4804, "epoch": 7, "loss": 0.10097844773578926, "lr": 1.353046658354088e-06, "grad_norm": 1.703125, "peak_allocated": 48806939648}
{"step": 4805, "epoch": 7, "loss": 0.09909711628167789, "lr": 1.3512286298152633e-06, "grad_norm": 1.640625, "peak_allocated": 48806939648}
{"step": 4806, "epoch": 7, "loss": 0.09638597989383682, "lr": 1.3494116326557316e-06, "grad_norm": 1.7109375, "peak_allocated": 48806939648}
{"step": 4807, "epoch": 7, "loss": 0.05512518229472043, "lr": 1.347595667389089e-06, "grad_norm": 1.4453125, "peak_allocated": 48806939648}
{"step": 4808, "epoch": 7, "loss": 0.0733853440144738, "lr": 1.3457807345286484e-06, "grad_norm": 1.53125, "peak_allocated": 48806939648}
{"step": 4809, "epoch": 7, "loss": 0.10431891506922794, "lr": 1.3439668345874268e-06, "grad_norm": 1.5390625, "peak_allocated": 48806939648}
{"step": 4810, "epoch": 7, "loss": 0.07448606616652287, "lr": 1.3421539680781487e-06, "grad_norm": 1.453125, "peak_allocated": 48806939648}
{"step": 4811, "epoch": 7, "loss": 0.11540969290309633, "lr": 1.34034213551325e-06, "grad_norm": 1.859375, "peak_allocated": 48806939648}
{"step": 4812, "epoch": 7, "loss": 0.06604799912758472, "lr": 1.3385313374048708e-06, "grad_norm": 1.4609375, "peak_allocated": 48806939648}
{"step": 4813, "epoch": 7, "loss": 0.07248623042320833, "lr": 1.3367215742648598e-06, "grad_norm": 1.4765625, "peak_allocated": 48806939648}
{"step": 4814, "epoch": 7, "loss": 0.07495590160218958, "lr": 1.3349128466047723e-06, "grad_norm": 1.4921875, "peak_allocated": 48806939648}
{"step": 4815, "epoch": 7, "loss": 0.07955521992295927, "lr": 1.3331051549358743e-06, "grad_norm": 1.4921875, "peak_allocated": 48806939648}
{"step": 4816, "epoch": 7, "loss": 0.09211125592766961, "lr": 1.3312984997691358e-06, "grad_norm": 1.46875, "peak_allocated": 48806939648}
{"step": 4817, "epoch": 7, "loss": 0.0785111354387849, "lr": 1.3294928816152331e-06, "grad_norm": 1.5, "peak_allocated": 48806939648}
{"step": 4818, "epoch": 7, "loss": 0.11008708460728404, "lr": 1.3276883009845531e-06, "grad_norm": 1.703125, "peak_allocated": 48806939648}
{"step": 4819, "epoch": 7, "loss": 0.08886155224462386, "lr": 1.325884758387187e-06, "grad_norm": 1.421875, "peak_allocated": 48806939648}
{"step": 4820, "epoch": 7, "loss": 0.06509825365494662, "lr": 1.3240822543329318e-06, "grad_norm": 1.2890625, "peak_allocated": 48806939648}
{"step": 4821, "epoch": 7, "loss": 0.08099919455312686, "lr": 1.3222807893312906e-06, "grad_norm": 1.5546875, "peak_allocated": 48806939648}
{"step": 4822, "epoch": 7, "loss": 0.07415374817743854, "lr": 1.3204803638914792e-06, "grad_norm": 1.671875, "peak_allocated": 48806939648}
{"step": 4823, "epoch": 7, "loss": 0.08127452054517971, "lr": 1.3186809785224086e-06, "grad_norm": 1.4765625, "peak_allocated": 48806939648}
{"step": 4824, "epoch": 7, "loss": 0.07487370177503334, "lr": 1.3168826337327045e-06, "grad_norm": 1.46875, "peak_allocated": 48806939648}
{"step": 4825, "epoch": 7, "loss": 0.08598370147805534, "lr": 1.3150853300306965e-06, "grad_norm": 1.7734375, "peak_allocated": 48806939648}
{"step": 4826, "epoch": 7, "loss": 0.0626070440779271, "lr": 1.3132890679244188e-06, "grad_norm": 1.359375, "peak_allocated": 48806939648}
{"step": 4827, "epoch": 7, "loss": 0.06780445728712571, "lr": 1.3114938479216105e-06, "grad_norm": 1.3125, "peak_allocated": 48806939648}
{"step": 4828, "epoch": 7, "loss": 0.08999243973306079, "lr": 1.309699670529716e-06, "grad_norm": 1.6953125, "peak_allocated": 48806939648}
{"step": 4829, "epoch": 7, "loss": 0.06825969194635084, "lr": 1.3079065362558912e-06, "grad_norm": 1.28125, "peak_allocated": 48806939648}
{"step": 4830, "epoch": 7, "loss": 0.08341986175396161, "lr": 1.3061144456069852e-06, "grad_norm": 1.5703125, "peak_allocated": 48806939648}
{"step": 4831, "epoch": 7, "loss": 0.07516603117729646, "lr": 1.304323399089562e-06, "grad_norm": 1.6328125, "peak_allocated": 48806939648}
{"step": 4832, "epoch": 7, "loss": 0.0826796678377687, "lr": 1.3025333972098913e-06, "grad_norm": 1.3828125, "peak_allocated": 48806939648}
{"step": 4833, "epoch": 7, "loss": 0.08704832395177256, "lr": 1.3007444404739371e-06, "grad_norm": 1.640625, "peak_allocated": 48806939648}
{"step": 4834, "epoch": 7, "loss": 0.09747884177557753, "lr": 1.298956529387379e-06, "grad_norm": 1.6328125, "peak_allocated": 48806939648}
{"step": 4835, "epoch": 7, "loss": 0.089831510832686, "lr": 1.2971696644555937e-06, "grad_norm": 1.8125, "peak_allocated": 48806939648}
{"step": 4836, "epoch": 7, "loss": 0.08073161643880762, "lr": 1.2953838461836693e-06, "grad_norm": 1.6171875, "peak_allocated": 48806939648}
{"step": 4837, "epoch": 7, "loss": 0.078777909321605, "lr": 1.2935990750763877e-06, "grad_norm": 1.609375, "peak_allocated": 48806939648}
{"step": 4838, "epoch": 7, "loss": 0.0863913628428615, "lr": 1.2918153516382441e-06, "grad_norm": 1.5625, "peak_allocated": 48806939648}
{"step": 4839, "epoch": 7, "loss": 0.06823921708183156, "lr": 1.2900326763734379e-06, "grad_norm": 1.5078125, "peak_allocated": 48806939648}
{"step": 4840, "epoch": 7, "loss": 0.08836937678590036, "lr": 1.288251049785862e-06, "grad_norm": 2.0, "peak_allocated": 48806939648}
{"step": 4841, "epoch": 7, "loss": 0.0823473756302535, "lr": 1.2864704723791245e-06, "grad_norm": 1.5546875, "peak_allocated": 48806939648}
{"step": 4842, "epoch": 7, "loss": 0.072944435448284, "lr": 1.2846909446565299e-06, "grad_norm": 1.46875, "peak_allocated": 48806939648}
{"step": 4843, "epoch": 7, "loss": 0.08615499939064133, "lr": 1.282912467121088e-06, "grad_norm": 1.578125, "peak_allocated": 48806939648}
{"step": 4844, "epoch": 7, "loss": 0.09637145922201515, "lr": 1.2811350402755112e-06, "grad_norm": 1.4140625, "peak_allocated": 48806939648}
{"step": 4845, "epoch": 7, "loss": 0.1038596731232125, "lr": 1.2793586646222183e-06, "grad_norm": 1.765625, "peak_allocated": 48806939648}
{"step": 4846, "epoch": 7, "loss": 0.07095346828586807, "lr": 1.2775833406633259e-06, "grad_norm": 1.515625, "peak_allocated": 48806939648}
{"step": 4847, "epoch": 7, "loss": 0.06545699561056983, "lr": 1.2758090689006552e-06, "grad_norm": 1.359375, "peak_allocated": 48806939648}
{"step": 4848, "epoch": 7, "loss": 0.09032141694258422, "lr": 1.2740358498357324e-06, "grad_norm": 1.78125, "peak_allocated": 48806939648}
{"step": 4849, "epoch": 7, "loss": 0.0752901200886913, "lr": 1.2722636839697839e-06, "grad_norm": 1.5078125, "peak_allocated": 48806939648}
{"step": 4850, "epoch": 7, "loss": 0.07241466767788288, "lr": 1.270492571803737e-06, "grad_norm": 1.46875, "peak_allocated": 48806939648}
{"step": 4851, "epoch": 7, "loss": 0.10174511976522391, "lr": 1.2687225138382226e-06, "grad_norm": 1.703125, "peak_allocated": 48806939648}
{"step": 4852, "epoch": 7, "loss": 0.05885015055714656, "lr": 1.2669535105735764e-06, "grad_norm": 1.6328125, "peak_allocated": 48806939648}
{"step": 4853, "epoch": 7, "loss": 0.059453613868556174, "lr": 1.265185562509832e-06, "grad_norm": 1.0703125, "peak_allocated": 48806939648}
{"step": 4854, "epoch": 7, "loss": 0.0830680855284279, "lr": 1.263418670146724e-06, "grad_norm": 1.6328125, "peak_allocated": 48806939648}
{"step": 4855, "epoch": 7, "loss": 0.09419406726684092, "lr": 1.2616528339836941e-06, "grad_norm": 1.953125, "peak_allocated": 48806939648}
{"step": 4856, "epoch": 7, "loss": 0.08635652576651792, "lr": 1.2598880545198812e-06, "grad_norm": 1.59375, "peak_allocated": 48806939648}
{"step": 4857, "epoch": 7, "loss": 0.10642398490917399, "lr": 1.2581243322541254e-06, "grad_norm": 1.96875, "peak_allocated": 48806939648}
{"step": 4858, "epoch": 7, "loss": 0.06805911240958068, "lr": 1.2563616676849677e-06, "grad_norm": 1.5078125, "peak_allocated": 48806939648}
{"step": 4859, "epoch": 7, "loss": 0.09032416291438708, "lr": 1.2546000613106552e-06, "grad_norm": 1.6328125, "peak_allocated": 48806939648}
{"step": 4860, "epoch": 7, "loss": 0.07715533837123865, "lr": 1.2528395136291295e-06, "grad_norm": 1.734375, "peak_allocated": 48806939648}
{"step": 4861, "epoch": 7, "loss": 0.0834652503633792, "lr": 1.251080025138034e-06, "grad_norm": 1.6328125, "peak_allocated": 48806939648}
{"step": 4862, "epoch": 7, "loss": 0.07738439676060054, "lr": 1.2493215963347189e-06, "grad_norm": 1.578125, "peak_allocated": 48806939648}
{"step": 4863, "epoch": 7, "loss": 0.08931076639876129, "lr": 1.2475642277162247e-06, "grad_norm": 1.453125, "peak_allocated": 48806939648}
{"step": 4864, "epoch": 7, "loss": 0.09620403040501437, "lr": 1.2458079197793017e-06, "grad_norm": 1.796875, "peak_allocated": 48806939648}
{"step": 4865, "epoch": 7, "loss": 0.08603245382697663, "lr": 1.2440526730203928e-06, "grad_norm": 1.5625, "peak_allocated": 48806939648}
{"step": 4866, "epoch": 7, "loss": 0.08952518238680662, "lr": 1.2422984879356488e-06, "grad_norm": 1.6484375, "peak_allocated": 48806939648}
{"step": 4867, "epoch": 7, "loss": 0.07504018665604574, "lr": 1.2405453650209138e-06, "grad_norm": 1.5390625, "peak_allocated": 48806939648}
{"step": 4868, "epoch": 7, "loss": 0.07991047150997826, "lr": 1.2387933047717327e-06, "grad_norm": 1.390625, "peak_allocated": 48806939648}
{"step": 4869, "epoch": 7, "loss": 0.09565301386910917, "lr": 1.2370423076833549e-06, "grad_norm": 1.9765625, "peak_allocated": 48806939648}
{"step": 4870, "epoch": 7, "loss": 0.08266983940668944, "lr": 1.235292374250721e-06, "grad_norm": 1.6484375, "peak_allocated": 48806939648}
{"step": 4871, "epoch": 7, "loss": 0.08444212987222154, "lr": 1.2335435049684797e-06, "grad_norm": 1.5546875, "peak_allocated": 48806939648}
{"step": 4872, "epoch": 7, "loss": 0.08844604091196999, "lr": 1.2317957003309727e-06, "grad_norm": 1.5234375, "peak_allocated": 48806939648}
{"step": 4873, "epoch": 7, "loss": 0.12145802287590608, "lr": 1.2300489608322425e-06, "grad_norm": 1.8671875, "peak_allocated": 48806939648}
{"step": 4874, "epoch": 7, "loss": 0.09452962577247893, "lr": 1.2283032869660328e-06, "grad_norm": 1.3984375, "peak_allocated": 48806939648}
{"step": 4875, "epoch": 7, "loss": 0.07609988952595904, "lr": 1.2265586792257817e-06, "grad_norm": 1.5078125, "peak_allocated": 48806939648}
{"step": 4876, "epoch": 7, "loss": 0.08369775406766537, "lr": 1.224815138104633e-06, "grad_norm": 1.6796875, "peak_allocated": 48806939648}
{"step": 4877, "epoch": 7, "loss": 0.09293471756513991, "lr": 1.2230726640954182e-06, "grad_norm": 1.6796875, "peak_allocated": 48806939648}
{"step": 4878, "epoch": 7, "loss": 0.06324882451104802, "lr": 1.2213312576906777e-06, "grad_norm": 1.2578125, "peak_allocated": 48806939648}
{"step": 4879, "epoch": 7, "loss": 0.09441569711538406, "lr": 1.219590919382645e-06, "grad_norm": 1.546875, "peak_allocated": 48806939648}
{"step": 4880, "epoch": 7, "loss": 0.10010896748328192, "lr": 1.2178516496632504e-06, "grad_norm": 1.7265625, "peak_allocated": 48806939648}
{"step": 4881, "epoch": 7, "loss": 0.092009672790223, "lr": 1.2161134490241272e-06, "grad_norm": 1.625, "peak_allocated": 48806939648}
{"step": 4882, "epoch": 7, "loss": 0.06558097787969276, "lr": 1.2143763179566025e-06, "grad_norm": 1.28125, "peak_allocated": 48806939648}
{"step": 4883, "epoch": 7, "loss": 0.08980113867279041, "lr": 1.2126402569517027e-06, "grad_norm": 1.5078125, "peak_allocated": 48806939648}
{"step": 4884, "epoch": 7, "loss": 0.09614807388256458, "lr": 1.2109052665001481e-06, "grad_norm": 1.734375, "peak_allocated": 48806939648}
{"step": 4885, "epoch": 7, "loss": 0.07159393514365366, "lr": 1.2091713470923634e-06, "grad_norm": 1.59375, "peak_allocated": 48806939648}
{"step": 4886, "epoch": 7, "loss": 0.09200593880624876, "lr": 1.2074384992184651e-06, "grad_norm": 1.5859375, "peak_allocated": 48806939648}
{"step": 4887, "epoch": 7, "loss": 0.06732033214078013, "lr": 1.2057067233682667e-06, "grad_norm": 1.328125, "peak_allocated": 48806939648}
{"step": 4888, "epoch": 7, "loss": 0.09153849289886996, "lr": 1.2039760200312833e-06, "grad_norm": 1.6171875, "peak_allocated": 48806939648}
{"step": 4889, "epoch": 7, "loss": 0.07559570633045537, "lr": 1.2022463896967229e-06, "grad_norm": 1.40625, "peak_allocated": 48806939648}
{"step": 4890, "epoch": 7, "loss": 0.0981311858083041, "lr": 1.20051783285349e-06, "grad_norm": 1.7265625, "peak_allocated": 48806939648}
{"step": 4891, "epoch": 7, "loss": 0.10202815493007676, "lr": 1.1987903499901859e-06, "grad_norm": 2.09375, "peak_allocated": 48806939648}
{"step": 4892, "epoch": 7, "loss": 0.09791734884119027, "lr": 1.197063941595113e-06, "grad_norm": 1.65625, "peak_allocated": 48806939648}
{"step": 4893, "epoch": 7, "loss": 0.10262401880037512, "lr": 1.1953386081562628e-06, "grad_norm": 1.609375, "peak_allocated": 48806939648}
{"step": 4894, "epoch": 7, "loss": 0.09133831629070466, "lr": 1.1936143501613268e-06, "grad_norm": 1.8671875, "peak_allocated": 48806939648}
{"step": 4895, "epoch": 7, "loss": 0.09303722591189204, "lr": 1.1918911680976941e-06, "grad_norm": 1.4765625, "peak_allocated": 48806939648}
{"step": 4896, "epoch": 7, "loss": 0.08923977954696155, "lr": 1.1901690624524465e-06, "grad_norm": 1.4296875, "peak_allocated": 48806939648}
{"step": 4897, "epoch": 7, "loss": 0.07761167886622994, "lr": 1.1884480337123621e-06, "grad_norm": 1.4375, "peak_allocated": 48806939648}
{"step": 4898, "epoch": 7, "loss": 0.07395537698967897, "lr": 1.1867280823639148e-06, "grad_norm": 1.5, "peak_allocated": 48806939648}
{"step": 4899, "epoch": 7, "loss": 0.07681855085395427, "lr": 1.1850092088932763e-06, "grad_norm": 1.625, "peak_allocated": 48806939648}
{"step": 4900, "epoch": 7, "loss": 0.07970336065354733, "lr": 1.18329141378631e-06, "grad_norm": 1.34375, "peak_allocated": 48806939648}
{"step": 4901, "epoch": 7, "loss": 0.07087540088139863, "lr": 1.1815746975285757e-06, "grad_norm": 1.6015625, "peak_allocated": 48806939648}
{"step": 4902, "epoch": 7, "loss": 0.09439186899113923, "lr": 1.1798590606053324e-06, "grad_norm": 1.75, "peak_allocated": 48806939648}
{"step": 4903, "epoch": 7, "loss": 0.09830067991901925, "lr": 1.1781445035015244e-06, "grad_norm": 1.8359375, "peak_allocated": 48806939648}
{"step": 4904, "epoch": 7, "loss": 0.07477922369871576, "lr": 1.1764310267018009e-06, "grad_norm": 1.4140625, "peak_allocated": 48806939648}
{"step": 4905, "epoch": 7, "loss": 0.08191320269064098, "lr": 1.1747186306904995e-06, "grad_norm": 1.59375, "peak_allocated": 48806939648}
{"step": 4906, "epoch": 7, "loss": 0.08323929968164835, "lr": 1.1730073159516563e-06, "grad_norm": 1.4921875, "peak_allocated": 48806939648}
{"step": 4907, "epoch": 7, "loss": 0.10213675636735366, "lr": 1.171297082968999e-06, "grad_norm": 1.9296875, "peak_allocated": 48806939648}
{"step": 4908, "epoch": 7, "loss": 0.07202628940857575, "lr": 1.169587932225948e-06, "grad_norm": 1.3984375, "peak_allocated": 48806939648}
{"step": 4909, "epoch": 7, "loss": 0.10160609328087476, "lr": 1.167879864205625e-06, "grad_norm": 1.7109375, "peak_allocated": 48806939648}
{"step": 4910, "epoch": 7, "loss": 0.07604840167464287, "lr": 1.166172879390835e-06, "grad_norm": 1.3203125, "peak_allocated": 48806939648}
{"step": 4911, "epoch": 7, "loss": 0.09433301221471994, "lr": 1.1644669782640872e-06, "grad_norm": 1.734375, "peak_allocated": 48806939648}
{"step": 4912, "epoch": 7, "loss": 0.08681542833549377, "lr": 1.1627621613075773e-06, "grad_norm": 1.640625, "peak_allocated": 48806939648}
{"step": 4913, "epoch": 7, "loss": 0.09485507596985104, "lr": 1.1610584290031961e-06, "grad_norm": 1.734375, "peak_allocated": 48806939648}
{"step": 4914, "epoch": 7, "loss": 0.07808731829828668, "lr": 1.1593557818325325e-06, "grad_norm": 1.4296875, "peak_allocated": 48806939648}
{"step": 4915, "epoch": 7, "loss": 0.0826760033047531, "lr": 1.1576542202768609e-06, "grad_norm": 1.5078125, "peak_allocated": 48806939648}
{"step": 4916, "epoch": 7, "loss": 0.06284191329984441, "lr": 1.1559537448171576e-06, "grad_norm": 1.421875, "peak_allocated": 48806939648}
{"step": 4917, "epoch": 7, "loss": 0.08910533354876038, "lr": 1.154254355934082e-06, "grad_norm": 1.4375, "peak_allocated": 48806939648}
{"step": 4918, "epoch": 7, "loss": 0.08136400370426776, "lr": 1.152556054107995e-06, "grad_norm": 1.515625, "peak_allocated": 48806939648}
{"step": 4919, "epoch": 7, "loss": 0.08158817653346914, "lr": 1.1508588398189457e-06, "grad_norm": 1.703125, "peak_allocated": 48806939648}
{"step": 4920, "epoch": 7, "loss": 0.08532520921265657, "lr": 1.1491627135466754e-06, "grad_norm": 1.6484375, "peak_allocated": 48806939648}
{"step": 4921, "epoch": 7, "loss": 0.08630876129278411, "lr": 1.1474676757706227e-06, "grad_norm": 1.6328125, "peak_allocated": 48806939648}
{"step": 4922, "epoch": 7, "loss": 0.08482031368372851, "lr": 1.1457737269699125e-06, "grad_norm": 1.6328125, "peak_allocated": 48806939648}
{"step": 4923, "epoch": 7, "loss": 0.08509314786009388, "lr": 1.1440808676233662e-06, "grad_norm": 1.671875, "peak_allocated": 48806939648}
{"step": 4924, "epoch": 7, "loss": 0.07908455137982695, "lr": 1.1423890982094925e-06, "grad_norm": 1.5234375, "peak_allocated": 48806939648}
{"step": 4925, "epoch": 7, "loss": 0.09175853996012652, "lr": 1.140698419206499e-06, "grad_norm": 1.390625, "peak_allocated": 48806939648}
{"step": 4926, "epoch": 7, "loss": 0.09664200559087881, "lr": 1.1390088310922791e-06, "grad_norm": 1.6640625, "peak_allocated": 48806939648}
{"step": 4927, "epoch": 7, "loss": 0.08043645192124683, "lr": 1.1373203343444194e-06, "grad_norm": 1.4765625, "peak_allocated": 48806939648}
{"step": 4928, "epoch": 7, "loss": 0.0814795372991864, "lr": 1.1356329294402002e-06, "grad_norm": 1.625, "peak_allocated": 48806939648}
{"step": 4929, "epoch": 7, "loss": 0.09715190675248268, "lr": 1.133946616856591e-06, "grad_norm": 1.71875, "peak_allocated": 48806939648}
{"step": 4930, "epoch": 7, "loss": 0.09123901946293511, "lr": 1.132261397070253e-06, "grad_norm": 1.53125, "peak_allocated": 48806939648}
{"step": 4931, "epoch": 7, "loss": 0.0729714008996034, "lr": 1.1305772705575357e-06, "grad_norm": 1.5703125, "peak_allocated": 48806939648}
{"step": 4932, "epoch": 7, "loss": 0.09560544795522935, "lr": 1.1288942377944873e-06, "grad_norm": 1.5, "peak_allocated": 48806939648}
{"step": 4933, "epoch": 7, "loss": 0.08408111603195788, "lr": 1.127212299256839e-06, "grad_norm": 1.578125, "peak_allocated": 48806939648}
{"step": 4934, "epoch": 7, "loss": 0.09061544564980595, "lr": 1.1255314554200154e-06, "grad_norm": 1.546875, "peak_allocated": 48806939648}
{"step": 4935, "epoch": 7, "loss": 0.08438770813067162, "lr": 1.1238517067591337e-06, "grad_norm": 1.59375, "peak_allocated": 48806939648}
{"step": 4936, "epoch": 7, "loss": 0.08174449094245716, "lr": 1.1221730537489995e-06, "grad_norm": 1.609375, "peak_allocated": 48806939648}
{"step": 4937, "epoch": 7, "loss": 0.06301088608150879, "lr": 1.1204954968641075e-06, "grad_norm": 1.3984375, "peak_allocated": 48806939648}
{"step": 4938, "epoch": 7, "loss": 0.10624873404459806, "lr": 1.1188190365786434e-06, "grad_norm": 1.5390625, "peak_allocated": 48806939648}
{"step": 4939, "epoch": 7, "loss": 0.09433591956595748, "lr": 1.1171436733664864e-06, "grad_norm": 1.6796875, "peak_allocated": 48806939648}
{"step": 4940, "epoch": 7, "loss": 0.08885766447810972, "lr": 1.1154694077012019e-06, "grad_norm": 1.6171875, "peak_allocated": 48806939648}
{"step": 4941, "epoch": 7, "loss": 0.081244828443719, "lr": 1.1137962400560432e-06, "grad_norm": 1.5703125, "peak_allocated": 48806939648}
{"step": 4942, "epoch": 7, "loss": 0.08467891892286564, "lr": 1.1121241709039605e-06, "grad_norm": 1.6953125, "peak_allocated": 48806939648}
{"step": 4943, "epoch": 7, "loss": 0.08822073581809949, "lr": 1.110453200717584e-06, "grad_norm": 1.328125, "peak_allocated": 48806939648}
{"step": 4944, "epoch": 7, "loss": 0.08763985787989576, "lr": 1.1087833299692419e-06, "grad_norm": 1.6796875, "peak_allocated": 48806939648}
{"step": 4945, "epoch": 7, "loss": 0.09289030864111561, "lr": 1.107114559130945e-06, "grad_norm": 1.390625, "peak_allocated": 48806939648}
{"step": 4946, "epoch": 7, "loss": 0.09248284691461721, "lr": 1.105446888674399e-06, "grad_norm": 1.5, "peak_allocated": 48806939648}
{"step": 4947, "epoch": 7, "loss": 0.07588432051061636, "lr": 1.1037803190709945e-06, "grad_norm": 1.546875, "peak_allocated": 48806939648}
{"step": 4948, "epoch": 7, "loss": 0.10001842394272041, "lr": 1.1021148507918105e-06, "grad_norm": 1.828125, "peak_allocated": 48806939648}
{"step": 4949, "epoch": 7, "loss": 0.09046112414109399, "lr": 1.1004504843076202e-06, "grad_norm": 1.5546875, "peak_allocated": 48806939648}
{"step": 4950, "epoch": 7, "loss": 0.0736705174001064, "lr": 1.0987872200888766e-06, "grad_norm": 1.640625, "peak_allocated": 48806939648}
{"step": 4951, "epoch": 7, "loss": 0.07866266012603353, "lr": 1.0971250586057297e-06, "grad_norm": 1.7890625, "peak_allocated": 48806939648}
{"step": 4952, "epoch": 7, "loss": 0.10756060359860838, "lr": 1.0954640003280127e-06, "grad_norm": 1.8125, "peak_allocated": 48806939648}
{"step": 4953, "epoch": 7, "loss": 0.08019116715618571, "lr": 1.093804045725247e-06, "grad_norm": 1.375, "peak_allocated": 48806939648}
{"step": 4954, "epoch": 7, "loss": 0.10181406695958016, "lr": 1.0921451952666456e-06, "grad_norm": 1.9140625, "peak_allocated": 48806939648}
{"step": 4955, "epoch": 7, "loss": 0.08709842561065782, "lr": 1.0904874494211055e-06, "grad_norm": 1.765625, "peak_allocated": 48806939648}
{"step": 4956, "epoch": 7, "loss": 0.09566838460141874, "lr": 1.0888308086572163e-06, "grad_norm": 1.6328125, "peak_allocated": 48806939648}
{"step": 4957, "epoch": 7, "loss": 0.09507465964060545, "lr": 1.0871752734432468e-06, "grad_norm": 1.859375, "peak_allocated": 48806939648}
{"step": 4958, "epoch": 7, "loss": 0.09118617236919221, "lr": 1.0855208442471626e-06, "grad_norm": 1.65625, "peak_allocated": 48806939648}
{"step": 4959, "epoch": 7, "loss": 0.08314463460807366, "lr": 1.0838675215366118e-06, "grad_norm": 1.40625, "peak_allocated": 48806939648}
{"step": 4960, "epoch": 7, "loss": 0.09675116764677827, "lr": 1.0822153057789287e-06, "grad_norm": 1.5546875, "peak_allocated": 48806939648}
{"step": 4961, "epoch": 7, "loss": 0.09272440122998776, "lr": 1.0805641974411395e-06, "grad_norm": 1.75, "peak_allocated": 48806939648}
{"step": 4962, "epoch": 7, "loss": 0.0866419437216189, "lr": 1.078914196989953e-06, "grad_norm": 1.6328125, "peak_allocated": 48806939648}
{"step": 4963, "epoch": 7, "loss": 0.10346035070612887, "lr": 1.0772653048917664e-06, "grad_norm": 1.5625, "peak_allocated": 48806939648}
{"step": 4964, "epoch": 7, "loss": 0.08449986899302865, "lr": 1.075617521612662e-06, "grad_norm": 1.453125, "peak_allocated": 48806939648}
{"step": 4965, "epoch": 7, "loss": 0.0777645853795702, "lr": 1.0739708476184124e-06, "grad_norm": 1.4375, "peak_allocated": 48806939648}
{"step": 4966, "epoch": 7, "loss": 0.1018639372834918, "lr": 1.0723252833744735e-06, "grad_norm": 1.5, "peak_allocated": 48806939648}
{"step": 4967, "epoch": 7, "loss": 0.09283284548229323, "lr": 1.0706808293459875e-06, "grad_norm": 1.5859375, "peak_allocated": 48806939648}
{"step": 4968, "epoch": 7, "loss": 0.07015681719500645, "lr": 1.069037485997786e-06, "grad_norm": 1.609375, "peak_allocated": 48806939648}
{"step": 4969, "epoch": 7, "loss": 0.09111595995812435, "lr": 1.0673952537943826e-06, "grad_norm": 1.6875, "peak_allocated": 48806939648}
{"step": 4970, "epoch": 7, "loss": 0.09804852181428321, "lr": 1.0657541331999794e-06, "grad_norm": 1.6015625, "peak_allocated": 48806939648}
{"step": 4971, "epoch": 7, "loss": 0.0915891143864308, "lr": 1.0641141246784608e-06, "grad_norm": 1.609375, "peak_allocated": 48806939648}
{"step": 4972, "epoch": 7, "loss": 0.07870975088995316, "lr": 1.0624752286934037e-06, "grad_norm": 1.4296875, "peak_allocated": 48806939648}
{"step": 4973, "epoch": 7, "loss": 0.10829252669839107, "lr": 1.0608374457080646e-06, "grad_norm": 1.8125, "peak_allocated": 48806939648}
{"step": 4974, "epoch": 7, "loss": 0.12291561277936275, "lr": 1.0592007761853846e-06, "grad_norm": 1.78125, "peak_allocated": 48806939648}
{"step": 4975, "epoch": 7, "loss": 0.0613387582534646, "lr": 1.0575652205879983e-06, "grad_norm": 1.3984375, "peak_allocated": 48806939648}
{"step": 4976, "epoch": 7, "loss": 0.08541832214999551, "lr": 1.055930779378213e-06, "grad_norm": 1.5703125, "peak_allocated": 48806939648}
{"event": "train_stage", "stage": "validation_loss_complete", "rank": 0, "local_rank": 0, "world_size": 4, "epoch": 8, "val_loss": 0.12725920281440342, "training_seconds": 1598.12, "validation_loss_seconds": 47.38}
{"event": "train_stage", "stage": "validation_gleu_complete", "rank": 0, "local_rank": 0, "world_size": 4, "epoch": 8, "elapsed_seconds": 2918.87, "gleu": 38.872299999999996, "invalid_utf8": 1, "budget_exhausted": 2, "generation_backend": "global-prefix-guarded-greedy-v1", "cache_preliminary_skips": 238739, "cache_guard_refreshes": 5935, "max_rank_peak_allocated_bytes": 48806939648}
{"event": "train_stage", "stage": "checkpoint_published", "rank": 0, "local_rank": 0, "world_size": 4, "checkpoint": "step-00004976-5b463cd8", "best": true}
{"event": "train_stage", "stage": "epoch_complete", "rank": 0, "local_rank": 0, "world_size": 4, "epoch": 8, "global_step": 4976, "selection_metric": "val_gleu", "best": true, "val_loss": 0.12725920281440342, "val_gleu": 38.872299999999996, "elapsed_seconds": 4634.89}
{"step": 4977, "epoch": 8, "loss": 0.08322878477803067, "lr": 1.0542974530180327e-06, "grad_norm": 1.4453125, "peak_allocated": 48806939648}
{"step": 4978, "epoch": 8, "loss": 0.10806356064443078, "lr": 1.052665241969138e-06, "grad_norm": 1.7890625, "peak_allocated": 48806939648}
{"step": 4979, "epoch": 8, "loss": 0.07481727838727101, "lr": 1.0510341466929009e-06, "grad_norm": 1.4765625, "peak_allocated": 48806939648}
{"step": 4980, "epoch": 8, "loss": 0.09394376047271003, "lr": 1.0494041676503725e-06, "grad_norm": 1.84375, "peak_allocated": 48806939648}
{"step": 4981, "epoch": 8, "loss": 0.09187856398052911, "lr": 1.0477753053022894e-06, "grad_norm": 1.4609375, "peak_allocated": 48806939648}
{"step": 4982, "epoch": 8, "loss": 0.10341251577969471, "lr": 1.0461475601090781e-06, "grad_norm": 1.65625, "peak_allocated": 48806939648}
{"step": 4983, "epoch": 8, "loss": 0.08011019953925244, "lr": 1.0445209325308392e-06, "grad_norm": 1.3828125, "peak_allocated": 48806939648}
{"step": 4984, "epoch": 8, "loss": 0.08691647744771983, "lr": 1.0428954230273674e-06, "grad_norm": 1.6171875, "peak_allocated": 48806939648}
{"step": 4985, "epoch": 8, "loss": 0.06992583667367074, "lr": 1.0412710320581353e-06, "grad_norm": 1.625, "peak_allocated": 48806939648}
{"step": 4986, "epoch": 8, "loss": 0.11745792618098337, "lr": 1.0396477600823003e-06, "grad_norm": 1.78125, "peak_allocated": 48806939648}
{"step": 4987, "epoch": 8, "loss": 0.07952203236984633, "lr": 1.0380256075587064e-06, "grad_norm": 1.6171875, "peak_allocated": 48806939648}
{"step": 4988, "epoch": 8, "loss": 0.09411429456166684, "lr": 1.0364045749458762e-06, "grad_norm": 1.5859375, "peak_allocated": 48806939648}
{"step": 4989, "epoch": 8, "loss": 0.10152136495602156, "lr": 1.0347846627020231e-06, "grad_norm": 1.9140625, "peak_allocated": 48806939648}
{"step": 4990, "epoch": 8, "loss": 0.09497317851126115, "lr": 1.033165871285034e-06, "grad_norm": 1.671875, "peak_allocated": 48806939648}
{"step": 4991, "epoch": 8, "loss": 0.10264815178461643, "lr": 1.031548201152488e-06, "grad_norm": 1.6796875, "peak_allocated": 48806939648}
{"step": 4992, "epoch": 8, "loss": 0.07416957989162433, "lr": 1.0299316527616426e-06, "grad_norm": 1.671875, "peak_allocated": 48806939648}
{"step": 4993, "epoch": 8, "loss": 0.10028954718380137, "lr": 1.028316226569437e-06, "grad_norm": 1.6796875, "peak_allocated": 48806939648}
{"step": 4994, "epoch": 8, "loss": 0.10435159459544648, "lr": 1.0267019230324987e-06, "grad_norm": 1.6875, "peak_allocated": 48806939648}
{"step": 4995, "epoch": 8, "loss": 0.08267877823406637, "lr": 1.0250887426071333e-06, "grad_norm": 1.4453125, "peak_allocated": 48806939648}
{"step": 4996, "epoch": 8, "loss": 0.07474863907126811, "lr": 1.0234766857493294e-06, "grad_norm": 1.578125, "peak_allocated": 48806939648}
{"step": 4997, "epoch": 8, "loss": 0.09067665752036211, "lr": 1.021865752914758e-06, "grad_norm": 1.921875, "peak_allocated": 48806939648}
{"step": 4998, "epoch": 8, "loss": 0.08412735050884981, "lr": 1.0202559445587763e-06, "grad_norm": 1.7109375, "peak_allocated": 48806939648}
{"step": 4999, "epoch": 8, "loss": 0.10325573798135669, "lr": 1.018647261136418e-06, "grad_norm": 1.6796875, "peak_allocated": 48806939648}
{"step": 5000, "epoch": 8, "loss": 0.09411827207267867, "lr": 1.0170397031024004e-06, "grad_norm": 1.5390625, "peak_allocated": 48806939648}
{"event": "train_stage", "stage": "checkpoint_published", "rank": 0, "local_rank": 0, "world_size": 4, "checkpoint": "step-00005000-2af3bfc0", "best": false}
{"step": 5001, "epoch": 8, "loss": 0.07521207953436929, "lr": 1.0154332709111265e-06, "grad_norm": 1.53125, "peak_allocated": 48806939648}
{"step": 5002, "epoch": 8, "loss": 0.07103515577420987, "lr": 1.0138279650166766e-06, "grad_norm": 1.5390625, "peak_allocated": 48806939648}
{"step": 5003, "epoch": 8, "loss": 0.08547468067146481, "lr": 1.012223785872814e-06, "grad_norm": 1.5078125, "peak_allocated": 48806939648}
{"step": 5004, "epoch": 8, "loss": 0.08889128824327576, "lr": 1.0106207339329831e-06, "grad_norm": 1.5, "peak_allocated": 48806939648}
{"step": 5005, "epoch": 8, "loss": 0.08218279255668633, "lr": 1.009018809650314e-06, "grad_norm": 1.546875, "peak_allocated": 48806939648}
{"step": 5006, "epoch": 8, "loss": 0.09557468284203903, "lr": 1.0074180134776085e-06, "grad_norm": 1.6484375, "peak_allocated": 48806939648}
{"step": 5007, "epoch": 8, "loss": 0.08363382238124335, "lr": 1.0058183458673587e-06, "grad_norm": 1.515625, "peak_allocated": 48806939648}
{"step": 5008, "epoch": 8, "loss": 0.06361521237083957, "lr": 1.0042198072717352e-06, "grad_norm": 1.2734375, "peak_allocated": 48806939648}
{"step": 5009, "epoch": 8, "loss": 0.09463814092394097, "lr": 1.002622398142587e-06, "grad_norm": 1.6640625, "peak_allocated": 48806939648}
{"step": 5010, "epoch": 8, "loss": 0.08463155850359481, "lr": 1.0010261189314463e-06, "grad_norm": 1.3515625, "peak_allocated": 48806939648}
{"step": 5011, "epoch": 8, "loss": 0.09179423292504416, "lr": 9.994309700895234e-07, "grad_norm": 1.5625, "peak_allocated": 48806939648}
{"step": 5012, "epoch": 8, "loss": 0.08104782617019013, "lr": 9.97836952067715e-07, "grad_norm": 1.3515625, "peak_allocated": 48806939648}
{"step": 5013, "epoch": 8, "loss": 0.08795496441150477, "lr": 9.962440653165878e-07, "grad_norm": 1.5234375, "peak_allocated": 48806939648}
{"step": 5014, "epoch": 8, "loss": 0.061817002667996446, "lr": 9.946523102863992e-07, "grad_norm": 1.3046875, "peak_allocated": 48806939648}
{"step": 5015, "epoch": 8, "loss": 0.06444635517490589, "lr": 9.930616874270815e-07, "grad_norm": 1.4296875, "peak_allocated": 48806939648}
{"step": 5016, "epoch": 8, "loss": 0.08056545953648747, "lr": 9.914721971882457e-07, "grad_norm": 1.421875, "peak_allocated": 48806939648}
{"step": 5017, "epoch": 8, "loss": 0.10060812785868038, "lr": 9.89883840019188e-07, "grad_norm": 1.7421875, "peak_allocated": 48806939648}
{"step": 5018, "epoch": 8, "loss": 0.08623160928249782, "lr": 9.882966163688783e-07, "grad_norm": 1.734375, "peak_allocated": 48806939648}
{"step": 5019, "epoch": 8, "loss": 0.10025970780604482, "lr": 9.867105266859727e-07, "grad_norm": 1.6640625, "peak_allocated": 48806939648}
{"step": 5020, "epoch": 8, "loss": 0.09512268088740831, "lr": 9.851255714187979e-07, "grad_norm": 1.734375, "peak_allocated": 48806939648}
{"step": 5021, "epoch": 8, "loss": 0.0869205094163159, "lr": 9.835417510153693e-07, "grad_norm": 1.4921875, "peak_allocated": 48806939648}
{"step": 5022, "epoch": 8, "loss": 0.08111350160210073, "lr": 9.819590659233747e-07, "grad_norm": 1.515625, "peak_allocated": 48806939648}
{"step": 5023, "epoch": 8, "loss": 0.08083832880250177, "lr": 9.803775165901835e-07, "grad_norm": 1.4765625, "peak_allocated": 48806939648}
{"step": 5024, "epoch": 8, "loss": 0.10105443945757409, "lr": 9.787971034628457e-07, "grad_norm": 1.609375, "peak_allocated": 48806939648}
{"step": 5025, "epoch": 8, "loss": 0.05957309303146222, "lr": 9.772178269880877e-07, "grad_norm": 1.4375, "peak_allocated": 48806939648}
{"step": 5026, "epoch": 8, "loss": 0.06486764503783027, "lr": 9.756396876123147e-07, "grad_norm": 1.4375, "peak_allocated": 48806939648}
{"step": 5027, "epoch": 8, "loss": 0.0872009833815596, "lr": 9.74062685781611e-07, "grad_norm": 1.7421875, "peak_allocated": 48806939648}
{"step": 5028, "epoch": 8, "loss": 0.09080878495781282, "lr": 9.724868219417416e-07, "grad_norm": 1.671875, "peak_allocated": 48806939648}
{"step": 5029, "epoch": 8, "loss": 0.0824445417560784, "lr": 9.709120965381464e-07, "grad_norm": 1.8046875, "peak_allocated": 48806939648}
{"step": 5030, "epoch": 8, "loss": 0.10242908114416412, "lr": 9.69338510015943e-07, "grad_norm": 1.6484375, "peak_allocated": 48806939648}
{"step": 5031, "epoch": 8, "loss": 0.08288202039464533, "lr": 9.677660628199332e-07, "grad_norm": 1.5703125, "peak_allocated": 48806939648}
{"step": 5032, "epoch": 8, "loss": 0.08951478683794188, "lr": 9.661947553945893e-07, "grad_norm": 1.640625, "peak_allocated": 48806939648}
{"step": 5033, "epoch": 8, "loss": 0.06944683853350771, "lr": 9.646245881840654e-07, "grad_norm": 1.3359375, "peak_allocated": 48806939648}
{"step": 5034, "epoch": 8, "loss": 0.07160966461790147, "lr": 9.63055561632192e-07, "grad_norm": 1.46875, "peak_allocated": 48806939648}
{"step": 5035, "epoch": 8, "loss": 0.09666410439388513, "lr": 9.614876761824786e-07, "grad_norm": 1.5703125, "peak_allocated": 48806939648}
{"step": 5036, "epoch": 8, "loss": 0.07975606023989122, "lr": 9.599209322781116e-07, "grad_norm": 1.4765625, "peak_allocated": 48806939648}
{"step": 5037, "epoch": 8, "loss": 0.08798141816326341, "lr": 9.583553303619526e-07, "grad_norm": 1.4453125, "peak_allocated": 48806939648}
{"step": 5038, "epoch": 8, "loss": 0.0961039057677851, "lr": 9.567908708765438e-07, "grad_norm": 1.7890625, "peak_allocated": 48806939648}
{"step": 5039, "epoch": 8, "loss": 0.08341652931575558, "lr": 9.552275542641032e-07, "grad_norm": 1.7265625, "peak_allocated": 48806939648}
{"step": 5040, "epoch": 8, "loss": 0.08326837896632078, "lr": 9.536653809665242e-07, "grad_norm": 1.53125, "peak_allocated": 48806939648}
{"step": 5041, "epoch": 8, "loss": 0.10712375066747412, "lr": 9.521043514253775e-07, "grad_norm": 1.9609375, "peak_allocated": 48806939648}
{"step": 5042, "epoch": 8, "loss": 0.09542730316140337, "lr": 9.505444660819129e-07, "grad_norm": 1.75, "peak_allocated": 48806939648}
{"step": 5043, "epoch": 8, "loss": 0.08334604334059938, "lr": 9.489857253770552e-07, "grad_norm": 1.34375, "peak_allocated": 48806939648}
{"step": 5044, "epoch": 8, "loss": 0.08831222634865586, "lr": 9.474281297514038e-07, "grad_norm": 1.5390625, "peak_allocated": 48806939648}
{"step": 5045, "epoch": 8, "loss": 0.08669492556660129, "lr": 9.458716796452394e-07, "grad_norm": 1.6484375, "peak_allocated": 48806939648}
{"step": 5046, "epoch": 8, "loss": 0.07558101327282662, "lr": 9.443163754985108e-07, "grad_norm": 1.5703125, "peak_allocated": 48806939648}
{"step": 5047, "epoch": 8, "loss": 0.09637629763109481, "lr": 9.427622177508522e-07, "grad_norm": 1.734375, "peak_allocated": 48806939648}
{"step": 5048, "epoch": 8, "loss": 0.08016085489054192, "lr": 9.412092068415657e-07, "grad_norm": 1.3828125, "peak_allocated": 48806939648}
{"step": 5049, "epoch": 8, "loss": 0.10272261163239962, "lr": 9.396573432096368e-07, "grad_norm": 1.9375, "peak_allocated": 48806939648}
{"step": 5050, "epoch": 8, "loss": 0.10549340930372297, "lr": 9.381066272937201e-07, "grad_norm": 1.6796875, "peak_allocated": 48806939648}
{"step": 5051, "epoch": 8, "loss": 0.07052445596259466, "lr": 9.365570595321483e-07, "grad_norm": 1.3671875, "peak_allocated": 48806939648}
{"step": 5052, "epoch": 8, "loss": 0.09445196152944117, "lr": 9.350086403629327e-07, "grad_norm": 1.625, "peak_allocated": 48806939648}
{"step": 5053, "epoch": 8, "loss": 0.09383190681687095, "lr": 9.334613702237522e-07, "grad_norm": 1.796875, "peak_allocated": 48806939648}
{"step": 5054, "epoch": 8, "loss": 0.10298117400110318, "lr": 9.31915249551969e-07, "grad_norm": 1.890625, "peak_allocated": 48806939648}
{"step": 5055, "epoch": 8, "loss": 0.07798518530762522, "lr": 9.303702787846163e-07, "grad_norm": 1.453125, "peak_allocated": 48806939648}
{"step": 5056, "epoch": 8, "loss": 0.10353538010815855, "lr": 9.288264583584017e-07, "grad_norm": 1.6640625, "peak_allocated": 48806939648}
{"step": 5057, "epoch": 8, "loss": 0.08271695800201007, "lr": 9.272837887097109e-07, "grad_norm": 1.578125, "peak_allocated": 48806939648}
{"step": 5058, "epoch": 8, "loss": 0.08601015019467764, "lr": 9.257422702746005e-07, "grad_norm": 1.6640625, "peak_allocated": 48806939648}
{"step": 5059, "epoch": 8, "loss": 0.09893823252988758, "lr": 9.242019034888067e-07, "grad_norm": 1.75, "peak_allocated": 48806939648}
{"step": 5060, "epoch": 8, "loss": 0.09797963461664863, "lr": 9.226626887877326e-07, "grad_norm": 1.53125, "peak_allocated": 48806939648}
{"step": 5061, "epoch": 8, "loss": 0.09490429831378573, "lr": 9.211246266064633e-07, "grad_norm": 1.71875, "peak_allocated": 48806939648}
{"step": 5062, "epoch": 8, "loss": 0.0768691585501917, "lr": 9.195877173797535e-07, "grad_norm": 1.5234375, "peak_allocated": 48806939648}
{"step": 5063, "epoch": 8, "loss": 0.07180555082907969, "lr": 9.180519615420324e-07, "grad_norm": 1.3671875, "peak_allocated": 48806939648}
{"step": 5064, "epoch": 8, "loss": 0.0713439398472224, "lr": 9.165173595274069e-07, "grad_norm": 1.4609375, "peak_allocated": 48806939648}
{"step": 5065, "epoch": 8, "loss": 0.08547807829018486, "lr": 9.14983911769653e-07, "grad_norm": 1.453125, "peak_allocated": 48806939648}
{"step": 5066, "epoch": 8, "loss": 0.08822284075012811, "lr": 9.134516187022235e-07, "grad_norm": 1.328125, "peak_allocated": 48806939648}
{"step": 5067, "epoch": 8, "loss": 0.10076887040316371, "lr": 9.119204807582416e-07, "grad_norm": 1.859375, "peak_allocated": 48806939648}
{"step": 5068, "epoch": 8, "loss": 0.07820427096923398, "lr": 9.103904983705087e-07, "grad_norm": 1.3671875, "peak_allocated": 48806939648}
{"step": 5069, "epoch": 8, "loss": 0.09115310252097023, "lr": 9.08861671971496e-07, "grad_norm": 1.3125, "peak_allocated": 48806939648}
{"step": 5070, "epoch": 8, "loss": 0.08291092371066658, "lr": 9.07334001993348e-07, "grad_norm": 1.5, "peak_allocated": 48806939648}
{"step": 5071, "epoch": 8, "loss": 0.08144368361373043, "lr": 9.058074888678847e-07, "grad_norm": 1.421875, "peak_allocated": 48806939648}
{"step": 5072, "epoch": 8, "loss": 0.10554557052644706, "lr": 9.042821330265977e-07, "grad_norm": 1.71875, "peak_allocated": 48806939648}
{"step": 5073, "epoch": 8, "loss": 0.08607751015326745, "lr": 9.027579349006505e-07, "grad_norm": 1.5, "peak_allocated": 48806939648}
{"step": 5074, "epoch": 8, "loss": 0.07921036786412877, "lr": 9.012348949208794e-07, "grad_norm": 1.6953125, "peak_allocated": 48806939648}
{"step": 5075, "epoch": 8, "loss": 0.08488404151696999, "lr": 8.997130135177967e-07, "grad_norm": 1.75, "peak_allocated": 48806939648}
{"step": 5076, "epoch": 8, "loss": 0.09315580109322104, "lr": 8.981922911215835e-07, "grad_norm": 1.484375, "peak_allocated": 48806939648}
{"step": 5077, "epoch": 8, "loss": 0.09757474607468727, "lr": 8.96672728162093e-07, "grad_norm": 1.7109375, "peak_allocated": 48806939648}
{"step": 5078, "epoch": 8, "loss": 0.08665695717764976, "lr": 8.951543250688549e-07, "grad_norm": 1.65625, "peak_allocated": 48806939648}
{"step": 5079, "epoch": 8, "loss": 0.07921648383464239, "lr": 8.936370822710671e-07, "grad_norm": 1.2734375, "peak_allocated": 48806939648}
{"step": 5080, "epoch": 8, "loss": 0.08173553339326481, "lr": 8.921210001976011e-07, "grad_norm": 1.6640625, "peak_allocated": 48806939648}
{"step": 5081, "epoch": 8, "loss": 0.07858141807892255, "lr": 8.906060792769982e-07, "grad_norm": 1.3828125, "peak_allocated": 48806939648}
{"step": 5082, "epoch": 8, "loss": 0.07789896075902676, "lr": 8.890923199374757e-07, "grad_norm": 1.6015625, "peak_allocated": 48806939648}
{"step": 5083, "epoch": 8, "loss": 0.10163558125126416, "lr": 8.875797226069188e-07, "grad_norm": 1.6953125, "peak_allocated": 48806939648}
{"step": 5084, "epoch": 8, "loss": 0.10729017651219187, "lr": 8.860682877128851e-07, "grad_norm": 1.7265625, "peak_allocated": 48806939648}
{"step": 5085, "epoch": 8, "loss": 0.08408988488121225, "lr": 8.845580156826067e-07, "grad_norm": 1.6640625, "peak_allocated": 48806939648}
{"step": 5086, "epoch": 8, "loss": 0.07621765020767975, "lr": 8.830489069429804e-07, "grad_norm": 1.6171875, "peak_allocated": 48806939648}
{"step": 5087, "epoch": 8, "loss": 0.10807388486301837, "lr": 8.815409619205811e-07, "grad_norm": 1.765625, "peak_allocated": 48806939648}
{"step": 5088, "epoch": 8, "loss": 0.06811788530194939, "lr": 8.800341810416501e-07, "grad_norm": 1.453125, "peak_allocated": 48806939648}
{"step": 5089, "epoch": 8, "loss": 0.10393102334749069, "lr": 8.785285647321029e-07, "grad_norm": 1.734375, "peak_allocated": 48806939648}
{"step": 5090, "epoch": 8, "loss": 0.08669524793324429, "lr": 8.770241134175233e-07, "grad_norm": 1.65625, "peak_allocated": 48806939648}
{"step": 5091, "epoch": 8, "loss": 0.07824203120014186, "lr": 8.755208275231664e-07, "grad_norm": 1.6328125, "peak_allocated": 48806939648}
{"step": 5092, "epoch": 8, "loss": 0.10600823511282358, "lr": 8.740187074739609e-07, "grad_norm": 1.7890625, "peak_allocated": 48806939648}
{"step": 5093, "epoch": 8, "loss": 0.07176198864024788, "lr": 8.725177536944984e-07, "grad_norm": 1.515625, "peak_allocated": 48806939648}
{"step": 5094, "epoch": 8, "loss": 0.0829553814551739, "lr": 8.710179666090501e-07, "grad_norm": 1.4609375, "peak_allocated": 48806939648}
{"step": 5095, "epoch": 8, "loss": 0.08259307499140447, "lr": 8.695193466415508e-07, "grad_norm": 1.4921875, "peak_allocated": 48806939648}
{"step": 5096, "epoch": 8, "loss": 0.07442882547228528, "lr": 8.680218942156077e-07, "grad_norm": 1.5078125, "peak_allocated": 48806939648}
{"step": 5097, "epoch": 8, "loss": 0.08009298356158456, "lr": 8.665256097544994e-07, "grad_norm": 1.5546875, "peak_allocated": 48806939648}
{"step": 5098, "epoch": 8, "loss": 0.061322486325018646, "lr": 8.65030493681171e-07, "grad_norm": 1.4453125, "peak_allocated": 48806939648}
{"step": 5099, "epoch": 8, "loss": 0.10099823218993115, "lr": 8.635365464182422e-07, "grad_norm": 1.640625, "peak_allocated": 48806939648}
{"step": 5100, "epoch": 8, "loss": 0.09385045115939444, "lr": 8.620437683879951e-07, "grad_norm": 1.421875, "peak_allocated": 48806939648}
{"step": 5101, "epoch": 8, "loss": 0.08840184459919602, "lr": 8.605521600123883e-07, "grad_norm": 1.4375, "peak_allocated": 48806939648}
{"step": 5102, "epoch": 8, "loss": 0.0948861914784873, "lr": 8.590617217130471e-07, "grad_norm": 1.5625, "peak_allocated": 48806939648}
{"step": 5103, "epoch": 8, "loss": 0.08162604698362695, "lr": 8.57572453911264e-07, "grad_norm": 1.3984375, "peak_allocated": 48806939648}
{"step": 5104, "epoch": 8, "loss": 0.09137799330615577, "lr": 8.560843570280053e-07, "grad_norm": 1.625, "peak_allocated": 48806939648}
{"step": 5105, "epoch": 8, "loss": 0.08474105175771297, "lr": 8.545974314839017e-07, "grad_norm": 1.5078125, "peak_allocated": 48806939648}
{"step": 5106, "epoch": 8, "loss": 0.10430633252038242, "lr": 8.531116776992554e-07, "grad_norm": 1.8515625, "peak_allocated": 48806939648}
{"step": 5107, "epoch": 8, "loss": 0.09597674375216353, "lr": 8.516270960940353e-07, "grad_norm": 1.7421875, "peak_allocated": 48806939648}
{"step": 5108, "epoch": 8, "loss": 0.11177618703381582, "lr": 8.501436870878832e-07, "grad_norm": 1.625, "peak_allocated": 48806939648}
{"step": 5109, "epoch": 8, "loss": 0.07857351645792075, "lr": 8.486614511001052e-07, "grad_norm": 1.6328125, "peak_allocated": 48806939648}
{"step": 5110, "epoch": 8, "loss": 0.10580264401791348, "lr": 8.471803885496754e-07, "grad_norm": 1.7578125, "peak_allocated": 48806939648}
{"step": 5111, "epoch": 8, "loss": 0.10142996928828699, "lr": 8.457004998552415e-07, "grad_norm": 1.5625, "peak_allocated": 48806939648}
{"step": 5112, "epoch": 8, "loss": 0.09762230338946494, "lr": 8.442217854351142e-07, "grad_norm": 1.671875, "peak_allocated": 48806939648}
{"step": 5113, "epoch": 8, "loss": 0.07538274134410854, "lr": 8.427442457072743e-07, "grad_norm": 1.390625, "peak_allocated": 48806939648}
{"step": 5114, "epoch": 8, "loss": 0.0920385819980579, "lr": 8.412678810893687e-07, "grad_norm": 1.6171875, "peak_allocated": 48806939648}
{"step": 5115, "epoch": 8, "loss": 0.06463431967856052, "lr": 8.397926919987165e-07, "grad_norm": 1.4296875, "peak_allocated": 48806939648}
{"step": 5116, "epoch": 8, "loss": 0.08484606422822, "lr": 8.383186788523006e-07, "grad_norm": 1.4453125, "peak_allocated": 48806939648}
{"step": 5117, "epoch": 8, "loss": 0.0809175887915687, "lr": 8.368458420667708e-07, "grad_norm": 1.3359375, "peak_allocated": 48806939648}
{"step": 5118, "epoch": 8, "loss": 0.08170253499748588, "lr": 8.353741820584499e-07, "grad_norm": 1.5234375, "peak_allocated": 48806939648}
{"step": 5119, "epoch": 8, "loss": 0.06616475280779356, "lr": 8.339036992433219e-07, "grad_norm": 1.390625, "peak_allocated": 48806939648}
{"step": 5120, "epoch": 8, "loss": 0.07108248084533454, "lr": 8.324343940370411e-07, "grad_norm": 1.46875, "peak_allocated": 48806939648}
{"step": 5121, "epoch": 8, "loss": 0.08384251236579082, "lr": 8.309662668549273e-07, "grad_norm": 1.5546875, "peak_allocated": 48806939648}
{"step": 5122, "epoch": 8, "loss": 0.09448995235175425, "lr": 8.294993181119704e-07, "grad_norm": 1.625, "peak_allocated": 48806939648}
{"step": 5123, "epoch": 8, "loss": 0.07900116955017139, "lr": 8.280335482228247e-07, "grad_norm": 1.484375, "peak_allocated": 48806939648}
{"step": 5124, "epoch": 8, "loss": 0.1326940216585047, "lr": 8.265689576018099e-07, "grad_norm": 2.0625, "peak_allocated": 48806939648}
{"step": 5125, "epoch": 8, "loss": 0.08329066214499546, "lr": 8.251055466629182e-07, "grad_norm": 1.4375, "peak_allocated": 48806939648}
{"step": 5126, "epoch": 8, "loss": 0.07254455422741714, "lr": 8.236433158197993e-07, "grad_norm": 1.4296875, "peak_allocated": 48806939648}
{"step": 5127, "epoch": 8, "loss": 0.07997334305025441, "lr": 8.221822654857787e-07, "grad_norm": 1.6015625, "peak_allocated": 48806939648}
{"step": 5128, "epoch": 8, "loss": 0.08106357482560284, "lr": 8.207223960738409e-07, "grad_norm": 1.375, "peak_allocated": 48806939648}
{"step": 5129, "epoch": 8, "loss": 0.08122194332051005, "lr": 8.192637079966414e-07, "grad_norm": 1.2734375, "peak_allocated": 48806939648}
{"step": 5130, "epoch": 8, "loss": 0.0930584735897955, "lr": 8.178062016665e-07, "grad_norm": 1.6171875, "peak_allocated": 48806939648}
{"step": 5131, "epoch": 8, "loss": 0.10204865351078365, "lr": 8.16349877495401e-07, "grad_norm": 1.8046875, "peak_allocated": 48806939648}
{"step": 5132, "epoch": 8, "loss": 0.054214500798835906, "lr": 8.148947358949993e-07, "grad_norm": 1.296875, "peak_allocated": 48806939648}
{"step": 5133, "epoch": 8, "loss": 0.07232662589416804, "lr": 8.134407772766078e-07, "grad_norm": 1.5546875, "peak_allocated": 48806939648}
{"step": 5134, "epoch": 8, "loss": 0.09640477196299015, "lr": 8.119880020512122e-07, "grad_norm": 1.46875, "peak_allocated": 48806939648}
{"step": 5135, "epoch": 8, "loss": 0.08319641134800344, "lr": 8.105364106294605e-07, "grad_norm": 1.53125, "peak_allocated": 48806939648}
{"step": 5136, "epoch": 8, "loss": 0.10597735672233771, "lr": 8.090860034216652e-07, "grad_norm": 1.6171875, "peak_allocated": 48806939648}
{"step": 5137, "epoch": 8, "loss": 0.08760713736557371, "lr": 8.076367808378082e-07, "grad_norm": 1.546875, "peak_allocated": 48806939648}
{"step": 5138, "epoch": 8, "loss": 0.08474623761437525, "lr": 8.061887432875304e-07, "grad_norm": 1.5390625, "peak_allocated": 48806939648}
{"step": 5139, "epoch": 8, "loss": 0.06706639792774284, "lr": 8.047418911801452e-07, "grad_norm": 1.359375, "peak_allocated": 48806939648}
{"step": 5140, "epoch": 8, "loss": 0.07646239727463579, "lr": 8.032962249246218e-07, "grad_norm": 1.484375, "peak_allocated": 48806939648}
{"step": 5141, "epoch": 8, "loss": 0.08495937093378884, "lr": 8.018517449296032e-07, "grad_norm": 1.90625, "peak_allocated": 48806939648}
{"step": 5142, "epoch": 8, "loss": 0.09539411180180117, "lr": 8.004084516033911e-07, "grad_norm": 1.6171875, "peak_allocated": 48806939648}
{"step": 5143, "epoch": 8, "loss": 0.06296863435260945, "lr": 7.989663453539537e-07, "grad_norm": 1.3515625, "peak_allocated": 48806939648}
{"step": 5144, "epoch": 8, "loss": 0.07476782226872529, "lr": 7.975254265889249e-07, "grad_norm": 1.3671875, "peak_allocated": 48806939648}
{"step": 5145, "epoch": 8, "loss": 0.09859950678764316, "lr": 7.960856957156016e-07, "grad_norm": 1.7109375, "peak_allocated": 48806939648}
{"step": 5146, "epoch": 8, "loss": 0.08300464222736235, "lr": 7.946471531409439e-07, "grad_norm": 1.6328125, "peak_allocated": 48806939648}
{"step": 5147, "epoch": 8, "loss": 0.07546789836605357, "lr": 7.93209799271577e-07, "grad_norm": 1.5390625, "peak_allocated": 48806939648}
{"step": 5148, "epoch": 8, "loss": 0.07871278549670117, "lr": 7.917736345137922e-07, "grad_norm": 1.3203125, "peak_allocated": 48806939648}
{"step": 5149, "epoch": 8, "loss": 0.0871374175548105, "lr": 7.903386592735413e-07, "grad_norm": 1.4609375, "peak_allocated": 48806939648}
{"step": 5150, "epoch": 8, "loss": 0.0793956618728249, "lr": 7.889048739564409e-07, "grad_norm": 1.6640625, "peak_allocated": 48806939648}
{"step": 5151, "epoch": 8, "loss": 0.09428530873377518, "lr": 7.874722789677736e-07, "grad_norm": 1.84375, "peak_allocated": 48806939648}
{"step": 5152, "epoch": 8, "loss": 0.11522536452880067, "lr": 7.86040874712482e-07, "grad_norm": 1.7734375, "peak_allocated": 48806939648}
{"step": 5153, "epoch": 8, "loss": 0.07265389626923166, "lr": 7.846106615951743e-07, "grad_norm": 1.3984375, "peak_allocated": 48806939648}
{"step": 5154, "epoch": 8, "loss": 0.08891635548161811, "lr": 7.831816400201203e-07, "grad_norm": 1.578125, "peak_allocated": 48806939648}
{"step": 5155, "epoch": 8, "loss": 0.09669547811439909, "lr": 7.817538103912559e-07, "grad_norm": 1.765625, "peak_allocated": 48806939648}
{"step": 5156, "epoch": 8, "loss": 0.0803007707547079, "lr": 7.803271731121775e-07, "grad_norm": 1.5, "peak_allocated": 48806939648}
{"step": 5157, "epoch": 8, "loss": 0.05970147775612699, "lr": 7.789017285861439e-07, "grad_norm": 1.390625, "peak_allocated": 48806939648}
{"step": 5158, "epoch": 8, "loss": 0.09875363376465532, "lr": 7.774774772160826e-07, "grad_norm": 1.625, "peak_allocated": 48806939648}
{"step": 5159, "epoch": 8, "loss": 0.08483074157748567, "lr": 7.760544194045732e-07, "grad_norm": 1.4453125, "peak_allocated": 48806939648}
{"step": 5160, "epoch": 8, "loss": 0.07325805312604099, "lr": 7.746325555538681e-07, "grad_norm": 1.46875, "peak_allocated": 48806939648}
{"step": 5161, "epoch": 8, "loss": 0.07603851752757265, "lr": 7.732118860658766e-07, "grad_norm": 1.28125, "peak_allocated": 48806939648}
{"step": 5162, "epoch": 8, "loss": 0.054101509461575124, "lr": 7.717924113421732e-07, "grad_norm": 1.46875, "peak_allocated": 48806939648}
{"step": 5163, "epoch": 8, "loss": 0.08493040660315661, "lr": 7.70374131783993e-07, "grad_norm": 1.4921875, "peak_allocated": 48806939648}
{"step": 5164, "epoch": 8, "loss": 0.09045964043533085, "lr": 7.68957047792232e-07, "grad_norm": 1.7109375, "peak_allocated": 48806939648}
{"step": 5165, "epoch": 8, "loss": 0.08166097452445008, "lr": 7.675411597674543e-07, "grad_norm": 1.5859375, "peak_allocated": 48806939648}
{"step": 5166, "epoch": 8, "loss": 0.08051019174498049, "lr": 7.661264681098767e-07, "grad_norm": 1.53125, "peak_allocated": 48806939648}
{"step": 5167, "epoch": 8, "loss": 0.0885011391018864, "lr": 7.647129732193859e-07, "grad_norm": 1.671875, "peak_allocated": 48806939648}
{"step": 5168, "epoch": 8, "loss": 0.09314219672543433, "lr": 7.633006754955258e-07, "grad_norm": 1.7734375, "peak_allocated": 48806939648}
{"step": 5169, "epoch": 8, "loss": 0.08951199070887542, "lr": 7.618895753375028e-07, "grad_norm": 1.5703125, "peak_allocated": 48806939648}
{"step": 5170, "epoch": 8, "loss": 0.06974001633443369, "lr": 7.604796731441872e-07, "grad_norm": 1.2421875, "peak_allocated": 48806939648}
{"step": 5171, "epoch": 8, "loss": 0.10363807028328831, "lr": 7.590709693141068e-07, "grad_norm": 1.6328125, "peak_allocated": 48806939648}
{"step": 5172, "epoch": 8, "loss": 0.10129508384750033, "lr": 7.576634642454555e-07, "grad_norm": 1.5390625, "peak_allocated": 48806939648}
{"step": 5173, "epoch": 8, "loss": 0.08892361409919591, "lr": 7.562571583360812e-07, "grad_norm": 1.59375, "peak_allocated": 48806939648}
{"step": 5174, "epoch": 8, "loss": 0.1060815191024054, "lr": 7.548520519835006e-07, "grad_norm": 1.7578125, "peak_allocated": 48806939648}
{"step": 5175, "epoch": 8, "loss": 0.08337233233284234, "lr": 7.534481455848863e-07, "grad_norm": 1.421875, "peak_allocated": 48806939648}
{"step": 5176, "epoch": 8, "loss": 0.09743439593389243, "lr": 7.520454395370724e-07, "grad_norm": 1.609375, "peak_allocated": 48806939648}
{"step": 5177, "epoch": 8, "loss": 0.07378906361860187, "lr": 7.506439342365573e-07, "grad_norm": 1.25, "peak_allocated": 48806939648}
{"step": 5178, "epoch": 8, "loss": 0.08155418842423658, "lr": 7.492436300794952e-07, "grad_norm": 1.6640625, "peak_allocated": 48806939648}
{"step": 5179, "epoch": 8, "loss": 0.07734449316261853, "lr": 7.478445274617036e-07, "grad_norm": 1.4375, "peak_allocated": 48806939648}
{"step": 5180, "epoch": 8, "loss": 0.09324280180378058, "lr": 7.464466267786574e-07, "grad_norm": 1.7734375, "peak_allocated": 48806939648}
{"step": 5181, "epoch": 8, "loss": 0.07563339025592686, "lr": 7.450499284254975e-07, "grad_norm": 1.484375, "peak_allocated": 48806939648}
{"step": 5182, "epoch": 8, "loss": 0.0802880275717124, "lr": 7.436544327970191e-07, "grad_norm": 1.546875, "peak_allocated": 48806939648}
{"step": 5183, "epoch": 8, "loss": 0.10066154145620713, "lr": 7.422601402876806e-07, "grad_norm": 1.53125, "peak_allocated": 48806939648}
{"step": 5184, "epoch": 8, "loss": 0.06887848467445166, "lr": 7.408670512915983e-07, "grad_norm": 1.3046875, "peak_allocated": 48806939648}
{"step": 5185, "epoch": 8, "loss": 0.08264529392399941, "lr": 7.394751662025507e-07, "grad_norm": 1.484375, "peak_allocated": 48806939648}
{"step": 5186, "epoch": 8, "loss": 0.07824554344436606, "lr": 7.380844854139746e-07, "grad_norm": 1.4609375, "peak_allocated": 48806939648}
{"step": 5187, "epoch": 8, "loss": 0.09889929423139461, "lr": 7.36695009318965e-07, "grad_norm": 1.8125, "peak_allocated": 48806939648}
{"step": 5188, "epoch": 8, "loss": 0.09631445330537398, "lr": 7.353067383102814e-07, "grad_norm": 1.65625, "peak_allocated": 48806939648}
{"step": 5189, "epoch": 8, "loss": 0.08820942429431736, "lr": 7.339196727803349e-07, "grad_norm": 1.7578125, "peak_allocated": 48806939648}
{"step": 5190, "epoch": 8, "loss": 0.08152633934192048, "lr": 7.325338131212028e-07, "grad_norm": 1.6640625, "peak_allocated": 48806939648}
{"step": 5191, "epoch": 8, "loss": 0.10837271154009089, "lr": 7.311491597246173e-07, "grad_norm": 1.75, "peak_allocated": 48806939648}
{"step": 5192, "epoch": 8, "loss": 0.08411188029625599, "lr": 7.297657129819729e-07, "grad_norm": 1.4453125, "peak_allocated": 48806939648}
{"step": 5193, "epoch": 8, "loss": 0.07250704305690213, "lr": 7.283834732843209e-07, "grad_norm": 1.4140625, "peak_allocated": 48806939648}
{"step": 5194, "epoch": 8, "loss": 0.08455412127839984, "lr": 7.270024410223703e-07, "grad_norm": 1.609375, "peak_allocated": 48806939648}
{"step": 5195, "epoch": 8, "loss": 0.07838782492975073, "lr": 7.256226165864932e-07, "grad_norm": 1.4609375, "peak_allocated": 48806939648}
{"step": 5196, "epoch": 8, "loss": 0.0761498216923469, "lr": 7.24244000366714e-07, "grad_norm": 1.3671875, "peak_allocated": 48806939648}
{"step": 5197, "epoch": 8, "loss": 0.07152332171909292, "lr": 7.228665927527218e-07, "grad_norm": 1.3828125, "peak_allocated": 48806939648}
{"step": 5198, "epoch": 8, "loss": 0.08006891065028411, "lr": 7.214903941338597e-07, "grad_norm": 1.703125, "peak_allocated": 48806939648}
{"step": 5199, "epoch": 8, "loss": 0.06650575058729324, "lr": 7.201154048991299e-07, "grad_norm": 1.4375, "peak_allocated": 48806939648}
{"step": 5200, "epoch": 8, "loss": 0.07549890238446132, "lr": 7.187416254371965e-07, "grad_norm": 1.6171875, "peak_allocated": 48806939648}
{"step": 5201, "epoch": 8, "loss": 0.09013771903216714, "lr": 7.173690561363749e-07, "grad_norm": 1.6015625, "peak_allocated": 48806939648}
{"step": 5202, "epoch": 8, "loss": 0.12356357076239807, "lr": 7.159976973846467e-07, "grad_norm": 1.9296875, "peak_allocated": 48806939648}
{"step": 5203, "epoch": 8, "loss": 0.10959267363484416, "lr": 7.146275495696419e-07, "grad_norm": 1.921875, "peak_allocated": 48806939648}
{"step": 5204, "epoch": 8, "loss": 0.09284951683776844, "lr": 7.132586130786561e-07, "grad_norm": 1.6875, "peak_allocated": 48806939648}
{"step": 5205, "epoch": 8, "loss": 0.10233012563357667, "lr": 7.118908882986386e-07, "grad_norm": 1.8515625, "peak_allocated": 48806939648}
{"step": 5206, "epoch": 8, "loss": 0.09557709267056466, "lr": 7.105243756161962e-07, "grad_norm": 1.8125, "peak_allocated": 48806939648}
{"step": 5207, "epoch": 8, "loss": 0.08577731226645045, "lr": 7.091590754175965e-07, "grad_norm": 1.4609375, "peak_allocated": 48806939648}
{"step": 5208, "epoch": 8, "loss": 0.09533571858589589, "lr": 7.077949880887597e-07, "grad_norm": 1.7890625, "peak_allocated": 48806939648}
{"step": 5209, "epoch": 8, "loss": 0.07607368594548834, "lr": 7.064321140152658e-07, "grad_norm": 1.453125, "peak_allocated": 48806939648}
{"step": 5210, "epoch": 8, "loss": 0.07718251520224881, "lr": 7.0507045358235e-07, "grad_norm": 1.609375, "peak_allocated": 48806939648}
{"step": 5211, "epoch": 8, "loss": 0.07468424900065339, "lr": 7.037100071749087e-07, "grad_norm": 1.9453125, "peak_allocated": 48806939648}
{"step": 5212, "epoch": 8, "loss": 0.08404089381410189, "lr": 7.023507751774906e-07, "grad_norm": 1.546875, "peak_allocated": 48806939648}
{"step": 5213, "epoch": 8, "loss": 0.07861494152051716, "lr": 7.00992757974302e-07, "grad_norm": 1.6640625, "peak_allocated": 48806939648}
{"step": 5214, "epoch": 8, "loss": 0.098171416531149, "lr": 6.996359559492083e-07, "grad_norm": 1.4453125, "peak_allocated": 48806939648}
{"step": 5215, "epoch": 8, "loss": 0.1129980319961143, "lr": 6.982803694857287e-07, "grad_norm": 1.7265625, "peak_allocated": 48806939648}
{"step": 5216, "epoch": 8, "loss": 0.07830354859044028, "lr": 6.969259989670402e-07, "grad_norm": 1.6015625, "peak_allocated": 48806939648}
{"step": 5217, "epoch": 8, "loss": 0.09496997737772045, "lr": 6.955728447759741e-07, "grad_norm": 1.71875, "peak_allocated": 48806939648}
{"step": 5218, "epoch": 8, "loss": 0.10424575164302183, "lr": 6.942209072950218e-07, "grad_norm": 1.921875, "peak_allocated": 48806939648}
{"step": 5219, "epoch": 8, "loss": 0.0869754844400973, "lr": 6.928701869063281e-07, "grad_norm": 1.6796875, "peak_allocated": 48806939648}
{"step": 5220, "epoch": 8, "loss": 0.08724894634192569, "lr": 6.915206839916916e-07, "grad_norm": 1.5546875, "peak_allocated": 48806939648}
{"step": 5221, "epoch": 8, "loss": 0.07489042687420806, "lr": 6.901723989325731e-07, "grad_norm": 1.46875, "peak_allocated": 48806939648}
{"step": 5222, "epoch": 8, "loss": 0.07576732439041298, "lr": 6.888253321100829e-07, "grad_norm": 1.5, "peak_allocated": 48806939648}
{"step": 5223, "epoch": 8, "loss": 0.08816311133022492, "lr": 6.874794839049903e-07, "grad_norm": 1.609375, "peak_allocated": 48806939648}
{"step": 5224, "epoch": 8, "loss": 0.07031745085857061, "lr": 6.861348546977176e-07, "grad_norm": 1.5703125, "peak_allocated": 48806939648}
{"step": 5225, "epoch": 8, "loss": 0.07498682540955123, "lr": 6.847914448683463e-07, "grad_norm": 1.4140625, "peak_allocated": 48806939648}
{"step": 5226, "epoch": 8, "loss": 0.07610651752197235, "lr": 6.834492547966104e-07, "grad_norm": 1.421875, "peak_allocated": 48806939648}
{"step": 5227, "epoch": 8, "loss": 0.08731071638931519, "lr": 6.821082848618988e-07, "grad_norm": 1.546875, "peak_allocated": 48806939648}
{"step": 5228, "epoch": 8, "loss": 0.08978784429089214, "lr": 6.807685354432598e-07, "grad_norm": 1.671875, "peak_allocated": 48806939648}
{"step": 5229, "epoch": 8, "loss": 0.08551122026266397, "lr": 6.794300069193882e-07, "grad_norm": 1.4296875, "peak_allocated": 48806939648}
{"step": 5230, "epoch": 8, "loss": 0.08636482144986307, "lr": 6.780926996686433e-07, "grad_norm": 1.4765625, "peak_allocated": 48806939648}
{"step": 5231, "epoch": 8, "loss": 0.06421769480672446, "lr": 6.767566140690318e-07, "grad_norm": 1.375, "peak_allocated": 48806939648}
{"step": 5232, "epoch": 8, "loss": 0.07426258513438072, "lr": 6.754217504982203e-07, "grad_norm": 1.71875, "peak_allocated": 48806939648}
{"step": 5233, "epoch": 8, "loss": 0.052806189573767634, "lr": 6.740881093335278e-07, "grad_norm": 1.1796875, "peak_allocated": 48806939648}
{"step": 5234, "epoch": 8, "loss": 0.0914419619087405, "lr": 6.727556909519251e-07, "grad_norm": 1.6875, "peak_allocated": 48806939648}
{"step": 5235, "epoch": 8, "loss": 0.0788658741768964, "lr": 6.714244957300442e-07, "grad_norm": 1.578125, "peak_allocated": 48806939648}
{"step": 5236, "epoch": 8, "loss": 0.07090601142977111, "lr": 6.700945240441631e-07, "grad_norm": 1.359375, "peak_allocated": 48806939648}
{"step": 5237, "epoch": 8, "loss": 0.08743108251781855, "lr": 6.687657762702205e-07, "grad_norm": 1.375, "peak_allocated": 48806939648}
{"step": 5238, "epoch": 8, "loss": 0.0715984138739507, "lr": 6.674382527838052e-07, "grad_norm": 1.3203125, "peak_allocated": 48806939648}
{"step": 5239, "epoch": 8, "loss": 0.11277932929665728, "lr": 6.661119539601618e-07, "grad_norm": 1.8203125, "peak_allocated": 48806939648}
{"step": 5240, "epoch": 8, "loss": 0.09254333535313093, "lr": 6.647868801741892e-07, "grad_norm": 1.5234375, "peak_allocated": 48806939648}
{"step": 5241, "epoch": 8, "loss": 0.0975873002642474, "lr": 6.634630318004376e-07, "grad_norm": 1.6796875, "peak_allocated": 48806939648}
{"step": 5242, "epoch": 8, "loss": 0.07004778782681627, "lr": 6.621404092131151e-07, "grad_norm": 1.453125, "peak_allocated": 48806939648}
{"step": 5243, "epoch": 8, "loss": 0.0753844056610119, "lr": 6.608190127860765e-07, "grad_norm": 1.578125, "peak_allocated": 48806939648}
{"step": 5244, "epoch": 8, "loss": 0.06831346088968697, "lr": 6.594988428928372e-07, "grad_norm": 1.546875, "peak_allocated": 48806939648}
{"step": 5245, "epoch": 8, "loss": 0.11103911845860297, "lr": 6.581798999065625e-07, "grad_norm": 2.0, "peak_allocated": 48806939648}
{"step": 5246, "epoch": 8, "loss": 0.06779938518852342, "lr": 6.568621842000688e-07, "grad_norm": 1.4375, "peak_allocated": 48806939648}
{"step": 5247, "epoch": 8, "loss": 0.09070395055979787, "lr": 6.555456961458312e-07, "grad_norm": 1.5546875, "peak_allocated": 48806939648}
{"step": 5248, "epoch": 8, "loss": 0.0831315522813927, "lr": 6.542304361159729e-07, "grad_norm": 1.3515625, "peak_allocated": 48806939648}
{"step": 5249, "epoch": 8, "loss": 0.06669029397674023, "lr": 6.529164044822717e-07, "grad_norm": 1.46875, "peak_allocated": 48806939648}
{"step": 5250, "epoch": 8, "loss": 0.08871670485420527, "lr": 6.516036016161569e-07, "grad_norm": 1.4453125, "peak_allocated": 48806939648}
{"step": 5251, "epoch": 8, "loss": 0.08488312783154929, "lr": 6.502920278887143e-07, "grad_norm": 1.515625, "peak_allocated": 48806939648}
{"step": 5252, "epoch": 8, "loss": 0.06631014146389516, "lr": 6.489816836706786e-07, "grad_norm": 1.5703125, "peak_allocated": 48806939648}
{"step": 5253, "epoch": 8, "loss": 0.09747688468916221, "lr": 6.476725693324365e-07, "grad_norm": 1.8359375, "peak_allocated": 48806939648}
{"step": 5254, "epoch": 8, "loss": 0.10019997571123448, "lr": 6.463646852440308e-07, "grad_norm": 1.65625, "peak_allocated": 48806939648}
{"step": 5255, "epoch": 8, "loss": 0.09301696490183785, "lr": 6.450580317751532e-07, "grad_norm": 1.703125, "peak_allocated": 48806939648}
{"step": 5256, "epoch": 8, "loss": 0.10460363585312303, "lr": 6.437526092951491e-07, "grad_norm": 1.734375, "peak_allocated": 48806939648}
{"step": 5257, "epoch": 8, "loss": 0.05576377954981486, "lr": 6.424484181730134e-07, "grad_norm": 1.1171875, "peak_allocated": 48806939648}
{"step": 5258, "epoch": 8, "loss": 0.0878517507397791, "lr": 6.411454587773985e-07, "grad_norm": 1.46875, "peak_allocated": 48806939648}
{"step": 5259, "epoch": 8, "loss": 0.07859077648236663, "lr": 6.398437314766031e-07, "grad_norm": 1.5, "peak_allocated": 48806939648}
{"step": 5260, "epoch": 8, "loss": 0.060321369180073546, "lr": 6.385432366385797e-07, "grad_norm": 1.2734375, "peak_allocated": 48806939648}
{"step": 5261, "epoch": 8, "loss": 0.08476033357013985, "lr": 6.372439746309333e-07, "grad_norm": 1.5078125, "peak_allocated": 48806939648}
{"step": 5262, "epoch": 8, "loss": 0.09670948478169043, "lr": 6.359459458209194e-07, "grad_norm": 1.5078125, "peak_allocated": 48806939648}
{"step": 5263, "epoch": 8, "loss": 0.0890390114939893, "lr": 6.346491505754449e-07, "grad_norm": 1.8515625, "peak_allocated": 48806939648}
{"step": 5264, "epoch": 8, "loss": 0.08086763985798771, "lr": 6.333535892610665e-07, "grad_norm": 1.5703125, "peak_allocated": 48806939648}
{"step": 5265, "epoch": 8, "loss": 0.08728785933828746, "lr": 6.320592622439969e-07, "grad_norm": 1.640625, "peak_allocated": 48806939648}
{"step": 5266, "epoch": 8, "loss": 0.06516529311077728, "lr": 6.307661698900952e-07, "grad_norm": 1.3671875, "peak_allocated": 48806939648}
{"step": 5267, "epoch": 8, "loss": 0.09289989676346841, "lr": 6.294743125648723e-07, "grad_norm": 1.5859375, "peak_allocated": 48806939648}
{"step": 5268, "epoch": 8, "loss": 0.06477881952541546, "lr": 6.281836906334932e-07, "grad_norm": 1.515625, "peak_allocated": 48806939648}
{"step": 5269, "epoch": 8, "loss": 0.07690654160593446, "lr": 6.268943044607684e-07, "grad_norm": 1.3828125, "peak_allocated": 48806939648}
{"step": 5270, "epoch": 8, "loss": 0.10903690850314021, "lr": 6.256061544111642e-07, "grad_norm": 1.78125, "peak_allocated": 48806939648}
{"step": 5271, "epoch": 8, "loss": 0.0763318868392143, "lr": 6.24319240848793e-07, "grad_norm": 1.4609375, "peak_allocated": 48806939648}
{"step": 5272, "epoch": 8, "loss": 0.08414685661214363, "lr": 6.23033564137423e-07, "grad_norm": 1.5625, "peak_allocated": 48806939648}
{"step": 5273, "epoch": 8, "loss": 0.09871652833508171, "lr": 6.217491246404683e-07, "grad_norm": 1.65625, "peak_allocated": 48806939648}
{"step": 5274, "epoch": 8, "loss": 0.07777952184905762, "lr": 6.204659227209941e-07, "grad_norm": 1.609375, "peak_allocated": 48806939648}
{"step": 5275, "epoch": 8, "loss": 0.07932359860569704, "lr": 6.191839587417187e-07, "grad_norm": 1.4765625, "peak_allocated": 48806939648}
{"step": 5276, "epoch": 8, "loss": 0.09351794226414915, "lr": 6.179032330650042e-07, "grad_norm": 1.4765625, "peak_allocated": 48806939648}
{"step": 5277, "epoch": 8, "loss": 0.08583076535769667, "lr": 6.166237460528706e-07, "grad_norm": 1.6640625, "peak_allocated": 48806939648}
{"step": 5278, "epoch": 8, "loss": 0.10873793009640495, "lr": 6.15345498066982e-07, "grad_norm": 1.8203125, "peak_allocated": 48806939648}
{"step": 5279, "epoch": 8, "loss": 0.08800560205946875, "lr": 6.140684894686538e-07, "grad_norm": 1.3125, "peak_allocated": 48806939648}
{"step": 5280, "epoch": 8, "loss": 0.0697131392598646, "lr": 6.127927206188533e-07, "grad_norm": 1.5234375, "peak_allocated": 48806939648}
{"step": 5281, "epoch": 8, "loss": 0.07748874987618741, "lr": 6.115181918781927e-07, "grad_norm": 1.5078125, "peak_allocated": 48806939648}
{"step": 5282, "epoch": 8, "loss": 0.10280127301660874, "lr": 6.102449036069402e-07, "grad_norm": 1.734375, "peak_allocated": 48806939648}
{"step": 5283, "epoch": 8, "loss": 0.11115752394116725, "lr": 6.089728561650049e-07, "grad_norm": 1.8515625, "peak_allocated": 48806939648}
{"step": 5284, "epoch": 8, "loss": 0.08952138067199296, "lr": 6.07702049911954e-07, "grad_norm": 1.578125, "peak_allocated": 48806939648}
{"step": 5285, "epoch": 8, "loss": 0.08295226985757939, "lr": 6.064324852069975e-07, "grad_norm": 1.5625, "peak_allocated": 48806939648}
{"step": 5286, "epoch": 8, "loss": 0.08159505916257712, "lr": 6.051641624089966e-07, "grad_norm": 1.6484375, "peak_allocated": 48806939648}
{"step": 5287, "epoch": 8, "loss": 0.09578196181928868, "lr": 6.038970818764634e-07, "grad_norm": 1.59375, "peak_allocated": 48806939648}
{"step": 5288, "epoch": 8, "loss": 0.085047544880263, "lr": 6.026312439675553e-07, "grad_norm": 1.4921875, "peak_allocated": 48806939648}
{"step": 5289, "epoch": 8, "loss": 0.10025457073771936, "lr": 6.013666490400804e-07, "grad_norm": 2.140625, "peak_allocated": 48806939648}
{"step": 5290, "epoch": 8, "loss": 0.08046920559490504, "lr": 6.001032974514948e-07, "grad_norm": 1.4140625, "peak_allocated": 48806939648}
{"step": 5291, "epoch": 8, "loss": 0.057980786326162013, "lr": 5.988411895589046e-07, "grad_norm": 1.2265625, "peak_allocated": 48806939648}
{"step": 5292, "epoch": 8, "loss": 0.10122100435661713, "lr": 5.975803257190632e-07, "grad_norm": 1.7578125, "peak_allocated": 48806939648}
{"step": 5293, "epoch": 8, "loss": 0.09718763272780585, "lr": 5.963207062883708e-07, "grad_norm": 1.6875, "peak_allocated": 48806939648}
{"step": 5294, "epoch": 8, "loss": 0.08633744734516567, "lr": 5.950623316228804e-07, "grad_norm": 1.65625, "peak_allocated": 48806939648}
{"step": 5295, "epoch": 8, "loss": 0.08506667597063335, "lr": 5.93805202078288e-07, "grad_norm": 1.6015625, "peak_allocated": 48806939648}
{"step": 5296, "epoch": 8, "loss": 0.07972332332553451, "lr": 5.925493180099407e-07, "grad_norm": 1.2890625, "peak_allocated": 48806939648}
{"step": 5297, "epoch": 8, "loss": 0.06332584141295716, "lr": 5.912946797728314e-07, "grad_norm": 1.2578125, "peak_allocated": 48806939648}
{"step": 5298, "epoch": 8, "loss": 0.08579106302479074, "lr": 5.900412877216044e-07, "grad_norm": 1.703125, "peak_allocated": 48806939648}
{"step": 5299, "epoch": 8, "loss": 0.07128975808386312, "lr": 5.887891422105479e-07, "grad_norm": 1.4765625, "peak_allocated": 48806939648}
{"step": 5300, "epoch": 8, "loss": 0.09447337804692219, "lr": 5.875382435935994e-07, "grad_norm": 1.8359375, "peak_allocated": 48806939648}
{"step": 5301, "epoch": 8, "loss": 0.07650806625076728, "lr": 5.862885922243455e-07, "grad_norm": 1.5625, "peak_allocated": 48806939648}
{"step": 5302, "epoch": 8, "loss": 0.05730831586996482, "lr": 5.850401884560181e-07, "grad_norm": 1.59375, "peak_allocated": 48806939648}
{"step": 5303, "epoch": 8, "loss": 0.09036595703908039, "lr": 5.837930326414959e-07, "grad_norm": 1.578125, "peak_allocated": 48806939648}
{"step": 5304, "epoch": 8, "loss": 0.08547824925663906, "lr": 5.825471251333059e-07, "grad_norm": 1.5703125, "peak_allocated": 48806939648}
{"step": 5305, "epoch": 8, "loss": 0.06851905361418004, "lr": 5.813024662836237e-07, "grad_norm": 1.328125, "peak_allocated": 48806939648}
{"step": 5306, "epoch": 8, "loss": 0.07103117505681446, "lr": 5.800590564442705e-07, "grad_norm": 1.5625, "peak_allocated": 48806939648}
{"step": 5307, "epoch": 8, "loss": 0.08359479757622859, "lr": 5.788168959667123e-07, "grad_norm": 1.546875, "peak_allocated": 48806939648}
{"step": 5308, "epoch": 8, "loss": 0.06393640235474207, "lr": 5.77575985202068e-07, "grad_norm": 1.578125, "peak_allocated": 48806939648}
{"step": 5309, "epoch": 8, "loss": 0.07785835372524895, "lr": 5.76336324501095e-07, "grad_norm": 1.5078125, "peak_allocated": 48806939648}
{"step": 5310, "epoch": 8, "loss": 0.08453402320388533, "lr": 5.750979142142055e-07, "grad_norm": 1.6015625, "peak_allocated": 48806939648}
{"step": 5311, "epoch": 8, "loss": 0.07984001140688303, "lr": 5.738607546914515e-07, "grad_norm": 1.6015625, "peak_allocated": 48806939648}
{"step": 5312, "epoch": 8, "loss": 0.09320280967009606, "lr": 5.726248462825373e-07, "grad_norm": 1.640625, "peak_allocated": 48806939648}
{"step": 5313, "epoch": 8, "loss": 0.08630438258111432, "lr": 5.71390189336809e-07, "grad_norm": 1.625, "peak_allocated": 48806939648}
{"step": 5314, "epoch": 8, "loss": 0.07505416994006381, "lr": 5.701567842032602e-07, "grad_norm": 1.3671875, "peak_allocated": 48806939648}
{"step": 5315, "epoch": 8, "loss": 0.10588353720121547, "lr": 5.68924631230534e-07, "grad_norm": 1.671875, "peak_allocated": 48806939648}
{"step": 5316, "epoch": 8, "loss": 0.09150612719052809, "lr": 5.676937307669128e-07, "grad_norm": 1.5859375, "peak_allocated": 48806939648}
{"step": 5317, "epoch": 8, "loss": 0.06385391444467618, "lr": 5.664640831603318e-07, "grad_norm": 1.4140625, "peak_allocated": 48806939648}
{"step": 5318, "epoch": 8, "loss": 0.06802325317466171, "lr": 5.652356887583682e-07, "grad_norm": 1.3515625, "peak_allocated": 48806939648}
{"step": 5319, "epoch": 8, "loss": 0.08665672248441426, "lr": 5.640085479082441e-07, "grad_norm": 1.3359375, "peak_allocated": 48806939648}
{"step": 5320, "epoch": 8, "loss": 0.09003625166345576, "lr": 5.627826609568321e-07, "grad_norm": 1.8046875, "peak_allocated": 48806939648}
{"step": 5321, "epoch": 8, "loss": 0.10876566212183847, "lr": 5.615580282506449e-07, "grad_norm": 1.7421875, "peak_allocated": 48806939648}
{"step": 5322, "epoch": 8, "loss": 0.10773110487415347, "lr": 5.603346501358458e-07, "grad_norm": 1.7421875, "peak_allocated": 48806939648}
{"step": 5323, "epoch": 8, "loss": 0.09040151235596505, "lr": 5.591125269582376e-07, "grad_norm": 1.609375, "peak_allocated": 48806939648}
{"step": 5324, "epoch": 8, "loss": 0.08784390327632609, "lr": 5.578916590632733e-07, "grad_norm": 1.9140625, "peak_allocated": 48806939648}
{"step": 5325, "epoch": 8, "loss": 0.07906881080945977, "lr": 5.56672046796049e-07, "grad_norm": 1.5, "peak_allocated": 48806939648}
{"step": 5326, "epoch": 8, "loss": 0.07797431713683986, "lr": 5.554536905013058e-07, "grad_norm": 1.5625, "peak_allocated": 48806939648}
{"step": 5327, "epoch": 8, "loss": 0.0757374412475964, "lr": 5.54236590523431e-07, "grad_norm": 1.4453125, "peak_allocated": 48806939648}
{"step": 5328, "epoch": 8, "loss": 0.0941229332230864, "lr": 5.530207472064553e-07, "grad_norm": 1.6328125, "peak_allocated": 48806939648}
{"step": 5329, "epoch": 8, "loss": 0.07983573686590176, "lr": 5.51806160894055e-07, "grad_norm": 1.3828125, "peak_allocated": 48806939648}
{"step": 5330, "epoch": 8, "loss": 0.0655414234927344, "lr": 5.505928319295495e-07, "grad_norm": 1.3828125, "peak_allocated": 48806939648}
{"step": 5331, "epoch": 8, "loss": 0.09966877926884311, "lr": 5.49380760655907e-07, "grad_norm": 1.4375, "peak_allocated": 48806939648}
{"step": 5332, "epoch": 8, "loss": 0.11601844340284036, "lr": 5.481699474157365e-07, "grad_norm": 1.9140625, "peak_allocated": 48806939648}
{"step": 5333, "epoch": 8, "loss": 0.07446400539251452, "lr": 5.4696039255129e-07, "grad_norm": 1.4765625, "peak_allocated": 48806939648}
{"step": 5334, "epoch": 8, "loss": 0.07302668769115082, "lr": 5.457520964044688e-07, "grad_norm": 1.359375, "peak_allocated": 48806939648}
{"step": 5335, "epoch": 8, "loss": 0.09959819123553977, "lr": 5.445450593168155e-07, "grad_norm": 1.7890625, "peak_allocated": 48806939648}
{"step": 5336, "epoch": 8, "loss": 0.07695387725114848, "lr": 5.433392816295158e-07, "grad_norm": 1.6015625, "peak_allocated": 48806939648}
{"step": 5337, "epoch": 8, "loss": 0.08178068012017244, "lr": 5.421347636834001e-07, "grad_norm": 1.359375, "peak_allocated": 48806939648}
{"step": 5338, "epoch": 8, "loss": 0.09115983575440137, "lr": 5.409315058189457e-07, "grad_norm": 1.4765625, "peak_allocated": 48806939648}
{"step": 5339, "epoch": 8, "loss": 0.09633126133001269, "lr": 5.397295083762694e-07, "grad_norm": 1.75, "peak_allocated": 48806939648}
{"step": 5340, "epoch": 8, "loss": 0.08711590691446967, "lr": 5.385287716951331e-07, "grad_norm": 1.71875, "peak_allocated": 48806939648}
{"step": 5341, "epoch": 8, "loss": 0.05011256508389923, "lr": 5.373292961149462e-07, "grad_norm": 1.234375, "peak_allocated": 48806939648}
{"step": 5342, "epoch": 8, "loss": 0.06541679052371112, "lr": 5.361310819747534e-07, "grad_norm": 1.5234375, "peak_allocated": 48806939648}
{"step": 5343, "epoch": 8, "loss": 0.08291689931475728, "lr": 5.34934129613251e-07, "grad_norm": 1.6875, "peak_allocated": 48806939648}
{"step": 5344, "epoch": 8, "loss": 0.07879318041698069, "lr": 5.337384393687739e-07, "grad_norm": 1.5234375, "peak_allocated": 48806939648}
{"step": 5345, "epoch": 8, "loss": 0.08532014474757973, "lr": 5.325440115793035e-07, "grad_norm": 1.6328125, "peak_allocated": 48806939648}
{"step": 5346, "epoch": 8, "loss": 0.06804208754533105, "lr": 5.313508465824596e-07, "grad_norm": 1.3125, "peak_allocated": 48806939648}
{"step": 5347, "epoch": 8, "loss": 0.08310061009927958, "lr": 5.301589447155092e-07, "grad_norm": 1.4140625, "peak_allocated": 48806939648}
{"step": 5348, "epoch": 8, "loss": 0.06368268128814107, "lr": 5.289683063153639e-07, "grad_norm": 1.3359375, "peak_allocated": 48806939648}
{"step": 5349, "epoch": 8, "loss": 0.08744569624143596, "lr": 5.2777893171857e-07, "grad_norm": 1.5078125, "peak_allocated": 48806939648}
{"step": 5350, "epoch": 8, "loss": 0.07253166033980367, "lr": 5.265908212613263e-07, "grad_norm": 1.5390625, "peak_allocated": 48806939648}
{"step": 5351, "epoch": 8, "loss": 0.08219588466075445, "lr": 5.254039752794676e-07, "grad_norm": 1.5703125, "peak_allocated": 48806939648}
{"step": 5352, "epoch": 8, "loss": 0.09662084193140455, "lr": 5.242183941084744e-07, "grad_norm": 1.734375, "peak_allocated": 48806939648}
{"step": 5353, "epoch": 8, "loss": 0.09663450942954584, "lr": 5.230340780834669e-07, "grad_norm": 1.6171875, "peak_allocated": 48806939648}
{"step": 5354, "epoch": 8, "loss": 0.06830695058726517, "lr": 5.218510275392114e-07, "grad_norm": 1.390625, "peak_allocated": 48806939648}
{"step": 5355, "epoch": 8, "loss": 0.07448996678725932, "lr": 5.206692428101168e-07, "grad_norm": 1.4296875, "peak_allocated": 48806939648}
{"step": 5356, "epoch": 8, "loss": 0.09834875106980724, "lr": 5.194887242302271e-07, "grad_norm": 1.6171875, "peak_allocated": 48806939648}
{"step": 5357, "epoch": 8, "loss": 0.08065953443362961, "lr": 5.183094721332366e-07, "grad_norm": 1.7890625, "peak_allocated": 48806939648}
{"step": 5358, "epoch": 8, "loss": 0.08733965985680382, "lr": 5.17131486852478e-07, "grad_norm": 1.6015625, "peak_allocated": 48806939648}
{"step": 5359, "epoch": 8, "loss": 0.07351074935904574, "lr": 5.15954768720926e-07, "grad_norm": 1.6328125, "peak_allocated": 48806939648}
{"step": 5360, "epoch": 8, "loss": 0.08413967879199302, "lr": 5.147793180711963e-07, "grad_norm": 1.6640625, "peak_allocated": 48806939648}
{"step": 5361, "epoch": 8, "loss": 0.08687095247334901, "lr": 5.136051352355492e-07, "grad_norm": 1.3828125, "peak_allocated": 48806939648}
{"step": 5362, "epoch": 8, "loss": 0.08088522179728926, "lr": 5.124322205458848e-07, "grad_norm": 1.4453125, "peak_allocated": 48806939648}
{"step": 5363, "epoch": 8, "loss": 0.07179942980726516, "lr": 5.112605743337428e-07, "grad_norm": 1.515625, "peak_allocated": 48806939648}
{"step": 5364, "epoch": 8, "loss": 0.06081186980314783, "lr": 5.10090196930309e-07, "grad_norm": 1.28125, "peak_allocated": 48806939648}
{"step": 5365, "epoch": 8, "loss": 0.07708920438898835, "lr": 5.089210886664064e-07, "grad_norm": 1.5078125, "peak_allocated": 48806939648}
{"step": 5366, "epoch": 8, "loss": 0.09510087136114495, "lr": 5.077532498725013e-07, "grad_norm": 1.578125, "peak_allocated": 48806939648}
{"step": 5367, "epoch": 8, "loss": 0.10740990227659278, "lr": 5.06586680878699e-07, "grad_norm": 1.921875, "peak_allocated": 48806939648}
{"step": 5368, "epoch": 8, "loss": 0.10738776829696761, "lr": 5.054213820147503e-07, "grad_norm": 1.828125, "peak_allocated": 48806939648}
{"step": 5369, "epoch": 8, "loss": 0.06841347776484295, "lr": 5.042573536100426e-07, "grad_norm": 1.390625, "peak_allocated": 48806939648}
{"step": 5370, "epoch": 8, "loss": 0.07751171950052942, "lr": 5.030945959936046e-07, "grad_norm": 1.3828125, "peak_allocated": 48806939648}
{"step": 5371, "epoch": 8, "loss": 0.10610609799566353, "lr": 5.01933109494111e-07, "grad_norm": 1.5703125, "peak_allocated": 48806939648}
{"step": 5372, "epoch": 8, "loss": 0.09151434625725254, "lr": 5.007728944398682e-07, "grad_norm": 1.7265625, "peak_allocated": 48806939648}
{"step": 5373, "epoch": 8, "loss": 0.061919658011281596, "lr": 4.99613951158831e-07, "grad_norm": 1.515625, "peak_allocated": 48806939648}
{"step": 5374, "epoch": 8, "loss": 0.06140776046970345, "lr": 4.984562799785913e-07, "grad_norm": 1.4453125, "peak_allocated": 48806939648}
{"step": 5375, "epoch": 8, "loss": 0.08204729512858851, "lr": 4.972998812263823e-07, "grad_norm": 1.609375, "peak_allocated": 48806939648}
{"step": 5376, "epoch": 8, "loss": 0.10926479457157647, "lr": 4.961447552290771e-07, "grad_norm": 1.71875, "peak_allocated": 48806939648}
{"step": 5377, "epoch": 8, "loss": 0.08325876755232207, "lr": 4.949909023131888e-07, "grad_norm": 1.4609375, "peak_allocated": 48806939648}
{"step": 5378, "epoch": 8, "loss": 0.08046924808467251, "lr": 4.938383228048727e-07, "grad_norm": 1.546875, "peak_allocated": 48806939648}
{"step": 5379, "epoch": 8, "loss": 0.07554913661713898, "lr": 4.926870170299192e-07, "grad_norm": 1.5, "peak_allocated": 48806939648}
{"step": 5380, "epoch": 8, "loss": 0.08716343991342321, "lr": 4.915369853137647e-07, "grad_norm": 1.3359375, "peak_allocated": 48806939648}
{"step": 5381, "epoch": 8, "loss": 0.06325749175938951, "lr": 4.90388227981482e-07, "grad_norm": 1.4375, "peak_allocated": 48806939648}
{"step": 5382, "epoch": 8, "loss": 0.08728398810495996, "lr": 4.89240745357783e-07, "grad_norm": 1.75, "peak_allocated": 48806939648}
{"step": 5383, "epoch": 8, "loss": 0.08737192244411464, "lr": 4.880945377670232e-07, "grad_norm": 1.578125, "peak_allocated": 48806939648}
{"step": 5384, "epoch": 8, "loss": 0.06591161860048379, "lr": 4.869496055331929e-07, "grad_norm": 1.625, "peak_allocated": 48806939648}
{"step": 5385, "epoch": 8, "loss": 0.06525822037488087, "lr": 4.858059489799266e-07, "grad_norm": 1.3828125, "peak_allocated": 48806939648}
{"step": 5386, "epoch": 8, "loss": 0.07192633837253469, "lr": 4.846635684304929e-07, "grad_norm": 1.65625, "peak_allocated": 48806939648}
{"step": 5387, "epoch": 8, "loss": 0.06752838831107724, "lr": 4.835224642078046e-07, "grad_norm": 1.2265625, "peak_allocated": 48806939648}
{"step": 5388, "epoch": 8, "loss": 0.07527632079303605, "lr": 4.823826366344109e-07, "grad_norm": 1.6171875, "peak_allocated": 48806939648}
{"step": 5389, "epoch": 8, "loss": 0.08606665592073774, "lr": 4.812440860325002e-07, "grad_norm": 1.375, "peak_allocated": 48806939648}
{"step": 5390, "epoch": 8, "loss": 0.10125461274835591, "lr": 4.801068127239028e-07, "grad_norm": 1.8125, "peak_allocated": 48806939648}
{"step": 5391, "epoch": 8, "loss": 0.07769298064146468, "lr": 4.789708170300844e-07, "grad_norm": 1.578125, "peak_allocated": 48806939648}
{"step": 5392, "epoch": 8, "loss": 0.10652223263475556, "lr": 4.778360992721515e-07, "grad_norm": 1.7890625, "peak_allocated": 48806939648}
{"step": 5393, "epoch": 8, "loss": 0.08505676246393283, "lr": 4.7670265977084793e-07, "grad_norm": 1.4765625, "peak_allocated": 48806939648}
{"step": 5394, "epoch": 8, "loss": 0.09462169267957392, "lr": 4.755704988465587e-07, "grad_norm": 1.7109375, "peak_allocated": 48806939648}
{"step": 5395, "epoch": 8, "loss": 0.09324662472045692, "lr": 4.7443961681930494e-07, "grad_norm": 1.546875, "peak_allocated": 48806939648}
{"step": 5396, "epoch": 8, "loss": 0.061279568245252894, "lr": 4.73310014008746e-07, "grad_norm": 1.4140625, "peak_allocated": 48806939648}
{"step": 5397, "epoch": 8, "loss": 0.09946177190333433, "lr": 4.721816907341836e-07, "grad_norm": 1.7265625, "peak_allocated": 48806939648}
{"step": 5398, "epoch": 8, "loss": 0.068653397183787, "lr": 4.7105464731455383e-07, "grad_norm": 1.359375, "peak_allocated": 48806939648}
{"step": 5399, "epoch": 8, "loss": 0.07790695927779918, "lr": 4.6992888406843185e-07, "grad_norm": 1.515625, "peak_allocated": 48806939648}
{"step": 5400, "epoch": 8, "loss": 0.08455124122508946, "lr": 4.6880440131403026e-07, "grad_norm": 1.34375, "peak_allocated": 48806939648}
{"step": 5401, "epoch": 8, "loss": 0.06855026843965593, "lr": 4.676811993692032e-07, "grad_norm": 1.640625, "peak_allocated": 48806939648}
{"step": 5402, "epoch": 8, "loss": 0.10396600525742711, "lr": 4.665592785514389e-07, "grad_norm": 1.515625, "peak_allocated": 48806939648}
{"step": 5403, "epoch": 8, "loss": 0.09322830878839374, "lr": 4.654386391778648e-07, "grad_norm": 1.7890625, "peak_allocated": 48806939648}
{"step": 5404, "epoch": 8, "loss": 0.09218190358174129, "lr": 4.6431928156524695e-07, "grad_norm": 1.7734375, "peak_allocated": 48806939648}
{"step": 5405, "epoch": 8, "loss": 0.070451138756779, "lr": 4.632012060299879e-07, "grad_norm": 1.421875, "peak_allocated": 48806939648}
{"step": 5406, "epoch": 8, "loss": 0.07764319988917358, "lr": 4.6208441288812853e-07, "grad_norm": 1.359375, "peak_allocated": 48806939648}
{"step": 5407, "epoch": 8, "loss": 0.08729775923760823, "lr": 4.60968902455346e-07, "grad_norm": 1.7421875, "peak_allocated": 48806939648}
{"step": 5408, "epoch": 8, "loss": 0.0870448697492727, "lr": 4.5985467504695733e-07, "grad_norm": 1.453125, "peak_allocated": 48806939648}
{"step": 5409, "epoch": 8, "loss": 0.08670998321774055, "lr": 4.5874173097791464e-07, "grad_norm": 1.453125, "peak_allocated": 48806939648}
{"step": 5410, "epoch": 8, "loss": 0.09335841559851595, "lr": 4.576300705628073e-07, "grad_norm": 1.59375, "peak_allocated": 48806939648}
{"step": 5411, "epoch": 8, "loss": 0.08355321673929306, "lr": 4.565196941158656e-07, "grad_norm": 1.578125, "peak_allocated": 48806939648}
{"step": 5412, "epoch": 8, "loss": 0.09408576004511378, "lr": 4.554106019509497e-07, "grad_norm": 1.6484375, "peak_allocated": 48806939648}
{"step": 5413, "epoch": 8, "loss": 0.08234818574459372, "lr": 4.543027943815637e-07, "grad_norm": 1.4921875, "peak_allocated": 48806939648}
{"step": 5414, "epoch": 8, "loss": 0.06282958689123327, "lr": 4.5319627172084434e-07, "grad_norm": 1.34375, "peak_allocated": 48806939648}
{"step": 5415, "epoch": 8, "loss": 0.07451735138808763, "lr": 4.520910342815682e-07, "grad_norm": 1.421875, "peak_allocated": 48806939648}
{"step": 5416, "epoch": 8, "loss": 0.09875616265345744, "lr": 4.509870823761464e-07, "grad_norm": 1.7734375, "peak_allocated": 48806939648}
{"step": 5417, "epoch": 8, "loss": 0.07002110420676524, "lr": 4.4988441631662603e-07, "grad_norm": 1.6953125, "peak_allocated": 48806939648}
{"step": 5418, "epoch": 8, "loss": 0.07260251608444855, "lr": 4.48783036414695e-07, "grad_norm": 1.375, "peak_allocated": 48806939648}
{"step": 5419, "epoch": 8, "loss": 0.09766501115004392, "lr": 4.476829429816709e-07, "grad_norm": 1.859375, "peak_allocated": 48806939648}
{"step": 5420, "epoch": 8, "loss": 0.06781032470251591, "lr": 4.4658413632851393e-07, "grad_norm": 1.5078125, "peak_allocated": 48806939648}
{"step": 5421, "epoch": 8, "loss": 0.09874058777325485, "lr": 4.4548661676581785e-07, "grad_norm": 1.6484375, "peak_allocated": 48806939648}
{"step": 5422, "epoch": 8, "loss": 0.07341695197782716, "lr": 4.4439038460381113e-07, "grad_norm": 1.28125, "peak_allocated": 48806939648}
{"step": 5423, "epoch": 8, "loss": 0.07958799270537154, "lr": 4.4329544015236204e-07, "grad_norm": 1.6953125, "peak_allocated": 48806939648}
{"step": 5424, "epoch": 8, "loss": 0.08180470801802958, "lr": 4.4220178372097135e-07, "grad_norm": 1.5625, "peak_allocated": 48806939648}
{"step": 5425, "epoch": 8, "loss": 0.0811300331759151, "lr": 4.4110941561878007e-07, "grad_norm": 1.484375, "peak_allocated": 48806939648}
{"step": 5426, "epoch": 8, "loss": 0.08178136814778743, "lr": 4.4001833615455846e-07, "grad_norm": 1.6484375, "peak_allocated": 48806939648}
{"step": 5427, "epoch": 8, "loss": 0.09211418017011286, "lr": 4.3892854563671815e-07, "grad_norm": 1.53125, "peak_allocated": 48806939648}
{"step": 5428, "epoch": 8, "loss": 0.06638121753731346, "lr": 4.3784004437330495e-07, "grad_norm": 1.46875, "peak_allocated": 48806939648}
{"step": 5429, "epoch": 8, "loss": 0.08007175643963951, "lr": 4.367528326719989e-07, "grad_norm": 1.640625, "peak_allocated": 48806939648}
{"step": 5430, "epoch": 8, "loss": 0.07707705776413121, "lr": 4.3566691084011734e-07, "grad_norm": 1.390625, "peak_allocated": 48806939648}
{"step": 5431, "epoch": 8, "loss": 0.08325741119162187, "lr": 4.345822791846116e-07, "grad_norm": 1.375, "peak_allocated": 48806939648}
{"step": 5432, "epoch": 8, "loss": 0.10281932569924902, "lr": 4.334989380120691e-07, "grad_norm": 1.6875, "peak_allocated": 48806939648}
{"step": 5433, "epoch": 8, "loss": 0.11209633249918965, "lr": 4.3241688762871157e-07, "grad_norm": 1.8359375, "peak_allocated": 48806939648}
{"step": 5434, "epoch": 8, "loss": 0.09736334966952509, "lr": 4.313361283403983e-07, "grad_norm": 1.65625, "peak_allocated": 48806939648}
{"step": 5435, "epoch": 8, "loss": 0.10428163584327323, "lr": 4.3025666045262036e-07, "grad_norm": 1.796875, "peak_allocated": 48806939648}
{"step": 5436, "epoch": 8, "loss": 0.07255977238924187, "lr": 4.2917848427050547e-07, "grad_norm": 1.5078125, "peak_allocated": 48806939648}
{"step": 5437, "epoch": 8, "loss": 0.08215851575378313, "lr": 4.2810160009881694e-07, "grad_norm": 1.53125, "peak_allocated": 48806939648}
{"step": 5438, "epoch": 8, "loss": 0.08896166682530027, "lr": 4.2702600824195195e-07, "grad_norm": 1.6875, "peak_allocated": 48806939648}
{"step": 5439, "epoch": 8, "loss": 0.07392077750977705, "lr": 4.2595170900394165e-07, "grad_norm": 1.5, "peak_allocated": 48806939648}
{"step": 5440, "epoch": 8, "loss": 0.0743304718280401, "lr": 4.2487870268845264e-07, "grad_norm": 1.3828125, "peak_allocated": 48806939648}
{"step": 5441, "epoch": 8, "loss": 0.0835541755986132, "lr": 4.238069895987873e-07, "grad_norm": 1.5703125, "peak_allocated": 48806939648}
{"step": 5442, "epoch": 8, "loss": 0.07375779998470622, "lr": 4.2273657003787993e-07, "grad_norm": 1.4921875, "peak_allocated": 48806939648}
{"step": 5443, "epoch": 8, "loss": 0.10426298963057536, "lr": 4.2166744430830076e-07, "grad_norm": 1.7578125, "peak_allocated": 48806939648}
{"step": 5444, "epoch": 8, "loss": 0.07373000788266494, "lr": 4.2059961271225467e-07, "grad_norm": 1.3671875, "peak_allocated": 48806939648}
{"step": 5445, "epoch": 8, "loss": 0.10194490672130611, "lr": 4.1953307555157974e-07, "grad_norm": 1.6875, "peak_allocated": 48806939648}
{"step": 5446, "epoch": 8, "loss": 0.09575586818854354, "lr": 4.1846783312774865e-07, "grad_norm": 1.6484375, "peak_allocated": 48806939648}
{"step": 5447, "epoch": 8, "loss": 0.0735018739190173, "lr": 4.1740388574186664e-07, "grad_norm": 1.5078125, "peak_allocated": 48806939648}
{"step": 5448, "epoch": 8, "loss": 0.09217917838213613, "lr": 4.163412336946759e-07, "grad_norm": 1.609375, "peak_allocated": 48806939648}
{"step": 5449, "epoch": 8, "loss": 0.06567057844495612, "lr": 4.1527987728655074e-07, "grad_norm": 1.3671875, "peak_allocated": 48806939648}
{"step": 5450, "epoch": 8, "loss": 0.08144861469262134, "lr": 4.142198168174971e-07, "grad_norm": 1.59375, "peak_allocated": 48806939648}
{"step": 5451, "epoch": 8, "loss": 0.09003077575189396, "lr": 4.131610525871604e-07, "grad_norm": 1.5234375, "peak_allocated": 48806939648}
{"step": 5452, "epoch": 8, "loss": 0.07397682984260304, "lr": 4.121035848948124e-07, "grad_norm": 1.5625, "peak_allocated": 48806939648}
{"step": 5453, "epoch": 8, "loss": 0.08934040766803167, "lr": 4.1104741403936443e-07, "grad_norm": 1.7265625, "peak_allocated": 48806939648}
{"step": 5454, "epoch": 8, "loss": 0.09209857543580013, "lr": 4.0999254031935666e-07, "grad_norm": 1.484375, "peak_allocated": 48806939648}
{"step": 5455, "epoch": 8, "loss": 0.10080243920044202, "lr": 4.0893896403296775e-07, "grad_norm": 1.46875, "peak_allocated": 48806939648}
{"step": 5456, "epoch": 8, "loss": 0.09541749437656136, "lr": 4.078866854780045e-07, "grad_norm": 1.5078125, "peak_allocated": 48806939648}
{"step": 5457, "epoch": 8, "loss": 0.07274338419767833, "lr": 4.0683570495190896e-07, "grad_norm": 1.5, "peak_allocated": 48806939648}
{"step": 5458, "epoch": 8, "loss": 0.1181378121552207, "lr": 4.057860227517585e-07, "grad_norm": 1.875, "peak_allocated": 48806939648}
{"step": 5459, "epoch": 8, "loss": 0.08622098757060236, "lr": 4.04737639174258e-07, "grad_norm": 1.8125, "peak_allocated": 48806939648}
{"step": 5460, "epoch": 8, "loss": 0.09173046515758582, "lr": 4.03690554515751e-07, "grad_norm": 1.53125, "peak_allocated": 48806939648}
{"step": 5461, "epoch": 8, "loss": 0.09667167684100426, "lr": 4.026447690722113e-07, "grad_norm": 1.7109375, "peak_allocated": 48806939648}
{"step": 5462, "epoch": 8, "loss": 0.07555459194509781, "lr": 4.016002831392446e-07, "grad_norm": 1.4765625, "peak_allocated": 48806939648}
{"step": 5463, "epoch": 8, "loss": 0.08332232953757597, "lr": 4.0055709701209143e-07, "grad_norm": 1.484375, "peak_allocated": 48806939648}
{"step": 5464, "epoch": 8, "loss": 0.07400711052589795, "lr": 3.9951521098562263e-07, "grad_norm": 1.4921875, "peak_allocated": 48806939648}
{"step": 5465, "epoch": 8, "loss": 0.07862870518390144, "lr": 3.984746253543453e-07, "grad_norm": 1.53125, "peak_allocated": 48806939648}
{"step": 5466, "epoch": 8, "loss": 0.10744753599347225, "lr": 3.9743534041239263e-07, "grad_norm": 1.703125, "peak_allocated": 48806939648}
{"step": 5467, "epoch": 8, "loss": 0.07548547882259435, "lr": 3.963973564535362e-07, "grad_norm": 1.375, "peak_allocated": 48806939648}
{"step": 5468, "epoch": 8, "loss": 0.07633699297051762, "lr": 3.9536067377117794e-07, "grad_norm": 1.5859375, "peak_allocated": 48806939648}
{"step": 5469, "epoch": 8, "loss": 0.09458979378431917, "lr": 3.943252926583496e-07, "grad_norm": 1.5703125, "peak_allocated": 48806939648}
{"step": 5470, "epoch": 8, "loss": 0.08717713843643665, "lr": 3.932912134077188e-07, "grad_norm": 1.421875, "peak_allocated": 48806939648}
{"step": 5471, "epoch": 8, "loss": 0.09269085452147795, "lr": 3.922584363115828e-07, "grad_norm": 1.4921875, "peak_allocated": 48806939648}
{"step": 5472, "epoch": 8, "loss": 0.07415877922850148, "lr": 3.912269616618719e-07, "grad_norm": 1.7578125, "peak_allocated": 48806939648}
{"step": 5473, "epoch": 8, "loss": 0.07986467118975414, "lr": 3.9019678975014576e-07, "grad_norm": 1.625, "peak_allocated": 48806939648}
{"step": 5474, "epoch": 8, "loss": 0.0817276951961256, "lr": 3.891679208675997e-07, "grad_norm": 1.5859375, "peak_allocated": 48806939648}
{"step": 5475, "epoch": 8, "loss": 0.0785575746798872, "lr": 3.8814035530505833e-07, "grad_norm": 1.515625, "peak_allocated": 48806939648}
{"step": 5476, "epoch": 8, "loss": 0.09324974050177207, "lr": 3.871140933529771e-07, "grad_norm": 1.640625, "peak_allocated": 48806939648}
{"step": 5477, "epoch": 8, "loss": 0.07919407312690303, "lr": 3.860891353014462e-07, "grad_norm": 1.6875, "peak_allocated": 48806939648}
{"step": 5478, "epoch": 8, "loss": 0.1189678890658496, "lr": 3.8506548144018387e-07, "grad_norm": 1.9375, "peak_allocated": 48806939648}
{"step": 5479, "epoch": 8, "loss": 0.08024392229032463, "lr": 3.840431320585414e-07, "grad_norm": 1.53125, "peak_allocated": 48806939648}
{"step": 5480, "epoch": 8, "loss": 0.07957766720810017, "lr": 3.8302208744549984e-07, "grad_norm": 1.6171875, "peak_allocated": 48806939648}
{"step": 5481, "epoch": 8, "loss": 0.10458333052463463, "lr": 3.8200234788967507e-07, "grad_norm": 1.84375, "peak_allocated": 48806939648}
{"step": 5482, "epoch": 8, "loss": 0.08235575418692787, "lr": 3.8098391367930975e-07, "grad_norm": 1.40625, "peak_allocated": 48806939648}
{"step": 5483, "epoch": 8, "loss": 0.0882250268664211, "lr": 3.7996678510227866e-07, "grad_norm": 1.4765625, "peak_allocated": 48806939648}
{"step": 5484, "epoch": 8, "loss": 0.07676801163965641, "lr": 3.7895096244609073e-07, "grad_norm": 1.59375, "peak_allocated": 48806939648}
{"step": 5485, "epoch": 8, "loss": 0.09280735150763864, "lr": 3.779364459978818e-07, "grad_norm": 1.75, "peak_allocated": 48806939648}
{"step": 5486, "epoch": 8, "loss": 0.06913087886055938, "lr": 3.7692323604442026e-07, "grad_norm": 1.734375, "peak_allocated": 48806939648}
{"step": 5487, "epoch": 8, "loss": 0.09131241020383349, "lr": 3.759113328721037e-07, "grad_norm": 1.828125, "peak_allocated": 48806939648}
{"step": 5488, "epoch": 8, "loss": 0.09456729667046747, "lr": 3.7490073676696327e-07, "grad_norm": 1.7578125, "peak_allocated": 48806939648}
{"step": 5489, "epoch": 8, "loss": 0.07748576579629428, "lr": 3.7389144801465884e-07, "grad_norm": 1.4375, "peak_allocated": 48806939648}
{"step": 5490, "epoch": 8, "loss": 0.061710491574859444, "lr": 3.7288346690047883e-07, "grad_norm": 1.34375, "peak_allocated": 48806939648}
{"step": 5491, "epoch": 8, "loss": 0.09080444820397636, "lr": 3.718767937093476e-07, "grad_norm": 1.71875, "peak_allocated": 48806939648}
{"step": 5492, "epoch": 8, "loss": 0.07686913501506773, "lr": 3.708714287258125e-07, "grad_norm": 1.46875, "peak_allocated": 48806939648}
{"step": 5493, "epoch": 8, "loss": 0.06923195547914048, "lr": 3.6986737223405676e-07, "grad_norm": 1.59375, "peak_allocated": 48806939648}
{"step": 5494, "epoch": 8, "loss": 0.0693748533168608, "lr": 3.6886462451789116e-07, "grad_norm": 1.4921875, "peak_allocated": 48806939648}
{"step": 5495, "epoch": 8, "loss": 0.08761481764992016, "lr": 3.678631858607584e-07, "grad_norm": 1.5390625, "peak_allocated": 48806939648}
{"step": 5496, "epoch": 8, "loss": 0.07580767158881736, "lr": 3.668630565457293e-07, "grad_norm": 1.3828125, "peak_allocated": 48806939648}
{"step": 5497, "epoch": 8, "loss": 0.08004858842095249, "lr": 3.658642368555038e-07, "grad_norm": 1.59375, "peak_allocated": 48806939648}
{"step": 5498, "epoch": 8, "loss": 0.08696414843841742, "lr": 3.64866727072416e-07, "grad_norm": 1.609375, "peak_allocated": 48806939648}
{"step": 5499, "epoch": 8, "loss": 0.07733496573813045, "lr": 3.638705274784238e-07, "grad_norm": 1.4140625, "peak_allocated": 48806939648}
{"step": 5500, "epoch": 8, "loss": 0.07399810866121115, "lr": 3.628756383551196e-07, "grad_norm": 1.4453125, "peak_allocated": 48806939648}
{"event": "train_stage", "stage": "checkpoint_published", "rank": 0, "local_rank": 0, "world_size": 4, "checkpoint": "step-00005500-3223579a", "best": false}
{"step": 5501, "epoch": 8, "loss": 0.09241533378553621, "lr": 3.618820599837236e-07, "grad_norm": 1.453125, "peak_allocated": 48806939648}
{"step": 5502, "epoch": 8, "loss": 0.07459897925708694, "lr": 3.608897926450838e-07, "grad_norm": 1.5078125, "peak_allocated": 48806939648}
{"step": 5503, "epoch": 8, "loss": 0.0854092665754997, "lr": 3.5989883661968094e-07, "grad_norm": 1.65625, "peak_allocated": 48806939648}
{"step": 5504, "epoch": 8, "loss": 0.09532474561068953, "lr": 3.5890919218762257e-07, "grad_norm": 1.703125, "peak_allocated": 48806939648}
{"step": 5505, "epoch": 8, "loss": 0.06569669324128642, "lr": 3.579208596286482e-07, "grad_norm": 1.3515625, "peak_allocated": 48806939648}
{"step": 5506, "epoch": 8, "loss": 0.09892105857323599, "lr": 3.569338392221211e-07, "grad_norm": 1.6640625, "peak_allocated": 48806939648}
{"step": 5507, "epoch": 8, "loss": 0.08302740392709278, "lr": 3.559481312470403e-07, "grad_norm": 1.6640625, "peak_allocated": 48806939648}
{"step": 5508, "epoch": 8, "loss": 0.09867678319702022, "lr": 3.5496373598203014e-07, "grad_norm": 1.5859375, "peak_allocated": 48806939648}
{"step": 5509, "epoch": 8, "loss": 0.0767925663644241, "lr": 3.5398065370534253e-07, "grad_norm": 1.5703125, "peak_allocated": 48806939648}
{"step": 5510, "epoch": 8, "loss": 0.06950089273336887, "lr": 3.5299888469486287e-07, "grad_norm": 1.3984375, "peak_allocated": 48806939648}
{"step": 5511, "epoch": 8, "loss": 0.0829382042491152, "lr": 3.52018429228102e-07, "grad_norm": 1.8359375, "peak_allocated": 48806939648}
{"step": 5512, "epoch": 8, "loss": 0.0926335651938269, "lr": 3.5103928758219995e-07, "grad_norm": 1.65625, "peak_allocated": 48806939648}
{"step": 5513, "epoch": 8, "loss": 0.0906627483765983, "lr": 3.5006146003392415e-07, "grad_norm": 1.4296875, "peak_allocated": 48806939648}
{"step": 5514, "epoch": 8, "loss": 0.055071350731980995, "lr": 3.490849468596752e-07, "grad_norm": 1.4140625, "peak_allocated": 48806939648}
{"step": 5515, "epoch": 8, "loss": 0.08941073612356483, "lr": 3.481097483354756e-07, "grad_norm": 1.515625, "peak_allocated": 48806939648}
{"step": 5516, "epoch": 8, "loss": 0.09008738265153915, "lr": 3.4713586473698156e-07, "grad_norm": 1.7421875, "peak_allocated": 48806939648}
{"step": 5517, "epoch": 8, "loss": 0.07685102764269178, "lr": 3.4616329633947563e-07, "grad_norm": 1.4375, "peak_allocated": 48806939648}
{"step": 5518, "epoch": 8, "loss": 0.07010627142910658, "lr": 3.451920434178691e-07, "grad_norm": 1.40625, "peak_allocated": 48806939648}
{"step": 5519, "epoch": 8, "loss": 0.09788473343241778, "lr": 3.4422210624669994e-07, "grad_norm": 1.8828125, "peak_allocated": 48806939648}
{"step": 5520, "epoch": 8, "loss": 0.07688707884496378, "lr": 3.432534851001351e-07, "grad_norm": 1.484375, "peak_allocated": 48806939648}
{"step": 5521, "epoch": 8, "loss": 0.08116705903983974, "lr": 3.4228618025197223e-07, "grad_norm": 1.4921875, "peak_allocated": 48806939648}
{"step": 5522, "epoch": 8, "loss": 0.07587559311675401, "lr": 3.413201919756304e-07, "grad_norm": 1.484375, "peak_allocated": 48806939648}
{"step": 5523, "epoch": 8, "loss": 0.08058234161768361, "lr": 3.403555205441628e-07, "grad_norm": 1.703125, "peak_allocated": 48806939648}
{"step": 5524, "epoch": 8, "loss": 0.0832194602080034, "lr": 3.3939216623024906e-07, "grad_norm": 1.421875, "peak_allocated": 48806939648}
{"step": 5525, "epoch": 8, "loss": 0.09151572335580432, "lr": 3.3843012930619313e-07, "grad_norm": 1.5390625, "peak_allocated": 48806939648}
{"step": 5526, "epoch": 8, "loss": 0.08577372848797872, "lr": 3.374694100439307e-07, "grad_norm": 1.53125, "peak_allocated": 48806939648}
{"step": 5527, "epoch": 8, "loss": 0.08509440516164915, "lr": 3.365100087150225e-07, "grad_norm": 1.7578125, "peak_allocated": 48806939648}
{"step": 5528, "epoch": 8, "loss": 0.0883472468778491, "lr": 3.355519255906592e-07, "grad_norm": 1.734375, "peak_allocated": 48806939648}
{"step": 5529, "epoch": 8, "loss": 0.059069601442871225, "lr": 3.345951609416542e-07, "grad_norm": 1.2734375, "peak_allocated": 48806939648}
{"step": 5530, "epoch": 8, "loss": 0.07332487734919162, "lr": 3.3363971503845295e-07, "grad_norm": 1.5390625, "peak_allocated": 48806939648}
{"step": 5531, "epoch": 8, "loss": 0.07185603246739958, "lr": 3.326855881511276e-07, "grad_norm": 1.5, "peak_allocated": 48806939648}
{"step": 5532, "epoch": 8, "loss": 0.10717077006962623, "lr": 3.3173278054937365e-07, "grad_norm": 1.921875, "peak_allocated": 48806939648}
{"step": 5533, "epoch": 8, "loss": 0.08047102192532826, "lr": 3.307812925025183e-07, "grad_norm": 1.515625, "peak_allocated": 48806939648}
{"step": 5534, "epoch": 8, "loss": 0.10450761449228421, "lr": 3.2983112427951323e-07, "grad_norm": 1.8359375, "peak_allocated": 48806939648}
{"step": 5535, "epoch": 8, "loss": 0.06805164728863497, "lr": 3.288822761489369e-07, "grad_norm": 1.3671875, "peak_allocated": 48806939648}
{"step": 5536, "epoch": 8, "loss": 0.08869089627501343, "lr": 3.2793474837899517e-07, "grad_norm": 1.5859375, "peak_allocated": 48806939648}
{"step": 5537, "epoch": 8, "loss": 0.07105711886026522, "lr": 3.269885412375223e-07, "grad_norm": 1.6796875, "peak_allocated": 48806939648}
{"step": 5538, "epoch": 8, "loss": 0.059926808833154904, "lr": 3.2604365499197653e-07, "grad_norm": 1.3984375, "peak_allocated": 48806939648}
{"step": 5539, "epoch": 8, "loss": 0.06798838082337984, "lr": 3.251000899094442e-07, "grad_norm": 1.4140625, "peak_allocated": 48806939648}
{"step": 5540, "epoch": 8, "loss": 0.08879738187088466, "lr": 3.2415784625663805e-07, "grad_norm": 1.625, "peak_allocated": 48806939648}
{"step": 5541, "epoch": 8, "loss": 0.08603580894709194, "lr": 3.2321692429989727e-07, "grad_norm": 1.578125, "peak_allocated": 48806939648}
{"step": 5542, "epoch": 8, "loss": 0.07340634318260729, "lr": 3.22277324305188e-07, "grad_norm": 1.4609375, "peak_allocated": 48806939648}
{"step": 5543, "epoch": 8, "loss": 0.09167887326694456, "lr": 3.213390465381e-07, "grad_norm": 1.546875, "peak_allocated": 48806939648}
{"step": 5544, "epoch": 8, "loss": 0.09514208508910035, "lr": 3.2040209126385336e-07, "grad_norm": 1.6875, "peak_allocated": 48806939648}
{"step": 5545, "epoch": 8, "loss": 0.07198207443098541, "lr": 3.1946645874729233e-07, "grad_norm": 1.5390625, "peak_allocated": 48806939648}
{"step": 5546, "epoch": 8, "loss": 0.08310585431858829, "lr": 3.185321492528859e-07, "grad_norm": 1.640625, "peak_allocated": 48806939648}
{"step": 5547, "epoch": 8, "loss": 0.1034650098358376, "lr": 3.1759916304473225e-07, "grad_norm": 1.6171875, "peak_allocated": 48806939648}
{"step": 5548, "epoch": 8, "loss": 0.09645565333521647, "lr": 3.1666750038655267e-07, "grad_norm": 1.8125, "peak_allocated": 48806939648}
{"step": 5549, "epoch": 8, "loss": 0.11390537312155968, "lr": 3.1573716154169543e-07, "grad_norm": 1.8359375, "peak_allocated": 48806939648}
{"step": 5550, "epoch": 8, "loss": 0.09557261822728001, "lr": 3.1480814677313456e-07, "grad_norm": 1.6328125, "peak_allocated": 48806939648}
{"step": 5551, "epoch": 8, "loss": 0.06949424229405529, "lr": 3.1388045634347055e-07, "grad_norm": 1.6171875, "peak_allocated": 48806939648}
{"step": 5552, "epoch": 8, "loss": 0.08435016358321258, "lr": 3.129540905149281e-07, "grad_norm": 1.6484375, "peak_allocated": 48806939648}
{"step": 5553, "epoch": 8, "loss": 0.09035054813435976, "lr": 3.120290495493583e-07, "grad_norm": 1.671875, "peak_allocated": 48806939648}
{"step": 5554, "epoch": 8, "loss": 0.08875035279620204, "lr": 3.1110533370823924e-07, "grad_norm": 1.609375, "peak_allocated": 48806939648}
{"step": 5555, "epoch": 8, "loss": 0.0832321208009389, "lr": 3.1018294325266985e-07, "grad_norm": 1.5390625, "peak_allocated": 48806939648}
{"step": 5556, "epoch": 8, "loss": 0.09483619510518225, "lr": 3.0926187844337986e-07, "grad_norm": 1.515625, "peak_allocated": 48806939648}
{"step": 5557, "epoch": 8, "loss": 0.10528935844347252, "lr": 3.0834213954072047e-07, "grad_norm": 1.8046875, "peak_allocated": 48806939648}
{"step": 5558, "epoch": 8, "loss": 0.10282367298835768, "lr": 3.074237268046709e-07, "grad_norm": 1.7265625, "peak_allocated": 48806939648}
{"step": 5559, "epoch": 8, "loss": 0.07137000019656403, "lr": 3.065066404948336e-07, "grad_norm": 1.4140625, "peak_allocated": 48806939648}
{"step": 5560, "epoch": 8, "loss": 0.06163044746052067, "lr": 3.0559088087043556e-07, "grad_norm": 1.4375, "peak_allocated": 48806939648}
{"step": 5561, "epoch": 8, "loss": 0.07598891243058505, "lr": 3.0467644819033246e-07, "grad_norm": 1.3984375, "peak_allocated": 48806939648}
{"step": 5562, "epoch": 8, "loss": 0.08849204494951335, "lr": 3.037633427129988e-07, "grad_norm": 1.6796875, "peak_allocated": 48806939648}
{"step": 5563, "epoch": 8, "loss": 0.0925648474176731, "lr": 3.0285156469653965e-07, "grad_norm": 1.6171875, "peak_allocated": 48806939648}
{"step": 5564, "epoch": 8, "loss": 0.07049053063067366, "lr": 3.0194111439868166e-07, "grad_norm": 1.1953125, "peak_allocated": 48806939648}
{"step": 5565, "epoch": 8, "loss": 0.08353821699112607, "lr": 3.0103199207677736e-07, "grad_norm": 1.5234375, "peak_allocated": 48806939648}
{"step": 5566, "epoch": 8, "loss": 0.08833186467524977, "lr": 3.001241979878039e-07, "grad_norm": 1.6875, "peak_allocated": 48806939648}
{"step": 5567, "epoch": 8, "loss": 0.08490728911783803, "lr": 2.9921773238836215e-07, "grad_norm": 1.546875, "peak_allocated": 48806939648}
{"step": 5568, "epoch": 8, "loss": 0.0793850559169339, "lr": 2.9831259553467993e-07, "grad_norm": 1.453125, "peak_allocated": 48806939648}
{"step": 5569, "epoch": 8, "loss": 0.07279507721117301, "lr": 2.9740878768260427e-07, "grad_norm": 1.4765625, "peak_allocated": 48806939648}
{"step": 5570, "epoch": 8, "loss": 0.12703906082390543, "lr": 2.965063090876125e-07, "grad_norm": 1.8828125, "peak_allocated": 48806939648}
{"step": 5571, "epoch": 8, "loss": 0.10421910348486849, "lr": 2.956051600048027e-07, "grad_norm": 1.859375, "peak_allocated": 48806939648}
{"step": 5572, "epoch": 8, "loss": 0.09005651281394048, "lr": 2.9470534068889725e-07, "grad_norm": 1.5859375, "peak_allocated": 48806939648}
{"step": 5573, "epoch": 8, "loss": 0.06603472917755641, "lr": 2.9380685139424494e-07, "grad_norm": 1.265625, "peak_allocated": 48806939648}
{"step": 5574, "epoch": 8, "loss": 0.1086455740115909, "lr": 2.9290969237481646e-07, "grad_norm": 1.734375, "peak_allocated": 48806939648}
{"step": 5575, "epoch": 8, "loss": 0.08094788909185648, "lr": 2.920138638842068e-07, "grad_norm": 1.4140625, "peak_allocated": 48806939648}
{"step": 5576, "epoch": 8, "loss": 0.09783575435938294, "lr": 2.911193661756345e-07, "grad_norm": 1.6015625, "peak_allocated": 48806939648}
{"step": 5577, "epoch": 8, "loss": 0.07074078544546834, "lr": 2.90226199501944e-07, "grad_norm": 1.21875, "peak_allocated": 48806939648}
{"step": 5578, "epoch": 8, "loss": 0.08186501535054153, "lr": 2.893343641156021e-07, "grad_norm": 1.484375, "peak_allocated": 48806939648}
{"step": 5579, "epoch": 8, "loss": 0.07538198929930655, "lr": 2.884438602686973e-07, "grad_norm": 1.265625, "peak_allocated": 48806939648}
{"step": 5580, "epoch": 8, "loss": 0.09494063690831675, "lr": 2.8755468821294595e-07, "grad_norm": 1.59375, "peak_allocated": 48806939648}
{"step": 5581, "epoch": 8, "loss": 0.09208552944197163, "lr": 2.866668481996854e-07, "grad_norm": 1.7109375, "peak_allocated": 48806939648}
{"step": 5582, "epoch": 8, "loss": 0.0827202380426418, "lr": 2.857803404798759e-07, "grad_norm": 1.609375, "peak_allocated": 48806939648}
{"step": 5583, "epoch": 8, "loss": 0.08728883705142768, "lr": 2.8489516530410156e-07, "grad_norm": 1.7109375, "peak_allocated": 48806939648}
{"step": 5584, "epoch": 8, "loss": 0.08354851396420104, "lr": 2.840113229225716e-07, "grad_norm": 1.8125, "peak_allocated": 48806939648}
{"step": 5585, "epoch": 8, "loss": 0.10208749162145758, "lr": 2.831288135851168e-07, "grad_norm": 1.7890625, "peak_allocated": 48806939648}
{"step": 5586, "epoch": 8, "loss": 0.09357386755448348, "lr": 2.8224763754119035e-07, "grad_norm": 1.625, "peak_allocated": 48806939648}
{"step": 5587, "epoch": 8, "loss": 0.0708259960572829, "lr": 2.813677950398719e-07, "grad_norm": 1.53125, "peak_allocated": 48806939648}
{"step": 5588, "epoch": 8, "loss": 0.0912408554679469, "lr": 2.804892863298603e-07, "grad_norm": 1.625, "peak_allocated": 48806939648}
{"step": 5589, "epoch": 8, "loss": 0.08821372080710026, "lr": 2.7961211165947966e-07, "grad_norm": 1.3984375, "peak_allocated": 48806939648}
{"step": 5590, "epoch": 8, "loss": 0.08063863907523655, "lr": 2.78736271276675e-07, "grad_norm": 1.5234375, "peak_allocated": 48806939648}
{"step": 5591, "epoch": 8, "loss": 0.08828053245499394, "lr": 2.7786176542901835e-07, "grad_norm": 1.671875, "peak_allocated": 48806939648}
{"step": 5592, "epoch": 8, "loss": 0.08489382324462875, "lr": 2.769885943636996e-07, "grad_norm": 1.640625, "peak_allocated": 48806939648}
{"step": 5593, "epoch": 8, "loss": 0.08084850919406864, "lr": 2.7611675832753314e-07, "grad_norm": 1.4765625, "peak_allocated": 48806939648}
{"step": 5594, "epoch": 8, "loss": 0.1002315853814005, "lr": 2.7524625756695955e-07, "grad_norm": 1.78125, "peak_allocated": 48806939648}
{"step": 5595, "epoch": 8, "loss": 0.09785529292749293, "lr": 2.7437709232803425e-07, "grad_norm": 1.640625, "peak_allocated": 48806939648}
{"step": 5596, "epoch": 8, "loss": 0.07906534108730844, "lr": 2.735092628564434e-07, "grad_norm": 1.421875, "peak_allocated": 48806939648}
{"step": 5597, "epoch": 8, "loss": 0.08761898475192058, "lr": 2.7264276939748924e-07, "grad_norm": 1.453125, "peak_allocated": 48806939648}
{"step": 5598, "epoch": 8, "loss": 0.09246163238217801, "lr": 2.7177761219610076e-07, "grad_norm": 1.6171875, "peak_allocated": 48806939648}
{"event": "train_stage", "stage": "validation_loss_complete", "rank": 0, "local_rank": 0, "world_size": 4, "epoch": 9, "val_loss": 0.1272348721029483, "training_seconds": 1670.35, "validation_loss_seconds": 46.99}
{"event": "train_stage", "stage": "validation_gleu_complete", "rank": 0, "local_rank": 0, "world_size": 4, "epoch": 9, "elapsed_seconds": 2913.96, "gleu": 38.738, "invalid_utf8": 3, "budget_exhausted": 4, "generation_backend": "global-prefix-guarded-greedy-v1", "cache_preliminary_skips": 239049, "cache_guard_refreshes": 5963, "max_rank_peak_allocated_bytes": 48806939648}
{"event": "train_stage", "stage": "checkpoint_published", "rank": 0, "local_rank": 0, "world_size": 4, "checkpoint": "step-00005598-9dc62bbe", "best": false}
{"event": "train_stage", "stage": "epoch_complete", "rank": 0, "local_rank": 0, "world_size": 4, "epoch": 9, "global_step": 5598, "selection_metric": "val_gleu", "best": false, "val_loss": 0.1272348721029483, "val_gleu": 38.738, "elapsed_seconds": 4754.34}
{"step": 5599, "epoch": 9, "loss": 0.09683857017797615, "lr": 2.7091379149682683e-07, "grad_norm": 1.9375, "peak_allocated": 48806939648}
{"step": 5600, "epoch": 9, "loss": 0.09260898448427912, "lr": 2.700513075438388e-07, "grad_norm": 1.5625, "peak_allocated": 48806939648}
{"step": 5601, "epoch": 9, "loss": 0.0658910767494965, "lr": 2.691901605809322e-07, "grad_norm": 1.59375, "peak_allocated": 48806939648}
{"step": 5602, "epoch": 9, "loss": 0.0689588916395012, "lr": 2.6833035085152e-07, "grad_norm": 1.6015625, "peak_allocated": 48806939648}
{"step": 5603, "epoch": 9, "loss": 0.09025893995227913, "lr": 2.674718785986424e-07, "grad_norm": 1.5078125, "peak_allocated": 48806939648}
{"step": 5604, "epoch": 9, "loss": 0.09503949840615145, "lr": 2.6661474406495915e-07, "grad_norm": 1.7890625, "peak_allocated": 48806939648}
{"step": 5605, "epoch": 9, "loss": 0.08717917779222531, "lr": 2.657589474927508e-07, "grad_norm": 1.8046875, "peak_allocated": 48806939648}
{"step": 5606, "epoch": 9, "loss": 0.08962512907324552, "lr": 2.6490448912392275e-07, "grad_norm": 1.640625, "peak_allocated": 48806939648}
{"step": 5607, "epoch": 9, "loss": 0.08493897955354394, "lr": 2.6405136919999854e-07, "grad_norm": 1.609375, "peak_allocated": 48806939648}
{"step": 5608, "epoch": 9, "loss": 0.07984739325097953, "lr": 2.6319958796212684e-07, "grad_norm": 1.453125, "peak_allocated": 48806939648}
{"step": 5609, "epoch": 9, "loss": 0.08366511472320157, "lr": 2.623491456510746e-07, "grad_norm": 1.828125, "peak_allocated": 48806939648}
{"step": 5610, "epoch": 9, "loss": 0.07898864912873012, "lr": 2.615000425072328e-07, "grad_norm": 1.6953125, "peak_allocated": 48806939648}
{"step": 5611, "epoch": 9, "loss": 0.07137558891489583, "lr": 2.6065227877061337e-07, "grad_norm": 1.578125, "peak_allocated": 48806939648}
{"step": 5612, "epoch": 9, "loss": 0.10164515328402676, "lr": 2.5980585468084793e-07, "grad_norm": 1.6640625, "peak_allocated": 48806939648}
{"step": 5613, "epoch": 9, "loss": 0.07025674841835368, "lr": 2.589607704771924e-07, "grad_norm": 1.578125, "peak_allocated": 48806939648}
{"step": 5614, "epoch": 9, "loss": 0.07132831826754199, "lr": 2.5811702639852164e-07, "grad_norm": 1.4296875, "peak_allocated": 48806939648}
{"step": 5615, "epoch": 9, "loss": 0.05978015574043005, "lr": 2.5727462268333225e-07, "grad_norm": 1.4140625, "peak_allocated": 48806939648}
{"step": 5616, "epoch": 9, "loss": 0.08550988067916736, "lr": 2.56433559569742e-07, "grad_norm": 1.5859375, "peak_allocated": 48806939648}
{"step": 5617, "epoch": 9, "loss": 0.09880171179316641, "lr": 2.5559383729549027e-07, "grad_norm": 1.640625, "peak_allocated": 48806939648}
{"step": 5618, "epoch": 9, "loss": 0.09288071648176191, "lr": 2.5475545609793704e-07, "grad_norm": 1.6484375, "peak_allocated": 48806939648}
{"step": 5619, "epoch": 9, "loss": 0.10202753137108346, "lr": 2.5391841621406234e-07, "grad_norm": 1.921875, "peak_allocated": 48806939648}
{"step": 5620, "epoch": 9, "loss": 0.08862461757373205, "lr": 2.5308271788046957e-07, "grad_norm": 1.6171875, "peak_allocated": 48806939648}
{"step": 5621, "epoch": 9, "loss": 0.09178011208540489, "lr": 2.522483613333798e-07, "grad_norm": 1.7578125, "peak_allocated": 48806939648}
{"step": 5622, "epoch": 9, "loss": 0.07930931570744762, "lr": 2.514153468086372e-07, "grad_norm": 1.53125, "peak_allocated": 48806939648}
{"step": 5623, "epoch": 9, "loss": 0.1143654902669722, "lr": 2.50583674541704e-07, "grad_norm": 1.796875, "peak_allocated": 48806939648}
{"step": 5624, "epoch": 9, "loss": 0.09425965720363477, "lr": 2.497533447676664e-07, "grad_norm": 1.75, "peak_allocated": 48806939648}
{"step": 5625, "epoch": 9, "loss": 0.06165395533946362, "lr": 2.4892435772122914e-07, "grad_norm": 1.578125, "peak_allocated": 48806939648}
{"step": 5626, "epoch": 9, "loss": 0.08324662028982681, "lr": 2.4809671363671683e-07, "grad_norm": 1.828125, "peak_allocated": 48806939648}
{"step": 5627, "epoch": 9, "loss": 0.0955356681547743, "lr": 2.472704127480768e-07, "grad_norm": 1.828125, "peak_allocated": 48806939648}
{"step": 5628, "epoch": 9, "loss": 0.0943708975264583, "lr": 2.46445455288874e-07, "grad_norm": 1.765625, "peak_allocated": 48806939648}
{"step": 5629, "epoch": 9, "loss": 0.06809335495887885, "lr": 2.456218414922951e-07, "grad_norm": 1.46875, "peak_allocated": 48806939648}
{"step": 5630, "epoch": 9, "loss": 0.0794843131632305, "lr": 2.447995715911466e-07, "grad_norm": 1.609375, "peak_allocated": 48806939648}
{"step": 5631, "epoch": 9, "loss": 0.08885342925105932, "lr": 2.4397864581785616e-07, "grad_norm": 1.453125, "peak_allocated": 48806939648}
{"step": 5632, "epoch": 9, "loss": 0.08990081730215096, "lr": 2.4315906440446957e-07, "grad_norm": 1.5859375, "peak_allocated": 48806939648}
{"step": 5633, "epoch": 9, "loss": 0.07726407242388304, "lr": 2.4234082758265387e-07, "grad_norm": 1.3828125, "peak_allocated": 48806939648}
{"step": 5634, "epoch": 9, "loss": 0.07652595943058087, "lr": 2.415239355836974e-07, "grad_norm": 1.7109375, "peak_allocated": 48806939648}
{"step": 5635, "epoch": 9, "loss": 0.10699955252760261, "lr": 2.4070838863850367e-07, "grad_norm": 1.65625, "peak_allocated": 48806939648}
{"step": 5636, "epoch": 9, "loss": 0.09294151958241066, "lr": 2.398941869776017e-07, "grad_norm": 1.5546875, "peak_allocated": 48806939648}
{"step": 5637, "epoch": 9, "loss": 0.09412659711258624, "lr": 2.3908133083113626e-07, "grad_norm": 1.6484375, "peak_allocated": 48806939648}
{"step": 5638, "epoch": 9, "loss": 0.08154928421041548, "lr": 2.382698204288747e-07, "grad_norm": 1.578125, "peak_allocated": 48806939648}
{"step": 5639, "epoch": 9, "loss": 0.09278632090626292, "lr": 2.3745965600020126e-07, "grad_norm": 1.65625, "peak_allocated": 48806939648}
{"step": 5640, "epoch": 9, "loss": 0.08639769230895133, "lr": 2.3665083777412057e-07, "grad_norm": 1.5625, "peak_allocated": 48806939648}
{"step": 5641, "epoch": 9, "loss": 0.0825242133727354, "lr": 2.358433659792586e-07, "grad_norm": 1.609375, "peak_allocated": 48806939648}
{"step": 5642, "epoch": 9, "loss": 0.06720581654736583, "lr": 2.350372408438578e-07, "grad_norm": 1.3671875, "peak_allocated": 48806939648}
{"step": 5643, "epoch": 9, "loss": 0.09402005554234184, "lr": 2.3423246259578202e-07, "grad_norm": 1.5859375, "peak_allocated": 48806939648}
{"step": 5644, "epoch": 9, "loss": 0.09794011833647512, "lr": 2.334290314625137e-07, "grad_norm": 1.5859375, "peak_allocated": 48806939648}
{"step": 5645, "epoch": 9, "loss": 0.08920056931783195, "lr": 2.3262694767115347e-07, "grad_norm": 1.5859375, "peak_allocated": 48806939648}
{"step": 5646, "epoch": 9, "loss": 0.08955052603580124, "lr": 2.3182621144842432e-07, "grad_norm": 1.578125, "peak_allocated": 48806939648}
{"step": 5647, "epoch": 9, "loss": 0.09577950792258408, "lr": 2.3102682302066415e-07, "grad_norm": 1.6484375, "peak_allocated": 48806939648}
{"step": 5648, "epoch": 9, "loss": 0.085497399027986, "lr": 2.3022878261383442e-07, "grad_norm": 1.484375, "peak_allocated": 48806939648}
{"step": 5649, "epoch": 9, "loss": 0.09100743054793421, "lr": 2.2943209045351022e-07, "grad_norm": 1.890625, "peak_allocated": 48806939648}
{"step": 5650, "epoch": 9, "loss": 0.07656876696649494, "lr": 2.2863674676489033e-07, "grad_norm": 1.5, "peak_allocated": 48806939648}
{"step": 5651, "epoch": 9, "loss": 0.09906991763492268, "lr": 2.2784275177278935e-07, "grad_norm": 1.515625, "peak_allocated": 48806939648}
{"step": 5652, "epoch": 9, "loss": 0.09293353505842741, "lr": 2.270501057016422e-07, "grad_norm": 1.5859375, "peak_allocated": 48806939648}
{"step": 5653, "epoch": 9, "loss": 0.0789167430555072, "lr": 2.2625880877550242e-07, "grad_norm": 1.5234375, "peak_allocated": 48806939648}
{"step": 5654, "epoch": 9, "loss": 0.08103401749209378, "lr": 2.2546886121804168e-07, "grad_norm": 1.609375, "peak_allocated": 48806939648}
{"step": 5655, "epoch": 9, "loss": 0.08245555935996875, "lr": 2.2468026325254965e-07, "grad_norm": 1.328125, "peak_allocated": 48806939648}
{"step": 5656, "epoch": 9, "loss": 0.06806764793359146, "lr": 2.2389301510193529e-07, "grad_norm": 1.3828125, "peak_allocated": 48806939648}
{"step": 5657, "epoch": 9, "loss": 0.0854038218760656, "lr": 2.2310711698872667e-07, "grad_norm": 1.3671875, "peak_allocated": 48806939648}
{"step": 5658, "epoch": 9, "loss": 0.06630197993623232, "lr": 2.2232256913506943e-07, "grad_norm": 1.3203125, "peak_allocated": 48806939648}
{"step": 5659, "epoch": 9, "loss": 0.08210309224615801, "lr": 2.2153937176272678e-07, "grad_norm": 1.640625, "peak_allocated": 48806939648}
{"step": 5660, "epoch": 9, "loss": 0.08436548631591334, "lr": 2.2075752509308267e-07, "grad_norm": 1.484375, "peak_allocated": 48806939648}
{"event": "train_stage", "stage": "checkpoint_published", "rank": 0, "local_rank": 0, "world_size": 4, "checkpoint": "step-00005660-b3b1e2a5", "best": false}
End Time: 2026-09-30T08:55:20+09:00
Elapsed Seconds: 42302
Exit Code: 1
